activity name,activity code,division,group,class,isic description,activity description,jurisdiction,status
(G.P.S) Retai sale of Global Positioning System,100001.0,47,474,4741,"Retail sale of computers, peripheral units, software and telecommunications equipment in specialized stores",,Ajman,
(without Repair) Towing and Transporting of Broken Down Cars,100002.0,52,522,5221,Service activities incidental to land transportation,,Ajman,
3d Printing Products Production,100004.0,32,329,3290,Other manufacturing n.e.c.,,Ajman,
Accounting & Bookkeeping,100010.0,69,692,6920,"Accounting, bookkeeping and auditing activities; tax consultancy",,Ajman,
Accounting & Bookkeeping,100010.0,69,692,6920,"Accounting, bookkeeping and auditing activities; tax consultancy",,Ajman,
Accounting Records and Books Keeping Organization,100010.0,69,692,6920,"Accounting, bookkeeping and auditing activities; tax consultancy",,Ajman,
"Accounting, bookkeeping and auditing activities; tax consultancy",100010.0,69,692,6920,"Accounting, bookkeeping and auditing activities; tax consultancy",,Ajman,
"Accounting, bookkeeping and auditing activities; tax consultancy",100010.0,69,692,6920,"Accounting, bookkeeping and auditing activities; tax consultancy",,Ajman,
Accounts Auditing.,100010.0,69,692,6920,"Accounting, bookkeeping and auditing activities; tax consultancy",,Ajman,
Acids & Alkalines Trading,100013.0,46,466,4669,Wholesale of waste and scrap and other products n.e.c.,,Ajman,
Acting and Related Arts Training,100016.0,85,854,8542,Cultural education,,Ajman,
Activities of amusement parks and theme parks,100022.0,93,932,9321,Activities of amusement parks and theme parks,,Ajman,
Activities of call centres,100027.0,82,822,8220,Activities of call centres,,Ajman,
Activities of head offices,100040.0,70,701,7010,Activities of head offices,,Ajman,
Activity Flavours & fragrances trading - Import & Export,100081.0,46,463,4630,"Wholesale of food, beverages and tobacco",,Ajman,
Adhesive Cards Manufacturing,100086.0,20,202,2029,Manufacture of other chemical products n.e.c.,,Ajman,
Adhesive Materials Manufacturing,100086.0,20,202,2029,Manufacture of other chemical products n.e.c.,,Ajman,
Administrative Training Services,100091.0,85,855,8550,Educational support activities,,Ajman,
Advertisement Designing & Producing,100096.0,73,731,7310,Advertising,,Ajman,
Advertisement Designing & Producing,100096.0,73,731,7310,Advertising,,Ajman,
Advertisement Material and Samples Distribution,100097.0,73,731,7310,Advertising,,Ajman,
Advertisement Material and Samples Distribution,100097.0,73,731,7310,Advertising,,Ajman,
Advertising,100096.0,73,731,7310,Advertising,,Ajman,
Advertising,100096.0,73,731,7310,Advertising,,Ajman,
Advertising,100096.0,73,731,7310,Advertising,,Ajman,
Advertising Requisites Trading,100099.0,46,465,4659,Wholesale of other machinery and equipment,,Ajman,
Advertising Researches & Consultancies,100100.0,73,731,7310,Advertising,,Ajman,
Advertising Researches & Consultancies,100100.0,73,731,7310,Advertising,,Ajman,
Advertising services through websites,100101.0,73,731,7310,Advertising,,Ajman,
Advertising services through websites,100101.0,73,731,7310,Advertising,,Ajman,
Agarwood and Incense Manufacturing,100109.0,20,202,2029,Manufacture of other chemical products n.e.c.,,Ajman,
Agents Care Centre,100111.0,82,829,8299,Other business support service activities n.e.c.,,Ajman,
Agents titling,100113.0,66,662,6622,Activities of insurance agents and brokers,,Ajman,
"Agricultural Enterprises Investment, Institution and Management",100117.0,66,663,6630,Fund management activities,,Ajman,
Agricultural Pests Pesticides Manufacturing,100124.0,20,202,2021,Manufacture of pesticides and other agrochemical products,,Ajman,
Agricultural Research & Consultancy,100127.0,74,749,7490,"Other professional, scientific and technical activities n.e.c.",,Ajman,
Agricultural Tractors Manufacturing,100130.0,28,282,2821,Manufacture of agricultural and forestry machinery,,Ajman,
Agriculture and Animal and Fisheries Wealth Engineering Consultancy,100131.0,74,749,7490,"Other professional, scientific and technical activities n.e.c.",,Ajman,
Air Cargo Services,100139.0,52,522,5224,Cargo handling,,Ajman,
Air Conditioner Units Assembling,100142.0,28,281,2819,Manufacture of other general-purpose machinery,,Ajman,
Air Conditioner Units Manufacturing,100143.0,28,281,2819,Manufacture of other general-purpose machinery,,Ajman,
Air Filters Manufacturing,100145.0,28,281,2819,Manufacture of other general-purpose machinery,,Ajman,
Air Filters Manufacturing,100145.0,28,281,2819,Manufacture of other general-purpose machinery,,Ajman,
Air Freight & Passengers Charters,100146.0,51,511,5110,Passenger air transport,,Ajman,
Air Means of Transportation Inspection and Classification,100147.0,71,712,7120,Technical testing and analysis,,Ajman,
Air water generators Trading Import & Export,100151.0,46,464,4649,Wholesale of other household goods,,Ajman,
"Air-Condition, Refrigeration Spare Parts & Components Trading",100144.0,46,465,4659,Wholesale of other machinery and equipment,,Ajman,
"Air-Condition, Ventilations, Air Filtration Systems Installation & Maintenance",100152.0,43,432,4322,"Plumbing, heat and air-conditioning installation",,Ajman,
Aircraft Scrap & Used Spare Parts Trading,100165.0,46,466,4669,Wholesale of waste and scrap and other products n.e.c.,,Ajman,
Aircraft Spare Parts & Components Trading Import & Export,100167.0,46,465,4659,Wholesale of other machinery and equipment,,Ajman,
Airline Travel Agency,100174.0,79,791,7911,Travel agency activities,,Ajman,
"Alarm Systems Installation, Fitting and Repair",100184.0,43,432,4321,Electrical installation,,Ajman,
Albums Manufacturing,100185.0,32,329,3290,Other manufacturing n.e.c.,,Ajman,
All Kind Building Projects Contracting,100186.0,46,461,4610,Wholesale on a fee or contract basis,,Ajman,
Alternative Power and Researches Consultancy,100188.0,71,711,7110,Architectural and engineering activities and related technical consultancy,,Ajman,
Aluminium Installation Works,100189.0,43,432,4329,Other construction installation,,Ajman,
Aluminum Foils Manufacturing,100193.0,24,242,2420,Manufacture of basic precious and other non-ferrous metals,,Ajman,
Aluminum Plates and Containers Manufacturing,100194.0,25,259,2599,Manufacture of other fabricated metal products n.e.c.,,Ajman,
Aluminum Rolling,100196.0,24,242,2420,Manufacture of basic precious and other non-ferrous metals,,Ajman,
Aluminum Smelter and Extraction,100197.0,24,242,2420,Manufacture of basic precious and other non-ferrous metals,,Ajman,
Ambulant Manufacturing,100200.0,21,210,2100,"Manufacture of pharmaceuticals, medicinal chemical and botanical products",,Ajman,
Animal & Poultry Farms Equipment Trading,100207.0,46,465,4659,Wholesale of other machinery and equipment,,Ajman,
Animal Feed Manufacturing,100210.0,10,108,1080,Manufacture of prepared animal feeds,,Ajman,
Animal Oil and Fat Manufacturing,100215.0,10,104,1040,Manufacture of vegetable and animal oils and fats,,Ajman,
animals Pets Raising,100218.0,75,750,7500,Veterinary activities,,Ajman,
Anti Corrosion Materials Manufacturing,100225.0,20,202,2029,Manufacture of other chemical products n.e.c.,,Ajman,
Antiquities and Precious Acquisitions Repairing,100229.0,95,952,9529,Repair of other personal and household goods,,Ajman,
Antiquities and Traditional Instruments and Ware Making,100230.0,23,231,2310,Manufacture of glass and glass products,,Ajman,
Arab Wear Trading,100239.0,47,477,4771,"Retail sale of clothing, footwear and leather articles in specialized stores",,Ajman,
Archeological Restoration & Conservation Engineering Services,100246.0,71,711,7110,Architectural and engineering activities and related technical consultancy,,Ajman,
Architectural Engineering Consultancy,100252.0,71,711,7110,Architectural and engineering activities and related technical consultancy,,Ajman,
Architectural Production and Drawing Technical Consultancy,100253.0,71,711,7110,Architectural and engineering activities and related technical consultancy,,Ajman,
Architectural Production and Drawing Technical Consultancy,100253.0,71,711,7110,Architectural and engineering activities and related technical consultancy,,Ajman,
Art Gallery,100259.0,90,900,9000,"Creative, arts and entertainment activities",,Ajman,
Artificial Flowers and Plants Trading,100265.0,46,464,4649,Wholesale of other household goods,,Ajman,
Artificial Intelligence Developing Services,100266.0,72,722,7220,Research and experimental development on social sciences and humanities,,Ajman,
Artificial Marble Manufacturing,100268.0,23,239,2399,Manufacture of other non-metallic mineral products n.e.c.,,Ajman,
Artificial Plants & Flowers Making,100269.0,32,329,3290,Other manufacturing n.e.c.,,Ajman,
Artistic Bands Contracting,100271.0,90,900,9000,"Creative, arts and entertainment activities",,Ajman,
Artistic Bands Contracting,100271.0,90,900,9000,"Creative, arts and entertainment activities",,Ajman,
Artwork for cosmetic Craft (sculpture),100275.0,90,900,9000,"Creative, arts and entertainment activities",,Ajman,
Asphalt and Paving Materials,100277.0,23,239,2399,Manufacture of other non-metallic mineral products n.e.c.,,Ajman,
Assembling computers - Import & Export,100278.0,46,465,4651,"Wholesale of computers, computer peripheral equipment and software",,Ajman,
Assembling of water treatment systems and blending of related chemicals,100279.0,28,282,2829,Manufacture of other special-purpose machinery,,Ajman,
Auction Hall,100291.0,45,454,4540,"Sale, maintenance and repair of motorcycles and related parts and accessories",,Ajman,
Auction Hall-Import & Export,100292.0,46,469,4690,Non-specialized wholesale trade,,Ajman,
Auctions Organization and Management,100295.0,82,829,8299,Other business support service activities n.e.c.,,Ajman,
Auctions Organization and Management,100295.0,82,829,8299,Other business support service activities n.e.c.,,Ajman,
Audio Recordings Wholesale,100299.0,46,464,4649,Wholesale of other household goods,,Ajman,
Audio-visual Devices and Network Advertisements,100303.0,73,731,7310,Advertising,,Ajman,
Audio-visual Devices and Network Advertisements,100303.0,73,731,7310,Advertising,,Ajman,
"Auditing, Reviewing &Testing Cyber Risks",100306.0,62,620,6202,Computer consultancy and computer facilities management activities,,Ajman,
"Authentic Antiques, Artefacts & Artworks Trading - Import & Export",100308.0,46,464,4649,Wholesale of other household goods,,Ajman,
"Authentic Antiques, Artefacts & Artworks Trading - Import & Export",100308.0,46,464,4649,Wholesale of other household goods,,Ajman,
Auto Electrical Wires Manufacturing,100314.0,27,273,2732,Manufacture of other electronic and electric wires and cables,,Ajman,
Auto Irrigation Devices Manufacturing,100317.0,28,282,2821,Manufacture of agricultural and forestry machinery,,Ajman,
Auto Phones Installation & Repair,100319.0,45,452,4520,Maintenance and repair of motor vehicles,,Ajman,
Auto Phones Installation & Repair,100319.0,45,452,4520,Maintenance and repair of motor vehicles,,Ajman,
Auto Spare Parts & Components Trading - Import & Export,100324.0,45,453,4530,Sale of motor vehicle parts and accessories,,Ajman,
Auto Spare Parts & Components Trading - Import & Export,100324.0,45,453,4530,Sale of motor vehicle parts and accessories,,Ajman,
Auto Upholstery manufacturing,100326.0,31,310,3100,Manufacture of furniture,,Ajman,
Automatic Gates & Barriers Manufacturing,100329.0,28,281,2819,Manufacture of other general-purpose machinery,,Ajman,
Automobile Assembling,100331.0,29,291,2910,Manufacture of motor vehicles,,Ajman,
Automobile Special Accessories Fitting,100335.0,29,291,2910,Manufacture of motor vehicles,,Ajman,
Automobile Special Accessories Fitting,100335.0,29,291,2910,Manufacture of motor vehicles,,Ajman,
Aviation Consultancy,100340.0,52,522,5229,Other transportation support activities,,Ajman,
Aviation Consultancy,100340.0,52,522,5229,Other transportation support activities,,Ajman,
Baby Food Manufacturing,100352.0,10,107,1079,Manufacture of other food products n.e.c.,,Ajman,
Baby Food Trading - Import & Export,100353.0,46,463,4630,"Wholesale of food, beverages and tobacco",,Ajman,
Baby Wear Trading,100355.0,46,464,4641,"Wholesale of textiles, clothing and footwear",,Ajman,
Banking Services Consultancy,100373.0,66,661,6619,Other activities auxiliary to financial service activities,,Ajman,
Barbed Wires Manufacturing,100376.0,25,259,2599,Manufacture of other fabricated metal products n.e.c.,,Ajman,
Basic Organic Chemical Acids Manufacturing,100382.0,20,201,2011,Manufacture of basic chemicals,,Ajman,
Beach Camping,100390.0,55,552,5520,"Camping grounds, recreational vehicle parks and trailer parks",,Ajman,
Bearing Manufacturing,100392.0,28,281,2814,"Manufacture of bearings, gears, gearing and driving elements",,Ajman,
Beauty & Personal Care Requisites Manufacturing,100394.0,32,329,3290,Other manufacturing n.e.c.,,Ajman,
Beauty & Personal Care Requisites Trading - Import & Export,100395.0,46,464,4649,Wholesale of other household goods,,Ajman,
Beauty & Personal Care Requisites Trading - Import & Export,100395.0,46,464,4649,Wholesale of other household goods,,Ajman,
Bed Sheets and Household Linen Manufacturing,100398.0,13,139,1392,"Manufacture of made-up textile articles, except apparel",,Ajman,
Beverage serving activities,100400.0,56,563,5630,Beverage serving activities,,Ajman,
Beverage serving activities,100400.0,56,563,5630,Beverage serving activities,,Ajman,
Bicycles Manufacturing,100404.0,30,309,3092,Manufacture of bicycles and invalid carriages,,Ajman,
Bicycles Renting,100405.0,77,772,7721,Renting and leasing of recreational and sports goods,,Ajman,
Bicycles Repairing,100406.0,95,952,9529,Repair of other personal and household goods,,Ajman,
Bicycles Repairing,100406.0,95,952,9529,Repair of other personal and household goods,,Ajman,
Billiard & Pool Room,100409.0,93,931,9311,Operation of sports facilities,,Ajman,
Biscuits Manufacturing,100416.0,10,107,1071,Manufacture of bakery products,,Ajman,
"Blankets, Towels & Linens Trading - Import & Export",100420.0,46,464,4641,"Wholesale of textiles, clothing and footwear",,Ajman,
Bleaching Products Manufacturing,100427.0,20,202,2029,Manufacture of other chemical products n.e.c.,,Ajman,
Body Building Club,100440.0,93,931,9312,Activities of sports clubs,,Ajman,
Book Publication,100444.0,58,581,5811,Book publishing,,Ajman,
Book publishing,100444.0,58,581,5811,Book publishing,,Ajman,
Book publishing,100444.0,58,581,5811,Book publishing,,Ajman,
Bookbinding,100445.0,18,181,1812,Service activities related to printing,,Ajman,
Books Printing,100448.0,18,181,1812,Service activities related to printing,,Ajman,
Bowling Club,100461.0,93,931,9312,Activities of sports clubs,,Ajman,
Bread Manufacturing,100474.0,10,107,1071,Manufacture of bakery products,,Ajman,
Break Pads Manufacturing,100466.0,29,293,2930,Manufacture of parts and accessories for motor vehicles,,Ajman,
Bridges Engineering Consultancy,100479.0,71,711,7110,Architectural and engineering activities and related technical consultancy,,Ajman,
Brooms and Cleaning Articles Manufacturing,100486.0,32,329,3290,Other manufacturing n.e.c.,,Ajman,
Building & Construction Materials Trading,100488.0,46,466,4663,"Wholesale of construction materials, hardware, plumbing and heating equipment and supplies",,Ajman,
Building & Construction Materials Trading,100488.0,46,466,4663,"Wholesale of construction materials, hardware, plumbing and heating equipment and supplies",,Ajman,
Building & Construction Materials Trading Import & Export,100488.0,46,466,4663,"Wholesale of construction materials, hardware, plumbing and heating equipment and supplies",,Ajman,
Building & Construction Materials Trading Import & Export,100488.0,46,466,4663,"Wholesale of construction materials, hardware, plumbing and heating equipment and supplies",,Ajman,
Building & Construction Materials Trading Import & Export,100488.0,46,466,4663,"Wholesale of construction materials, hardware, plumbing and heating equipment and supplies",,Ajman,
Building Contracting Turnkey Projects Contracting,100492.0,46,461,4610,Wholesale on a fee or contract basis,,Ajman,
Building Hardware & Tools Trading - Import & Export,100496.0,47,475,4752,"Retail sale of hardware, paints and glass in specialized stores",,Ajman,
Building Hardware & Tools Trading - Import & Export,100496.0,47,475,4752,"Retail sale of hardware, paints and glass in specialized stores",,Ajman,
Building Metal Products Manufacturing,100501.0,25,251,2511,Manufacture of structural metal products,,Ajman,
Building Metal Products Trading,100502.0,47,475,4752,"Retail sale of hardware, paints and glass in specialized stores",,Ajman,
Building of Fiber Glass Boats,100503.0,30,301,3012,Building of pleasure and sporting boats,,Ajman,
Building of Wooden Boats,100506.0,30,301,3012,Building of pleasure and sporting boats,,Ajman,
Building Stainless Steel Products Manufacturing,100508.0,25,251,2512,"Manufacture of tanks, reservoirs and containers of metal",,Ajman,
Building Stainless Steel Products Manufacturing,100508.0,25,251,2512,"Manufacture of tanks, reservoirs and containers of metal",,Ajman,
Buildings Cleaning Services,100490.0,81,812,8129,Other building and industrial cleaning activities,,Ajman,
Buses and Trucks Trading - Import & Export,100513.0,45,451,4510,Sale of motor vehicles,,Ajman,
Buses Rental,100515.0,77,771,7710,Renting and leasing of motor vehicles,,Ajman,
Butter Manufacturing,100533.0,10,105,1050,Manufacture of dairy products,,Ajman,
Cable and Wireless Networks Installation and Maintenance,100537.0,43,432,4321,Electrical installation,,Ajman,
Café,100541.0,56,563,5630,Beverage serving activities,,Ajman,
Café,100541.0,56,563,5630,Beverage serving activities,,Ajman,
Cafeteria,100542.0,56,561,5610,Restaurants and mobile food service activities,,Ajman,
Cafeteria,100542.0,56,561,5610,Restaurants and mobile food service activities,,Ajman,
Calculators Manufacturing,100544.0,28,281,2817,Manufacture of office machinery and equipment (except computers and peripheral equipment),,Ajman,
call center,100545.0,82,822,8220,Activities of call centres,,Ajman,
Caps and Headwear Manufacturing,100554.0,14,141,1410,"Manufacture of wearing apparel, except fur apparel",,Ajman,
Car Polishing and Cleaning,100560.0,81,812,8129,Other building and industrial cleaning activities,,Ajman,
Carbon Control Systems Trading,100566.0,46,465,4659,Wholesale of other machinery and equipment,,Ajman,
Carbonated Water Manufacturing,100568.0,11,110,1104,Manufacture of soft drinks; production of mineral waters and other bottled waters,,Ajman,
Cardiopathy Clinic,100571.0,86,862,8620,Medical and dental practice activities,,Ajman,
Cards and Envelops Printing,100572.0,18,181,1811,Printing,,Ajman,
Cards and Envelops Printing,100572.0,18,181,1811,Printing,,Ajman,
Cargo Containers Rental.,100575.0,77,773,7730,"Renting and leasing of other machinery, equipment and tangible goods",,Ajman,
Carpenter shop,100583.0,16,162,1629,"Manufacture of other products of wood; manufacture of articles of cork, straw and plaiting materials",,Ajman,
Carpentry & wood Flooring Works,100585.0,16,161,1610,Sawmilling and planing of wood,,Ajman,
Carpets and Textiles Sewing Up,100589.0,13,139,1393,Manufacture of carpets and rugs,,Ajman,
Carpets Manufacturing,100590.0,13,139,1393,Manufacture of carpets and rugs,,Ajman,
Carpets Washing and Cleaning,100587.0,96,960,9601,Washing and (dry-) cleaning of textile and fur products,,Ajman,
Cars Accessories Trading - Import & Export,100592.0,45,453,4530,Sale of motor vehicle parts and accessories,,Ajman,
Cars Accessories Trading - Import & Export,100592.0,45,453,4530,Sale of motor vehicle parts and accessories,,Ajman,
Cars Additional Parts Trading - Import & Export,100592.0,45,453,4530,Sale of motor vehicle parts and accessories,,Ajman,
Cars Additional Parts Trading - Import & Export,100592.0,45,453,4530,Sale of motor vehicle parts and accessories,,Ajman,
Cars Air-conditioners Repair,100593.0,45,452,4520,Maintenance and repair of motor vehicles,,Ajman,
Cars Air-conditioners Repair,100593.0,45,452,4520,Maintenance and repair of motor vehicles,,Ajman,
Cars Batteries Trading - Import & Export,100594.0,45,453,4530,Sale of motor vehicle parts and accessories,,Ajman,
Cars Electricity Repair,100595.0,45,452,4520,Maintenance and repair of motor vehicles,,Ajman,
Cars Electricity Repair .,100595.0,45,452,4520,Maintenance and repair of motor vehicles,,Ajman,
Cars Exhaust Repair,100596.0,45,452,4520,Maintenance and repair of motor vehicles,,Ajman,
Cars Exhaust Repair,100596.0,45,452,4520,Maintenance and repair of motor vehicles,,Ajman,
Cars Multi-specialization Maintenance Workshop,100597.0,45,452,4520,Maintenance and repair of motor vehicles,,Ajman,
Cars Multi-specialization Maintenance Workshop,100597.0,45,452,4520,Maintenance and repair of motor vehicles,,Ajman,
Cars New Spare Parts Trading - Import & Export,100592.0,45,453,4530,Sale of motor vehicle parts and accessories,,Ajman,
Cars New Spare Parts Trading - Import & Export,100592.0,45,453,4530,Sale of motor vehicle parts and accessories,,Ajman,
Cars New Spare Parts Trading - Import & Export,100592.0,45,453,4530,Sale of motor vehicle parts and accessories,,Ajman,
Cars Provision with Corrosion Resistant Materials,100598.0,20,202,2029,Manufacture of other chemical products n.e.c.,,Ajman,
Cars Provision with Corrosion Resistant Materials,100598.0,20,202,2029,Manufacture of other chemical products n.e.c.,,Ajman,
Cars Rental,100561.0,77,771,7710,Renting and leasing of motor vehicles,,Ajman,
Cars Tyres and Outfit Trading - Import & Export,100600.0,45,453,4530,Sale of motor vehicle parts and accessories,,Ajman,
Cars Tyres and Outfit Trading - Import & Export,100600.0,45,453,4530,Sale of motor vehicle parts and accessories,,Ajman,
Cars Used Spare Parts Trading - Import & Export,100601.0,45,453,4530,Sale of motor vehicle parts and accessories,,Ajman,
Cars Used Spare Parts Trading - Import & Export,100601.0,45,453,4530,Sale of motor vehicle parts and accessories,,Ajman,
Carton Boxes and Containers Manufacturing,100602.0,17,170,1702,Manufacture of corrugated paper and paperboard and of containers of paper and paperboard,,Ajman,
Carving and Embroidery Works,100604.0,14,141,1410,"Manufacture of wearing apparel, except fur apparel",,Ajman,
Casting of Gold and Precious Non-Ferrous Metals,100607.0,24,242,2420,Manufacture of basic precious and other non-ferrous metals,,Ajman,
Casting Products Manufacturing,100618.0,24,243,2431,Casting of iron and steel,,Ajman,
Cauldrons Manufacturing,100621.0,27,275,2750,Manufacture of domestic appliances,,Ajman,
Cement Products manufacturing,100625.0,23,239,2394,"Manufacture of cement, lime and plaster",,Ajman,
Central Air Conditioner Equipment Manufacturing,100627.0,28,281,2819,Manufacture of other general-purpose machinery,,Ajman,
Central Air Conditioning Manufacturing,100628.0,28,281,2819,Manufacture of other general-purpose machinery,,Ajman,
Central Air-conditioners Maintenance,100629.0,43,432,4322,"Plumbing, heat and air-conditioning installation",,Ajman,
Ceramic Ware Manufacturing,100637.0,23,239,2393,Manufacture of other porcelain and ceramic products,,Ajman,
Cereal Food Manufacturing,100638.0,10,106,1061,Manufacture of grain mill products,,Ajman,
Cereals & Seeds Import & Export,100639.0,46,462,4620,Wholesale of agricultural raw materials and live animals,,Ajman,
Cereals & Seeds Wholesale,100639.0,46,462,4620,Wholesale of agricultural raw materials and live animals,,Ajman,
Chain Manufacturing,100641.0,25,259,2599,Manufacture of other fabricated metal products n.e.c.,,Ajman,
Chalk Manufacturing,100642.0,23,239,2399,Manufacture of other non-metallic mineral products n.e.c.,,Ajman,
Chandeliers Manufacturing,100644.0,27,274,2740,Manufacture of electric lighting equipment,,Ajman,
Cheese Balls Manufacturing,100650.0,10,105,1050,Manufacture of dairy products,,Ajman,
Cheese Manufacturing,100651.0,10,105,1050,Manufacture of dairy products,,Ajman,
Chemical and Biological Analysis Lab,100654.0,71,712,7120,Technical testing and analysis,,Ajman,
Chemical Fertilizers Manufacturing,100657.0,20,201,2012,Manufacture of fertilizers and nitrogen compounds,,Ajman,
Chemical Industries Consultancy,100658.0,71,711,7110,Architectural and engineering activities and related technical consultancy,,Ajman,
Chemical Material Storehouse,100659.0,52,521,5210,Warehousing and storage,,Ajman,
Chemicals Blending,100663.0,20,201,2011,Manufacture of basic chemicals,,Ajman,
Children Entertainment Games Hall,100672.0,93,932,9321,Activities of amusement parks and theme parks,,Ajman,
Children Entertainment Games Hall,100672.0,93,932,9321,Activities of amusement parks and theme parks,,Ajman,
Children Underwear Manufacturing,100677.0,14,141,1410,"Manufacture of wearing apparel, except fur apparel",,Ajman,
Children Wears Manufacturing,100678.0,14,141,1410,"Manufacture of wearing apparel, except fur apparel",,Ajman,
Chinese Acupuncture,100681.0,86,869,8690,Other human health activities,,Ajman,
Chlorinated Paraffin Oil Manufacturing,100683.0,20,201,2011,Manufacture of basic chemicals,,Ajman,
Cigarettes and Tobacco and its Products Trading - Import & Export,100686.0,46,463,4630,"Wholesale of food, beverages and tobacco",,Ajman,
Cinema Films Production,100689.0,59,591,5911,"Motion picture, video and television programme production activities",,Ajman,
Cinema Films Production,100689.0,59,591,5911,"Motion picture, video and television programme production activities",,Ajman,
Civil Engineering Consultancy,100695.0,71,711,7110,Architectural and engineering activities and related technical consultancy,,Ajman,
Cladding Works,100697.0,43,433,4330,Building completion and finishing,,Ajman,
Claims Analysis Engineering Consultancy,100698.0,71,711,7110,Architectural and engineering activities and related technical consultancy,,Ajman,
Cleaning and Polishing Materials Manufacturing,100704.0,20,202,2023,"Manufacture of soap and detergents, cleaning and polishing preparations, perfumes and toilet preparations",,Ajman,
Cloth Hangers and Clips Manufacturing,100715.0,32,329,3290,Other manufacturing n.e.c.,,Ajman,
Cloth Hangers Trading - Import & Export,100716.0,47,475,4759,"Retail sale of electrical household appliances, furniture, lighting equipment and other household articles in specialized stores",,Ajman,
Clothes Ironing,100718.0,96,960,9601,Washing and (dry-) cleaning of textile and fur products,,Ajman,
Clothes Washing,100719.0,96,960,9601,Washing and (dry-) cleaning of textile and fur products,,Ajman,
"Clothes, Curtains, Sheets, Blankets and Carpets Dry Cleaning (Steam)",100720.0,96,960,9601,Washing and (dry-) cleaning of textile and fur products,,Ajman,
Cloud Service &Datacenter Providers,100724.0,63,631,6311,"Data processing, hosting and related activities",,Ajman,
Coal Cubes Manufacturing,100729.0,23,239,2399,Manufacture of other non-metallic mineral products n.e.c.,,Ajman,
"Cutting, Coating and Polishing Contact Lenses",100732.0,26,267,2670,Manufacture of optical instruments and photographic equipment,,Ajman,
"Coffee Grinding, Roasting and Packaging",100734.0,10,103,1030,Processing and preserving of fruit and vegetables,,Ajman,
Cold Storage Compartment Manufacturing,100740.0,28,282,2829,Manufacture of other special-purpose machinery,,Ajman,
Colour Separation Services,100758.0,90,900,9000,"Creative, arts and entertainment activities",,Ajman,
Combined office administrative service activities,100761.0,82,821,8211,Combined office administrative service activities,,Ajman,
Combined office administrative service activities,100761.0,82,821,8211,Combined office administrative service activities,,Ajman,
Commercial Brokers,100766.0,46,461,4610,Wholesale on a fee or contract basis,,Ajman,
Commercial Brokers,100766.0,46,461,4610,Wholesale on a fee or contract basis,,Ajman,
"Commercial Enterprises Investment, Institution and Management",100768.0,66,663,6630,Fund management activities,,Ajman,
Commercial Equipment and Professional Machines Renting,100769.0,77,773,7730,"Renting and leasing of other machinery, equipment and tangible goods",,Ajman,
Commercial Information Services,100770.0,70,702,7020,Management consultancy activities,,Ajman,
Commercial Publications Printing,100772.0,58,581,5811,Book publishing,,Ajman,
Commercial Ships Rental,100773.0,77,773,7730,"Renting and leasing of other machinery, equipment and tangible goods",,Ajman,
Communications Engineering Consultancy,100777.0,71,711,7110,Architectural and engineering activities and related technical consultancy,,Ajman,
Companies Representation,100780.0,70,701,7010,Activities of head offices,,Ajman,
Composed Industrial Chemicals Manufacturing,100786.0,20,201,2011,Manufacture of basic chemicals,,Ajman,
Comprehensive Architectural Planning Engineering Consultancy,100788.0,71,711,7110,Architectural and engineering activities and related technical consultancy,,Ajman,
Computer consultancy and computer facilities management activities,100792.0,62,620,6202,Computer consultancy and computer facilities management activities,,Ajman,
Computer consultancy and computer facilities management activities,100792.0,62,620,6202,Computer consultancy and computer facilities management activities,,Ajman,
Computer Engineering Consultancy,100795.0,62,620,6202,Computer consultancy and computer facilities management activities,,Ajman,
Computer Equipment Requisites Trading - Import & Export,100796.0,47,474,4741,"Retail sale of computers, peripheral units, software and telecommunications equipment in specialized stores",,Ajman,
Computer Equipment Requisites Trading - Import & Export,100796.0,47,474,4741,"Retail sale of computers, peripheral units, software and telecommunications equipment in specialized stores",,Ajman,
Computer Maintenance and Repairing,100798.0,95,951,9511,Repair of computers and peripheral equipment,,Ajman,
Computer programming activities,100801.0,62,620,6201,Computer programming activities,,Ajman,
Computer programming activities,100801.0,62,620,6201,Computer programming activities,,Ajman,
Computer Software Trading - Import & Export,100806.0,46,465,4651,"Wholesale of computers, computer peripheral equipment and software",,Ajman,
Computer Software Training,100806.0,85,854,8549,Other education n.e.c.,,Ajman,
Computer System Housing Services,100807.0,63,631,6311,"Data processing, hosting and related activities",,Ajman,
Computer Systems and Software Designing,100810.0,62,620,6201,Computer programming activities,,Ajman,
Computer Systems Consultancies,100811.0,62,620,6202,Computer consultancy and computer facilities management activities,,Ajman,
Confectionary & Chocolate Trading,100825.0,46,463,4630,"Wholesale of food, beverages and tobacco",,Ajman,
Confectioneries and Traditional Sweets,100826.0,10,107,1073,"Manufacture of cocoa, chocolate and sugar confectionery",,Ajman,
Confectionery & Chocolate Wholesale,100825.0,46,463,4630,"Wholesale of food, beverages and tobacco",,Ajman,
Confectionery from cocoa and chocolate,100826.0,10,107,1073,"Manufacture of cocoa, chocolate and sugar confectionery",,Ajman,
Conferences and Symposiums Organization and Management,100828.0,82,823,8230,Organization of conventions and trade shows,,Ajman,
Construction Equipment & Machinery Spare Parts Trading  Import & Export ,100839.0,47,477,4773,Other retail sale of new goods in specialized stores,,Ajman,
Construction Plastic Requirements Manufacturing,100848.0,22,222,2220,Manufacture of plastics products,,Ajman,
Consultancy and Studies and Researches in Legal Sciences,100853.0,72,722,7220,Research and experimental development on social sciences and humanities,,Ajman,
Consultancy and Studies and Researches in Linguistics,100854.0,72,722,7220,Research and experimental development on social sciences and humanities,,Ajman,
Consultancy and Studies and Researches in Renewable Energy,100856.0,72,721,7210,Research and experimental development on natural sciences and engineering,,Ajman,
Consultancy of Aviation Engineering,100340.0,71,711,7110,Architectural and engineering activities and related technical consultancy,,Ajman,
Consultancy of Survey Engineering,100858.0,71,711,7110,Architectural and engineering activities and related technical consultancy,,Ajman,
Consultancy project development,100859.0,70,702,7020,Management consultancy activities,,Ajman,
Consultancy project development,100859.0,70,702,7020,Management consultancy activities,,Ajman,
Consulting and research and development in the field of technology educatio,100863.0,72,721,7210,Research and experimental development on natural sciences and engineering,,Ajman,
Consulting and research and development in the field of technology education,100863.0,72,721,7210,Research and experimental development on natural sciences and engineering,,Ajman,
Consulting Engineering for Green Buildings,100865.0,71,711,7110,Architectural and engineering activities and related technical consultancy,,Ajman,
Consulting in listing securities,100867.0,66,661,6619,Other activities auxiliary to financial service activities,,Ajman,
Consulting in the behavioral and social science,100868.0,72,722,7220,Research and experimental development on social sciences and humanities,,Ajman,
Consulting maintenance and technical operation solutions for industrial machines,100869.0,70,702,7020,Management consultancy activities,,Ajman,
Consulting technical equipment and technical,100870.0,70,702,7020,Management consultancy activities,,Ajman,
Contact Lenses Manufacturing,100873.0,26,267,2670,Manufacture of optical instruments and photographic equipment,,Ajman,
Continuous Industrial Products Exhibition,100882.0,45,454,4540,"Sale, maintenance and repair of motorcycles and related parts and accessories",,Ajman,
Converting Industries Equipment & Machinery Rental,100884.0,77,773,7730,"Renting and leasing of other machinery, equipment and tangible goods",,Ajman,
Conveyor and Transmission Belts Manufacturing,100885.0,28,281,2816,Manufacture of lifting and handling equipment,,Ajman,
Cookers & Cook Stove Repair,100886.0,95,952,9522,Repair of household appliances and home and garden equipment,,Ajman,
Cookers & Cook Stoves Wholesale,100888.0,46,464,4649,Wholesale of other household goods,,Ajman,
"Cookers, Cooking Stoves and Grills Manufacturing",100887.0,27,275,2750,Manufacture of domestic appliances,,Ajman,
Coolants Manufacturing,100892.0,20,202,2029,Manufacture of other chemical products n.e.c.,,Ajman,
Cooling and Heating Equipment and Machinery Trading - Import & Export,100893.0,46,466,4663,"Wholesale of construction materials, hardware, plumbing and heating equipment and supplies",,Ajman,
Copying of Computer Software,100896.0,18,182,1820,Reproduction of recorded media,,Ajman,
Corporate Services Provider (CSP),100781.0,70,701,7010,Activities of head offices,,Ajman,
Cosmetics Manufacturing,100908.0,32,329,3290,Other manufacturing n.e.c.,,Ajman,
Courier activities,100917.0,53,532,5320,Courier activities,,Ajman,
Cream of Milk Manufacturing,100920.0,10,105,1050,Manufacture of dairy products,,Ajman,
"Creative, arts and entertainment activities",100928.0,90,900,9000,"Creative, arts and entertainment activities",,Ajman,
"Creative, arts and entertainment activities",100928.0,90,900,9000,"Creative, arts and entertainment activities",,Ajman,
"Creative, arts and entertainment activities",100928.0,90,900,9000,"Creative, arts and entertainment activities",,Ajman,
Credit Rating,100932.0,82,829,8291,Activities of collection agencies and credit bureaus,,Ajman,
Crude Fiber Glass Manufacturing,100936.0,20,201,2011,Manufacture of basic chemicals,,Ajman,
Crude Sugar Refining,100942.0,10,107,1072,Manufacture of sugar,,Ajman,
Crudes Plastics in Primary Forms Manufacturing,100943.0,20,201,2011,Manufacture of basic chemicals,,Ajman,
Crystal Products Processing,100947.0,23,231,2310,Manufacture of glass and glass products,,Ajman,
Cultural Handicrafts Training,100950.0,85,854,8542,Cultural education,,Ajman,
Cupping Treatment,100953.0,86,869,8690,Other human health activities,,Ajman,
Curtains Cutting and Tailoring,100956.0,95,952,9524,Repair of furniture and home furnishings,,Ajman,
Curtains Cutting and Tailoring,100956.0,95,952,9524,Repair of furniture and home furnishings,,Ajman,
Customs Clearance Services,100964.0,52,522,5229,Other transportation support activities,,Ajman,
Cutting and Sawmilling of Wood,100969.0,16,161,1610,Sawmilling and planing of wood,,Ajman,
Cutting and Shearing Tools manufacturing,100968.0,25,259,2593,"Manufacture of cutlery, hand tools and general hardware",,Ajman,
Cyber Risk Management Services,100975.0,62,620,6202,Computer consultancy and computer facilities management activities,,Ajman,
Cyber Security Consulting,100977.0,62,620,6202,Computer consultancy and computer facilities management activities,,Ajman,
Cyber Security Consulting,100977.0,62,620,6202,Computer consultancy and computer facilities management activities,,Ajman,
Damp proofing and water proofing works  Insulation Contracting,100981.0,46,461,4610,Wholesale on a fee or contract basis,,Ajman,
Data classification and analysis services,100985.0,63,631,6311,"Data processing, hosting and related activities",,Ajman,
Data Entering,100987.0,63,631,6311,"Data processing, hosting and related activities",,Ajman,
Data Preparation,100989.0,63,631,6311,"Data processing, hosting and related activities",,Ajman,
"Data processing, hosting and related activities",100991.0,63,631,6311,"Data processing, hosting and related activities",,Ajman,
"Data processing, hosting and related activities",100991.0,63,631,6311,"Data processing, hosting and related activities",,Ajman,
Debts Collection,101002.0,82,829,8291,Activities of collection agencies and credit bureaus,,Ajman,
Decor Works,101008.0,43,433,4330,Building completion and finishing,,Ajman,
Décor Works,101008.0,43,433,4330,Building completion and finishing,,Ajman,
Dental Laboratory,101018.0,32,325,3250,Manufacture of medical and dental instruments and supplies,,Ajman,
Dental Surgery Clinic,101020.0,86,862,8620,Medical and dental practice activities,,Ajman,
Deodorants and Bath Salts Manufacturing,101021.0,20,202,2023,"Manufacture of soap and detergents, cleaning and polishing preparations, perfumes and toilet preparations",,Ajman,
Dermatology and Venerology Clinic,101023.0,86,862,8620,Medical and dental practice activities,,Ajman,
Design & Production Of Frame Prototypes,101028.0,74,741,7410,Specialized design activities,,Ajman,
Design and Artwork Services,101027.0,18,181,1812,Service activities related to printing,,Ajman,
Designing the databases,101037.0,62,620,6201,Computer programming activities,,Ajman,
Detergents & Disinfectants Manufacturing - Import & Export,101043.0,46,466,4669,Wholesale of waste and scrap and other products n.e.c.,,Ajman,
Development and innovation in computer systems and programs,101047.0,62,620,6201,Computer programming activities,,Ajman,
Development and innovation in electronic trading in electronic products and services,101048.0,62,620,6209,Other information technology and computer service activities,,Ajman,
Development and innovation in medical instruments and supplies,101049.0,70,702,7020,Management consultancy activities,,Ajman,
Development Planning Engineering Consultancy,101051.0,71,711,7110,Architectural and engineering activities and related technical consultancy,,Ajman,
Diapers Manufacturing,101055.0,17,170,1709,Manufacture of other articles of paper and paperboard,,Ajman,
Dirigibles and Hot Air Balloons Manufacturing,101079.0,30,303,3030,Manufacture of air and spacecraft and related machinery,,Ajman,
Disposable Plastic Cutlery Manufacturing,101093.0,22,222,2220,Manufacture of plastics products,,Ajman,
Distributed Ledger Technology Services,101100.0,62,620,6201,Computer programming activities,,Ajman,
Documents and Instruments Delivery,101125.0,53,532,5320,Courier activities,,Ajman,
Documents Saving Services,101127.0,82,821,8219,"Photocopying, document preparation and other specialized office support activities",,Ajman,
Documents Shredding Services,101128.0,82,821,8219,"Photocopying, document preparation and other specialized office support activities",,Ajman,
Dolls Manufacturing,101130.0,32,324,3240,Manufacture of games and toys,,Ajman,
Doors and Windows Installation Works,101134.0,43,433,4330,Building completion and finishing,,Ajman,
Doors and Windows Installation Works,101134.0,43,433,4330,Building completion and finishing,,Ajman,
Dried and Concentrated Milk Manufacturing,101139.0,10,105,1050,Manufacture of dairy products,,Ajman,
Dried Vegetables & Fruit Trading,101141.0,46,463,4630,"Wholesale of food, beverages and tobacco",,Ajman,
"Drilling Engineering, Reservoir and Production Consultancy",101143.0,71,711,7110,Architectural and engineering activities and related technical consultancy,,Ajman,
Dry Batteries Manufacturing,101149.0,27,272,2720,Manufacture of batteries and accumulators,,Ajman,
Dry Fruit and Vegetable Packaging,101152.0,10,103,1030,Processing and preserving of fruit and vegetables,,Ajman,
Dry Ice Manufacturing,101154.0,20,201,2011,Manufacture of basic chemicals,,Ajman,
E-Commerce,101163.0,47,479,4791,Retail sale via mail order houses or via Internet,,Ajman,
E-Commerce,101163.0,47,479,4791,Retail sale via mail order houses or via Internet,,Ajman,
E-Commerce,101163.0,47,479,4791,Retail sale via mail order houses or via Internet,,Ajman,
E-Electronic Cards Trading,101168.0,46,465,4652,Wholesale of electronic and telecommunications equipment and parts,,Ajman,
E-Guide and Building E-Complexes,101160.0,63,631,6312,Web portals,,Ajman,
"Ear, Nose and Throat Clinic (ENT)",101188.0,86,862,8620,Medical and dental practice activities,,Ajman,
Economical Feasibility Consultancy and Studies,101193.0,70,702,7020,Management consultancy activities,,Ajman,
"Education Services Enterprises Investment, Institution and Management",101199.0,66,663,6630,Fund management activities,,Ajman,
Egg Products Manufacturing (Liquid Pasteurized ),101211.0,10,107,1079,Manufacture of other food products n.e.c.,,Ajman,
Egg Trading Import & Export,101212.0,46,463,4630,"Wholesale of food, beverages and tobacco",,Ajman,
Electrical Lamps Manufacturing,101220.0,27,274,2740,Manufacture of electric lighting equipment,,Ajman,
Electric Motors & Generators Manufacturing,101221.0,27,271,2710,"Manufacture of electric motors, generators, transformers and electricity distribution and control apparatus",,Ajman,
Electric Vehicles Charging Stations & Systems & Spare Parts Trading,101224.0,46,465,4652,Wholesale of electronic and telecommunications equipment and parts,,Ajman,
Electrical & Electronic Appliances Spare Parts Trading - Import & Export,101229.0,46,465,4652,Wholesale of electronic and telecommunications equipment and parts,,Ajman,
Electrical & Electronic Appliances Spare Parts Trading - Import & Export,101229.0,46,465,4652,Wholesale of electronic and telecommunications equipment and parts,,Ajman,
Electrical & Electronic Appliances Spare Parts Trading - Import & Export,101229.0,46,465,4652,Wholesale of electronic and telecommunications equipment and parts,,Ajman,
Electrical & Electronic Appliances Spare Parts Trading - Import & Export,101229.0,46,465,4652,Wholesale of electronic and telecommunications equipment and parts,,Ajman,
Electrical & Electronic Appliances Spare Parts Trading - Import & Export,101229.0,46,465,4652,Wholesale of electronic and telecommunications equipment and parts,,Ajman,
Electrical and Electronic Devices,101230.0,46,465,4652,Wholesale of electronic and telecommunications equipment and parts,,Ajman,
Electrical and structural contracting,101230.0,43,432,4321,Electrical installation,,Ajman,
Electrical Carriages Trading for Specialized Purposes,101232.0,45,451,4510,Sale of motor vehicles,,Ajman,
Electrical Fittings & Fixtures Repairing & Maintenance,101233.0,33,331,3314,Repair of electrical equipment,,Ajman,
Electrical Fittings & Fixtures Services,101234.0,43,432,4329,Other construction installation,,Ajman,
Electrical Fittings Trading - Import & Export,101235.0,46,466,4663,"Wholesale of construction materials, hardware, plumbing and heating equipment and supplies",,Ajman,
Electrical Fittings Trading - Import & Export,101235.0,46,466,4663,"Wholesale of construction materials, hardware, plumbing and heating equipment and supplies",,Ajman,
Electrical Fittings Trading - Import & Export,101235.0,46,466,4663,"Wholesale of construction materials, hardware, plumbing and heating equipment and supplies",,Ajman,
Electrical Home Appliances Manufacturing,101237.0,27,275,2750,Manufacture of domestic appliances,,Ajman,
Electrical Measuring and Control Systems Manufacturing,101240.0,26,265,2651,"Manufacture of measuring, testing, navigating and control equipment",,Ajman,
Electrical Network & Distribution Engineering Services,101241.0,71,711,7110,Architectural and engineering activities and related technical consultancy,,Ajman,
Electrical Water Heaters Manufacturing,101226.0,27,275,2750,Manufacture of domestic appliances,,Ajman,
Electromechanical Equipment Installation & Maintenance,101247.0,43,432,4322,"Plumbing, heat and air-conditioning installation",,Ajman,
Electronic Apparatuses and Equipments Repairing,101248.0,95,952,9521,Repair of consumer electronics,,Ajman,
Electronic Chips & Semiconductors trading -Import/Export,101253.0,46,465,4652,Wholesale of electronic and telecommunications equipment and parts,,Ajman,
Electronic Chips Designing and Programing,101254.0,62,620,6201,Computer programming activities,,Ajman,
Electronic cigarettes trade and their supplies – wholesale,101257.0,46,463,4630,"Wholesale of food, beverages and tobacco",,Ajman,
Electronic Devices Engineering Consultancy,101258.0,71,711,7110,Architectural and engineering activities and related technical consultancy,,Ajman,
Electronic Engineering Consultancy,101260.0,71,711,7110,Architectural and engineering activities and related technical consultancy,,Ajman,
Electronic Equipment and Devices Systems and Software Designing,101261.0,62,620,6201,Computer programming activities,,Ajman,
Electronic Games Hall,101265.0,93,932,9329,Other amusement and recreation activities n.e.c.,,Ajman,
Electronic Games Hall,101265.0,93,932,9329,Other amusement and recreation activities n.e.c.,,Ajman,
Electronic hardware engineering services,101266.0,71,711,7110,Architectural and engineering activities and related technical consultancy,,Ajman,
Electronic Precision Devices Manufacturing,101269.0,26,265,2651,"Manufacture of measuring, testing, navigating and control equipment",,Ajman,
Electronic trading products and services online,101273.0,47,479,4791,Retail sale via mail order houses or via Internet,,Ajman,
Electronic Tubes Manufacturing,101275.0,26,261,2610,Manufacture of electronic components and boards,,Ajman,
Elevators and Escalators Installation and Repair,101280.0,43,432,4329,Other construction installation,,Ajman,
Embroidered Garments,101283.0,14,141,1410,"Manufacture of wearing apparel, except fur apparel",,Ajman,
Endocrine Gland Diseases Clinic,101292.0,86,862,8620,Medical and dental practice activities,,Ajman,
Energy Projects Engineering Consultancy,101299.0,71,711,7110,Architectural and engineering activities and related technical consultancy,,Ajman,
Engine Spare Parts Manufacturing and Installing,101301.0,28,281,2811,"Manufacture of engines and turbines, except aircraft, vehicle and cycle engines",,Ajman,
Engineering Consultancy of Ship Building Engineering,101305.0,71,711,7110,Architectural and engineering activities and related technical consultancy,,Ajman,
Engraving Printing,101313.0,18,181,1812,Service activities related to printing,,Ajman,
Entertainment Halls Apparatuses and Equipments Repairing and Maintenance,101315.0,43,432,4321,Electrical installation,,Ajman,
Entertainment Parties and Occasions Contracting,101316.0,90,900,9000,"Creative, arts and entertainment activities",,Ajman,
Entertainment Tools and Sports Equipment Renting,101318.0,77,772,7721,Renting and leasing of recreational and sports goods,,Ajman,
Environment Protection Training,101323.0,85,854,8549,Other education n.e.c.,,Ajman,
Environmental Consultancy and Studies and Researches,101325.0,72,721,7210,Research and experimental development on natural sciences and engineering,,Ajman,
"Equestrian education, horse riding",101331.0,85,854,8549,Other education n.e.c.,,Ajman,
"Equestrian, Camels, Hunting and Stables Clubs",101333.0,93,931,9312,Activities of sports clubs,,Ajman,
Equipment and Apparatuses Trading of E-games and Entertainment Halls - Import & Export,101171.0,46,465,4659,Wholesale of other machinery and equipment,,Ajman,
Equipment E-Trading,101334.0,47,479,4791,Retail sale via mail order houses or via Internet,,Ajman,
Essential Oils Manufacturing (Essence),101342.0,20,202,2029,Manufacture of other chemical products n.e.c.,,Ajman,
Event catering,101344.0,56,562,5621,Event catering,,Ajman,
Examination of the devices and electronic equipment,101353.0,71,712,7120,Technical testing and analysis,,Ajman,
Examination of the devices and electronic equipment,101353.0,71,712,7120,Technical testing and analysis,,Ajman,
Excursion Boats and Ships Renting,101355.0,77,771,7710,Renting and leasing of motor vehicles,,Ajman,
Exhausts Manufacturing,101357.0,29,293,2930,Manufacture of parts and accessories for motor vehicles,,Ajman,
Exhibitions Organization and Management,101358.0,82,823,8230,Organization of conventions and trade shows,,Ajman,
Express delivery services and parcels,101364.0,53,532,5320,Courier activities,,Ajman,
External Tourism Voyages Organizer,101368.0,79,791,7912,Tour operator activities,,Ajman,
Fabric and Textile Waste Recycling,101372.0,38,383,3830,Materials recovery,,Ajman,
Fabric Textile Embroidering,101373.0,13,139,1399,Manufacture of other textiles n.e.c.,,Ajman,
"Fabrics, Textiles & Readymade Garments Screen Printing",101375.0,13,131,1313,Finishing of textiles,,Ajman,
"Face Masks, Dust Cloth, Dishcloths, and Similar Textile Articles Manufacturing",101377.0,13,139,1399,Manufacture of other textiles n.e.c.,,Ajman,
Facilities and Low Prices Cards Issuance Services,101379.0,64,649,6499,"Other financial service activities, except insurance and pension funding activities, n.e.c.",,Ajman,
Facility Management,101380.0,82,821,8211,Combined office administrative service activities,,Ajman,
False Ceiling & Light Partitions Installation,101383.0,43,433,4330,Building completion and finishing,,Ajman,
False Ceiling And Light Partitions Installation,101383.0,43,433,4330,Building completion and finishing,,Ajman,
Fashion and Clothes Designing,101389.0,74,741,7410,Specialized design activities,,Ajman,
Fashion Shows Organization,101392.0,82,823,8230,Organization of conventions and trade shows,,Ajman,
Feasibility Studies Consultancies,101394.0,70,702,7020,Management consultancy activities,,Ajman,
Ferrous And Non Ferrous Metal Trading Import & Export,101398.0,46,466,4662,Wholesale of metals and metal ores,,Ajman,
Ferrous And Non Ferrous Metal Trading Import & Export,101398.0,46,466,4662,Wholesale of metals and metal ores,,Ajman,
Fiber Optic Cables and Wires Manufacturing,101405.0,27,273,2732,Manufacture of other electronic and electric wires and cables,,Ajman,
Files and Box Files Manufacturing,101411.0,17,170,1702,Manufacture of corrugated paper and paperboard and of containers of paper and paperboard,,Ajman,
Film Developing and Photo Printing,101414.0,74,742,7420,Photographic activities,,Ajman,
Financial Investment Consultancy,101424.0,66,661,6619,Other activities auxiliary to financial service activities,,Ajman,
Fine Arts Consultancy,101430.0,70,702,7020,Management consultancy activities,,Ajman,
Fine Arts Training,101433.0,85,854,8542,Cultural education,,Ajman,
Finishing Commodities and Products for Promotion Purposes,101434.0,73,731,7310,Advertising,,Ajman,
Fire Extinguishing Materials Manufacturing,101439.0,20,202,2029,Manufacture of other chemical products n.e.c.,,Ajman,
Fire Fighting & Safety Equipment Installation,101441.0,43,432,4329,Other construction installation,,Ajman,
Fire Fighting Equipment Assembling,101444.0,28,281,2819,Manufacture of other general-purpose machinery,,Ajman,
Fire Fighting Equipment Manufacturing,101442.0,32,329,3290,Other manufacturing n.e.c.,,Ajman,
Fireproof Doors Manufacturing,101457.0,25,251,2512,"Manufacture of tanks, reservoirs and containers of metal",,Ajman,
First Aids Training,101460.0,85,854,8549,Other education n.e.c.,,Ajman,
Fish & Meat Wastes Trading - Import & Export,101464.0,46,462,4620,Wholesale of agricultural raw materials and live animals,,Ajman,
Fish and Marine Animals Toasting and Frying,101468.0,56,562,5629,Other food service activities,,Ajman,
Fish and Seafood Canning,101469.0,10,102,1020,"Processing and preserving of fish, crustaceans and molluscs",,Ajman,
Fish and Seafood Preparing,101470.0,10,102,1020,"Processing and preserving of fish, crustaceans and molluscs",,Ajman,
Fish Net Manufacturing,101471.0,13,139,1394,"Manufacture of cordage, rope, twine and netting",,Ajman,
Fishing & Hunting Requisites Wholesale,101475.0,46,464,4649,Wholesale of other household goods,,Ajman,
Flags Manufacturing,101483.0,13,139,1392,"Manufacture of made-up textile articles, except apparel",,Ajman,
Flavors and Fragrances Manufacturing (Food Additions),101484.0,20,202,2029,Manufacture of other chemical products n.e.c.,,Ajman,
Flavors and Fragrances Manufacturing (Food Additions)-Import & Export,101485.0,46,463,4630,"Wholesale of food, beverages and tobacco",,Ajman,
Floating Restaurant,101490.0,56,561,5610,Restaurants and mobile food service activities,,Ajman,
Floor & Wall Tiling Works,101491.0,43,433,4330,Building completion and finishing,,Ajman,
Flour Blending and Preparing,101493.0,10,106,1061,Manufacture of grain mill products,,Ajman,
Flour Mills,101494.0,10,106,1061,Manufacture of grain mill products,,Ajman,
Food & Beverages Trading,101508.0,46,463,4630,"Wholesale of food, beverages and tobacco",,Ajman,
Food & Beverages Trading,101508.0,46,463,4630,"Wholesale of food, beverages and tobacco",,Ajman,
Food & Dairy Consultant,101509.0,70,702,7020,Management consultancy activities,,Ajman,
food Gelatin Manufacturing,101513.0,10,107,1079,Manufacture of other food products n.e.c.,,Ajman,
Food Industries Consultancy,101515.0,70,702,7020,Management consultancy activities,,Ajman,
Food Safety Consulting,101517.0,70,702,7020,Management consultancy activities,,Ajman,
Food Stuff Manufacturing,101520.0,10,107,1079,Manufacture of other food products n.e.c.,,Ajman,
Food Supplements Manufacturing and Export,101522.0,46,463,4630,"Wholesale of food, beverages and tobacco",,Ajman,
Food Supplements Trading import and Export,101522.0,46,463,4630,"Wholesale of food, beverages and tobacco",,Ajman,
Foodstuff & Non Alcoholic Beverage Trading - Import & Export,101525.0,46,463,4630,"Wholesale of food, beverages and tobacco",,Ajman,
Foodstuff Catering,101526.0,56,562,5629,Other food service activities,,Ajman,
Foodstuff E-Trading,101527.0,47,479,4791,Retail sale via mail order houses or via Internet,,Ajman,
Foodstuff Trading Import & Export,101529.0,46,463,4630,"Wholesale of food, beverages and tobacco",,Ajman,
Foodstuff Trading Import & Export,101529.0,46,463,4630,"Wholesale of food, beverages and tobacco",,Ajman,
Foodstuff Trading Import & Export,101529.0,46,463,4630,"Wholesale of food, beverages and tobacco",,Ajman,
Footwear Manufacturing,101533.0,15,152,1520,Manufacture of footwear,,Ajman,
Formal Wears Manufacturing,101541.0,14,141,1410,"Manufacture of wearing apparel, except fur apparel",,Ajman,
Foundations & Soil Mechanics Engineering Services,101544.0,71,711,7110,Architectural and engineering activities and related technical consultancy,,Ajman,
Foundations and Soil Mechanics Engineering Consultancy,101544.0,71,711,7110,Architectural and engineering activities and related technical consultancy,,Ajman,
Freezing fruits and vegetables,101550.0,10,103,1030,Processing and preserving of fruit and vegetables,,Ajman,
Freight air transport,101551.0,51,512,5120,Freight air transport,,Ajman,
Freight Broker,101552.0,52,522,5229,Other transportation support activities,,Ajman,
Freight Forwarding & Clearing Services,101553.0,52,522,5229,Other transportation support activities,,Ajman,
Freight Forwarding & Clearing Services,101553.0,52,522,5229,Other transportation support activities,,Ajman,
Freight transport by road,101554.0,49,492,4923,Freight transport by road,,Ajman,
Freight transport by road,101554.0,49,492,4923,Freight transport by road,,Ajman,
Fresh & Chilled & Frozen Meat Trading - Import & Export,101556.0,46,463,4630,"Wholesale of food, beverages and tobacco",,Ajman,
Fresh Juice Selling,101557.0,56,563,5630,Beverage serving activities,,Ajman,
Fresh Juice Selling,101557.0,56,563,5630,Beverage serving activities,,Ajman,
Fresh Juice Selling,101557.0,56,563,5630,Beverage serving activities,,Ajman,
"Fronds, Hay, and Bamboo Products Manufacturing",101559.0,16,162,1629,"Manufacture of other products of wood; manufacture of articles of cork, straw and plaiting materials",,Ajman,
Frozen Pastries Manufacturing,101561.0,10,107,1071,Manufacture of bakery products,,Ajman,
Fruit Flavored Drinks Manufacturing,101567.0,11,110,1104,Manufacture of soft drinks; production of mineral waters and other bottled waters,,Ajman,
Fruit Juice Powdered Manufacturing,101569.0,10,103,1030,Processing and preserving of fruit and vegetables,,Ajman,
Fruits Canning and Packaging,101566.0,10,103,1030,Processing and preserving of fruit and vegetables,,Ajman,
Fuel Manufacturing,101572.0,20,201,2011,Manufacture of basic chemicals,,Ajman,
Furniture Repairing and Upholstering,101583.0,95,952,9524,Repair of furniture and home furnishings,,Ajman,
Gaming Content Production,101595.0,59,591,5911,"Motion picture, video and television programme production activities",,Ajman,
Garments Manufacturing,101614.0,14,141,1410,"Manufacture of wearing apparel, except fur apparel",,Ajman,
"Garments, Textiles & Gifts E-Trading",101615.0,47,479,4791,Retail sale via mail order houses or via Internet,,Ajman,
Gas and Petroleum Materials Storing,101618.0,52,521,5210,Warehousing and storage,,Ajman,
Gas Cylinders Manufacturing,101619.0,25,259,2599,Manufacture of other fabricated metal products n.e.c.,,Ajman,
Gas Liquefaction and Bottling Manufacturing,101623.0,20,201,2011,Manufacture of basic chemicals,,Ajman,
General cleaning of buildings,100490.0,81,812,8121,General cleaning of buildings,,Ajman,
General Facilities and Services Engineering Consultancy,101637.0,81,811,8110,Combined facilities support activities,,Ajman,
General Hospital,101638.0,86,861,8610,Hospital activities,,Ajman,
General Surgery Clinic,101644.0,86,862,8620,Medical and dental practice activities,,Ajman,
General Trading -  Non-Specialised Wholesale Trading,101646.0,46,469,4690,Non-specialized wholesale trade,,Ajman,
General Trading Import & Export,101646.0,46,469,4690,Non-specialized wholesale trade,,Ajman,
General Trading Import & Export,101646.0,46,469,4690,Non-specialized wholesale trade,,Ajman,
General Trading Import & Export,101646.0,46,469,4690,Non-specialized wholesale trade,,Ajman,
Geo-engineering Survey Engineering Consultancy,101653.0,71,711,7110,Architectural and engineering activities and related technical consultancy,,Ajman,
Geographical Maps Drawing Technical Consultancy,101655.0,71,711,7110,Architectural and engineering activities and related technical consultancy,,Ajman,
Geological and Geophysical Consultancy and Studies and Researches,101656.0,72,721,7210,Research and experimental development on natural sciences and engineering,,Ajman,
Gift-wrapping,101662.0,82,829,8292,Packaging activities,,Ajman,
Gift-wrapping,101662.0,82,829,8292,Packaging activities,,Ajman,
Gifts and Jewellery Box Making,101663.0,32,329,3290,Other manufacturing n.e.c.,,Ajman,
Gifts Trading,101664.0,46,464,4649,Wholesale of other household goods,,Ajman,
Gifts Trading,101664.0,46,464,4649,Wholesale of other household goods,,Ajman,
Gifts Trading,101664.0,46,464,4649,Wholesale of other household goods,,Ajman,
Gifts Trading - Import & Export,101664.0,46,464,4649,Wholesale of other household goods,,Ajman,
Gifts Trading - Import & Export,101664.0,46,464,4649,Wholesale of other household goods,,Ajman,
Glass Bottles and Containers Manufacturing,101668.0,23,231,2310,Manufacture of glass and glass products,,Ajman,
Glass Bottles Trading,101669.0,46,464,4649,Wholesale of other household goods,,Ajman,
Glass Fibre-fortified Tube Outfits Manufacturing,101671.0,23,231,2310,Manufacture of glass and glass products,,Ajman,
Glass Plates Installation Works,101673.0,43,433,4330,Building completion and finishing,,Ajman,
Glass Sheets and Mirror Manufacturing,101674.0,23,231,2310,Manufacture of glass and glass products,,Ajman,
Glass Waste Processing,101675.0,38,383,3830,Materials recovery,,Ajman,
Glasses Repairing,101677.0,95,952,9529,Repair of other personal and household goods,,Ajman,
Glassware manufacturing,101678.0,23,231,2310,Manufacture of glass and glass products,,Ajman,
Global Television Networks Programs Rebroadcasting Services,101680.0,60,602,6020,Television programming and broadcasting activities,,Ajman,
Gloves Manufacturing,101681.0,14,141,1410,"Manufacture of wearing apparel, except fur apparel",,Ajman,
Gold & Diamond and Jewellery Trading,101682.0,46,466,4662,Wholesale of metals and metal ores,,Ajman,
Gold and Diamond trading Import & Export,101682.0,46,466,4662,Wholesale of metals and metal ores,,Ajman,
Gold and Jewellery Repairing,101686.0,95,952,9529,Repair of other personal and household goods,,Ajman,
Goods Land Shipment Services,101693.0,52,522,5221,Service activities incidental to land transportation,,Ajman,
Goods Land Transportation,101694.0,52,522,5221,Service activities incidental to land transportation,,Ajman,
Goods Loading and Offloading Services,101695.0,52,522,5224,Cargo handling,,Ajman,
Goods Packaging Services,101697.0,52,522,5224,Cargo handling,,Ajman,
Grains Cereals & Legumes Trading - Import & Export,101703.0,46,462,4620,Wholesale of agricultural raw materials and live animals,,Ajman,
Grease and Lubricants Packaging,101709.0,19,192,1920,Manufacture of refined petroleum products,,Ajman,
Green Buildings Construction materials Trading,101711.0,47,475,4752,"Retail sale of hardware, paints and glass in specialized stores",,Ajman,
Green Buildings Consultant,101712.0,71,711,7110,Architectural and engineering activities and related technical consultancy,,Ajman,
Green Houses & Equipment Trading,101714.0,47,477,4773,Other retail sale of new goods in specialized stores,,Ajman,
Grinding Grains and Crops,101717.0,10,106,1061,Manufacture of grain mill products,,Ajman,
Grocery,101720.0,47,471,4711,"Retail sale in non-specialized stores with food, beverages or tobacco predominating",,Ajman,
Grocery,101720.0,47,471,4711,"Retail sale in non-specialized stores with food, beverages or tobacco predominating",,Ajman,
Gum and Glue Manufacturing,101724.0,20,202,2029,Manufacture of other chemical products n.e.c.,,Ajman,
Gynecology and Midwifery Hospital,101728.0,86,861,8610,Hospital activities,,Ajman,
Gynecology Clinic,101729.0,86,862,8620,Medical and dental practice activities,,Ajman,
Gypsum Manufacturing,101730.0,23,239,2399,Manufacture of other non-metallic mineral products n.e.c.,,Ajman,
Gypsum Products Manufacturing,101730.0,23,239,2399,Manufacture of other non-metallic mineral products n.e.c.,,Ajman,
"Hand Bags, Wallets, and Belts Manufacturing",101740.0,15,151,1512,"Manufacture of luggage, handbags and the like, saddlery and harness",,Ajman,
Hand Tools Manufacturing,101742.0,25,259,2593,"Manufacture of cutlery, hand tools and general hardware",,Ajman,
Health education services,101757.0,88,881,8810,Social work activities without accommodation for the elderly and disabled,,Ajman,
health innovation activities,101759.0,86,869,8690,Other human health activities,,Ajman,
Health Planning & Consultancies,101763.0,70,702,7020,Management consultancy activities,,Ajman,
"Health Services Enterprises Investment, Institution and Management",101764.0,66,663,6630,Fund management activities,,Ajman,
Health Treatment Undertakings Services,101765.0,70,702,7020,Management consultancy activities,,Ajman,
Hearing screening services,101767.0,86,869,8690,Other human health activities,,Ajman,
Heat Elements Manufacturing,101768.0,27,279,2790,Manufacture of other electrical equipment,,Ajman,
Heavy Equipment & Machinery Spare Parts Trading - Import & Export,101774.0,46,465,4659,Wholesale of other machinery and equipment,,Ajman,
Heavy Equipment & Machinery Spare Parts Trading - Import & Export,101774.0,46,465,4659,Wholesale of other machinery and equipment,,Ajman,
Heavy Equipment & Machinery Spare Parts Trading Import & Export,101774.0,46,465,4659,Wholesale of other machinery and equipment,,Ajman,
Heavy Machinery Engineering Consultancy,101777.0,71,711,7110,Architectural and engineering activities and related technical consultancy,,Ajman,
Heavy Machines and Machinery Repairing and Maintenance,101778.0,33,331,3312,Repair of machinery,,Ajman,
Heavy Machines and Machinery Repairing and Maintenance,101778.0,33,331,3312,Repair of machinery,,Ajman,
Herbs Packaging,101783.0,10,107,1079,Manufacture of other food products n.e.c.,,Ajman,
Heritage Consulting,101784.0,70,702,7020,Management consultancy activities,,Ajman,
Home Delivery Services,101792.0,53,532,5320,Courier activities,,Ajman,
Home Delivery Services,101792.0,53,532,5320,Courier activities,,Ajman,
Home Furniture Trading - Wholesale,101794.0,46,464,4649,Wholesale of other household goods,,Ajman,
Home Furniture Trading - Wholesale,101794.0,46,464,4649,Wholesale of other household goods,,Ajman,
Hospitality Management Service,101809.0,70,702,7020,Management consultancy activities,,Ajman,
Hospitality Services,101810.0,56,562,5621,Event catering,,Ajman,
Hotel,101812.0,55,551,5510,Short term accommodation activities,,Ajman,
Hotel Apartments Rental,101813.0,55,551,5510,Short term accommodation activities,,Ajman,
Hotel Consultancy,101814.0,70,702,7020,Management consultancy activities,,Ajman,
Hotel Management,101815.0,82,821,8211,Combined office administrative service activities,,Ajman,
House Electronic Apparatuses Repairing,101817.0,95,952,9522,Repair of household appliances and home and garden equipment,,Ajman,
House Furniture Manufacturing,101818.0,31,310,3100,Manufacture of furniture,,Ajman,
House Furniture Manufacturing,101818.0,31,310,3100,Manufacture of furniture,,Ajman,
House Pesticides Manufacturing,101819.0,20,202,2021,Manufacture of pesticides and other agrochemical products,,Ajman,
Household Utensils Trading Import & Export,101825.0,46,464,4649,Wholesale of other household goods,,Ajman,
Household Utensils Trading Import & Export,101825.0,46,464,4649,Wholesale of other household goods,,Ajman,
"Household, Professional & Personal Goods E-Trading",101826.0,47,479,4791,Retail sale via mail order houses or via Internet,,Ajman,
Human Resources Consultancy,101829.0,70,702,7020,Management consultancy activities,,Ajman,
Hydraulic Forklift Manufacturing,101832.0,28,281,2816,Manufacture of lifting and handling equipment,,Ajman,
Ice Cream Manufacturing,101835.0,10,105,1050,Manufacture of dairy products,,Ajman,
Ice Cream Manufacturing,101835.0,10,105,1050,Manufacture of dairy products,,Ajman,
Ice Cream Shop,101836.0,56,561,5610,Restaurants and mobile food service activities,,Ajman,
Ice Cream Shop,101836.0,56,561,5610,Restaurants and mobile food service activities,,Ajman,
Ice Manufacturing,101839.0,10,107,1079,Manufacture of other food products n.e.c.,,Ajman,
Ice Trading - Import & Export,101842.0,46,463,4630,"Wholesale of food, beverages and tobacco",,Ajman,
Iced Beverages Selling,101843.0,46,463,4630,"Wholesale of food, beverages and tobacco",,Ajman,
"Imitation, Jewellery Trading Import & Export",101849.0,46,464,4649,Wholesale of other household goods,,Ajman,
"Imitation, Jewellery Trading Import & Export",101849.0,46,464,4649,Wholesale of other household goods,,Ajman,
implementation of the festivals and performing arts and music,101852.0,90,900,9000,"Creative, arts and entertainment activities",,Ajman,
Importing Services of Taxes Paid Abroad,101857.0,82,829,8291,Activities of collection agencies and credit bureaus,,Ajman,
Industrial Detergents Manufacturing,101869.0,20,202,2023,"Manufacture of soap and detergents, cleaning and polishing preparations, perfumes and toilet preparations",,Ajman,
"Industrial Enterprises Investment, Institution and Management",101870.0,66,663,6630,Fund management activities,,Ajman,
Industrial Installations Inspection Consultancies.,101872.0,71,712,7120,Technical testing and analysis,,Ajman,
Industrial Plant Equipment & Spare Parts Trading - Import & Export,101877.0,46,465,4659,Wholesale of other machinery and equipment,,Ajman,
Industrial Plant Equipment & Spare Parts Trading - Import & Export,101877.0,46,465,4659,Wholesale of other machinery and equipment,,Ajman,
Industrial Plant Equipment & Spare Parts Trading - Import and Export,101877.0,46,465,4659,Wholesale of other machinery and equipment,,Ajman,
Industrial Production Engineering Consultancy,101878.0,71,711,7110,Architectural and engineering activities and related technical consultancy,,Ajman,
Industrial Projects Management,101879.0,70,702,7020,Management consultancy activities,,Ajman,
Industry buildings and prefabricated wooden parts.,101885.0,16,162,1622,Manufacture of builders’ carpentry and joinery,,Ajman,
Industry headdress,101886.0,14,141,1410,"Manufacture of wearing apparel, except fur apparel",,Ajman,
"Industry, bottles and plastic bottles",101887.0,22,222,2220,Manufacture of plastics products,,Ajman,
"Industry, rubber floors and pedals",101888.0,22,221,2219,Manufacture of other rubber products,,Ajman,
Information Technology Consultancy,101894.0,62,620,6202,Computer consultancy and computer facilities management activities,,Ajman,
Information Technology Consultancy,101894.0,62,620,6202,Computer consultancy and computer facilities management activities,,Ajman,
Information Technology Network Services,101895.0,62,620,6202,Computer consultancy and computer facilities management activities,,Ajman,
"Infrastructure Enterprises Investment, Institution and Management",101896.0,66,663,6630,Fund management activities,,Ajman,
Ingot Manufactur  ingingot moulds,101898.0,25,259,2593,"Manufacture of cutlery, hand tools and general hardware",,Ajman,
Ink & Printing Materials Manufacturing,101899.0,20,202,2029,Manufacture of other chemical products n.e.c.,,Ajman,
Ink and Printing Material Trading - Import & Export,101900.0,46,466,4669,Wholesale of waste and scrap and other products n.e.c.,,Ajman,
Innovation & Artificial Intelligence Research & Consultancies,101904.0,70,702,7020,Management consultancy activities,,Ajman,
Innovation & Artificial Intelligence Research & Consultancies,101904.0,70,702,7020,Management consultancy activities,,Ajman,
Innovative Business Incubator,101906.0,70,702,7020,Management consultancy activities,,Ajman,
"Insects, Rodents and Harmful Animals Control and Exterminating",101908.0,81,812,8129,Other building and industrial cleaning activities,,Ajman,
Inspection and Pricing Services,101910.0,71,712,7120,Technical testing and analysis,,Ajman,
Installation and maintenance of equipment and instrumentation and control,101912.0,33,332,3320,Installation of industrial machinery and equipment,,Ajman,
Installation and maintenance services,101913.0,43,432,4329,Other construction installation,,Ajman,
Installation of furniture Works,101923.0,43,433,4330,Building completion and finishing,,Ajman,
Instant Coffee Preparation,101936.0,10,107,1079,Manufacture of other food products n.e.c.,,Ajman,
Instant Tea Preparation,101937.0,10,107,1079,Manufacture of other food products n.e.c.,,Ajman,
Insulation Materials Manufacturing,101942.0,25,259,2599,Manufacture of other fabricated metal products n.e.c.,,Ajman,
Intellectual Compilations Registration Agents,101950.0,69,691,6910,Legal activities,,Ajman,
Intellectual Property Rights managment,101952.0,77,774,7740,"Leasing of intellectual property and similar products, except copyrighted works",,Ajman,
Intellectual Property Rights managment,101952.0,77,774,7740,"Leasing of intellectual property and similar products, except copyrighted works",,Ajman,
Interior cleaning services for buildings and dwellings,101629.0,81,812,8121,General cleaning of buildings,,Ajman,
Interior Design Engineering Consultancy,101962.0,71,711,7110,Architectural and engineering activities and related technical consultancy,,Ajman,
Internal Communication Network Installation & Maintenance,101965.0,43,432,4321,Electrical installation,,Ajman,
Internal Design Woodworks Manufacturing,101966.0,16,162,1629,"Manufacture of other products of wood; manufacture of articles of cork, straw and plaiting materials",,Ajman,
Internal Diseases Clinic,101967.0,86,862,8620,Medical and dental practice activities,,Ajman,
Internal Tourism Journeys Organizer,101968.0,79,791,7912,Tour operator activities,,Ajman,
Internal Water Transportation of Passengers,101969.0,50,502,5021,Inland passenger water transport,,Ajman,
International AirLines Office,101971.0,52,522,5229,Other transportation support activities,,Ajman,
Internet Content Provider,101973.0,63,631,6311,"Data processing, hosting and related activities",,Ajman,
Internet Services Provision,101976.0,61,619,6190,Other telecommunications activities,,Ajman,
Investment in Oil & Natural Gas Projects,101984.0,64,649,6499,"Other financial service activities, except insurance and pension funding activities, n.e.c.",,Ajman,
Iron and Steel Rolling,101995.0,24,241,2410,Manufacture of basic iron and steel,,Ajman,
IT Infrastructure,102008.0,63,631,6311,"Data processing, hosting and related activities",,Ajman,
IT professional resourcing and services,102009.0,62,620,6202,Computer consultancy and computer facilities management activities,,Ajman,
Jackets and Overcoats Manufacturing,102011.0,14,141,1410,"Manufacture of wearing apparel, except fur apparel",,Ajman,
Jam Manufacturing,102012.0,10,103,1030,Processing and preserving of fruit and vegetables,,Ajman,
Jewellery and Precious Metal Trading,102016.0,47,477,4773,Other retail sale of new goods in specialized stores,,Ajman,
Jewellery Designing,102018.0,74,741,7410,Specialized design activities,,Ajman,
Jewellery Manufacturing from Non-precious Metals,102019.0,32,321,3211,Manufacture of jewellery and related articles,,Ajman,
Jewellery Trading - Import & Export,102016.0,46,464,4649,Wholesale of other household goods,,Ajman,
Jewellery Trading Import & Export,102016.0,46,464,4649,Wholesale of other household goods,,Ajman,
"Jewellery, Pearls and Precious Stones E-Trading",102017.0,47,479,4791,Retail sale via mail order houses or via Internet,,Ajman,
"Jewelry design, jewelry, precious",102018.0,32,321,3212,Manufacture of imitation jewellery and related articles,,Ajman,
Key Cutting and Lock Fixing,102029.0,95,952,9529,Repair of other personal and household goods,,Ajman,
Key Cutting and Lock Fixing,102029.0,95,952,9529,Repair of other personal and household goods,,Ajman,
Kitchen Appliances Manufacturing,102034.0,27,275,2750,Manufacture of domestic appliances,,Ajman,
Kitchen Cabinets & Fixtures Products Trading,102036.0,47,475,4759,"Retail sale of electrical household appliances, furniture, lighting equipment and other household articles in specialized stores",,Ajman,
Kitchen Cabinets and Fixtures Manufacturing,102035.0,31,310,3100,Manufacture of furniture,,Ajman,
Kitchen Center,102037.0,68,681,6810,Real estate activities with own or leased property,,Ajman,
Knives and Scissors Repairing and Grinding,102039.0,95,952,9529,Repair of other personal and household goods,,Ajman,
Laboratory and Factory Chemicals Trading - Import & Export,102046.0,46,466,4661,"Wholesale of solid, liquid and gaseous fuels and related products",,Ajman,
Lace and Crochet Manufacturing,102049.0,13,139,1391,Manufacture of knitted and crocheted fabrics,,Ajman,
Ladies Arabic Gowns Manufacturing,102050.0,14,141,1410,"Manufacture of wearing apparel, except fur apparel",,Ajman,
Ladies Garments Manufacturing,102053.0,14,141,1410,"Manufacture of wearing apparel, except fur apparel",,Ajman,
Ladies Underwear Manufacturing,102058.0,14,141,1410,"Manufacture of wearing apparel, except fur apparel",,Ajman,
Lamp Base and Accessories Manufacturing,102059.0,27,274,2740,Manufacture of electric lighting equipment,,Ajman,
Land and Real Estate Purchase and Sale,102060.0,68,682,6820,Real estate activities on a fee or contract basis,,Ajman,
Landscaping Works,102064.0,81,813,8130,Landscape care and maintenance service activities,,Ajman,
Laser Shows Presentation,102071.0,90,900,9000,"Creative, arts and entertainment activities",,Ajman,
Lathe Workshop,102074.0,25,259,2599,Manufacture of other fabricated metal products n.e.c.,,Ajman,
Laundry Services,102077.0,96,960,9601,Washing and (dry-) cleaning of textile and fur products,,Ajman,
Leaf Spring Manufacturing,102082.0,29,293,2930,Manufacture of parts and accessories for motor vehicles,,Ajman,
"Leasing of intellectual property and similar products, except copyrighted works",102085.0,77,774,7740,"Leasing of intellectual property and similar products, except copyrighted works",,Ajman,
Leather Tanning and Dressing,102090.0,15,151,1511,Tanning and dressing of leather; dressing and dyeing of fur,,Ajman,
led lighting trading,102092.0,46,464,4649,Wholesale of other household goods,,Ajman,
Legal Translation Services,102096.0,74,749,7490,"Other professional, scientific and technical activities n.e.c.",,Ajman,
Letter-post Dispatches Delivery,102100.0,53,531,5310,Postal activities,,Ajman,
Library and archives activities,102102.0,91,910,9101,Library and archives activities,,Ajman,
Lifestyle Development Consultancy,102108.0,96,960,9609,Other personal service activities n.e.c.,,Ajman,
Lifestyle Development Consultancy,102108.0,96,960,9609,Other personal service activities n.e.c.,,Ajman,
Light Archiving,102115.0,63,631,6311,"Data processing, hosting and related activities",,Ajman,
Light Fittings & Fixtures Wholesale,102116.0,46,464,4649,Wholesale of other household goods,,Ajman,
Light Fittings & Fixtures Wholesale,102116.0,46,464,4649,Wholesale of other household goods,,Ajman,
Light Machines and Machinery Repairing and Maintenance,102117.0,33,331,3312,Repair of machinery,,Ajman,
Light Machines and Machinery Repairing and Maintenance,102117.0,33,331,3312,Repair of machinery,,Ajman,
Lighting Equipment & Requisites Trading-Import & Export,102119.0,46,465,4659,Wholesale of other machinery and equipment,,Ajman,
Lighting Fitting & Fixtures Assembling,102120.0,27,274,2740,Manufacture of electric lighting equipment,,Ajman,
Lime Manufacturing,102122.0,23,239,2399,Manufacture of other non-metallic mineral products n.e.c.,,Ajman,
Limestone Extraction,102123.0,23,239,2399,Manufacture of other non-metallic mineral products n.e.c.,,Ajman,
Liquid Batteries Manufacturing,102125.0,27,272,2720,Manufacture of batteries and accumulators,,Ajman,
Liquids Mechanics Engineering Consultancy,102128.0,71,711,7110,Architectural and engineering activities and related technical consultancy,,Ajman,
Locks and Keys Manufacturing,102144.0,25,259,2593,"Manufacture of cutlery, hand tools and general hardware",,Ajman,
Logistics,102147.0,52,521,5210,Warehousing and storage,,Ajman,
Logistics,102147.0,52,521,5210,Warehousing and storage,,Ajman,
Logistics & Transportation,102147.0,52,522,5229,Other transportation support activities,,Ajman,
Logistics Consultancy,102148.0,70,702,7020,Management consultancy activities,,Ajman,
Lubricant Waste Recycling,102151.0,38,383,3830,Materials recovery,,Ajman,
Lubricants Manufacturing,102156.0,19,192,1920,Manufacture of refined petroleum products,,Ajman,
Machines Mechanics Engineering Consultancy,102159.0,71,711,7110,Architectural and engineering activities and related technical consultancy,,Ajman,
Management and operation of public utilities,102175.0,68,682,6820,Real estate activities on a fee or contract basis,,Ajman,
"Management and organization of sporting events, external and internal",102176.0,93,931,9311,Operation of sports facilities,,Ajman,
"Management and organization of sporting events, external and internal",102176.0,93,931,9311,Operation of sports facilities,,Ajman,
Management Consultancies,102177.0,70,702,7020,Management consultancy activities,,Ajman,
Management Consultancies,102177.0,70,702,7020,Management consultancy activities,,Ajman,
Management Consultancies,102177.0,70,702,7020,Management consultancy activities,,Ajman,
Management Office,102180.0,70,701,7010,Activities of head offices,,Ajman,
Management Services,102181.0,70,701,7010,Activities of head offices,,Ajman,
Managing and operating satellites and providing satellite services,102185.0,61,613,6130,Satellite telecommunications activities,,Ajman,
Manufacture of Arabic Sweets,102203.0,10,107,1073,"Manufacture of cocoa, chocolate and sugar confectionery",,Ajman,
manufacture of car seats,102270.0,29,293,2930,Manufacture of parts and accessories for motor vehicles,,Ajman,
Manufacture of control panels for electric power distribution,102334.0,27,271,2710,"Manufacture of electric motors, generators, transformers and electricity distribution and control apparatus",,Ajman,
Manufacture of distilled water,102362.0,20,201,2011,Manufacture of basic chemicals,,Ajman,
Manufacture of dyestuffs and pigments,102390.0,20,202,2022,"Manufacture of paints, varnishes and similar coatings, printing ink and mastics",,Ajman,
Manufacture of Electronic Chips & Semiconductors,101252.0,26,261,2610,Manufacture of electronic components and boards,,Ajman,
Manufacture of machinery for food and beverage,103311.0,28,282,2825,"Manufacture of machinery for food, beverage and tobacco processing",,Ajman,
Manufacture of measurment and control equipment,101240.0,26,265,2651,"Manufacture of measuring, testing, navigating and control equipment",,Ajman,
Manufacture of Medals and Legions,103754.0,25,259,2599,Manufacture of other fabricated metal products n.e.c.,,Ajman,
Manufacture of medical instruments and supplies that are used for dental treatment,,32,325,3250,Manufacture of medical and dental instruments and supplies,,Ajman,
Manufacture of Metallic Furniture,103765.0,25,259,2599,Manufacture of other fabricated metal products n.e.c.,,Ajman,
Manufacture of optical magnifying instruments,103861.0,26,267,2670,Manufacture of optical instruments and photographic equipment,,Ajman,
Manufacture of other Metal Products,103767.0,25,259,2599,Manufacture of other fabricated metal products n.e.c.,,Ajman,
Manufacture of Packaging and wrapping matrials,103560.0,17,170,1709,Manufacture of other articles of paper and paperboard,,Ajman,
"Manufacture of photographic plates, films",103624.0,20,202,2029,Manufacture of other chemical products n.e.c.,,Ajman,
Manufacture of prepared animal feeds,103463.0,10,108,1080,Manufacture of prepared animal feeds,,Ajman,
Manufacture of printing ink,103358.0,20,202,2022,"Manufacture of paints, varnishes and similar coatings, printing ink and mastics",,Ajman,
Manufacture of rubber products,103650.0,22,221,2219,Manufacture of other rubber products,,Ajman,
Manufacture of structural metal products,103720.0,25,251,2511,Manufacture of structural metal products,,Ajman,
Manufacture of Sweets,100826.0,10,107,1073,"Manufacture of cocoa, chocolate and sugar confectionery",,Ajman,
Manufacture of Tahineya Sweets,103454.0,10,107,1079,Manufacture of other food products n.e.c.,,Ajman,
Manufacture of the Requisites of String Musical Instruments,,32,322,3220,Manufacture of musical instruments,,Ajman,
Manufacturing & Assembling Of Electrical Appliances,102591.0,27,275,2750,Manufacture of domestic appliances,,Ajman,
Manufacturing and Materials Engineering and Consultancy,102592.0,71,711,7110,Architectural and engineering activities and related technical consultancy,,Ajman,
Manufacturing Marble & Granite,102594.0,23,239,2396,"Cutting, shaping and finishing of stone",,Ajman,
Manufacturing Marble & Granite - Import & Export,102595.0,46,466,4663,"Wholesale of construction materials, hardware, plumbing and heating equipment and supplies",,Ajman,
Manufacturing of Sugar Cubes,102597.0,10,107,1072,Manufacture of sugar,,Ajman,
Manufacturing Window Cleaning Equipment & Allied Fabrication,102598.0,20,202,2023,"Manufacture of soap and detergents, cleaning and polishing preparations, perfumes and toilet preparations",,Ajman,
Maps and Drawings Copying Services,102601.0,82,821,8219,"Photocopying, document preparation and other specialized office support activities",,Ajman,
Marina Management and Operation,102605.0,93,932,9329,Other amusement and recreation activities n.e.c.,,Ajman,
Marine Consultancies,102606.0,70,702,7020,Management consultancy activities,,Ajman,
Marine Machines and Equipments Repairing and Maintenance,102608.0,33,331,3319,Repair of other equipment,,Ajman,
Marine Lines Agent,102610.0,52,522,5229,Other transportation support activities,,Ajman,
Marine Locomotives and Lighters Renting,102611.0,77,773,7730,"Renting and leasing of other machinery, equipment and tangible goods",,Ajman,
Marine Means of Transportation Inspection,102612.0,71,712,7120,Technical testing and analysis,,Ajman,
Marine Means of Transportation Inspection and Classification,102612.0,71,712,7120,Technical testing and analysis,,Ajman,
Marine Survey Engineering Consultancy,102616.0,71,711,7110,Architectural and engineering activities and related technical consultancy,,Ajman,
"Marine Transport and Withdrawal Prix boats, boats and jet skis",102618.0,52,522,5222,Service activities incidental to water transportation,,Ajman,
Marine Transportation of Petroleum and Gas Between Countries,102619.0,50,501,5012,Sea and coastal freight water transport,,Ajman,
Maritime Consultancies Services,102621.0,70,702,7020,Management consultancy activities,,Ajman,
Market research and public opinion polling,102624.0,73,732,7320,Market research and public opinion polling,,Ajman,
Market research and public opinion polling,102624.0,73,732,7320,Market research and public opinion polling,,Ajman,
Marketing for Products and Services via Telephone,102630.0,73,731,7310,Advertising,,Ajman,
Marketing Management,102631.0,73,732,7320,Market research and public opinion polling,,Ajman,
Marketing Management,102631.0,73,732,7320,Market research and public opinion polling,,Ajman,
Marketing Research Consultancies,102629.0,73,732,7320,Market research and public opinion polling,,Ajman,
Matches Manufacturing,102638.0,20,202,2029,Manufacture of other chemical products n.e.c.,,Ajman,
Mats and Rugs Manufacturing,100590.0,13,139,1393,Manufacture of carpets and rugs,,Ajman,
"Measuring, Control Systems Installation & Repairing",102644.0,33,331,3313,Repair of electronic and optical equipment,,Ajman,
Meat Products Manufacturing,102647.0,10,101,1010,Processing and preserving of meat,,Ajman,
Mechanical and Physical Tests Lab,102650.0,71,712,7120,Technical testing and analysis,,Ajman,
Mechanical Engineering Consultancy,102652.0,71,711,7110,Architectural and engineering activities and related technical consultancy,,Ajman,
Mechanical Power Engineering Consultancy,102655.0,71,711,7110,Architectural and engineering activities and related technical consultancy,,Ajman,
Mechanical Seals and Gaskets manufacturing,102656.0,32,329,3290,Other manufacturing n.e.c.,,Ajman,
Media Consultancy and Studies,102658.0,70,702,7020,Management consultancy activities,,Ajman,
Media Consultancy and Studies,102658.0,70,702,7020,Management consultancy activities,,Ajman,
Media Equipment Rental,102662.0,77,773,7730,"Renting and leasing of other machinery, equipment and tangible goods",,Ajman,
Medical and Surgical Requisites Manufacturing,102676.0,21,210,2100,"Manufacture of pharmaceuticals, medicinal chemical and botanical products",,Ajman,
Medical Analysis Lab,102677.0,86,869,8690,Other human health activities,,Ajman,
"Medical and Laboratories Equipments and Apparatuses Installation, Maintenance and Repairing",102679.0,33,331,3319,Repair of other equipment,,Ajman,
Medical Caterpillars Lab,102681.0,86,869,8690,Other human health activities,,Ajman,
Medical Complex,102682.0,86,861,8610,Hospital activities,,Ajman,
Medical Engineering Services,102683.0,71,711,7110,Architectural and engineering activities and related technical consultancy,,Ajman,
Medical Instrumentation & Supplies Trading - Import & Export,102690.0,46,465,4659,Wholesale of other machinery and equipment,,Ajman,
Medical Instrumentation & Supplies Trading - Import & Export,102690.0,46,465,4659,Wholesale of other machinery and equipment,,Ajman,
Medical Services and Laboratories Engineering Consultancy,102693.0,71,711,7110,Architectural and engineering activities and related technical consultancy,,Ajman,
Medical Storehouse,102695.0,52,521,5210,Warehousing and storage,,Ajman,
Medical Treatment Facilitation Services,102696.0,82,829,8299,Other business support service activities n.e.c.,,Ajman,
"Medical, Surgical Equipment & Instruments Trading Import & Export",102698.0,46,465,4659,Wholesale of other machinery and equipment,,Ajman,
"Medical, Surgical Equipment & Instruments Trading Import & Export",102698.0,46,465,4659,Wholesale of other machinery and equipment,,Ajman,
Medicinal Chemicals Manufacturing,102699.0,21,210,2100,"Manufacture of pharmaceuticals, medicinal chemical and botanical products",,Ajman,
Medicine Manufacturing,102701.0,21,210,2100,"Manufacture of pharmaceuticals, medicinal chemical and botanical products",,Ajman,
Men Body Fitness Club,102705.0,93,931,9312,Activities of sports clubs,,Ajman,
"Men Hairdressing, Trimming and Styling",101651.0,96,960,9602,Hairdressing and other beauty treatment,,Ajman,
"Men Hairdressing, Trimming and Styling",101651.0,96,960,9602,Hairdressing and other beauty treatment,,Ajman,
Men Oriental Bath,102706.0,96,960,9609,Other personal service activities n.e.c.,,Ajman,
Men Personal Care and Beauty,101650.0,96,960,9602,Hairdressing and other beauty treatment,,Ajman,
Men Relaxation and Message Center,102708.0,86,869,8690,Other human health activities,,Ajman,
Mens Underwear Manufacturing,102710.0,14,141,1410,"Manufacture of wearing apparel, except fur apparel",,Ajman,
Mens Garments Manufacturing,102713.0,14,141,1410,"Manufacture of wearing apparel, except fur apparel",,Ajman,
Metal and Iron Works,103776.0,25,259,2599,Manufacture of other fabricated metal products n.e.c.,,Ajman,
Metal appliances (hardware) for buildings Manufacturing,100501.0,25,251,2511,Manufacture of structural metal products,,Ajman,
Metal Barrels Manufacturing,103777.0,25,259,2599,Manufacture of other fabricated metal products n.e.c.,,Ajman,
Metal Boxes Manufacturing,103778.0,25,259,2599,Manufacture of other fabricated metal products n.e.c.,,Ajman,
Metal Buckets Manufacturing,103365.0,25,259,2599,Manufacture of other fabricated metal products n.e.c.,,Ajman,
Metal Chambers Manufacturing,,27,271,2710,"Manufacture of electric motors, generators, transformers and electricity distribution and control apparatus",,Ajman,
Metal Containers Manufacturing,103779.0,25,259,2599,Manufacture of other fabricated metal products n.e.c.,,Ajman,
Metal Curtain Manufacturing,,31,310,3100,Manufacture of furniture,,Ajman,
Metal False Ceiling Manufacturing,103780.0,25,259,2599,Manufacture of other fabricated metal products n.e.c.,,Ajman,
Metal Garbage and Waste Collection Containers Manufacturing,103781.0,25,259,2599,Manufacture of other fabricated metal products n.e.c.,,Ajman,
Metal Mesh Manufacturing,103783.0,25,259,2599,Manufacture of other fabricated metal products n.e.c.,,Ajman,
Metal Nets Manufacturing,103491.0,13,139,1394,"Manufacture of cordage, rope, twine and netting",,Ajman,
Metal Ores Trading - Import & Export,102721.0,46,466,4662,Wholesale of metals and metal ores,,Ajman,
Metal Partitions Manufacturing,,31,310,3100,Manufacture of furniture,,Ajman,
Metal Products Coating,103784.0,25,259,2599,Manufacture of other fabricated metal products n.e.c.,,Ajman,
Metal Products Coating With Precious Metals,103785.0,25,259,2599,Manufacture of other fabricated metal products n.e.c.,,Ajman,
metal Ropes Manufacturing,103789.0,25,259,2599,Manufacture of other fabricated metal products n.e.c.,,Ajman,
Metal Sections Manufacturing,103704.0,24,241,2410,Manufacture of basic iron and steel,,Ajman,
Metal Sheets and Plates Manufacturing,103705.0,24,241,2410,Manufacture of basic iron and steel,,Ajman,
Metal Ships Building,,30,301,3011,Building of ships and floating structures,,Ajman,
"Metal Spoons, Forks, and Tableware",103790.0,25,259,2599,Manufacture of other fabricated metal products n.e.c.,,Ajman,
Metal Tanks Manufacturing,103185.0,25,259,2599,Manufacture of other fabricated metal products n.e.c.,,Ajman,
Metal Utensils Manufacturing,103791.0,25,259,2599,Manufacture of other fabricated metal products n.e.c.,,Ajman,
Metal Wires Manufacturing,103792.0,25,259,2599,Manufacture of other fabricated metal products n.e.c.,,Ajman,
Metals and Precious Stones Testing and Analyzing Lab,,71,712,7120,Technical testing and analysis,,Ajman,
Metaverse Services Provider,102724.0,62,620,6202,Computer consultancy and computer facilities management activities,,Ajman,
Milk Packing,,82,829,8292,Packaging activities,,Ajman,
Mill,102383.0,10,106,1061,Manufacture of grain mill products,,Ajman,
Mineral Water Bottling,103259.0,11,110,1104,Manufacture of soft drinks; production of mineral waters and other bottled waters,,Ajman,
Mines and Mining Engineering Consultancy and Geological Engineering,,71,711,7110,Architectural and engineering activities and related technical consultancy,,Ajman,
Mini Market,102731.0,47,471,4711,"Retail sale in non-specialized stores with food, beverages or tobacco predominating",,Ajman,
Mini Market,102731.0,47,471,4711,"Retail sale in non-specialized stores with food, beverages or tobacco predominating",,Ajman,
Mobile Cars Advertisements,,73,731,7310,Advertising,,Ajman,
Mobile Phones Repairing,102736.0,95,951,9512,Repair of communication equipment,,Ajman,
Mobile Phones Trading - Import & Export,102738.0,46,465,4652,Wholesale of electronic and telecommunications equipment and parts,,Ajman,
Mobile Phones Trading - Import & Export,102738.0,46,465,4652,Wholesale of electronic and telecommunications equipment and parts,,Ajman,
Mobile Phones Trading - Import & Export,102738.0,46,465,4652,Wholesale of electronic and telecommunications equipment and parts,,Ajman,
"Money, Jewellery and Precious Items Transporting Services",,80,802,8020,Security systems service activities,,Ajman,
Motion picture projection activities,102744.0,59,591,5914,Motion picture projection activities,,Ajman,
"Motion picture, video and television Program production activities",102745.0,59,591,5911,"Motion picture, video and television programme production activities",,Ajman,
"Motion picture, video and television programme distribution activities",102747.0,59,591,5913,"Motion picture, video and television programme distribution activities",,Ajman,
"Motion picture, video and television programme distribution activities",102747.0,59,591,5913,"Motion picture, video and television programme distribution activities",,Ajman,
"Motion picture, video and television programme distribution activities",102747.0,59,591,5913,"Motion picture, video and television programme distribution activities",,Ajman,
"Motion picture, video and television programme post-production activities",102748.0,59,591,5912,"Motion picture, video and television programme post-production activities",,Ajman,
"Motion picture, video and television programme post-production activities",102748.0,59,591,5912,"Motion picture, video and television programme post-production activities",,Ajman,
Motorcycles Manufacturing,,30,309,3091,Manufacture of motorcycles,,Ajman,
Motorcycles Rental,,77,773,7730,"Renting and leasing of other machinery, equipment and tangible goods",,Ajman,
Motorcycles Rental,,77,773,7730,"Renting and leasing of other machinery, equipment and tangible goods",,Ajman,
Motorcycles Repairing,,45,454,4540,"Sale, maintenance and repair of motorcycles and related parts and accessories",,Ajman,
Motorcycles Repairing,,45,454,4540,"Sale, maintenance and repair of motorcycles and related parts and accessories",,Ajman,
Motorcycles Spare Parts and Outfit Trading - Import & Export,102749.0,45,454,4540,"Sale, maintenance and repair of motorcycles and related parts and accessories",,Ajman,
Motorcycles Spare Parts and Outfit Trading - Import & Export,102749.0,45,454,4540,"Sale, maintenance and repair of motorcycles and related parts and accessories",,Ajman,
Motorcycles Trading,102750.0,45,454,4540,"Sale, maintenance and repair of motorcycles and related parts and accessories",,Ajman,
Motorcycles Trading,102750.0,45,454,4540,"Sale, maintenance and repair of motorcycles and related parts and accessories",,Ajman,
Motorcycles Trading,102750.0,45,454,4540,"Sale, maintenance and repair of motorcycles and related parts and accessories",,Ajman,
Motors and Generators Assembling,,27,271,2710,"Manufacture of electric motors, generators, transformers and electricity distribution and control apparatus",,Ajman,
Multi-section Store,,47,471,4719,Other retail sale in non-specialized stores,,Ajman,
Music Band,,90,900,9000,"Creative, arts and entertainment activities",,Ajman,
Music Band,,90,900,9000,"Creative, arts and entertainment activities",,Ajman,
Music Consultant,102753.0,90,900,9000,"Creative, arts and entertainment activities",,Ajman,
Music Consultant,102753.0,90,900,9000,"Creative, arts and entertainment activities",,Ajman,
Natural (organic) Food Manufacturing,103457.0,10,107,1079,Manufacture of other food products n.e.c.,,Ajman,
Natural and Rehabilitation Medicine Centres,,86,869,8690,Other human health activities,,Ajman,
Natural Gas and Oil Well Drilling,103386.0,9,91,910,Support activities for petroleum and natural gas extraction,,Ajman,
Natural Gas and Oil Well Repair and Maintenance,103388.0,9,91,910,Support activities for petroleum and natural gas extraction,,Ajman,
Natural Gas Bottling,103608.0,20,201,2011,Manufacture of basic chemicals,,Ajman,
Natural Gas Technology Marketing,102754.0,73,731,7310,Advertising,,Ajman,
Neon Signs Manufacturing,,27,274,2740,Manufacture of electric lighting equipment,,Ajman,
Nets Manufacturing,103492.0,13,139,1394,"Manufacture of cordage, rope, twine and netting",,Ajman,
Network Consultancies,102756.0,62,620,6202,Computer consultancy and computer facilities management activities,,Ajman,
Network Websites Designing,102758.0,62,620,6201,Computer programming activities,,Ajman,
New & Used Furniture Removal,102760.0,49,492,4923,Freight transport by road,,Ajman,
New Automobile Trading for Export,102761.0,45,451,4510,Sale of motor vehicles,,Ajman,
New Containers and Trailers Trading - Import & Export,,46,465,4659,Wholesale of other machinery and equipment,,Ajman,
New Motor Vehicles Trading Import & Export,,45,451,4510,Sale of motor vehicles,,Ajman,
New Motor Vehicles Trading Import & Export,,45,451,4510,Sale of motor vehicles,,Ajman,
New Passengers Vehicle Trading - Import & Export,,45,451,4510,Sale of motor vehicles,,Ajman,
News agency activities,102762.0,63,639,6391,News agency activities,,Ajman,
News agency activities,102762.0,63,639,6391,News agency activities,,Ajman,
"Noise Control, Vibration & Acoustics Consultancy",102767.0,71,711,7110,Architectural and engineering activities and related technical consultancy,,Ajman,
Non Electrical Measuring and Control Systems Manufacturing,102769.0,26,265,2651,"Manufacture of measuring, testing, navigating and control equipment",,Ajman,
Non Ferrous Metal Trading - Import & Export,102770.0,46,466,4662,Wholesale of metals and metal ores,,Ajman,
Non Metal False Ceiling Manufacturing,103700.0,23,239,2399,Manufacture of other non-metallic mineral products n.e.c.,,Ajman,
Non-Commercial Information Services,102771.0,63,639,6399,Other information service activities n.e.c.,,Ajman,
Non-Ferrous Metal Casting,103711.0,24,242,2420,Manufacture of basic precious and other non-ferrous metals,,Ajman,
Non-specialized Facilities Management,,82,821,8211,Combined office administrative service activities,,Ajman,
Non-Specialized Wholesale Trading,,46,469,4690,Non-specialized wholesale trade,,Ajman,
Non-Specialized Wholesale Trading,,46,469,4690,Non-specialized wholesale trade,,Ajman,
Novelties Trading,102774.0,46,464,4649,Wholesale of other household goods,,Ajman,
Novelties Wholesale,102774.0,46,464,4649,Wholesale of other household goods,,Ajman,
Number of trade and agricultural supplies - Wholesale,,46,465,4653,"Wholesale of agricultural machinery, equipment and supplies",,Ajman,
Number of trade and agricultural supplies - Wholesale,,46,465,4653,"Wholesale of agricultural machinery, equipment and supplies",,Ajman,
Nutritionist,,70,702,7020,Management consultancy activities,,Ajman,
Nuts Roasting and Packaging,103414.0,10,103,1030,Processing and preserving of fruit and vegetables,,Ajman,
Nuts Trading,102778.0,46,463,4630,"Wholesale of food, beverages and tobacco",,Ajman,
Occupational Hygiene & Safety Requisites Trading - Import & Export,102780.0,46,465,4659,Wholesale of other machinery and equipment,,Ajman,
Occupational Safety Consultancy,,74,749,7490,"Other professional, scientific and technical activities n.e.c.",,Ajman,
Office Furniture Manufacturing,,31,310,3100,Manufacture of furniture,,Ajman,
Office Machines and Calculators Maintenance and Repairing,,95,951,9511,Repair of computers and peripheral equipment,,Ajman,
Offshore Gaming Operator,,92,920,9200,Gambling and betting activities,,Ajman,
Oil & natural Gas Fields Production’ Software Design Production’ Software Design,,62,620,6201,Computer programming activities,,Ajman,
Oil and Gas Facilities Consultancy,,71,711,7110,Architectural and engineering activities and related technical consultancy,,Ajman,
Oil and Gas fields Equipment Manufacturing,,28,281,2811,"Manufacture of engines and turbines, except aircraft, vehicle and cycle engines",,Ajman,
"Oil and gas fields, land and sea services and Utilities",103392.0,9,91,910,Support activities for petroleum and natural gas extraction,,Ajman,
Oil and Gas Production Facilities Operation and Maintenance Services,103393.0,9,91,910,Support activities for petroleum and natural gas extraction,,Ajman,
Oil and Natural Gas Pipe Lines Installation and Maintenance,,33,331,3311,Repair of fabricated metal products,,Ajman,
Oil and Natural Gas Pipelines Construction Contracting,,71,711,7110,Architectural and engineering activities and related technical consultancy,,Ajman,
Oil Exploration Engineering Services,102789.0,71,711,7110,Architectural and engineering activities and related technical consultancy,,Ajman,
Oil Refining Engineer Consultancies,102790.0,71,711,7110,Architectural and engineering activities and related technical consultancy,,Ajman,
Oilfield Chemicals Trading,102795.0,46,466,4669,Wholesale of waste and scrap and other products n.e.c.,,Ajman,
Online Gaming Services,102800.0,61,619,6190,Other telecommunications activities,,Ajman,
Operating of cable distribution of data and television signals,,61,611,6110,Wired telecommunications activities,,Ajman,
Operation of web sites that use a search engine,,63,631,6312,Web portals,,Ajman,
Ophthalmology Clinic,102801.0,86,862,8620,Medical and dental practice activities,,Ajman,
Optics Centre,,86,869,8690,Other human health activities,,Ajman,
Organic Fertilizer & Plant Feed Trading - Import & Export,,47,477,4773,Other retail sale of new goods in specialized stores,,Ajman,
Organic Fertilizers Manufacturing,103612.0,20,201,2012,Manufacture of fertilizers and nitrogen compounds,,Ajman,
Organic Waste Processing,,38,382,3821,Treatment and disposal of non-hazardous waste,,Ajman,
Organization and event management,,82,823,8230,Organization of conventions and trade shows,,Ajman,
Organization and event management,,82,823,8230,Organization of conventions and trade shows,,Ajman,
Organization of conventions and trade shows,102803.0,82,823,8230,Organization of conventions and trade shows,,Ajman,
Organization of conventions and trade shows,102803.0,82,823,8230,Organization of conventions and trade shows,,Ajman,
Organization of conventions and trade shows,102803.0,82,823,8230,Organization of conventions and trade shows,,Ajman,
Other activities auxiliary to financial service activities,102804.0,66,661,6619,Other activities auxiliary to financial service activities,,Ajman,
Other activities auxiliary to financial service activities,102804.0,66,661,6619,Other activities auxiliary to financial service activities,,Ajman,
"Other Activities Related to Manufacture of Manufacture of Radio, Television Transmitters and Telecommunication Equipment",103825.0,26,263,2630,Manufacture of communication equipment,,Ajman,
Other Activities Related to Manufacturing of Other Processing Industries N.E.C,,82,829,8299,Other business support service activities n.e.c.,,Ajman,
Other amusement and recreation activities n.e.c.,,93,932,9329,Other amusement and recreation activities n.e.c.,,Ajman,
Other human resources provision,102806.0,78,783,7830,Other human resources provision,,Ajman,
Other human resources provision,102806.0,78,783,7830,Other human resources provision,,Ajman,
Other information technology and computer service activities,102808.0,62,620,6209,Other information technology and computer service activities,,Ajman,
Other information technology and computer service activities,102808.0,62,620,6209,Other information technology and computer service activities,,Ajman,
"Other professional, scientific and technical activities n.e.c.",,74,749,7490,"Other professional, scientific and technical activities n.e.c.",,Ajman,
"Other professional, scientific and technical activities n.e.c.",,74,749,7490,"Other professional, scientific and technical activities n.e.c.",,Ajman,
Other publishing activities,102809.0,58,581,5819,Other publishing activities,,Ajman,
Other publishing activities,102809.0,58,581,5819,Other publishing activities,,Ajman,
Other reservation service and related activities,102811.0,79,799,7990,Other reservation service and related activities,,Ajman,
Other reservation service and related activities,102811.0,79,799,7990,Other reservation service and related activities,,Ajman,
Other retail sale of new goods in specialized stores,,47,477,4773,Other retail sale of new goods in specialized stores,,Ajman,
Other telecommunications activities,,61,619,6190,Other telecommunications activities,,Ajman,
Other transportation support activities,,52,522,5229,Other transportation support activities,,Ajman,
Other transportation support activities,,52,522,5229,Other transportation support activities,,Ajman,
Ozone Treatment,,86,869,8690,Other human health activities,,Ajman,
Packaging Materials Trading - Import & Export,102814.0,46,465,4659,Wholesale of other machinery and equipment,,Ajman,
Packaging Materials Trading - Import & Export,102814.0,46,465,4659,Wholesale of other machinery and equipment,,Ajman,
Packing & Packaging Materials Manufacturing,103560.0,17,170,1709,Manufacture of other articles of paper and paperboard,,Ajman,
Paint & Varnish Trading - Import & Export,102820.0,46,466,4663,"Wholesale of construction materials, hardware, plumbing and heating equipment and supplies",,Ajman,
Paint Manufacturing,103616.0,20,202,2022,"Manufacture of paints, varnishes and similar coatings, printing ink and mastics",,Ajman,
Paper and Carton Manufacturing,103568.0,17,170,1702,Manufacture of corrugated paper and paperboard and of containers of paper and paperboard,,Ajman,
Paper Bags Manufacturing,103569.0,17,170,1702,Manufacture of corrugated paper and paperboard and of containers of paper and paperboard,,Ajman,
Paper Boxes and Packages Manufacturing,103570.0,17,170,1702,Manufacture of corrugated paper and paperboard and of containers of paper and paperboard,,Ajman,
Paper Stationery Manufacturing,103571.0,17,170,1709,Manufacture of other articles of paper and paperboard,,Ajman,
Para-Pharmaceutical Products Wholesale,102828.0,46,464,4649,Wholesale of other household goods,,Ajman,
Para-Pharmaceutical Products Wholesale,102828.0,46,464,4649,Wholesale of other household goods,,Ajman,
Parties and Occasions Photographing,,74,742,7420,Photographic activities,,Ajman,
Party Security and Bodyguards,,80,801,8010,Private security activities,,Ajman,
Passengers Used Cars Trading - Import & Export,,45,451,4510,Sale of motor vehicles,,Ajman,
"Patent Registration, Fees and Models Agents",,69,691,6910,Legal activities,,Ajman,
Pearls & Precious Stones Trading Import & Export,102843.0,46,464,4649,Wholesale of other household goods,,Ajman,
Pediatric Clinic,102844.0,86,862,8620,Medical and dental practice activities,,Ajman,
Pens and Writing Instruments Manufacturing,102846.0,32,329,3290,Other manufacturing n.e.c.,,Ajman,
Perfumes & Cosmetics Trading- Import & Export,,46,464,4649,Wholesale of other household goods,,Ajman,
Perfumes & Cosmetics Trading- Import & Export,,46,464,4649,Wholesale of other household goods,,Ajman,
Perfumes & Cosmetics Trading- Import & Export,,46,464,4649,Wholesale of other household goods,,Ajman,
Perfumes Manufacturing,103336.0,20,202,2023,"Manufacture of soap and detergents, cleaning and polishing preparations, perfumes and toilet preparations",,Ajman,
Perfumes Manufacturing - Import & Export,,46,464,4649,Wholesale of other household goods,,Ajman,
Perfumes Manufacturing - Import & Export,,46,464,4649,Wholesale of other household goods,,Ajman,
Pests Management Consultancy,102850.0,70,702,7020,Management consultancy activities,,Ajman,
Petrochemical Engineering Consultancy,,71,711,7110,Architectural and engineering activities and related technical consultancy,,Ajman,
Petroleum and Chemical Engineering Consultancy,,71,711,7110,Architectural and engineering activities and related technical consultancy,,Ajman,
Petroleum and Gas Tank Pipes Building Engineering Consultancy,102854.0,71,711,7110,Architectural and engineering activities and related technical consultancy,,Ajman,
Petroleum and Natural Gas Searching and Exploration Consultancy,102855.0,71,711,7110,Architectural and engineering activities and related technical consultancy,,Ajman,
Petroleum Materials Land Transportation,,52,522,5221,Service activities incidental to land transportation,,Ajman,
Petroleum Products Trading - Import & Export,,46,466,4661,"Wholesale of solid, liquid and gaseous fuels and related products",,Ajman,
Petroleum Recycling Engineering Consultancy,,71,711,7110,Architectural and engineering activities and related technical consultancy,,Ajman,
Petroleum Recycling Units Engineering Consultancy,,71,711,7110,Architectural and engineering activities and related technical consultancy,,Ajman,
Pharmaceutical Consultancies,102856.0,70,702,7020,Management consultancy activities,,Ajman,
Pharmaceutical Consultancy and Studies and Researches,102856.0,72,721,7210,Research and experimental development on natural sciences and engineering,,Ajman,
Pharmacy,102860.0,47,477,4772,"Retail sale of pharmaceutical and medical goods, cosmetic and toilet articles in specialized stores",,Ajman,
Pharmacy,102860.0,47,477,4772,"Retail sale of pharmaceutical and medical goods, cosmetic and toilet articles in specialized stores",,Ajman,
"Photocopying, document preparation and other specialized office support activities",102862.0,82,821,8219,"Photocopying, document preparation and other specialized office support activities",,Ajman,
"Photocopying, document preparation and other specialized office support activities",102862.0,82,821,8219,"Photocopying, document preparation and other specialized office support activities",,Ajman,
Photographer,102863.0,74,742,7420,Photographic activities,,Ajman,
Photographic activities,102864.0,74,742,7420,Photographic activities,,Ajman,
Photographic activities,102864.0,74,742,7420,Photographic activities,,Ajman,
Photographic activities,102864.0,74,742,7420,Photographic activities,,Ajman,
Photography Film Equipment Renting,,77,773,7730,"Renting and leasing of other machinery, equipment and tangible goods",,Ajman,
Photography Studio,102871.0,74,742,7420,Photographic activities,,Ajman,
Photography Studio,102871.0,74,742,7420,Photographic activities,,Ajman,
Photojournalist,102873.0,74,742,7420,Photographic activities,,Ajman,
Pickles Manufacturing,103415.0,10,103,1030,Processing and preserving of fruit and vegetables,,Ajman,
Pillow and Cushions Manufacturing,103484.0,13,139,1392,"Manufacture of made-up textile articles, except apparel",,Ajman,
Pipe Networks And Specialized Connections Installations,,33,331,3311,Repair of fabricated metal products,,Ajman,
Pipelines Coating,103660.0,22,222,2220,Manufacture of plastics products,,Ajman,
Pipelines Testing Services,,71,712,7120,Technical testing and analysis,,Ajman,
Pipes & Fittings Trading Import & Export,103298.0,46,466,4663,"Wholesale of construction materials, hardware, plumbing and heating equipment and supplies",,Ajman,
Pipes & Fittings Trading Import & Export,103298.0,46,466,4663,"Wholesale of construction materials, hardware, plumbing and heating equipment and supplies",,Ajman,
Plague Resisting Consultancy,,81,812,8129,Other building and industrial cleaning activities,,Ajman,
Plastic & Nylon Raw Materials Trading - Import & Export,102874.0,47,475,4752,"Retail sale of hardware, paints and glass in specialized stores",,Ajman,
Plastic & Nylon Raw Materials Trading - Import & Export,102874.0,47,475,4752,"Retail sale of hardware, paints and glass in specialized stores",,Ajman,
Plastic Bags Manufacturing,103661.0,22,222,2220,Manufacture of plastics products,,Ajman,
Plastic Buckets and Containers Manufacturing,103663.0,22,222,2220,Manufacture of plastics products,,Ajman,
Plastic Building Ware Manufacturing,103664.0,22,222,2220,Manufacture of plastics products,,Ajman,
Plastic Chips Manufacturing,103667.0,22,222,2220,Manufacture of plastics products,,Ajman,
Plastic Covers Manufacturing,103668.0,22,222,2220,Manufacture of plastics products,,Ajman,
Plastic Cubes Manufacturing,103669.0,22,222,2220,Manufacture of plastics products,,Ajman,
Plastic Pipes Manufacturing,103672.0,22,222,2220,Manufacture of plastics products,,Ajman,
Plastic Sheets Manufacturing,103673.0,22,222,2220,Manufacture of plastics products,,Ajman,
Plastic Surgery Clinic,102877.0,86,862,8620,Medical and dental practice activities,,Ajman,
Plastic Toys Manufacturing,,32,324,3240,Manufacture of games and toys,,Ajman,
Plastic utensils Manufacturing,103674.0,22,222,2220,Manufacture of plastics products,,Ajman,
Plastic Waste Recycling,,38,383,3830,Materials recovery,,Ajman,
Plays Show Theatre,,90,900,9000,"Creative, arts and entertainment activities",,Ajman,
Plumbing & Sanitary Contracting,102882.0,43,432,4322,"Plumbing, heat and air-conditioning installation",,Ajman,
Pollution Consequences Treatment and Environment Protection,,39,390,3900,Remediation activities and other waste management services,,Ajman,
Polyurethane Ornamental Moldings,103675.0,22,222,2220,Manufacture of plastics products,,Ajman,
Port Operations Management Consultancy,,70,702,7020,Management consultancy activities,,Ajman,
Portal,102886.0,63,631,6312,Web portals,,Ajman,
Portal,102886.0,63,631,6312,Web portals,,Ajman,
Potato Chips Manufacturing,103308.0,10,103,1030,Processing and preserving of fruit and vegetables,,Ajman,
Potato Manufacturing,103416.0,10,103,1030,Processing and preserving of fruit and vegetables,,Ajman,
Poultry Products Manufacturing,103399.0,10,101,1010,Processing and preserving of meat,,Ajman,
Powder Detergents Manufacturing and Packaging,103340.0,20,202,2023,"Manufacture of soap and detergents, cleaning and polishing preparations, perfumes and toilet preparations",,Ajman,
Powdered Food Products manufacturing,101521.0,10,107,1079,Manufacture of other food products n.e.c.,,Ajman,
Power & Automatic Control Engineering Services,,71,711,7110,Architectural and engineering activities and related technical consultancy,,Ajman,
Power Control Switchgears Manufacturing,,27,271,2710,"Manufacture of electric motors, generators, transformers and electricity distribution and control apparatus",,Ajman,
Power Distribution and Transmission Cables Manufacturing,,27,273,2732,Manufacture of other electronic and electric wires and cables,,Ajman,
Power Distribution and Transmission Equipment Manufacturing,,27,271,2710,"Manufacture of electric motors, generators, transformers and electricity distribution and control apparatus",,Ajman,
"Power Enterprises Investment, Institution and Management",,66,663,6630,Fund management activities,,Ajman,
"Power Generation, Transmission & Distribution Equipment Trading -Import & Export",102891.0,46,465,4659,Wholesale of other machinery and equipment,,Ajman,
Power Preservation Consultancy,,71,711,7110,Architectural and engineering activities and related technical consultancy,,Ajman,
Power Transmission and Distribution Engineering Consultancy,,71,711,7110,Architectural and engineering activities and related technical consultancy,,Ajman,
PR Specialist,,70,702,7020,Management consultancy activities,,Ajman,
Precast Building Manufacturing,103695.0,23,239,2395,"Manufacture of articles of concrete, cement and plaster",,Ajman,
Precious Jewellery Manufacturing,,32,321,3211,Manufacture of jewellery and related articles,,Ajman,
Precious Stones Cutting and Polishing,,32,321,3211,Manufacture of jewellery and related articles,,Ajman,
Preparation and implementation of trade publications,,58,581,5813,"Publishing of newspapers, journals and periodicals",,Ajman,
Presenter (TV/Radio),,60,602,6020,Television programming and broadcasting activities,,Ajman,
Press Material Preparation and Distribution,,63,639,6399,Other information service activities n.e.c.,,Ajman,
Pressure Vessels Manufacturing,103796.0,25,259,2599,Manufacture of other fabricated metal products n.e.c.,,Ajman,
Print Media Specialist,,73,732,7320,Market research and public opinion polling,,Ajman,
Printed circuit boards,103811.0,26,261,2610,Manufacture of electronic components and boards,,Ajman,
Printed circuit boards,103811.0,26,261,2610,Manufacture of electronic components and boards,,Ajman,
Printing,103578.0,18,181,1811,Printing,,Ajman,
Printing,103578.0,18,181,1811,Printing,,Ajman,
Printing Equipment & Instruments Trading - Import & Export,102896.0,46,465,4659,Wholesale of other machinery and equipment,,Ajman,
Printing Equipment & Instruments Trading - Import & Export,102896.0,46,465,4659,Wholesale of other machinery and equipment,,Ajman,
Printing Plates Manufacturing,103798.0,25,259,2599,Manufacture of other fabricated metal products n.e.c.,,Ajman,
Printing Plates Manufacturing,103798.0,25,259,2599,Manufacture of other fabricated metal products n.e.c.,,Ajman,
Procurement Consulting,,70,702,7020,Management consultancy activities,,Ajman,
Producer,,59,591,5911,"Motion picture, video and television programme production activities",,Ajman,
Production of dry food from cereals,103432.0,10,106,1061,Manufacture of grain mill products,,Ajman,
Production of raw wool,103384.0,1,14,144,Raising of sheep and goats,,Ajman,
Professional Safety and Health Consultancy,,70,702,7020,Management consultancy activities,,Ajman,
Project Management Services,102903.0,82,821,8211,Combined office administrative service activities,,Ajman,
Project Management Services,102903.0,82,821,8211,Combined office administrative service activities,,Ajman,
Promotional Gifts Preparing.,102905.0,73,731,7310,Advertising,,Ajman,
Promotional Gifts Preparing.,102905.0,73,731,7310,Advertising,,Ajman,
Prosthetics & Orthotics Center,,86,869,8690,Other human health activities,,Ajman,
Protection Systems Consulting,,74,749,7490,"Other professional, scientific and technical activities n.e.c.",,Ajman,
Protective Garments and Vest Manufacturing,103514.0,14,141,1410,"Manufacture of wearing apparel, except fur apparel",,Ajman,
Protective Garments & Vests Trading - Import& Export,102906.0,46,464,4641,"Wholesale of textiles, clothing and footwear",,Ajman,
Protective Safety Equipment Manufacturing,,32,329,3290,Other manufacturing n.e.c.,,Ajman,
Public Relations Management,102912.0,70,702,7020,Management consultancy activities,,Ajman,
Public Relations Management,102912.0,70,702,7020,Management consultancy activities,,Ajman,
Publications and media Materials E-Trading,102913.0,47,479,4791,Retail sale via mail order houses or via Internet,,Ajman,
Publications and media Materials E-Trading,102913.0,47,479,4791,Retail sale via mail order houses or via Internet,,Ajman,
Publications and Stationery Selling Kiosk,102914.0,47,476,4761,"Retail sale of books, newspapers and stationary in specialized stores",,Ajman,
Publications and Stationery Selling Kiosk,102914.0,47,476,4761,"Retail sale of books, newspapers and stationary in specialized stores",,Ajman,
Publishing of computer games,,58,582,5820,Software publishing,,Ajman,
Publishing of computer games,,58,582,5820,Software publishing,,Ajman,
"Publishing of newspapers, journals and periodicals",102927.0,58,581,5813,"Publishing of newspapers, journals and periodicals",,Ajman,
"Publishing of newspapers, journals and periodicals",102927.0,58,581,5813,"Publishing of newspapers, journals and periodicals",,Ajman,
"Publishing of newspapers, journals and periodicals",102927.0,58,581,5813,"Publishing of newspapers, journals and periodicals",,Ajman,
Pumps Manufacturing,,28,281,2813,"Manufacture of other pumps, compressors, taps and valves",,Ajman,
"Pumps, Engines, Valves & Spare Parts Trading - Import & Export",102928.0,46,465,4659,Wholesale of other machinery and equipment,,Ajman,
"Quality, Standardization and Measuring Consultancy",102936.0,70,702,7020,Management consultancy activities,,Ajman,
"Quality, Standardization and Measuring Consultancy",102936.0,70,702,7020,Management consultancy activities,,Ajman,
Quantities Calculations and Inventory Engineering Consultancy for Engineering Projects,,71,711,7110,Architectural and engineering activities and related technical consultancy,,Ajman,
Radar Equipment Manufacturing,103826.0,26,263,2630,Manufacture of communication equipment,,Ajman,
Radiator Manufacturing,,29,293,2930,Manufacture of parts and accessories for motor vehicles,,Ajman,
Radio broadcasting,102940.0,60,601,6010,Radio broadcasting,,Ajman,
Raw Materials Land Transportation,102948.0,52,522,5221,Service activities incidental to land transportation,,Ajman,
Re-packaging and Wrapping Services,,82,829,8292,Packaging activities,,Ajman,
Ready-made Food Catering Contracts (Meal Preparation),,56,562,5621,Event catering,,Ajman,
Ready-made Food Catering Contracts (Meal Preparation),,56,562,5621,Event catering,,Ajman,
Ready-made Garments Trading Import & Export,102951.0,47,477,4771,"Retail sale of clothing, footwear and leather articles in specialized stores",,Ajman,
Ready-made Garments Trading Import & Export,102951.0,47,477,4771,"Retail sale of clothing, footwear and leather articles in specialized stores",,Ajman,
Recreational Horses and Camels Leasing,,93,932,9321,Activities of amusement parks and theme parks,,Ajman,
"Recycle, Separation, Transport, Trade and Import & Export of Electronic waste scrap.",,46,466,4669,Wholesale of waste and scrap and other products n.e.c.,,Ajman,
Recycling of Waste Electrical & Electronic Equipment,,38,383,3830,Materials recovery,,Ajman,
Recycling waste metal materials,,38,383,3830,Materials recovery,,Ajman,
Refined Oil Products- Wholesale,102978.0,46,466,4661,"Wholesale of solid, liquid and gaseous fuels and related products",,Ajman,
Reflective and Insulant Glass Production,103680.0,23,231,2310,Manufacture of glass and glass products,,Ajman,
Refreshments Selling Kiosk,,56,562,5629,Other food service activities,,Ajman,
Refrigerated Trailers Manufacturing,,29,292,2920,Manufacture of bodies (coachwork) for motor vehicles; manufacture of trailers and semi-trailers,,Ajman,
Refrigerated Trailers Repair & Maintenance,,45,452,4520,Maintenance and repair of motor vehicles,,Ajman,
Refrigerated Transportation,,52,522,5229,Other transportation support activities,,Ajman,
Refrigerator Trucks Rental,,77,771,7710,Renting and leasing of motor vehicles,,Ajman,
"Refrigerators, Freezers & Water Coolers Trading Import & Export",102980.0,46,465,4659,Wholesale of other machinery and equipment,,Ajman,
Regime and Weight Control Services,102981.0,86,869,8690,Other human health activities,,Ajman,
Regional Liaison Office,102982.0,70,701,7010,Activities of head offices,,Ajman,
Reinforcement Steel Bars Fabrication,102984.0,25,251,2511,Manufacture of structural metal products,,Ajman,
Remote Control Systems Manufacturing,,27,279,2790,Manufacture of other electrical equipment,,Ajman,
Removing Corrosion off Metals,103736.0,25,259,2592,Treatment and coating of metals; machining,,Ajman,
Rental of alternative energy equipment and supplies,,77,773,7730,"Renting and leasing of other machinery, equipment and tangible goods",,Ajman,
Renting Films on Magnetic Tapes,,77,772,7722,Renting of video tapes and disks,,Ajman,
Renting Of Measuring and controlling equipment,,77,773,7730,"Renting and leasing of other machinery, equipment and tangible goods",,Ajman,
Renting of video tapes and disks,,77,772,7722,Renting of video tapes and disks,,Ajman,
Renting robots and smart devices,,77,773,7730,"Renting and leasing of other machinery, equipment and tangible goods",,Ajman,
Repackaging & Refilling Services,,82,829,8292,Packaging activities,,Ajman,
"Repair and maintenance of Air-conditioners, Cooling Equipments And Central Air Refining",,33,331,3312,Repair of machinery,,Ajman,
Repair and maintenance of Balances and Scales,,33,331,3312,Repair of machinery,,Ajman,
Repair and maintenance of electromedical equipment,,33,331,3313,Repair of electronic and optical equipment,,Ajman,
Repair and maintenance of generators,,33,331,3314,Repair of electrical equipment,,Ajman,
Repair leather products,,95,952,9523,Repair of footwear and leather goods,,Ajman,
"Repair of metal tanks, reservoirs and containers",,33,331,3311,Repair of fabricated metal products,,Ajman,
"Repair of refrigerators, washing machines and water heaters",,95,952,9522,Repair of household appliances and home and garden equipment,,Ajman,
Representative Office,,70,701,7010,Activities of head offices,,Ajman,
Reproduction of recorded media,103603.0,18,182,1820,Reproduction of recorded media,,Ajman,
Research and development in the field of equipment and devices security and surveillance,,72,721,7210,Research and experimental development on natural sciences and engineering,,Ajman,
Research and development in the field of robots,,72,721,7210,Research and experimental development on natural sciences and engineering,,Ajman,
Restaurant,,56,561,5610,Restaurants and mobile food service activities,,Ajman,
Restaurant,,56,561,5610,Restaurants and mobile food service activities,,Ajman,
Restaurant,,56,561,5610,Restaurants and mobile food service activities,,Ajman,
Restaurants and mobile food service activities,,56,561,5610,Restaurants and mobile food service activities,,Ajman,
Restaurants and mobile food service activities,,56,561,5610,Restaurants and mobile food service activities,,Ajman,
Restaurants Management,,82,821,8211,Combined office administrative service activities,,Ajman,
Retai sale of E-cards and Slices and Outfits,,47,477,4773,Other retail sale of new goods in specialized stores,,Ajman,
Retai sale of General Stores Equipments and Installations,,47,475,4759,"Retail sale of electrical household appliances, furniture, lighting equipment and other household articles in specialized stores",,Ajman,
Retai sale of Land Phones And Wired Communication Devices,,47,474,4741,"Retail sale of computers, peripheral units, software and telecommunications equipment in specialized stores",,Ajman,
Retai sale of Lighting Equipment and Outfits - Import & Export,,47,475,4759,"Retail sale of electrical household appliances, furniture, lighting equipment and other household articles in specialized stores",,Ajman,
"Retai sale of Metal ProductsTrading For Buildings,Windows and Doors",,47,475,4752,"Retail sale of hardware, paints and glass in specialized stores",,Ajman,
Retai sale of People of Determination Equipment,,47,475,4759,"Retail sale of electrical household appliances, furniture, lighting equipment and other household articles in specialized stores",,Ajman,
Retai sale of Prefabricated Houses and Parts,,47,475,4752,"Retail sale of hardware, paints and glass in specialized stores",,Ajman,
Retai sale of Soup and Hair Care Composition,,47,477,4772,"Retail sale of pharmaceutical and medical goods, cosmetic and toilet articles in specialized stores",,Ajman,
Retai sale of Stationery,,47,476,4761,"Retail sale of books, newspapers and stationary in specialized stores",,Ajman,
Retai sale of Teeth Cleansers Trade,,47,477,4773,Other retail sale of new goods in specialized stores,,Ajman,
Retai sale of Unit Air-conditioner,,47,475,4759,"Retail sale of electrical household appliances, furniture, lighting equipment and other household articles in specialized stores",,Ajman,
Retai sale of Wireless Communication Devices,,47,474,4741,"Retail sale of computers, peripheral units, software and telecommunications equipment in specialized stores",,Ajman,
Retail Sale all kinds of ready-made curtains,,47,475,4753,"Retail sale of carpets, rugs, wall and floor coverings in specialized stores",,Ajman,
Retail sale of Agricultural Equipments,,47,477,4773,Other retail sale of new goods in specialized stores,,Ajman,
Retail sale of Alarm and Surveillance Apparatuses and Equipments,,47,475,4759,"Retail sale of electrical household appliances, furniture, lighting equipment and other household articles in specialized stores",,Ajman,
Retail sale of audio and video equipment in specialized stores,,47,474,4742,Retail sale of audio and video equipment in specialized stores,,Ajman,
Retail Sale of Balances and Scales,,47,477,4773,Other retail sale of new goods in specialized stores,,Ajman,
"Retail sale of books, newspapers and stationary in specialized stores",,47,476,4761,"Retail sale of books, newspapers and stationary in specialized stores",,Ajman,
Retail sale of Building Used Equipment and Machinery,,47,477,4774,Retail sale of second-hand goods,,Ajman,
Retail sale of Central Air Refining Equipment,,47,475,4759,"Retail sale of electrical household appliances, furniture, lighting equipment and other household articles in specialized stores",,Ajman,
Retail sale of Chandeliers and Lighting Items,,47,475,4759,"Retail sale of electrical household appliances, furniture, lighting equipment and other household articles in specialized stores",,Ajman,
Retail sale of Chandeliers and Lighting Items,,47,475,4759,"Retail sale of electrical household appliances, furniture, lighting equipment and other household articles in specialized stores",,Ajman,
Retail sale of Coal and Firewood,,47,477,4773,Other retail sale of new goods in specialized stores,,Ajman,
Retail sale of coffee machines and accessories,,47,475,4759,"Retail sale of electrical household appliances, furniture, lighting equipment and other household articles in specialized stores",,Ajman,
Retail sale of Commodities Via Vending Equipment.,,47,479,4799,"Other retail sale not in stores, stalls or markets",,Ajman,
"Retail sale of computers, peripheral units, software and telecommunications",,47,474,4741,"Retail sale of computers, peripheral units, software and telecommunications equipment in specialized stores",,Ajman,
Retail Sale Of Cosmetics,,47,477,4772,"Retail sale of pharmaceutical and medical goods, cosmetic and toilet articles in specialized stores",,Ajman,
Retail sale of Cosmetics equipment and tools,,47,477,4772,"Retail sale of pharmaceutical and medical goods, cosmetic and toilet articles in specialized stores",,Ajman,
Retail sale of Crystal Products,,47,477,4773,Other retail sale of new goods in specialized stores,,Ajman,
Retail Sale of Curtains and Upholstery Cloth,,47,475,4753,"Retail sale of carpets, rugs, wall and floor coverings in specialized stores",,Ajman,
Retail Sale of Curtains and Upholstery Cloth,,47,475,4753,"Retail sale of carpets, rugs, wall and floor coverings in specialized stores",,Ajman,
Retail sale of Cutters (sheet metal) Fire,,47,477,4773,Other retail sale of new goods in specialized stores,,Ajman,
Retail Sale of Décor and Partitions Material - Import & Export,,47,475,4752,"Retail sale of hardware, paints and glass in specialized stores",,Ajman,
Retail Sale of Décor and Partitions Material - Import & Export,,47,475,4752,"Retail sale of hardware, paints and glass in specialized stores",,Ajman,
Retail Sale of Décor and Partitions Material - Import & Export,,47,475,4752,"Retail sale of hardware, paints and glass in specialized stores",,Ajman,
Retail sale of Detergents,,47,477,4772,"Retail sale of pharmaceutical and medical goods, cosmetic and toilet articles in specialized stores",,Ajman,
Retail sale of Education Media and Models,,47,479,4791,Retail sale via mail order houses or via Internet,,Ajman,
Retail sale of Electronic Devices Trading For Specializations,,47,475,4759,"Retail sale of electrical household appliances, furniture, lighting equipment and other household articles in specialized stores",,Ajman,
Retail sale of Face Masks & Gloves,,47,477,4771,"Retail sale of clothing, footwear and leather articles in specialized stores",,Ajman,
Retail Sale of Fresh Fruits and Vegetables,,47,472,4721,Retail sale of food in specialized stores,,Ajman,
Retail sale of General Stores Equipments and Installations,,47,477,4774,Retail sale of second-hand goods,,Ajman,
Retail sale of Goods Using Catalogues,,47,479,4791,Retail sale via mail order houses or via Internet,,Ajman,
Retail sale of Grease and Lubricants,,47,473,4730,Retail sale of automotive fuel in specialized stores,,Ajman,
Retail sale of Grease and Lubricants,,47,473,4730,Retail sale of automotive fuel in specialized stores,,Ajman,
Retail sale of House Furniture and Cabinet Work-Import & Export,,47,475,4759,"Retail sale of electrical household appliances, furniture, lighting equipment and other household articles in specialized stores",,Ajman,
Retail sale of House Furniture and Cabinet Work-Import & Export,,47,475,4759,"Retail sale of electrical household appliances, furniture, lighting equipment and other household articles in specialized stores",,Ajman,
Retail sale of Hydropanels,,47,475,4759,"Retail sale of electrical household appliances, furniture, lighting equipment and other household articles in specialized stores",,Ajman,
Retail Sale Of insulation material,,47,477,4773,Other retail sale of new goods in specialized stores,,Ajman,
Retail sale of Jewellery and Gold Formations,,47,477,4773,Other retail sale of new goods in specialized stores,,Ajman,
Retail sale of Leather Products and Handbag,,47,477,4772,"Retail sale of pharmaceutical and medical goods, cosmetic and toilet articles in specialized stores",,Ajman,
Retail sale of Lighting Equipment and Outfits - Import & Export,,47,475,4759,"Retail sale of electrical household appliances, furniture, lighting equipment and other household articles in specialized stores",,Ajman,
Retail sale of Measurement and Control Equipments and Devices,,47,475,4759,"Retail sale of electrical household appliances, furniture, lighting equipment and other household articles in specialized stores",,Ajman,
Retail sale of Medical Equipment and Apparatuses,,47,477,4772,"Retail sale of pharmaceutical and medical goods, cosmetic and toilet articles in specialized stores",,Ajman,
Retail sale of music and video recordings in specialized stores,,47,476,4762,Retail sale of music and video recordings in specialized stores,,Ajman,
Retail sale of Old Stamps and Coins and the Like,,47,477,4773,Other retail sale of new goods in specialized stores,,Ajman,
Retail sale of Personal Used Clothes and Outfit,,47,477,4774,Retail sale of second-hand goods,,Ajman,
"Retail sale of pharmaceutical and medical goods, cosmetic and toilet articles in specialized stores",,47,477,4772,"Retail sale of pharmaceutical and medical goods, cosmetic and toilet articles in specialized stores",,Ajman,
Retail sale of Plastic Products,,47,475,4752,"Retail sale of hardware, paints and glass in specialized stores",,Ajman,
Retail sale of Professional Clothes,,47,477,4771,"Retail sale of clothing, footwear and leather articles in specialized stores",,Ajman,
Retail sale of Public Call Equipment,,47,474,4741,"Retail sale of computers, peripheral units, software and telecommunications equipment in specialized stores",,Ajman,
Retail Sale of Ready-made Garments,,47,477,4771,"Retail sale of clothing, footwear and leather articles in specialized stores",,Ajman,
Retail sale of Scaffold,,47,477,4773,Other retail sale of new goods in specialized stores,,Ajman,
Retail sale of Sea Cleaning Equipments,,47,477,4773,Other retail sale of new goods in specialized stores,,Ajman,
Retail sale of second-hand goods,,47,477,4774,Retail sale of second-hand goods,,Ajman,
Retail sale of Selling video games devices,,47,474,4741,"Retail sale of computers, peripheral units, software and telecommunications equipment in specialized stores",,Ajman,
Retail sale of Snacks,,47,472,4721,Retail sale of food in specialized stores,,Ajman,
Retail sale of Snacks,,47,472,4721,Retail sale of food in specialized stores,,Ajman,
Retail sale of Snacks,,47,472,4721,Retail sale of food in specialized stores,,Ajman,
Retail sale of Soft Beverages,,47,472,4722,Retail sale of beverages in specialized stores,,Ajman,
Retail sale of Soft Beverages,,47,472,4722,Retail sale of beverages in specialized stores,,Ajman,
Retail sale of Soft Beverages,,47,472,4722,Retail sale of beverages in specialized stores,,Ajman,
Retail sale of Specialized Photography Equipment Tools and Outfits,,47,477,4773,Other retail sale of new goods in specialized stores,,Ajman,
Retail Sale of stamps and accessories - retail,,47,477,4773,Other retail sale of new goods in specialized stores,,Ajman,
Retail sale of Sunglasses,,47,477,4772,"Retail sale of pharmaceutical and medical goods, cosmetic and toilet articles in specialized stores",,Ajman,
Retail Sale of Tea,,47,472,4721,Retail sale of food in specialized stores,,Ajman,
Retail sale of Textiles and Clothes Trading,,47,475,4751,Retail sale of textiles in specialized stores,,Ajman,
Retail sale of Used Electrical and Electronic Apparatuses and Tools,,47,477,4774,Retail sale of second-hand goods,,Ajman,
Retail Sale of Used Furniture,,47,477,4774,Retail sale of second-hand goods,,Ajman,
Retail Sale of Wallpaper,,47,475,4753,"Retail sale of carpets, rugs, wall and floor coverings in specialized stores",,Ajman,
Retail Sale of Wallpaper,,47,475,4753,"Retail sale of carpets, rugs, wall and floor coverings in specialized stores",,Ajman,
Retail sale of Watches & Clocks & Spare Parts,,47,477,4773,Other retail sale of new goods in specialized stores,,Ajman,
Retail sale of Watches & Clocks & Spare Parts,,47,477,4773,Other retail sale of new goods in specialized stores,,Ajman,
Retail sale of Water Filters,,47,477,4773,Other retail sale of new goods in specialized stores,,Ajman,
Retail sale of Water Heaters,,47,475,4752,"Retail sale of hardware, paints and glass in specialized stores",,Ajman,
Retail sale via mail order houses or via Internet,,47,479,4791,Retail sale via mail order houses or via Internet,,Ajman,
Retail sale via mail order houses or via Internet,,47,479,4791,Retail sale via mail order houses or via Internet,,Ajman,
Retail sale via stalls and markets of other goods,,47,478,4789,Retail sale via stalls and markets of other goods,,Ajman,
Retail sale via stalls and markets of other goods,,47,478,4789,Retail sale via stalls and markets of other goods,,Ajman,
Retail sale via stalls Of Traditional Products and Commodities,,47,478,4789,Retail sale via stalls and markets of other goods,,Ajman,
Retail sale via stalls Of Traditional Products and Commodities,,47,478,4789,Retail sale via stalls and markets of other goods,,Ajman,
Retail sales of mechanical equipment,,47,475,4759,"Retail sale of electrical household appliances, furniture, lighting equipment and other household articles in specialized stores",,Ajman,
Retail sales of microelectronic devices,,47,474,4741,"Retail sale of computers, peripheral units, software and telecommunications equipment in specialized stores",,Ajman,
Retaillsale of Watches & Clocks & Spare Parts,,47,477,4773,Other retail sale of new goods in specialized stores,,Ajman,
Rice Husking and Polishing,103433.0,10,106,1061,Manufacture of grain mill products,,Ajman,
Road Engineering Consultancy,,71,711,7110,Architectural and engineering activities and related technical consultancy,,Ajman,
Roasting Shop,103460.0,10,107,1079,Manufacture of other food products n.e.c.,,Ajman,
Robotics & Smart Machines Trading,,47,474,4741,"Retail sale of computers, peripheral units, software and telecommunications equipment in specialized stores",,Ajman,
Robots and Simulation Devices Manufacturing,,28,282,2829,Manufacture of other special-purpose machinery,,Ajman,
Ropes Manufacturing,103493.0,13,139,1394,"Manufacture of cordage, rope, twine and netting",,Ajman,
Rose Water Bottling,101567.0,11,110,1104,Manufacture of soft drinks; production of mineral waters and other bottled waters,,Ajman,
Rubber Tyres Manufacturing,103646.0,22,221,2211,Manufacture of rubber tyres and tubes; retreading and rebuilding of rubber tyres,,Ajman,
Running Marine Tourist Voyages,,50,502,5021,Inland passenger water transport,,Ajman,
Safari Trips & Private Hunting Organizer,,79,791,7912,Tour operator activities,,Ajman,
Safety Glass Manufacturing,103681.0,23,231,2310,Manufacture of glass and glass products,,Ajman,
Sale of goods by vending equipment (except for food and drinks) - Stores,,47,471,4711,"Retail sale in non-specialized stores with food, beverages or tobacco predominating",,Ajman,
Sale of wireless equipment and tools - retail,,47,474,4741,"Retail sale of computers, peripheral units, software and telecommunications equipment in specialized stores",,Ajman,
Sales and Import books and stationery Import & Export,,46,464,4649,Wholesale of other household goods,,Ajman,
Salt Packaging,103419.0,10,103,1030,Processing and preserving of fruit and vegetables,,Ajman,
Salt Refining,103458.0,10,107,1079,Manufacture of other food products n.e.c.,,Ajman,
Sandals Manufacturing,103522.0,15,152,1520,Manufacture of footwear,,Ajman,
Sandwiches and Pastries Preparing,,56,562,5621,Event catering,,Ajman,
Sanitary Installation & Pipes Repairing,,43,432,4322,"Plumbing, heat and air-conditioning installation",,Ajman,
Sanitary Napkins Manufacturing,103572.0,17,170,1709,Manufacture of other articles of paper and paperboard,,Ajman,
Satellite Spatial Communications,,61,613,6130,Satellite telecommunications activities,,Ajman,
Satellite telecommunications activities,,61,613,6130,Satellite telecommunications activities,,Ajman,
"Sauces, Spreads & Condiments Preparation",103453.0,10,107,1079,Manufacture of other food products n.e.c.,,Ajman,
Sawing Discs and Cutting Blades Manufacturing,103752.0,25,259,2593,"Manufacture of cutlery, hand tools and general hardware",,Ajman,
Scaffold Installation Works,,43,432,4329,Other construction installation,,Ajman,
Scaffold Trading -Import & Export,,46,466,4663,"Wholesale of construction materials, hardware, plumbing and heating equipment and supplies",,Ajman,
Scaffolds & Ladders Manufacturing,103723.0,25,251,2511,Manufacture of structural metal products,,Ajman,
Schools and Hospitals Furniture Manufacturing,,31,310,3100,Manufacture of furniture,,Ajman,
Science & Technology Consultancy,,72,721,7210,Research and experimental development on natural sciences and engineering,,Ajman,
Screwing Tools Manufacturing,103753.0,25,259,2593,"Manufacture of cutlery, hand tools and general hardware",,Ajman,
Scriptwriter,,90,900,9000,"Creative, arts and entertainment activities",,Ajman,
Sea Cargo Services,,52,522,5224,Cargo handling,,Ajman,
Sea Platforms and Rigs Manufacturing,103724.0,25,251,2511,Manufacture of structural metal products,,Ajman,
Seas and Coasts Cleaning Works,,39,390,3900,Remediation activities and other waste management services,,Ajman,
Security And Surveillance Equipments And Apparatuses Installation,,43,432,4321,Electrical installation,,Ajman,
security consultancies,,74,749,7490,"Other professional, scientific and technical activities n.e.c.",,Ajman,
Security Dogs Training,,80,801,8010,Private security activities,,Ajman,
Security Systems Consultancy,,62,620,6209,Other information technology and computer service activities,,Ajman,
Security Systems Testing and Checking Services,,71,712,7120,Technical testing and analysis,,Ajman,
Security Training Services,,85,854,8549,Other education n.e.c.,,Ajman,
Service activities related to printing,103598.0,18,181,1812,Service activities related to printing,,Ajman,
Services Exploration (exploration) for oil and natural gas,103397.0,9,91,910,Support activities for petroleum and natural gas extraction,,Ajman,
Services for the collection of fees and payments,,82,829,8291,Activities of collection agencies and credit bureaus,,Ajman,
"Services, fishing, and hunting camps",,55,552,5520,"Camping grounds, recreational vehicle parks and trailer parks",,Ajman,
"Services, quality certification, evaluation and calibration, Altqays",,71,712,7120,Technical testing and analysis,,Ajman,
"Services, quality certification, evaluation and calibration, Altqays",,71,712,7120,Technical testing and analysis,,Ajman,
Set and Exhibit Designer,,82,823,8230,Organization of conventions and trade shows,,Ajman,
Sewerage and Collecting and Disposing of Wasted Water Engineering Consultancy,,71,711,7110,Architectural and engineering activities and related technical consultancy,,Ajman,
Sewing Machines Repairing,,33,331,3312,Repair of machinery,,Ajman,
Sewing Threads Equipment Manufacturing,,28,282,2826,"Manufacture of machinery for textile, apparel and leather production",,Ajman,
Sewing Yarns Manufacturing,103494.0,13,139,1394,"Manufacture of cordage, rope, twine and netting",,Ajman,
Ship Chandlers,,56,562,5629,Other food service activities,,Ajman,
Ship Charter,,77,773,7730,"Renting and leasing of other machinery, equipment and tangible goods",,Ajman,
Ship Management & Operation,,52,522,5222,Service activities incidental to water transportation,,Ajman,
Ship Renting Intermediate,,52,522,5222,Service activities incidental to water transportation,,Ajman,
Shipment Containers Loading and Offloading Services,,52,522,5224,Cargo handling,,Ajman,
Shipment Containers Maintenance and Repairing,,33,331,3312,Repair of machinery,,Ajman,
Shipping Lines Agents,,52,522,5229,Other transportation support activities,,Ajman,
Ships Management and Operation,,52,522,5222,Service activities incidental to water transportation,,Ajman,
Ships Metal Parts manufacturing,,30,301,3011,Building of ships and floating structures,,Ajman,
Shisha café,,56,563,5630,Beverage serving activities,,Ajman,
Shisha café,,56,563,5630,Beverage serving activities,,Ajman,
Shisha Lounge,,56,563,5630,Beverage serving activities,,Ajman,
Shoe Trading Import & Export,103295.0,46,464,4641,"Wholesale of textiles, clothing and footwear",,Ajman,
Shoe Trading Import & Export,103295.0,46,464,4641,"Wholesale of textiles, clothing and footwear",,Ajman,
Shoes and Other Leather Manufactured Products Repairing,,95,952,9523,Repair of footwear and leather goods,,Ajman,
Shop Fixtures Manufacturing,,31,310,3100,Manufacture of furniture,,Ajman,
Shopping carts Rental & Retrieval services - Import & Export,,46,465,4659,Wholesale of other machinery and equipment,,Ajman,
Silk Screening,103478.0,13,131,1313,Finishing of textiles,,Ajman,
Silos Manufacturing,103799.0,25,259,2599,Manufacture of other fabricated metal products n.e.c.,,Ajman,
Silver Extraction from Chemical Wastes,,38,383,3830,Materials recovery,,Ajman,
Silverware and Jewellery Manufacturing,,32,321,3211,Manufacture of jewellery and related articles,,Ajman,
SIM Trading,,47,474,4741,"Retail sale of computers, peripheral units, software and telecommunications equipment in specialized stores",,Ajman,
Simulation Equipment & Systems Trading & Maintenance,,47,477,4773,Other retail sale of new goods in specialized stores,,Ajman,
Sites Landscaping and Coordinating Engineering Consultancy,,71,711,7110,Architectural and engineering activities and related technical consultancy,,Ajman,
Smelters & Furnaces Refractory Materials Trading  Import & Export ,,46,469,4690,Non-specialized wholesale trade,,Ajman,
Smithery and Welding Workshop,103800.0,25,259,2599,Manufacture of other fabricated metal products n.e.c.,,Ajman,
Smoking Equipment Trading- Import & Export,,46,465,4659,Wholesale of other machinery and equipment,,Ajman,
Snack Products Manufacturing,103461.0,10,107,1079,Manufacture of other food products n.e.c.,,Ajman,
Soap & Hair Care Products Trading,103262.0,46,464,4649,Wholesale of other household goods,,Ajman,
Soap Manufacturing,103337.0,20,202,2023,"Manufacture of soap and detergents, cleaning and polishing preparations, perfumes and toilet preparations",,Ajman,
Social Counseling,,88,889,8890,Other social work activities without accommodation,,Ajman,
Social Counseling,,88,889,8890,Other social work activities without accommodation,,Ajman,
Social Media Applications Development & Management,103261.0,62,620,6201,Computer programming activities,,Ajman,
Social Media Influencer,,73,731,7310,Advertising,,Ajman,
Social Media Specialist,,73,731,7310,Advertising,,Ajman,
Socks Manufacturing,103515.0,14,141,1410,"Manufacture of wearing apparel, except fur apparel",,Ajman,
Soft Drinks Manufacturing,101567.0,11,110,1104,Manufacture of soft drinks; production of mineral waters and other bottled waters,,Ajman,
Software installation,103252.0,62,620,6209,Other information technology and computer service activities,,Ajman,
Software publishing,103253.0,58,582,5820,Software publishing,,Ajman,
Software publishing,103253.0,58,582,5820,Software publishing,,Ajman,
Sound recording and music publishing activities,,59,592,5920,Sound recording and music publishing activities,,Ajman,
Sound recording and music publishing activities,,59,592,5920,Sound recording and music publishing activities,,Ajman,
Soup Manufacturing,103451.0,10,107,1079,Manufacture of other food products n.e.c.,,Ajman,
Sourcing & Procurement Consultant,103244.0,70,702,7020,Management consultancy activities,,Ajman,
Spa & Fitness Clubs Consultant,103245.0,70,702,7020,Management consultancy activities,,Ajman,
Special Cars Rentel with a Driver,103249.0,77,771,7710,Renting and leasing of motor vehicles,,Ajman,
Special Effects Producer,103243.0,59,591,5911,"Motion picture, video and television programme production activities",,Ajman,
Special Effects Production,103243.0,59,591,5911,"Motion picture, video and television programme production activities",,Ajman,
Special Fabrics & Fibers For Construction Trading,103242.0,46,466,4663,"Wholesale of construction materials, hardware, plumbing and heating equipment and supplies",,Ajman,
Specialized design activities,,74,741,7410,Specialized design activities,,Ajman,
Specialized design activities,,74,741,7410,Specialized design activities,,Ajman,
Specialized Electric Cars Trading,,45,451,4510,Sale of motor vehicles,,Ajman,
Specialized Industrial Machinery & Equipment Manufacturing,,28,282,2829,Manufacture of other special-purpose machinery,,Ajman,
Specialized Precision Equipment Manufacturing,103240.0,28,282,2829,Manufacture of other special-purpose machinery,,Ajman,
Specialized Vehicles Trading- Import & Export,103227.0,45,451,4510,Sale of motor vehicles,,Ajman,
Specialized Vehicles Trading- Import & Export,103227.0,45,451,4510,Sale of motor vehicles,,Ajman,
Spectacles & Contact Lenses Wholesale,103231.0,46,464,4649,Wholesale of other household goods,,Ajman,
Spices Packaging,103236.0,10,107,1079,Manufacture of other food products n.e.c.,,Ajman,
Split Air Conditioner Manufacturing,103350.0,28,281,2819,Manufacture of other general-purpose machinery,,Ajman,
Sponge Products Manufacturing,103676.0,22,222,2220,Manufacture of plastics products,,Ajman,
Spongy Pillow Manufacturing,103485.0,13,139,1392,"Manufacture of made-up textile articles, except apparel",,Ajman,
Sport & Recreational Events Tickets E-Trading,103223.0,47,479,4791,Retail sale via mail order houses or via Internet,,Ajman,
Sport Equipment & Articles Trading,103220.0,47,476,4763,Retail sale of sporting equipment in specialized stores,,Ajman,
Sport Equipment & Articles Trading,103220.0,47,476,4763,Retail sale of sporting equipment in specialized stores,,Ajman,
Sports Academy,103219.0,85,854,8541,Sports and recreation education,,Ajman,
Sports Broker,103214.0,93,931,9319,Other sports activities,,Ajman,
sports brokerage service,103214.0,93,931,9319,Other sports activities,,Ajman,
Sports Consultancy and Studies,103216.0,70,702,7020,Management consultancy activities,,Ajman,
Sports Consultancy and Studies,103216.0,70,702,7020,Management consultancy activities,,Ajman,
Sports Consultancy and Studies - Personal Trainer,103216.0,70,702,7020,Management consultancy activities,,Ajman,
Sports Entertainment Club,,93,931,9312,Activities of sports clubs,,Ajman,
Sports Entertainment Games Square,,93,931,9310,Sports activities,,Ajman,
Sports Entertainment Games Square,,93,931,9310,Sports activities,,Ajman,
Sports Field Equipment Trading Import & Export,103211.0,47,476,4763,Retail sale of sporting equipment in specialized stores,,Ajman,
Sports Races and Championships Organization Services,,93,931,9311,Operation of sports facilities,,Ajman,
Sports Research & Consultancies,,70,702,7020,Management consultancy activities,,Ajman,
Sports Services and Contracting,,93,931,9319,Other sports activities,,Ajman,
Sports Wear Trading - Import & Export,103208.0,47,477,4771,"Retail sale of clothing, footwear and leather articles in specialized stores",,Ajman,
Sports Wear Trading - Import & Export,103208.0,47,477,4771,"Retail sale of clothing, footwear and leather articles in specialized stores",,Ajman,
Sports Wears Manufacturing,103210.0,14,141,1410,"Manufacture of wearing apparel, except fur apparel",,Ajman,
Spraying and painting and polishing furniture,,31,310,3100,Manufacture of furniture,,Ajman,
Spring Pillow Manufacturing,103486.0,13,139,1392,"Manufacture of made-up textile articles, except apparel",,Ajman,
Stained Glass Forming,103682.0,23,231,2310,Manufacture of glass and glass products,,Ajman,
"Stationery , Drawing & Writing Instruments Trading Import & Export",100447.0,46,464,4649,Wholesale of other household goods,,Ajman,
"Stationery, Drawing & Writing Instruments Trading  Import & Export",100447.0,46,464,4649,Wholesale of other household goods,,Ajman,
Statistical Services Consultancies,103205.0,73,732,7320,Market research and public opinion polling,,Ajman,
Steel & Basic Steel Products Trading – Import & Export,103204.0,46,466,4662,Wholesale of metals and metal ores,,Ajman,
Steel & Basic Steel Products Trading – Import & Export,103204.0,46,466,4662,Wholesale of metals and metal ores,,Ajman,
Steel Bars Manufacturing,103707.0,24,241,2410,Manufacture of basic iron and steel,,Ajman,
Steel Pipes Fittings Manufacturing,103708.0,24,241,2410,Manufacture of basic iron and steel,,Ajman,
Steel Rebar,,47,475,4752,"Retail sale of hardware, paints and glass in specialized stores",,Ajman,
Steel Structures Manufacturing,103726.0,25,251,2511,Manufacture of structural metal products,,Ajman,
Steel Tubes Manufacturing,103709.0,24,241,2410,Manufacture of basic iron and steel,,Ajman,
Steel Wool Manufacturing,103802.0,25,259,2599,Manufacture of other fabricated metal products n.e.c.,,Ajman,
"Steelyarding, Scaling And Weighing Services",,74,749,7490,"Other professional, scientific and technical activities n.e.c.",,Ajman,
sterilizers & disinfectants Trading,103202.0,46,466,4661,"Wholesale of solid, liquid and gaseous fuels and related products",,Ajman,
Stone Cutting and Grinding Manufacturing,100973.0,23,239,2396,"Cutting, shaping and finishing of stone",,Ajman,
Storing in Public Storehouses,,52,521,5210,Warehousing and storage,,Ajman,
Structural Clay Products Manufacturing,103690.0,23,239,2392,Manufacture of clay building materials,,Ajman,
Structural Metal Parts Manufacturing,103720.0,25,251,2511,Manufacture of structural metal products,,Ajman,
Structure Steel Coating and Treatment,103786.0,25,259,2599,Manufacture of other fabricated metal products n.e.c.,,Ajman,
Sugar Packaging,103442.0,10,107,1072,Manufacture of sugar,,Ajman,
Suitcases & Travel Requisites Wholesale,103196.0,46,464,4649,Wholesale of other household goods,,Ajman,
Suitcases & Travel Requisites Wholesale,103196.0,46,464,4649,Wholesale of other household goods,,Ajman,
Suitcases Manufacturing,103291.0,15,151,1512,"Manufacture of luggage, handbags and the like, saddlery and harness",,Ajman,
Super Market,103194.0,47,471,4711,"Retail sale in non-specialized stores with food, beverages or tobacco predominating",,Ajman,
Super Market,103194.0,47,471,4711,"Retail sale in non-specialized stores with food, beverages or tobacco predominating",,Ajman,
Surveying & Evaluating Services,103286.0,74,749,7490,"Other professional, scientific and technical activities n.e.c.",,Ajman,
Sweets and Pies Manufacturing,102468.0,10,107,1071,Manufacture of bakery products,,Ajman,
Synthetic Resins Manufacturing,103279.0,20,201,2011,Manufacture of basic chemicals,,Ajman,
Synthetic Sponge Manufacturing,103280.0,22,222,2220,Manufacture of plastics products,,Ajman,
Table Plastic Covers Manufacturing,103283.0,22,222,2220,Manufacture of plastics products,,Ajman,
Tailoring and Sewing Men Abayas (Bshuts),100245.0,14,141,1410,"Manufacture of wearing apparel, except fur apparel",,Ajman,
Tailoring and Sewing Women Clothes,102054.0,14,141,1410,"Manufacture of wearing apparel, except fur apparel",,Ajman,
"Tailoring, Sewing and Knitting Men Arab Clothes",100245.0,14,141,1410,"Manufacture of wearing apparel, except fur apparel",,Ajman,
"Tailoring, Sewing and Knitting Men Non-Arab Clothes (Suits)",101649.0,14,141,1410,"Manufacture of wearing apparel, except fur apparel",,Ajman,
Tanker Manufacturing,103185.0,29,292,2920,Manufacture of bodies (coachwork) for motor vehicles; manufacture of trailers and semi-trailers,,Ajman,
Tax Agent Services,103178.0,69,692,6920,"Accounting, bookkeeping and auditing activities; tax consultancy",,Ajman,
Tax Consultancy,103177.0,69,692,6920,"Accounting, bookkeeping and auditing activities; tax consultancy",,Ajman,
Tax Reclaim Services,103176.0,82,829,8291,Activities of collection agencies and credit bureaus,,Ajman,
Tea Blending and Packaging,100428.0,10,107,1079,Manufacture of other food products n.e.c.,,Ajman,
Technical Consultancy of Buildings and Engineering Models Execution,103171.0,71,711,7110,Architectural and engineering activities and related technical consultancy,,Ajman,
Technical Installations Consultancies,103171.0,70,702,7020,Management consultancy activities,,Ajman,
Technical maintenance of factories and oil installations,103271.0,33,331,3312,Repair of machinery,,Ajman,
Telecommunication Equipments and Apparatuses Repairing,103265.0,95,951,9512,Repair of communication equipment,,Ajman,
Telecommunication Systems Equipment Installation and Maintenance,103265.0,95,951,9512,Repair of communication equipment,,Ajman,
Telecommunications Equipment and Accessories Manufacturing,103277.0,26,263,2630,Manufacture of communication equipment,,Ajman,
Telecommunications services,103168.0,61,611,6110,Wired telecommunications activities,,Ajman,
Television programming and broadcasting activities,103163.0,60,602,6020,Television programming and broadcasting activities,,Ajman,
Television programming and broadcasting activities,103163.0,60,602,6020,Television programming and broadcasting activities,,Ajman,
Television Programs and Series Production,103164.0,59,591,5911,"Motion picture, video and television programme production activities",,Ajman,
Television Programs and Series Production,103164.0,59,591,5911,"Motion picture, video and television programme production activities",,Ajman,
"Tent, Awnings and Tarpaulin Manufacturing",103487.0,13,139,1392,"Manufacture of made-up textile articles, except apparel",,Ajman,
Textile Dyeing and Processing,103476.0,13,131,1312,Weaving of textiles,,Ajman,
"Textiles, Clothes and Shoes Renting",,77,772,7729,Renting and leasing of other personal and household goods,,Ajman,
Theatres and Cinemas Management,103155.0,82,821,8211,Combined office administrative service activities,,Ajman,
Thoracopathy Clinic,,86,862,8620,Medical and dental practice activities,,Ajman,
Tiles & Flooring Materials Trading,103150.0,46,466,4663,"Wholesale of construction materials, hardware, plumbing and heating equipment and supplies",,Ajman,
Timber trade - Import & Export,103149.0,46,466,4663,"Wholesale of construction materials, hardware, plumbing and heating equipment and supplies",,Ajman,
Tinging and Painting Works,,43,433,4330,Building completion and finishing,,Ajman,
Tissues and Napkins Manufacturing,103574.0,17,170,1709,Manufacture of other articles of paper and paperboard,,Ajman,
Tomato Paste Manufacturing,103420.0,10,103,1030,Processing and preserving of fruit and vegetables,,Ajman,
Toughened or Laminated Flat Glass Manufacturing,102247.0,23,231,2310,Manufacture of glass and glass products,,Ajman,
Tourism & Recreation Consultants,103144.0,70,702,7020,Management consultancy activities,,Ajman,
Tourism and Leisure Consulting,103144.0,70,702,7020,Management consultancy activities,,Ajman,
Tourism Recreational and Entertainment Areas Planning Engineering Consultancy,103146.0,70,702,7020,Management consultancy activities,,Ajman,
Tourist Attractions Smart Cards Services,103147.0,64,641,6419,Other monetary intermediation,,Ajman,
"Tourist Enterprises Investment, Institution and Management",,66,663,6630,Fund management activities,,Ajman,
Tourist Restaurant,,56,561,5610,Restaurants and mobile food service activities,,Ajman,
Towels Manufacturing,103575.0,17,170,1709,Manufacture of other articles of paper and paperboard,,Ajman,
Trade Energy Drinks- Wholesale,,46,463,4630,"Wholesale of food, beverages and tobacco",,Ajman,
Trade Energy Drinks- Wholesale,,46,463,4630,"Wholesale of food, beverages and tobacco",,Ajman,
Trade Marks Registration Agents,103142.0,69,691,6910,Legal activities,,Ajman,
Trade polyurethane foam - Wholesale,,46,466,4669,Wholesale of waste and scrap and other products n.e.c.,,Ajman,
Trading Agencies,,45,451,4510,Sale of motor vehicles,,Ajman,
Trading all kinds of ready-made curtains - Wholesale - Import & Export,,46,464,4641,"Wholesale of textiles, clothing and footwear",,Ajman,
"Trading Cards Issuance, Sale and Substitution - Import & Export",,46,469,4690,Non-specialized wholesale trade,,Ajman,
Trading In Electronics And Communication - Import & Export,,46,465,4652,Wholesale of electronic and telecommunications equipment and parts,,Ajman,
Trading in new Semi-Trailers,,45,451,4510,Sale of motor vehicles,,Ajman,
Trading of  Waste Electrical & Electronic Equipment - Import & Export,,46,465,4652,Wholesale of electronic and telecommunications equipment and parts,,Ajman,
Trading Of Aluminum And Copper Scrap,,46,466,4669,Wholesale of waste and scrap and other products n.e.c.,,Ajman,
Trading of Pharmaceuticals (Re Export out side),,46,464,4649,Wholesale of other household goods,,Ajman,
Trading of Pharmaceuticals (Re Export out side),,46,464,4649,Wholesale of other household goods,,Ajman,
Trading Refined Oil Products Abroad,,46,466,4661,"Wholesale of solid, liquid and gaseous fuels and related products",,Ajman,
Traffic and Means of Transportation Planning Engineering Consultancy,,71,711,7110,Architectural and engineering activities and related technical consultancy,,Ajman,
Traffic Signs Manufacturing,103804.0,25,259,2599,Manufacture of other fabricated metal products n.e.c.,,Ajman,
Trailers Manufacturing,,29,292,2920,Manufacture of bodies (coachwork) for motor vehicles; manufacture of trailers and semi-trailers,,Ajman,
Training On Accountancy And Auditing,,85,854,8549,Other education n.e.c.,,Ajman,
Transactions Follow-up Services,,82,829,8299,Other business support service activities n.e.c.,,Ajman,
Translation Publications Services,103134.0,74,749,7490,"Other professional, scientific and technical activities n.e.c.",,Ajman,
Translation Services,103128.0,74,749,7490,"Other professional, scientific and technical activities n.e.c.",,Ajman,
"Translation services, movies and television programs",103130.0,74,749,7490,"Other professional, scientific and technical activities n.e.c.",,Ajman,
"Translation, Editing & Proofreading Services",103128.0,74,749,7490,"Other professional, scientific and technical activities n.e.c.",,Ajman,
Translator,103129.0,74,749,7490,"Other professional, scientific and technical activities n.e.c.",,Ajman,
Transmitting and Receiving Antennas Manufacturing,100223.0,26,263,2630,Manufacture of communication equipment,,Ajman,
"Transport and Withdrawal Prix boats, boats and jet skis",103135.0,52,522,5222,Service activities incidental to water transportation,,Ajman,
Transport Consultancies,103124.0,52,522,5229,Other transportation support activities,,Ajman,
Transportation Consultancy,103124.0,52,522,5229,Other transportation support activities,,Ajman,
Transportation Vehicles Rental,,77,771,7710,Renting and leasing of motor vehicles,,Ajman,
Transportation via Specialized Cars,,49,492,4923,Freight transport by road,,Ajman,
Travel & Leisure Services E- Trading,,47,479,4791,Retail sale via mail order houses or via Internet,,Ajman,
Travel agency activities,103119.0,79,791,7911,Travel agency activities,,Ajman,
Travel and Tourism Agent,103119.0,79,791,7911,Travel agency activities,,Ajman,
Travel Tickets Selling,103120.0,79,791,7911,Travel agency activities,,Ajman,
Trucks Rental,,77,771,7710,Renting and leasing of motor vehicles,,Ajman,
Trucks Tyres and Outfit Trading,,45,453,4530,Sale of motor vehicle parts and accessories,,Ajman,
Turbines Manufacturing,,28,281,2811,"Manufacture of engines and turbines, except aircraft, vehicle and cycle engines",,Ajman,
Typewriter Manufacturing,,28,281,2817,Manufacture of office machinery and equipment (except computers and peripheral equipment),,Ajman,
Typing & Photocopying Services,103087.0,82,821,8219,"Photocopying, document preparation and other specialized office support activities",,Ajman,
Typing & Photocopying Services,103087.0,82,821,8219,"Photocopying, document preparation and other specialized office support activities",,Ajman,
Tyres Changing and Repairing,103094.0,45,452,4520,Maintenance and repair of motor vehicles,,Ajman,
Tyres Changing and Repairing,103094.0,45,452,4520,Maintenance and repair of motor vehicles,,Ajman,
Tyres Rebuilding,103096.0,22,221,2211,Manufacture of rubber tyres and tubes; retreading and rebuilding of rubber tyres,,Ajman,
Umbrellas and Awnings Manufacturing,,32,329,3290,Other manufacturing n.e.c.,,Ajman,
Uniforms Manufacturing,103516.0,14,141,1410,"Manufacture of wearing apparel, except fur apparel",,Ajman,
Urban Planning Engineering Consultancy,103067.0,71,711,7110,Architectural and engineering activities and related technical consultancy,,Ajman,
Urinology Clinic,103068.0,86,862,8620,Medical and dental practice activities,,Ajman,
Used Automobile Trading for Export - Only,103072.0,45,451,4510,Sale of motor vehicles,,Ajman,
Used Automobile Trading for Export - Only,103072.0,45,451,4510,Sale of motor vehicles,,Ajman,
Used Buses and Trucks Trading - Import & Export,103074.0,45,451,4510,Sale of motor vehicles,,Ajman,
Used Buses and Trucks Trading - Import & Export,103074.0,45,451,4510,Sale of motor vehicles,,Ajman,
Used Cars Trading,103075.0,45,451,4510,Sale of motor vehicles,,Ajman,
Used Cars Trading,103075.0,45,451,4510,Sale of motor vehicles,,Ajman,
Used Cars Trading - Import & Export,103075.0,45,451,4510,Sale of motor vehicles,,Ajman,
Used Cars Trading - Import & Export,103075.0,45,451,4510,Sale of motor vehicles,,Ajman,
Used Cooking Oils Trading,103077.0,46,466,4669,Wholesale of waste and scrap and other products n.e.c.,,Ajman,
Used Heavy Equipment & Machinery Trading,103080.0,47,477,4774,Retail sale of second-hand goods,,Ajman,
Used Jewellery Trading,103084.0,47,477,4774,Retail sale of second-hand goods,,Ajman,
Used Lubricants Collection Works,,38,381,3811,Collection of non-hazardous waste,,Ajman,
Used Luxury Automobiles Trading,103085.0,45,451,4510,Sale of motor vehicles,,Ajman,
Vaccines and Inoculants Manufacturing,103644.0,21,210,2100,"Manufacture of pharmaceuticals, medicinal chemical and botanical products",,Ajman,
Valet Parking Services,,96,960,9609,Other personal service activities n.e.c.,,Ajman,
Valves Manufacturing,,28,281,2813,"Manufacture of other pumps, compressors, taps and valves",,Ajman,
Vegetable Gee Manufacturing,103429.0,10,104,1040,Manufacture of vegetable and animal oils and fats,,Ajman,
Vegetable Oil Production and Refining,103426.0,10,104,1040,Manufacture of vegetable and animal oils and fats,,Ajman,
Vegetables Canning and Packaging,103421.0,10,103,1030,Processing and preserving of fruit and vegetables,,Ajman,
Vehicles Additional Parts Manufacturing,,29,293,2930,Manufacture of parts and accessories for motor vehicles,,Ajman,
Vehicles and transport means E-Trading,,47,479,4791,Retail sale via mail order houses or via Internet,,Ajman,
Vehicles Denting,,45,452,4520,Maintenance and repair of motor vehicles,,Ajman,
Vehicles Denting,,45,452,4520,Maintenance and repair of motor vehicles,,Ajman,
Vehicles Mechanics Repair,,45,452,4520,Maintenance and repair of motor vehicles,,Ajman,
Vehicles Mechanics Repair,,45,452,4520,Maintenance and repair of motor vehicles,,Ajman,
Vehicles Oil Change,,45,452,4520,Maintenance and repair of motor vehicles,,Ajman,
Vehicles Radiators Repairing and Cleaning,,45,452,4520,Maintenance and repair of motor vehicles,,Ajman,
Vehicles Radiators Repairing and Cleaning,,45,452,4520,Maintenance and repair of motor vehicles,,Ajman,
Vehicles Seats Upholstery,,45,452,4520,Maintenance and repair of motor vehicles,,Ajman,
Vehicles Seats Upholstery,,45,452,4520,Maintenance and repair of motor vehicles,,Ajman,
Vehicles Tracking Systems Services,103054.0,80,802,8020,Security systems service activities,,Ajman,
Vending Machines Trading,103053.0,46,465,4659,Wholesale of other machinery and equipment,,Ajman,
Ventilation Equipment manufacturing,103351.0,28,281,2819,Manufacture of other general-purpose machinery,,Ajman,
Vessel Classification Services,103044.0,74,749,7490,"Other professional, scientific and technical activities n.e.c.",,Ajman,
Veterinarian Consultancy,103047.0,75,750,7500,Veterinary activities,,Ajman,
Veterinary Medicine Manufacturing,103645.0,21,210,2100,"Manufacture of pharmaceuticals, medicinal chemical and botanical products",,Ajman,
Veterinary medicine trade - import & export,103043.0,46,464,4649,Wholesale of other household goods,,Ajman,
video games Wholesale Trading,103041.0,46,464,4649,Wholesale of other household goods,,Ajman,
Videographer,,74,742,7420,Photographic activities,,Ajman,
Vinegar Manufacturing and Bottling,103462.0,10,107,1079,Manufacture of other food products n.e.c.,,Ajman,
Visual Recorded Media Distribution,103036.0,59,591,5913,"Motion picture, video and television programme distribution activities",,Ajman,
Wallpaper Fixing Works,,43,433,4330,Building completion and finishing,,Ajman,
Warehousing and storage,103034.0,52,521,5210,Warehousing and storage,,Ajman,
Warehousing and storage,103034.0,52,521,5210,Warehousing and storage,,Ajman,
Washing Machines and Dryers Manufacturing,,27,275,2750,Manufacture of domestic appliances,,Ajman,
Waste management & Recycling Consultancy,103032.0,70,702,7020,Management consultancy activities,,Ajman,
Waste Paper Trading - Import & Export,103022.0,46,466,4669,Wholesale of waste and scrap and other products n.e.c.,,Ajman,
Watches and Clocks Manufacturing,103853.0,26,265,2652,Manufacture of watches and clocks,,Ajman,
Watches Repairing,,95,952,9529,Repair of other personal and household goods,,Ajman,
Water and Liquids Tanks Manufacturing,103185.0,25,259,2599,Manufacture of other fabricated metal products n.e.c.,,Ajman,
Water Bikes Leasing,,77,772,7721,Renting and leasing of recreational and sports goods,,Ajman,
Water Coolers Manufacturing,,27,275,2750,Manufacture of domestic appliances,,Ajman,
Water Desalination and Treatment Stations Contracting,,37,370,3700,Sewerage,,Ajman,
"Water Desalination, Refining and Distribution (Desalination Plant)",,37,370,3700,Sewerage,,Ajman,
Water Filters Manufacturing,,28,282,2829,Manufacture of other special-purpose machinery,,Ajman,
Water Transmission and Distribution Engineering Consultancy,,71,711,7110,Architectural and engineering activities and related technical consultancy,,Ajman,
Water Transportation,,50,502,5020,Inland water transport,,Ajman,
Water Treatment & Purification Chemicals Trading - Import & Export,103028.0,46,466,4669,Wholesale of waste and scrap and other products n.e.c.,,Ajman,
Web portals,103015.0,63,631,6312,Web portals,,Ajman,
Web-hosting,103014.0,63,631,6311,"Data processing, hosting and related activities",,Ajman,
Weighing Materials Manufacturing,103850.0,26,265,2651,"Manufacture of measuring, testing, navigating and control equipment",,Ajman,
Weights and Measurements Standardization Lab,,71,712,7120,Technical testing and analysis,,Ajman,
Welding Bars Manufacturing,103806.0,25,259,2599,Manufacture of other fabricated metal products n.e.c.,,Ajman,
Well Drilling Equipment Trading - Import & Export,103021.0,47,477,4773,Other retail sale of new goods in specialized stores,,Ajman,
Wholesale  of Testing and Commissioning Equipments and Apparatuses,,46,465,4659,Wholesale of other machinery and equipment,,Ajman,
"Wholesale of   accessories and supplies animals, birds",,46,463,4630,"Wholesale of food, beverages and tobacco",,Ajman,
Wholesale of  Container and Bottle Caps Trading,,46,466,4669,Wholesale of waste and scrap and other products n.e.c.,,Ajman,
Wholesale of Accessories and supplies trade mobile phones,,46,465,4652,Wholesale of electronic and telecommunications equipment and parts,,Ajman,
Wholesale of Accessories and supplies trade mobile phones,,46,465,4652,Wholesale of electronic and telecommunications equipment and parts,,Ajman,
Wholesale of Accessories and supplies trade mobile phones,,46,465,4652,Wholesale of electronic and telecommunications equipment and parts,,Ajman,
Wholesale of Advertisement Media and Instruments Trading - Import & Export,,46,464,4649,Wholesale of other household goods,,Ajman,
Wholesale of Aerials and Receivers Trading - Import & Export,,46,465,4652,Wholesale of electronic and telecommunications equipment and parts,,Ajman,
Wholesale of Agricultural and Veterinary Pesticides Trading - Import & Export,,46,466,4669,Wholesale of waste and scrap and other products n.e.c.,,Ajman,
Wholesale of Agricultural Greenhouse Equipment And Outfit Trading - Import & Export,,46,465,4659,Wholesale of other machinery and equipment,,Ajman,
Wholesale of Agricultural Machinery And Equipment And Outfit Trading - Import & Export,,46,465,4653,"Wholesale of agricultural machinery, equipment and supplies",,Ajman,
Wholesale of Agricultural Machinery And Equipment And Outfit Trading - Import & Export,,46,465,4653,"Wholesale of agricultural machinery, equipment and supplies",,Ajman,
Wholesale of Air-conditioner and Coolant Spare Parts Trading - Import & Export,,46,465,4659,Wholesale of other machinery and equipment,,Ajman,
Wholesale of Airport Equipment Trading - Import & Export,,46,465,4659,Wholesale of other machinery and equipment,,Ajman,
Wholesale of Alarm And Monitor Devices And Equipment Trading - Import & Export,,46,465,4659,Wholesale of other machinery and equipment,,Ajman,
"Wholesale of Aloes, Incense And Perfume Trading - Import & Export",,46,464,4649,Wholesale of other household goods,,Ajman,
Wholesale of Animal and Poultry Food Trading - Import & Export,,46,462,4620,Wholesale of agricultural raw materials and live animals,,Ajman,
Wholesale of Animal and Poultry Food Trading - Import & Export,,46,462,4620,Wholesale of agricultural raw materials and live animals,,Ajman,
Wholesale of Arabian Clothes Trading - Import & Export,,46,464,4641,"Wholesale of textiles, clothing and footwear",,Ajman,
Wholesale of Artificial Dried Flowers and Plants Trading - Import & Export,,46,464,4649,Wholesale of other household goods,,Ajman,
Wholesale of Artificial Dried Flowers and Plants Trading - Import & Export,,46,464,4649,Wholesale of other household goods,,Ajman,
Wholesale of Audio-Visual Empty Tapes And Discs Trading - Import & Export,,46,465,4652,Wholesale of electronic and telecommunications equipment and parts,,Ajman,
Wholesale of Baby Care Equipment Trading - Import & Export,,46,464,4649,Wholesale of other household goods,,Ajman,
Wholesale of Baby Care Equipment Trading - Import & Export,,46,464,4649,Wholesale of other household goods,,Ajman,
Wholesale of Baby Shoes Trading - Import & Export,,46,464,4641,"Wholesale of textiles, clothing and footwear",,Ajman,
Wholesale of Balances and Scales Trading - Import & Export,,46,465,4659,Wholesale of other machinery and equipment,,Ajman,
"Wholesale of Bamboo, Wood and Fronds Products Trading - Import & Export",,46,466,4663,"Wholesale of construction materials, hardware, plumbing and heating equipment and supplies",,Ajman,
"Wholesale of Bamboo, Wood and Fronds Products Trading - Import & Export",,46,466,4663,"Wholesale of construction materials, hardware, plumbing and heating equipment and supplies",,Ajman,
Wholesale of Bicycles and Spare Parts and Outfits Trading - Import & Export,,46,464,4649,Wholesale of other household goods,,Ajman,
Wholesale of Bicycles and Spare Parts and Outfits Trading - Import & Export,,46,464,4649,Wholesale of other household goods,,Ajman,
Wholesale of birds  -Trading,,46,462,4620,Wholesale of agricultural raw materials and live animals,,Ajman,
"Wholesale of Blanket, Ready-made Linen and Sheets Trading - Import & Export",,46,464,4641,"Wholesale of textiles, clothing and footwear",,Ajman,
"Wholesale of Blanket, Ready-made Linen and Sheets Trading - Import & Export",,46,464,4641,"Wholesale of textiles, clothing and footwear",,Ajman,
Wholesale of Blast Furnaces and Smelters Trading - Import & Export,,46,465,4659,Wholesale of other machinery and equipment,,Ajman,
"Wholesale of Bones, Hoofs and Horns Trading - Import & Export",,46,462,4620,Wholesale of agricultural raw materials and live animals,,Ajman,
"Wholesale of Books, Newspapers and Magazines Trading - Import & Export",,46,464,4649,Wholesale of other household goods,,Ajman,
Wholesale of Bread and Bakeries Products Trading - Import & Export,,46,463,4630,"Wholesale of food, beverages and tobacco",,Ajman,
Wholesale of Building Cleaning Equipment Trading - Import & Export,,46,465,4659,Wholesale of other machinery and equipment,,Ajman,
"Wholesale of Building Sand, Pebbles and Stones Trading - Import & Export",,46,466,4663,"Wholesale of construction materials, hardware, plumbing and heating equipment and supplies",,Ajman,
"Wholesale of Buildings, Windows and Doors Metal Products Trading - Import & Export",,46,466,4663,"Wholesale of construction materials, hardware, plumbing and heating equipment and supplies",,Ajman,
"Wholesale of Buildings, Windows and Doors Metal Products Trading - Import & Export",,46,466,4663,"Wholesale of construction materials, hardware, plumbing and heating equipment and supplies",,Ajman,
"Wholesale of Buildings, Windows and Doors Metal Products Trading - Import & Export",,46,466,4663,"Wholesale of construction materials, hardware, plumbing and heating equipment and supplies",,Ajman,
Wholesale of Calculators and Outfit Trading - Import & Export,,46,465,4651,"Wholesale of computers, computer peripheral equipment and software",,Ajman,
Wholesale of Candles Trading - Import & Export,,46,464,4649,Wholesale of other household goods,,Ajman,
Wholesale of Candles Trading - Import & Export,,46,464,4649,Wholesale of other household goods,,Ajman,
Wholesale of Canned and Preserved Foodstuff Trading,,46,463,4630,"Wholesale of food, beverages and tobacco",,Ajman,
Wholesale of Canned and Preserved Foodstuff Trading,,46,463,4630,"Wholesale of food, beverages and tobacco",,Ajman,
Wholesale of Canvas and Ropes Trading - Import & Export,,46,464,4641,"Wholesale of textiles, clothing and footwear",,Ajman,
Wholesale of Car Cleaning and Washing Equipment Trading,,46,465,4659,Wholesale of other machinery and equipment,,Ajman,
Wholesale of Car Cleaning and Washing Equipment Trading,,46,465,4659,Wholesale of other machinery and equipment,,Ajman,
Wholesale of Carbonated Beverages Trading - Import & Export,,46,463,4630,"Wholesale of food, beverages and tobacco",,Ajman,
Wholesale of Cement and Gypsum Trading - Import & Export,,46,466,4663,"Wholesale of construction materials, hardware, plumbing and heating equipment and supplies",,Ajman,
Wholesale of Cement and Gypsum Trading - Import & Export,,46,466,4663,"Wholesale of construction materials, hardware, plumbing and heating equipment and supplies",,Ajman,
Wholesale of Cement Products Trading - Import & Export,,46,466,4663,"Wholesale of construction materials, hardware, plumbing and heating equipment and supplies",,Ajman,
Wholesale of Cement Products Trading - Import & Export,,46,466,4663,"Wholesale of construction materials, hardware, plumbing and heating equipment and supplies",,Ajman,
Wholesale of Central Air Refining Equipment Trading,,46,465,4659,Wholesale of other machinery and equipment,,Ajman,
Wholesale of Chandeliers and Lighting Items Trading - Import & Export,,46,464,4649,Wholesale of other household goods,,Ajman,
Wholesale of Chemical Fertilizers Trading - Import & Export,,46,466,4669,Wholesale of waste and scrap and other products n.e.c.,,Ajman,
Wholesale of Chemical Material Trading for Building Purposes - Import & Export,,46,466,4669,Wholesale of waste and scrap and other products n.e.c.,,Ajman,
Wholesale of Children Games Outfit Trading - Import & Export,,46,464,4649,Wholesale of other household goods,,Ajman,
Wholesale of Children Ready-made Clothes Trading - Import & Export,,46,464,4641,"Wholesale of textiles, clothing and footwear",,Ajman,
Wholesale of Cities Cleaning Equipment Trading - Import & Export,,46,465,4659,Wholesale of other machinery and equipment,,Ajman,
Wholesale of Cleaners and Detergents Trading - Import & Export,,46,466,4669,Wholesale of waste and scrap and other products n.e.c.,,Ajman,
Wholesale of Clothes Cleaning Equipment Trading - Import & Export,,46,465,4659,Wholesale of other machinery and equipment,,Ajman,
Wholesale of clothing accessories Trading,,46,464,4641,"Wholesale of textiles, clothing and footwear",,Ajman,
Wholesale of Coal and Firewood Trading - Import & Export,,46,464,4649,Wholesale of other household goods,,Ajman,
Wholesale of coffee machines and accessories,,46,464,4649,Wholesale of other household goods,,Ajman,
Wholesale of Coffee Trading - Import & Export,100735.0,46,463,4630,"Wholesale of food, beverages and tobacco",,Ajman,
Wholesale of Coffee Trading - Import & Export,100735.0,46,463,4630,"Wholesale of food, beverages and tobacco",,Ajman,
Wholesale of Computer Outfit And Data Processing Trading - Import & Export,,46,465,4651,"Wholesale of computers, computer peripheral equipment and software",,Ajman,
Wholesale of Computer Systems And Software Trading,,46,465,4651,"Wholesale of computers, computer peripheral equipment and software",,Ajman,
Wholesale of Computer Systems And Software Trading,,46,465,4651,"Wholesale of computers, computer peripheral equipment and software",,Ajman,
"Wholesale of computers, computer peripheral equipment and software",,46,465,4651,"Wholesale of computers, computer peripheral equipment and software",,Ajman,
"Wholesale of computers, computer peripheral equipment and software",,46,465,4651,"Wholesale of computers, computer peripheral equipment and software",,Ajman,
Wholesale of Confectionery & Chocolate Trading - Import & Export Wholesale,,46,463,4630,"Wholesale of food, beverages and tobacco",,Ajman,
Wholesale of Congratulation and Invitation Card Trading - Import & Export,,46,465,4652,Wholesale of electronic and telecommunications equipment and parts,,Ajman,
Wholesale of Construction and Building Equipment and Machinery and Outfit Trading - Import & Export,,46,465,4659,Wholesale of other machinery and equipment,,Ajman,
Wholesale of Construction and Building Equipment and Machinery and Outfit Trading - Import & Export,,46,465,4659,Wholesale of other machinery and equipment,,Ajman,
Wholesale of Cosmetics and Makeup Trading - Import & Export,,46,464,4649,Wholesale of other household goods,,Ajman,
Wholesale of Cosmetics and Makeup Trading - Import & Export,,46,464,4649,Wholesale of other household goods,,Ajman,
Wholesale of Cosmetics and Makeup Trading - Import & Export,,46,464,4649,Wholesale of other household goods,,Ajman,
Wholesale of Cosmetics and Trading Import & Export,,46,464,4649,Wholesale of other household goods,,Ajman,
Wholesale of Cows Trading - Import & Export,,46,462,4620,Wholesale of agricultural raw materials and live animals,,Ajman,
"Wholesale of Crops, Cereals and Greens Trading - Import & Export",,46,462,4620,Wholesale of agricultural raw materials and live animals,,Ajman,
Wholesale of Crude Leather Trading - Import & Export,,46,462,4620,Wholesale of agricultural raw materials and live animals,,Ajman,
Wholesale of Crude Oil Trading - Import & Export,,46,466,4661,"Wholesale of solid, liquid and gaseous fuels and related products",,Ajman,
Wholesale of Crude Tobacco Trading - Import & Export,,46,463,4630,"Wholesale of food, beverages and tobacco",,Ajman,
Wholesale of Cultural Environmental and Hand Made Products Trading,,46,464,4649,Wholesale of other household goods,,Ajman,
Wholesale of Dairy and its Products Trading - Import & Export,,46,463,4630,"Wholesale of food, beverages and tobacco",,Ajman,
Wholesale of Dates Trading - Import & Export,,46,463,4630,"Wholesale of food, beverages and tobacco",,Ajman,
Wholesale of Décor and Partition Material Trading - Import & Export,,46,466,4663,"Wholesale of construction materials, hardware, plumbing and heating equipment and supplies",,Ajman,
Wholesale of Development Equipment and Outfit Trading - Import & Export,,46,465,4659,Wholesale of other machinery and equipment,,Ajman,
Wholesale of Development Material Trading - Import & Export,,46,466,4663,"Wholesale of construction materials, hardware, plumbing and heating equipment and supplies",,Ajman,
Wholesale of Dive Gear Equipment Trading - Import & Export,,46,464,4649,Wholesale of other household goods,,Ajman,
Wholesale of Dried Battery Trading - Import & Export,,46,465,4652,Wholesale of electronic and telecommunications equipment and parts,,Ajman,
Wholesale of Dried Vegetables and Fruits Trading - Import & Export,,46,463,4630,"Wholesale of food, beverages and tobacco",,Ajman,
Wholesale of Dyeing and Canning Material Trading - Import & Export,,46,466,4669,Wholesale of waste and scrap and other products n.e.c.,,Ajman,
Wholesale of E-gates and Barriers Trading - Import & Export,,46,465,4659,Wholesale of other machinery and equipment,,Ajman,
Wholesale of Eastern Carpet,,46,464,4649,Wholesale of other household goods,,Ajman,
Wholesale of Eastern Sweets Trading - Import & Export,,46,463,4630,"Wholesale of food, beverages and tobacco",,Ajman,
Wholesale of Eastern Sweets Trading - Import & Export,,46,463,4630,"Wholesale of food, beverages and tobacco",,Ajman,
Wholesale of Education Media and Models Trading - Import & Export,,46,465,4652,Wholesale of electronic and telecommunications equipment and parts,,Ajman,
Wholesale of Education Media and Models Trading - Import & Export,,46,465,4652,Wholesale of electronic and telecommunications equipment and parts,,Ajman,
Wholesale of Electricity Transformers and Outfit Trading,,46,465,4659,Wholesale of other machinery and equipment,,Ajman,
Wholesale of Electricity Transformers and Outfit Trading,,46,465,4659,Wholesale of other machinery and equipment,,Ajman,
Wholesale of electronic and telecommunications equipment and parts,,46,465,4652,Wholesale of electronic and telecommunications equipment and parts,,Ajman,
Wholesale of electronic and telecommunications equipment and parts,,46,465,4652,Wholesale of electronic and telecommunications equipment and parts,,Ajman,
Wholesale of Electronic Devices Trading For Specializations,,46,465,4652,Wholesale of electronic and telecommunications equipment and parts,,Ajman,
Wholesale of Electronic Devices Trading For Specializations,,46,465,4652,Wholesale of electronic and telecommunications equipment and parts,,Ajman,
Wholesale of Elevators and Escalators and Spare Parts Trading - Import & Export,,46,465,4659,Wholesale of other machinery and equipment,,Ajman,
Wholesale of empty gas cylinder trading,,46,466,4661,"Wholesale of solid, liquid and gaseous fuels and related products",,Ajman,
Wholesale of Engineering Drawing Equipment Trading - Import & Export,,46,465,4659,Wholesale of other machinery and equipment,,Ajman,
Wholesale of Environment Protection Equipment Trading - Import & Export,,46,465,4659,Wholesale of other machinery and equipment,,Ajman,
Wholesale of Equipment and agricultural machinery and accessories Trading - Import & Export,,46,465,4653,"Wholesale of agricultural machinery, equipment and supplies",,Ajman,
Wholesale of Equipment and agricultural machinery and accessories Trading - Import & Export,,46,465,4653,"Wholesale of agricultural machinery, equipment and supplies",,Ajman,
Wholesale of False Ceiling Trading - Import & Export,,46,466,4663,"Wholesale of construction materials, hardware, plumbing and heating equipment and supplies",,Ajman,
Wholesale of Fibre-glass Products Trading - Import & Export,,46,466,4663,"Wholesale of construction materials, hardware, plumbing and heating equipment and supplies",,Ajman,
Wholesale of Fire Fighting and Resisting Material Trading - Import & Export,,46,465,4659,Wholesale of other machinery and equipment,,Ajman,
Wholesale of Flags Trading - Import & Export,,46,464,4649,Wholesale of other household goods,,Ajman,
Wholesale of Flour Trading - Import & Export,,46,463,4630,"Wholesale of food, beverages and tobacco",,Ajman,
Wholesale of Flour Trading - Import & Export,,46,463,4630,"Wholesale of food, beverages and tobacco",,Ajman,
Wholesale of Fodder Trading - Import & Export,,46,462,4620,Wholesale of agricultural raw materials and live animals,,Ajman,
Wholesale of Fodder Trading - Import & Export,,46,462,4620,Wholesale of agricultural raw materials and live animals,,Ajman,
Wholesale of Food Oil and Animal and Plant Fat Trading - Import & Export,,46,463,4630,"Wholesale of food, beverages and tobacco",,Ajman,
Wholesale of Formal Clothes Trading,,46,464,4641,"Wholesale of textiles, clothing and footwear",,Ajman,
"Wholesale of Frames, Photos and Portraits Trading - Import & Export",,46,464,4649,Wholesale of other household goods,,Ajman,
Wholesale of Fresh Fish and Marine Animals Trading - Import & Export,,46,463,4630,"Wholesale of food, beverages and tobacco",,Ajman,
Wholesale of Fresh Foodstuff Trading,,46,463,4630,"Wholesale of food, beverages and tobacco",,Ajman,
Wholesale of Fresh Foodstuff Trading - Import & Export,,46,463,4630,"Wholesale of food, beverages and tobacco",,Ajman,
Wholesale of Fresh Fruits and Vegetables Trading - Import & Export,,46,463,4630,"Wholesale of food, beverages and tobacco",,Ajman,
Wholesale of Fresh Fruits and Vegetables Trading - Import & Export,,46,463,4630,"Wholesale of food, beverages and tobacco",,Ajman,
Wholesale of Fresh Meat Trading - Import & Export,,46,463,4630,"Wholesale of food, beverages and tobacco",,Ajman,
Wholesale of Frozen Fish and Marine Animals Trading - Import & Export,,46,463,4630,"Wholesale of food, beverages and tobacco",,Ajman,
Wholesale of Frozen Foodstuff Trading,,46,463,4630,"Wholesale of food, beverages and tobacco",,Ajman,
Wholesale of Frozen Foodstuff Trading - Import & Export,,46,463,4630,"Wholesale of food, beverages and tobacco",,Ajman,
Wholesale of Games And Baby Toys Trading - Import & Export,,46,464,4649,Wholesale of other household goods,,Ajman,
Wholesale of Games And Baby Toys Trading - Import & Export,,46,464,4649,Wholesale of other household goods,,Ajman,
Wholesale of Games And Baby Toys Trading - Import & Export,,46,464,4649,Wholesale of other household goods,,Ajman,
Wholesale of GBC Systems Trading,,46,465,4651,"Wholesale of computers, computer peripheral equipment and software",,Ajman,
Wholesale of General Stores Equipment and Installations Trading - Import & Export,,46,465,4659,Wholesale of other machinery and equipment,,Ajman,
Wholesale of Glass and Mirror Trading - Import & Export,,46,466,4663,"Wholesale of construction materials, hardware, plumbing and heating equipment and supplies",,Ajman,
Wholesale of Glue and Gum Trading - Import & Export,,46,466,4669,Wholesale of waste and scrap and other products n.e.c.,,Ajman,
Wholesale of Grease and Lubricants Trading,,46,466,4661,"Wholesale of solid, liquid and gaseous fuels and related products",,Ajman,
Wholesale of Grease and Lubricants Trading,,46,466,4661,"Wholesale of solid, liquid and gaseous fuels and related products",,Ajman,
Wholesale of Gypsum Products Trading - Import & Export,,46,466,4663,"Wholesale of construction materials, hardware, plumbing and heating equipment and supplies",,Ajman,
Wholesale of Healthy Foodstuff Trading,,46,463,4630,"Wholesale of food, beverages and tobacco",,Ajman,
Wholesale of Healthy Foodstuff Trading - Import & Export,,46,463,4630,"Wholesale of food, beverages and tobacco",,Ajman,
Wholesale of Honey and Apiaries Products Trading - Import & Export,,46,463,4630,"Wholesale of food, beverages and tobacco",,Ajman,
Wholesale of Honey and Apiaries Products Trading - Import & Export,,46,463,4630,"Wholesale of food, beverages and tobacco",,Ajman,
Wholesale of Horse and Racing-camel Material and Outfit Trading - Import & Export,,46,462,4620,Wholesale of agricultural raw materials and live animals,,Ajman,
Wholesale of Horses Trading - Import & Export,101805.0,46,462,4620,Wholesale of agricultural raw materials and live animals,,Ajman,
Wholesale of House Audio-visual and Recording Apparatuses and Outfit Trading - Import & Export,,46,465,4652,Wholesale of electronic and telecommunications equipment and parts,,Ajman,
Wholesale of House Audio-visual and Recording Apparatuses and Outfit Trading - Import & Export,,46,465,4652,Wholesale of electronic and telecommunications equipment and parts,,Ajman,
Wholesale of House Furniture and Cabinet Work Trading - Import & Export,,46,464,4649,Wholesale of other household goods,,Ajman,
Wholesale of House Furniture and Cabinet Work Trading - Import & Export,,46,464,4649,Wholesale of other household goods,,Ajman,
Wholesale of House Pesticides Trading - Import & Export,,46,466,4669,Wholesale of waste and scrap and other products n.e.c.,,Ajman,
"Wholesale of House Refrigerators, Washing Machines and Electrical Apparatuses Trading",,46,465,4659,Wholesale of other machinery and equipment,,Ajman,
"Wholesale of House Refrigerators, Washing Machines and Electrical Apparatuses Trading - Import & Export",,46,465,4659,Wholesale of other machinery and equipment,,Ajman,
Wholesale of Iced Beverages Trading - Import & Export,,46,463,4630,"Wholesale of food, beverages and tobacco",,Ajman,
Wholesale of Ignition Materials Trading,,46,466,4661,"Wholesale of solid, liquid and gaseous fuels and related products",,Ajman,
Wholesale of Insects and Rodents Pesticides Equipment Trading - Import & Export,,46,465,4659,Wholesale of other machinery and equipment,,Ajman,
Wholesale of Insulating Material Trading - Import & Export,,46,466,4663,"Wholesale of construction materials, hardware, plumbing and heating equipment and supplies",,Ajman,
Wholesale of Iron Main Products Trading - Import & Export,,46,466,4662,Wholesale of metals and metal ores,,Ajman,
Wholesale of Iron Main Products Trading - Import & Export,,46,466,4662,Wholesale of metals and metal ores,,Ajman,
Wholesale of Irrigation Equipment and Devices and Outfit Trading - Import & Export,,46,465,4653,"Wholesale of agricultural machinery, equipment and supplies",,Ajman,
Wholesale of Irrigation Equipment and Devices and Outfit Trading - Import & Export,,46,465,4653,"Wholesale of agricultural machinery, equipment and supplies",,Ajman,
Wholesale of Journey Equipment and Tools Trading - Import & Export,,46,465,4659,Wholesale of other machinery and equipment,,Ajman,
Wholesale of Juice Trading - Import & Export,,46,463,4630,"Wholesale of food, beverages and tobacco",,Ajman,
Wholesale of Laboratory and Factory Chemicals Trading - Import & Export,,46,466,4661,"Wholesale of solid, liquid and gaseous fuels and related products",,Ajman,
Wholesale of Laboratory and Factory Chemicals Trading - Import & Export,,46,466,4661,"Wholesale of solid, liquid and gaseous fuels and related products",,Ajman,
Wholesale of Laboratory and Factory Tools and Outfit Trading - Import & Export,,46,465,4659,Wholesale of other machinery and equipment,,Ajman,
Wholesale of Laboratory Equipment and Machines and Spare Parts Trading,,46,465,4659,Wholesale of other machinery and equipment,,Ajman,
Wholesale of Laboratory Equipment and Machines and Spare Parts Trading,,46,465,4659,Wholesale of other machinery and equipment,,Ajman,
Wholesale Of Land Phones And Wired Communication Devices Trading - Import & Export,,46,465,4652,Wholesale of electronic and telecommunications equipment and parts,,Ajman,
Wholesale of Leather Bags and Other Leather Products Trading - Import & Export,,46,464,4641,"Wholesale of textiles, clothing and footwear",,Ajman,
Wholesale of Leather Bags and Other Leather Products Trading - Import & Export,,46,464,4641,"Wholesale of textiles, clothing and footwear",,Ajman,
Wholesale of Lifting and Loading Equipment and Machinery Trading - Import & Export,,46,465,4659,Wholesale of other machinery and equipment,,Ajman,
Wholesale of Lighting Columns Trading - Import & Export,,46,464,4649,Wholesale of other household goods,,Ajman,
Wholesale of Linking Tools Trading and accessories - Import & Export,,46,465,4659,Wholesale of other machinery and equipment,,Ajman,
Wholesale of Living Animals Trading - Import & Export,,46,462,4620,Wholesale of agricultural raw materials and live animals,,Ajman,
Wholesale of magazines and specialized Images Trading - Import & Export,,46,464,4649,Wholesale of other household goods,,Ajman,
Wholesale of Marble Trading - Import & Export,,46,466,4663,"Wholesale of construction materials, hardware, plumbing and heating equipment and supplies",,Ajman,
Wholesale of Marine Equipment and Machinery Spare Parts Trading,,46,465,4659,Wholesale of other machinery and equipment,,Ajman,
Wholesale of Marine Equipment and Machinery Spare Parts Trading,,46,465,4659,Wholesale of other machinery and equipment,,Ajman,
Wholesale of Marine Equipment and Machinery Trading - Import & Export,,46,465,4659,Wholesale of other machinery and equipment,,Ajman,
Wholesale of Marine Guiding and Port Equipment Trading - Import & Export,,46,465,4659,Wholesale of other machinery and equipment,,Ajman,
Wholesale of Mattresses and Sponge Mattresses Trading - Import & Export,,46,464,4649,Wholesale of other household goods,,Ajman,
Wholesale of Mattresses and Sponge Mattresses Trading - Import & Export,,46,464,4649,Wholesale of other household goods,,Ajman,
Wholesale of Measurement and Control Equipment and Devices Trading - Import & Export,,46,465,4659,Wholesale of other machinery and equipment,,Ajman,
Wholesale of Meat and Fish Preparation Machines Trading - Import & Export,,46,465,4659,Wholesale of other machinery and equipment,,Ajman,
Wholesale of Medical Gas Trading - Import & Export,,46,466,4669,Wholesale of waste and scrap and other products n.e.c.,,Ajman,
Wholesale of Medical Herbs and Plants Trading - Import & Export,,46,463,4630,"Wholesale of food, beverages and tobacco",,Ajman,
Wholesale of Medical Herbs and Plants Trading - Import & Export,,46,463,4630,"Wholesale of food, beverages and tobacco",,Ajman,
Wholesale of Medication Chemicals Trading - Import & Export,,46,466,4669,Wholesale of waste and scrap and other products n.e.c.,,Ajman,
Wholesale of Medications Trading,,46,464,4649,Wholesale of other household goods,,Ajman,
Wholesale of Men Ready-made Clothes Trading - Import & Export,,46,464,4641,"Wholesale of textiles, clothing and footwear",,Ajman,
Wholesale of Men Shoes Trading,,46,464,4641,"Wholesale of textiles, clothing and footwear",,Ajman,
Wholesale of Men Shoes Trading - Import & Export,,46,464,4641,"Wholesale of textiles, clothing and footwear",,Ajman,
Wholesale of Metal Barrels Trading - Import & Export,,46,465,4659,Wholesale of other machinery and equipment,,Ajman,
Wholesale of Metal Boxes and Container Trading - Import & Export,,46,466,4669,Wholesale of waste and scrap and other products n.e.c.,,Ajman,
Wholesale of Metal Constructional Ropes Trading,,46,466,4669,Wholesale of waste and scrap and other products n.e.c.,,Ajman,
Wholesale of Metal Shaping Moulds Trading,,46,465,4659,Wholesale of other machinery and equipment,,Ajman,
Wholesale of Mills and Bakeries Equipment and Machinery Trading - Import & Export,,46,465,4659,Wholesale of other machinery and equipment,,Ajman,
Wholesale of Mineral Water Trading - Import & Export,,46,463,4630,"Wholesale of food, beverages and tobacco",,Ajman,
Wholesale of Moquette Trading - Import & Export,,46,464,4641,"Wholesale of textiles, clothing and footwear",,Ajman,
Wholesale of Moquette Trading - Import & Export,,46,464,4641,"Wholesale of textiles, clothing and footwear",,Ajman,
Wholesale of Multi-dimensional Photo Trading - Import & Export,,46,464,4649,Wholesale of other household goods,,Ajman,
Wholesale of Musical Instruments Trading - Import & Export,,46,464,4649,Wholesale of other household goods,,Ajman,
Wholesale of Natural Fertilizers and Agricultural Reclamation Material Trading - Import & Export,,46,466,4669,Wholesale of waste and scrap and other products n.e.c.,,Ajman,
Wholesale of Natural Fertilizers and Agricultural Reclamation Material Trading - Import & Export,,46,466,4669,Wholesale of waste and scrap and other products n.e.c.,,Ajman,
Wholesale of Natural Fibres and Cotton Trading - Import & Export,,46,462,4620,Wholesale of agricultural raw materials and live animals,,Ajman,
Wholesale of Natural Plants and Flowers Trading - Import & Export,,46,462,4620,Wholesale of agricultural raw materials and live animals,,Ajman,
Wholesale of Natural Stone Trading - Import & Export,,46,466,4663,"Wholesale of construction materials, hardware, plumbing and heating equipment and supplies",,Ajman,
Wholesale of Nuts Trading - Import & Export,,46,463,4630,"Wholesale of food, beverages and tobacco",,Ajman,
Wholesale of Office Equipment and Machinery Trading - Import & Export,,46,465,4659,Wholesale of other machinery and equipment,,Ajman,
Wholesale of Office Furniture Trading,,46,465,4659,Wholesale of other machinery and equipment,,Ajman,
Wholesale of Office Furniture Trading - Import & Export,,46,465,4659,Wholesale of other machinery and equipment,,Ajman,
Wholesale of Office Furniture Trading - Import & Export,,46,465,4659,Wholesale of other machinery and equipment,,Ajman,
Wholesale of Oil and Natural Gas Well Equipment and Devices and Spare Parts Trading - Import & Export,,46,465,4659,Wholesale of other machinery and equipment,,Ajman,
Wholesale of Oil Well Chemicals Trading - Import & Export,,46,466,4669,Wholesale of waste and scrap and other products n.e.c.,,Ajman,
Wholesale of Olive and Pickles Trading,,46,463,4630,"Wholesale of food, beverages and tobacco",,Ajman,
Wholesale of organic food Trading,,46,463,4630,"Wholesale of food, beverages and tobacco",,Ajman,
Wholesale of other household goods,,46,464,4649,Wholesale of other household goods,,Ajman,
Wholesale of other household goods,,46,464,4649,Wholesale of other household goods,,Ajman,
Wholesale of other machinery and equipment,,46,465,4659,Wholesale of other machinery and equipment,,Ajman,
Wholesale of other machinery and equipment,,46,465,4659,Wholesale of other machinery and equipment,,Ajman,
Wholesale of Packaging and Wrapping Equipment Trading - Import & Export,,46,465,4659,Wholesale of other machinery and equipment,,Ajman,
Wholesale of Packaging and Wrapping Equipment Trading - Import & Export,,46,465,4659,Wholesale of other machinery and equipment,,Ajman,
Wholesale of Painting Equipment and Machinery Trading - Import & Export,,46,465,4659,Wholesale of other machinery and equipment,,Ajman,
Wholesale of Paper Products Trading - Import & Export,,46,464,4649,Wholesale of other household goods,,Ajman,
Wholesale of Paper Products Trading - Import & Export,,46,464,4649,Wholesale of other household goods,,Ajman,
Wholesale of Paper Products Trading - Import & Export,,46,464,4649,Wholesale of other household goods,,Ajman,
Wholesale of Paper Trading - Import & Export,,46,466,4669,Wholesale of waste and scrap and other products n.e.c.,,Ajman,
Wholesale of Parks Equipments Trading - Import & Export,,46,465,4659,Wholesale of other machinery and equipment,,Ajman,
Wholesale of Perfume Trading,,46,464,4649,Wholesale of other household goods,,Ajman,
Wholesale of Petrochemical Material Trading - Import & Export,,46,466,4669,Wholesale of waste and scrap and other products n.e.c.,,Ajman,
Wholesale of Pets Trading,,46,462,4620,Wholesale of agricultural raw materials and live animals,,Ajman,
Wholesale of Photocopiers and Outfit Trading,,46,464,4649,Wholesale of other household goods,,Ajman,
Wholesale of Photographic Films and Material Trading - Import & Export,,46,464,4649,Wholesale of other household goods,,Ajman,
Wholesale of Plants and Trees Saplings Trading - Import & Export,,46,462,4620,Wholesale of agricultural raw materials and live animals,,Ajman,
Wholesale of Plastic Bags and Containers Trading - Import & Export,,46,466,4669,Wholesale of waste and scrap and other products n.e.c.,,Ajman,
Wholesale of Plastic Bags and Containers Trading - Import & Export,,46,466,4669,Wholesale of waste and scrap and other products n.e.c.,,Ajman,
Wholesale of Plastic Bags and Containers Trading - Import & Export,,46,466,4669,Wholesale of waste and scrap and other products n.e.c.,,Ajman,
Wholesale of Plastic Plates Trading - Import & Export,,46,466,4669,Wholesale of waste and scrap and other products n.e.c.,,Ajman,
Wholesale of Plastic Products Trading,,46,466,4669,Wholesale of waste and scrap and other products n.e.c.,,Ajman,
Wholesale of Plastic Products Trading,,46,466,4669,Wholesale of waste and scrap and other products n.e.c.,,Ajman,
Wholesale of Plastic Waste Trading - Import & Export,,46,466,4669,Wholesale of waste and scrap and other products n.e.c.,,Ajman,
Wholesale of Pledges refueling and fuel,,46,466,4661,"Wholesale of solid, liquid and gaseous fuels and related products",,Ajman,
Wholesale of Poultry Equipment and Apparatuses(Farms) Trading - Import & Export,,46,465,4659,Wholesale of other machinery and equipment,,Ajman,
Wholesale of Precise Electronic Devices Trading - Import & Export,,46,465,4652,Wholesale of electronic and telecommunications equipment and parts,,Ajman,
Wholesale of Preservation and Cooling Equipment and Devices Trading - Import & Export,,46,464,4649,Wholesale of other household goods,,Ajman,
Wholesale of Professional Shoes Trading - Import & Export,,46,464,4641,"Wholesale of textiles, clothing and footwear",,Ajman,
Wholesale of Public Call Equipment Trade,,46,465,4652,Wholesale of electronic and telecommunications equipment and parts,,Ajman,
Wholesale of Radar Devices Trading,,46,465,4652,Wholesale of electronic and telecommunications equipment and parts,,Ajman,
Wholesale of Raw Material Trading - Import & Export,,46,466,4669,Wholesale of waste and scrap and other products n.e.c.,,Ajman,
Wholesale of Raw Material Trading - Import & Export,,46,466,4669,Wholesale of waste and scrap and other products n.e.c.,,Ajman,
Wholesale of Refining and Infiltration Devices Trading - Import & Export,,46,465,4659,Wholesale of other machinery and equipment,,Ajman,
Wholesale of Restaurants and Kitchens Equipment and Outfit Trading - Import & Export,,46,465,4659,Wholesale of other machinery and equipment,,Ajman,
Wholesale of Rice Trading,,46,462,4620,Wholesale of agricultural raw materials and live animals,,Ajman,
Wholesale of Rubber Trading - Import & Export,,46,466,4669,Wholesale of waste and scrap and other products n.e.c.,,Ajman,
Wholesale of Safety and Fire Fighting Equipment and Devices Trading - Import & Export,,46,465,4659,Wholesale of other machinery and equipment,,Ajman,
Wholesale of Salt Trading - Import & Export,,46,463,4630,"Wholesale of food, beverages and tobacco",,Ajman,
Wholesale of Sandals And Slippers,,46,464,4641,"Wholesale of textiles, clothing and footwear",,Ajman,
Wholesale of Sanitary Ware and Connections Trading - Import & Export,,46,466,4663,"Wholesale of construction materials, hardware, plumbing and heating equipment and supplies",,Ajman,
Wholesale of Sanitary Ware and Connections Trading - Import & Export,,46,466,4663,"Wholesale of construction materials, hardware, plumbing and heating equipment and supplies",,Ajman,
"Wholesale of School, Hospital and Laboratory Furniture Trading - Import & Export",,46,465,4659,Wholesale of other machinery and equipment,,Ajman,
Wholesale of Scientific and Practical Equipment and Devices Trading - Import & Export,,46,465,4652,Wholesale of electronic and telecommunications equipment and parts,,Ajman,
Wholesale of Scrap Trading of Used Pipes and Tubes - Import & Export,,46,466,4669,Wholesale of waste and scrap and other products n.e.c.,,Ajman,
Wholesale of Security Apparatuses and Equipment Trading,,46,465,4659,Wholesale of other machinery and equipment,,Ajman,
Wholesale of Security Apparatuses and Equipment Trading - Import & Export,,46,465,4659,Wholesale of other machinery and equipment,,Ajman,
Wholesale of Self-adhesive Material Trading - Import & Export,,46,466,4669,Wholesale of waste and scrap and other products n.e.c.,,Ajman,
Wholesale of Sewing and Weaving Equipment and Spare Parts Trading - Import & Export,,46,465,4659,Wholesale of other machinery and equipment,,Ajman,
Wholesale of Sewing Machine and Outfit Trading - Import & Export,,46,465,4659,Wholesale of other machinery and equipment,,Ajman,
Wholesale of Shipment Containers Trading - Import & Export,,46,465,4659,Wholesale of other machinery and equipment,,Ajman,
Wholesale of Ships and Boats Trading - Import & Export,100436.0,46,465,4659,Wholesale of other machinery and equipment,,Ajman,
Wholesale of Silverware and Table Ware Tradig,,46,464,4649,Wholesale of other household goods,,Ajman,
Wholesale of Slaughtered Fresh Poultry Trading - Import & Export,,46,463,4630,"Wholesale of food, beverages and tobacco",,Ajman,
Wholesale of Solar Power Equipment and Outfit Trading - Import & Export,,46,465,4659,Wholesale of other machinery and equipment,,Ajman,
Wholesale of Solar Power Equipment and Outfit Trading - Import & Export,,46,465,4659,Wholesale of other machinery and equipment,,Ajman,
Wholesale of Spare Parts and Sections Trading of Airplanes - Import & Export,,46,465,4659,Wholesale of other machinery and equipment,,Ajman,
Wholesale of Spare Parts and Sections Trading of Ships and Boats - Import & Export,103296.0,46,465,4659,Wholesale of other machinery and equipment,,Ajman,
Wholesale of Spare Parts Trading of Machines and Motors - Import & Export,,46,465,4659,Wholesale of other machinery and equipment,,Ajman,
Wholesale of Specialized Photography Equipment Tools and Outfit Trading - Import & Export,,46,465,4659,Wholesale of other machinery and equipment,,Ajman,
Wholesale of Spice and Pepper Trading - Import & Export,103235.0,46,463,4630,"Wholesale of food, beverages and tobacco",,Ajman,
Wholesale of Sports Shoes Trading,,46,464,4641,"Wholesale of textiles, clothing and footwear",,Ajman,
Wholesale of sterilizers & disinfectants,103202.0,46,466,4661,"Wholesale of solid, liquid and gaseous fuels and related products",,Ajman,
Wholesale of Sugar Trading - Import & Export,100825.0,46,463,4630,"Wholesale of food, beverages and tobacco",,Ajman,
Wholesale of Sugar Trading - Import & Export,100825.0,46,463,4630,"Wholesale of food, beverages and tobacco",,Ajman,
Wholesale of Sunglasses Trading - Import & Export,,46,464,4649,Wholesale of other household goods,,Ajman,
Wholesale of Sunglasses Trading - Import & Export,,46,464,4649,Wholesale of other household goods,,Ajman,
Wholesale of Swimming Pools Trading - Import & Export,103190.0,46,464,4649,Wholesale of other household goods,,Ajman,
Wholesale of Synthetic Chemical Trading - Import & Export,,46,466,4669,Wholesale of waste and scrap and other products n.e.c.,,Ajman,
Wholesale of Synthetic Cleanser Trading - Import & Export,,46,466,4669,Wholesale of waste and scrap and other products n.e.c.,,Ajman,
Wholesale of Synthetic Gas Trading - Import & Export,,46,466,4669,Wholesale of waste and scrap and other products n.e.c.,,Ajman,
Wholesale of Tailoring Outfit Trading - Import & Export,,46,464,4641,"Wholesale of textiles, clothing and footwear",,Ajman,
Wholesale of Tanks and Reservoirs Trading - Import & Export,103184.0,46,465,4659,Wholesale of other machinery and equipment,,Ajman,
Wholesale of Tanned Leather Trading - Import & Export,,46,464,4649,Wholesale of other household goods,,Ajman,
Wholesale of Tar and Asphalt Trading - Import & Export,,46,466,4663,"Wholesale of construction materials, hardware, plumbing and heating equipment and supplies",,Ajman,
Wholesale of Tea Trading,103268.0,46,463,4630,"Wholesale of food, beverages and tobacco",,Ajman,
Wholesale of Telecommunication Equipment Trading - Import & Export,,46,465,4652,Wholesale of electronic and telecommunications equipment and parts,,Ajman,
"Wholesale of Tents, Umbrellas Pavilions Trading - Import & Export",103097.0,46,465,4659,Wholesale of other machinery and equipment,,Ajman,
Wholesale of Testing and Commissioning Equipment and Apparatuses Trading,,46,465,4659,Wholesale of other machinery and equipment,,Ajman,
Wholesale of Textiles and Clothes Trading,,46,464,4641,"Wholesale of textiles, clothing and footwear",,Ajman,
Wholesale of Textiles and Clothes Trading,,46,464,4641,"Wholesale of textiles, clothing and footwear",,Ajman,
Wholesale of Textiles and Clothes Trading - Import & Export,,46,464,4641,"Wholesale of textiles, clothing and footwear",,Ajman,
Wholesale of Threads and Yarns Trading - Import & Export,,46,464,4641,"Wholesale of textiles, clothing and footwear",,Ajman,
Wholesale of Trade Cutters (sheet metal) Fire Resistance,,46,466,4669,Wholesale of waste and scrap and other products n.e.c.,,Ajman,
Wholesale of Traffic and Guiding Boards and Outfit Trading - Import & Export,,46,465,4659,Wholesale of other machinery and equipment,,Ajman,
Wholesale of Typewriter and Photocopier and Outfit Trading - Import & Export,,46,464,4649,Wholesale of other household goods,,Ajman,
Wholesale of Underwear Trading - Import & Export,,46,464,4641,"Wholesale of textiles, clothing and footwear",,Ajman,
Wholesale of Unit Air-conditioner Trading,,46,465,4659,Wholesale of other machinery and equipment,,Ajman,
Wholesale of Unworked Gold and Precious Metals Trading,,46,466,4662,Wholesale of metals and metal ores,,Ajman,
Wholesale of Unworked Gold and Precious Metals Trading - Import & Export,,46,466,4662,Wholesale of metals and metal ores,,Ajman,
Wholesale of Upholstery Material and Outfit Trading - Import & Export,,46,464,4649,Wholesale of other household goods,,Ajman,
Wholesale of Vehicles Fuel Distribution,,46,466,4661,"Wholesale of solid, liquid and gaseous fuels and related products",,Ajman,
Wholesale of Vending Equipment Trading - Import & Export,,46,465,4659,Wholesale of other machinery and equipment,,Ajman,
Wholesale of Ventilation Devices Trading - Import & Export,,46,465,4659,Wholesale of other machinery and equipment,,Ajman,
Wholesale of Ventilation Devices Trading - Import & Export,,46,465,4659,Wholesale of other machinery and equipment,,Ajman,
Wholesale of Veterinary Apparatuses and Outfit Trading - Import & Export,,46,465,4659,Wholesale of other machinery and equipment,,Ajman,
Wholesale of veterinary medicines,,46,464,4649,Wholesale of other household goods,,Ajman,
Wholesale of Waste and Scrap Metal Import & Export,,46,466,4669,Wholesale of waste and scrap and other products n.e.c.,,Ajman,
Wholesale of Waste and Scrap Metal Import & Export,,46,466,4669,Wholesale of waste and scrap and other products n.e.c.,,Ajman,
Wholesale of Watches Trading- Import & Export,,46,465,4652,Wholesale of electronic and telecommunications equipment and parts,,Ajman,
Wholesale of Watches Trading- Import & Export,,46,465,4652,Wholesale of electronic and telecommunications equipment and parts,,Ajman,
Wholesale of Watches Trading- Import & Export,,46,465,4652,Wholesale of electronic and telecommunications equipment and parts,,Ajman,
Wholesale of Water Cooling and Heating Equipment and Machinery Trading - Import & Export,,46,466,4663,"Wholesale of construction materials, hardware, plumbing and heating equipment and supplies",,Ajman,
Wholesale of Water Desalination Equipment and Machinery and Outfit Trading,,46,465,4659,Wholesale of other machinery and equipment,,Ajman,
Wholesale of Water Heater Trading - Import & Export,,46,466,4663,"Wholesale of construction materials, hardware, plumbing and heating equipment and supplies",,Ajman,
Wholesale of water treatment equipment and purification Trading - Import & Export,,46,466,4669,Wholesale of waste and scrap and other products n.e.c.,,Ajman,
Wholesale of Well Drilling Equipment Trading - Import & Export,,46,465,4659,Wholesale of other machinery and equipment,,Ajman,
Wholesale of Wood Products Trading - Import & Export,103001.0,46,466,4663,"Wholesale of construction materials, hardware, plumbing and heating equipment and supplies",,Ajman,
Wholesale of Wool and Hair Trading - Import & Export,,46,462,4620,Wholesale of agricultural raw materials and live animals,,Ajman,
Wholesale of Workshop Metal Equipment and Tools Trading - Import & Export,,46,465,4659,Wholesale of other machinery and equipment,,Ajman,
Wholesale on a fee or contract basis,,46,461,4610,Wholesale on a fee or contract basis,,Ajman,
Wholesale on a fee or contract basis,,46,461,4610,Wholesale on a fee or contract basis,,Ajman,
Wig Fixing Centre,,96,960,9602,Hairdressing and other beauty treatment,,Ajman,
Wired Communications Wires Manufacturing,,27,273,2732,Manufacture of other electronic and electric wires and cables,,Ajman,
Wired telecommunications activities,103005.0,61,611,6110,Wired telecommunications activities,,Ajman,
Wired telecommunications activities,103005.0,61,611,6110,Wired telecommunications activities,,Ajman,
Wireless Communication Devices And Equipment Trading,,46,465,4652,Wholesale of electronic and telecommunications equipment and parts,,Ajman,
Wireless Communication Devices Renting,,77,773,7730,"Renting and leasing of other machinery, equipment and tangible goods",,Ajman,
Wireless telecommunications activities,,61,612,6120,Wireless telecommunications activities,,Ajman,
Wires & Cables Trading - Import & Export,103003.0,47,475,4752,"Retail sale of hardware, paints and glass in specialized stores",,Ajman,
Women Beauty Salon Works Training,,96,960,9609,Other personal service activities n.e.c.,,Ajman,
Women Body Fitness Club,,93,931,9312,Activities of sports clubs,,Ajman,
Women Massage and Relaxation Centre,,86,869,8690,Other human health activities,,Ajman,
Women Personal Care and Beauty,,96,960,9602,Hairdressing and other beauty treatment,,Ajman,
Women Personal Care and Beauty,,96,960,9602,Hairdressing and other beauty treatment,,Ajman,
Wood Boards Manufacturing,103528.0,16,162,1621,Manufacture of veneer sheets and wood-based panels,,Ajman,
Wood Boat Repairing,,33,331,3315,"Repair of transport equipment, except motor vehicles",,Ajman,
Wooden Boxes Manufacturing,103549.0,16,162,1629,"Manufacture of other products of wood; manufacture of articles of cork, straw and plaiting materials",,Ajman,
Wooden Doors and Windows,103552.0,16,162,1629,"Manufacture of other products of wood; manufacture of articles of cork, straw and plaiting materials",,Ajman,
Wooden Podiums Manufacturing,103554.0,16,162,1629,"Manufacture of other products of wood; manufacture of articles of cork, straw and plaiting materials",,Ajman,
Wool Glass Manufacturing,103683.0,23,231,2310,Manufacture of glass and glass products,,Ajman,
Working Of Diamonds,,32,321,3211,Manufacture of jewellery and related articles,,Ajman,
Workshop Equipment and Machines and Spare Parts Trading - Import & Export,102999.0,46,465,4659,Wholesale of other machinery and equipment,,Ajman,
Workshop Equipment and Machines and Spare Parts Trading - Import & Export,102999.0,46,465,4659,Wholesale of other machinery and equipment,,Ajman,
Workshop Equipment and Machines and Spare Parts Trading - Import & Export,102999.0,46,465,4659,Wholesale of other machinery and equipment,,Ajman,
X-ray Diagnosis Centre,,86,869,8690,Other human health activities,,Ajman,
Yogurt Manufacturing,102994.0,10,105,1050,Manufacture of dairy products,,Ajman,
Real Estate Consultancy,102955,68,682,6820,Real estate activities on a fee or contract basis,,Ajman,Draft
Training on the development of personal competencies,102899,85,854,8549,Other education n.e.c.,,Ajman,Draft
Banking & Finance Training,100372,85,854,8549,Other education n.e.c.,,Ajman,Draft
Training on marketing and advertising,102626,85,854,8549,Other education n.e.c.,,Ajman,Draft
Film-making Training,101415,59,591,5911,"Motion picture, video and television programme production activities",,Ajman,Draft
Ice Skating Training,101841,85,854,8541,Sports and recreation education,,Ajman,Draft
Self-owned property Management Service,102961,68,682,6820,Real estate activities on a fee or contract basis,,Ajman,Draft
Real Estate Development Construction,102958,41,410,4100,Construction of buildings,,Ajman,Draft
Wholesale of Sheep Trading,101805,46,462,4620,Wholesale of agricultural raw materials and live animals,,Ajman,Draft
Wholesale trading of smart Systems,100436,46,465,4659,Wholesale of other machinery and equipment,,Ajman,Draft
Sea Shipping Lines Agents,102610,52,522,5229,Other transportation support activities,,Ajman,Draft
Research and development in the field of smart systems,100863,72,721,7210,Research and experimental development on natural sciences and engineering,,Ajman,Draft
Football Training,101532,85,854,8541,Sports and recreation education,,Ajman,Draft
Hospitality & Tourism Training Services,101808,85,854,8549,Other education n.e.c.,,Ajman,Draft
Technical and Professional Training,103039,85,852,8522,Technical and vocational secondary education,,Ajman,Draft
Costume Designer,100911,74,741,7410,Specialized design activities,,Ajman,Draft
Fashion Designer,101389,74,741,7410,Specialized design activities,,Ajman,Draft
Graphic Designer,101706,74,741,7410,Specialized design activities,,Ajman,Draft
Web Designer,103013,62,620,6201,Computer programming activities,,Ajman,Draft
Business Analyst,100517,70,702,7020,Management consultancy activities,,Ajman,Draft
Real Estate Lease and Management Services,102961,68,682,6820,"Provides leasing, management, and administrative services for real estate properties to optimize asset value and occupancy.",,Ajman,Draft
Hotel Education and Training,100451,85,843,8430,Offers specialized education and training programs focused on hotel management and hospitality services.,,Ajman,Draft
Institute of Education Languages,100451,85,843,8430,Delivers language education and training services through an institute dedicated to language learning and proficiency.,,Ajman,Draft
Administrative Business Training,100091,85,855,8550,Conducts professional training programs aimed at enhancing administrative and business management skills.,,Ajman,Draft
By-contact Training,103980,85,854,8540,Provides customized training services delivered on a contractual or by-contact basis to meet specific client needs.,,Ajman,Draft
Dance Training,100982,85,854,8541,Offers instructional programs and courses in dance techniques and performance skills.,,Ajman,Draft
Investment and development of real estate projects and their establishment and management,103981,68,681,6810,"Engages in the investment, development, establishment, and management of real estate projects and properties.",,Ajman,Draft
Electrical Wiring Switches Manufacturing,103982,27,273,2733,Manufactures electrical wiring switches and related components for use in electrical installations.,,Ajman,Draft
Bus Bars and Electrical Conductors Manufacturing,102259,27,273,2732,Produces bus bars and electrical conductors for industrial and commercial electrical distribution systems.,,Ajman,Draft
Retail sale of Spare Parts Electrical and Electronic Devices,103983,47,475,4759,Retail sells spare parts and components for electrical and electronic devices to end consumers.,,Ajman,Draft
Sports Clubs and Facilities Management and Operation,103221,93,931,9312,"Manages and operates sports clubs and facilities, providing access and services for athletic activities.",,Ajman,Draft
"Web, Mobile, Software Development and Architecture",103256,62,619,6201,"Develops and architects web, mobile, and software applications tailored to client specifications.",,Ajman,Draft
Telecommunication Networking Freelancer,101680,61,602,6020,"Provides freelance telecommunication networking services including installation, maintenance, and consulting.",,Ajman,Draft
Data Science and Analytics Freelancer,101175,62,619,6190,Offers freelance data science and analytics services to analyze and interpret complex data sets for business insights.,,Ajman,Draft
Actor,103685,23,239,2391,"Performs as a professional actor in theatrical, film, television, or other performance productions.",,Ajman,Draft
Aerial Shoot Photographer,102863,74,742,7420,Specializes in aerial photography services using drones or aircraft to capture images from elevated perspectives.,,Ajman,Draft
Animator,103984,59,591,5911,"Creates animated visual content and graphics for entertainment, advertising, or educational purposes.",,Ajman,Draft
Artist,103985,90,900,9000,"Produces original artistic works across various media for exhibition, sale, or commission.",,Ajman,Draft
Audio / Sound Engineer,102790,59,591,5912,"Provides professional audio and sound engineering services for recording, mixing, and live sound production.",,Ajman,Draft
Cameraman,103986,59,591,5911,"Operates as a professional cameraman capturing video footage for film, television, or other media projects.",,Ajman,Draft
Choreographer,103987,90,900,9000,Provides professional choreography services by designing and directing dance performances for various productions and events.,,Ajman,Draft
"Commentators: Radio, Events, Sports, Television",101339,60,602,6020,"Offers live or recorded commentary and analysis for radio, sports, television, and other events to engage and inform audiences.",,Ajman,Draft
Composer,103988,90,900,9000,"Composes original music works for performance, recording, or commercial use across various media and entertainment platforms.",,Ajman,Draft
Concept Designer,100816,74,741,7410,"Develops innovative visual and conceptual designs to support creative projects in advertising, media, and product development.",,Ajman,Draft
Content Provider,101973,63,631,6312,"Produces and distributes digital or traditional content for media platforms, including articles, videos, and multimedia materials.",,Ajman,Draft
Copywriter,103989,73,731,7310,"Creates persuasive and engaging written content for advertising, marketing campaigns, and promotional materials.",,Ajman,Draft
"Critics: Music, Film, Theatre",101412,90,889,8890,"Provides critical reviews and analyses of music, film, and theatre productions for media outlets and publications.",,Ajman,Draft
"Director: Film, Television, Music, Theatre",101412,90,889,8890,"Oversees and directs the creative and technical aspects of film, television, music, or theatre productions to achieve artistic vision.",,Ajman,Draft
Editor: Publishing,102919,58,581,5811,"Manages the preparation, revision, and finalization of written content for publication in books, magazines, or digital media.",,Ajman,Draft
Events Planner,101350,82,823,8230,"Plans, coordinates, and manages all aspects of events to ensure successful execution and client satisfaction.",,Ajman,Draft
Fashion Stylist,101389,90,889,8890,Offers professional styling services by selecting and coordinating fashion apparel and accessories for clients or productions.,,Ajman,Draft
Jewelry Designer,102018,74,741,7410,"Designs and creates original jewelry pieces, combining artistic creativity with craftsmanship for retail or custom orders.",,Ajman,Draft
Journalist,103990,63,639,6391,"Researches, writes, and reports news stories and features for print, broadcast, or digital media outlets.",,Ajman,Draft
Lighting Specialist,102119,43,432,4321,"Specializes in the design, installation, and operation of lighting systems for theatrical, film, television, or event productions.",,Ajman,Draft
Makeup Artist,103991,96,952,9602,"Provides professional makeup application and styling services for individuals in film, theatre, fashion, or special events.",,Ajman,Draft
Market Analyst,102731,73,732,7320,Conducts market research and data analysis to provide insights and forecasts that support business decision-making.,,Ajman,Draft
Marketing Specialist,102631,73,732,7320,"Develops and implements marketing strategies and campaigns to promote products, services, or brands effectively.",,Ajman,Draft
Media Planner,102658,73,731,7310,Plans and coordinates media buying and placement to optimize advertising reach and effectiveness across platforms.,,Ajman,Draft
Music Director,102753,90,889,8890,"Directs and coordinates musical performances and productions, managing musicians and artistic elements to achieve desired outcomes.",,Ajman,Draft
Musician,103992,90,900,9000,"Performs music as a solo artist or ensemble member, delivering live or recorded musical entertainment to audiences.",,Ajman,Draft
Web Developer,103013,62,619,6201,"Develops, designs, and maintains websites and web applications for various clients and industries.",,Ajman,Draft
Writer,103993,90,900,9000,"Produces written content, including articles, books, and reports, for publication or distribution.",,Ajman,Draft
Researcher,103994,72,721,7210,Conducts systematic investigations and studies to generate new knowledge or solve problems in specific fields.,,Ajman,Draft
Economics Analyst,100852,70,702,7020,Analyzes economic data and trends to provide insights and forecasts for businesses and policymakers.,,Ajman,Draft
Financial Analyst,101422,66,661,6610,Evaluates financial data and market conditions to advise on investment decisions and financial planning.,,Ajman,Draft
Investment Analyst,101982,66,663,6630,Assesses investment opportunities and risks to guide clients or organizations in portfolio management.,,Ajman,Draft
Advertising Editor,100096,1,14,143,Oversees the creation and editing of advertising content to ensure effective marketing communication.,,Ajman,Draft
Analyst-Strategy & Policy Planning,103995,70,702,7020,Develops strategic plans and policy recommendations to support organizational goals and decision-making.,,Ajman,Draft
Announcer,103996,60,601,6010,"Presents information and announcements to the public through radio, television, or other media channels.",,Ajman,Draft
Art Critic,100262,90,889,8890,"Critically evaluates and interprets works of art for publication, exhibition, or educational purposes.",,Ajman,Draft
Audiology Technician,100304,33,331,3313,Provides technical support and assistance in the diagnosis and treatment of hearing disorders.,,Ajman,Draft
Career Counsellor,103997,85,855,8550,Offers guidance and advice to individuals regarding career choices and professional development.,,Ajman,Draft
Career Development Specialist,103998,85,855,8550,Designs and implements programs to enhance individuals' career growth and employment opportunities.,,Ajman,Draft
Career Ladder Advisor,103999,78,781,7810,Advises individuals on career progression and advancement within organizational hierarchies.,,Ajman,Draft
Chief Editor,103654,58,581,5813,Manages editorial content and supervises editorial staff to ensure quality and consistency in publications.,,Ajman,Draft
Computer Instructor,100792,85,854,8549,Delivers instruction and training in computer skills and software applications to learners.,,Ajman,Draft
Computer Sciences Trainer,100792,85,854,8549,Provides specialized training in computer science concepts and technologies to students or professionals.,,Ajman,Draft
Computer Systems Analyst,100811,62,619,6202,Analyzes and designs computer systems to improve organizational efficiency and information management.,,Ajman,Draft
Correspondent,104000,63,639,6391,Reports news and information from the field to media organizations for dissemination to the public.,,Ajman,Draft
Data Analyst,100989,62,619,6190,"Collects, processes, and interprets data to support business decisions and strategic initiatives.",,Ajman,Draft
Database Analyst,101038,62,619,6190,Provides expert analysis and interpretation of database structures and data management systems to optimize organizational information use.,,Ajman,Draft
Director of Theatre,103155,90,900,9000,Oversees the artistic and operational direction of theatre productions and related performing arts activities.,,Ajman,Draft
E-Advisor for Organizational Development,101050,70,702,7020,Offers electronic advisory services focused on enhancing organizational development and performance.,,Ajman,Draft
E-Coach for Personal Development,104001,85,855,8550,Delivers online coaching services aimed at personal growth and self-improvement.,,Ajman,Draft
E-Counsellor for Career Counsellor,101334,85,855,8550,Provides career counseling and guidance through electronic platforms to support professional development.,,Ajman,Draft
Educational Means Specialist,100451,85,843,8430,Develops and supplies educational materials and resources for academic and training purposes.,,Ajman,Draft
E-Specialist for Career Development,101050,85,855,8550,Offers electronic career development services to assist individuals in planning and advancing their professional paths.,,Ajman,Draft
E-Supervisor for Programs Development,101047,70,702,7020,Supervises and coordinates the development of programs and projects through electronic management systems.,,Ajman,Draft
E-Trainer for ICT,101334,85,852,8522,Provides online training and instruction in information and communication technologies.,,Ajman,Draft
Events Manager,101350,82,823,8230,"Plans, organizes, and manages events and related activities for various clients and audiences.",,Ajman,Draft
Film Developer,101416,74,742,7420,Processes and develops photographic film for commercial or personal use.,,Ajman,Draft
ICT Trainer,103216,85,852,8522,Conducts training sessions and educational programs in information and communication technology.,,Ajman,Draft
Information Programmes Organizer,100770,82,823,8230,Organizes and manages information programs and campaigns to disseminate knowledge and awareness.,,Ajman,Draft
Information System Analyst,100770,62,619,6190,Analyzes and designs information systems to improve business processes and technology integration.,,Ajman,Draft
Instrumentalist,104002,74,732,7320,Performs as a professional musician specializing in playing musical instruments.,,Ajman,Draft
IT Expert,102007,62,619,6202,Provides expert consulting and technical services in information technology solutions and systems.,,Ajman,Draft
Languages Trainer,103128,85,854,8540,Delivers language training and instruction to individuals and groups for communication proficiency.,,Ajman,Draft
Literary Writer,102130,90,900,9000,"Creates original literary works including fiction, non-fiction, poetry, and other written content.",,Ajman,Draft
Literature Critic,102131,72,722,7220,"Critically evaluates and reviews literary works for publication, academic, or media purposes.",,Ajman,Draft
Management Sciences Trainer,102181,85,855,8550,Provides training and education in management sciences to develop leadership and organizational skills.,,Ajman,Draft
Marketing Studies Researcher,102629,73,732,7320,Conducts research and analysis to evaluate market trends and consumer behavior for strategic marketing decisions.,,Ajman,Draft
Marketing Coordinator,102631,73,731,7310,Coordinates marketing activities and campaigns to ensure effective promotion and brand management.,,Ajman,Draft
Motion Picture Photographer,104003,59,591,5911,"Operates motion picture cameras to capture visual content for films, television, and other media productions.",,Ajman,Draft
Music Critic,102753,90,889,8890,Provides critical reviews and analysis of music performances and recordings for media outlets or publications.,,Ajman,Draft
News Editor,102764,63,639,6391,Oversees the editing and preparation of news content for publication or broadcast.,,Ajman,Draft
News Listener,102764,60,601,6010,Monitors and listens to news broadcasts to gather information and stay informed on current events.,,Ajman,Draft
News Producer,104004,63,639,6391,"Produces and manages the creation and scheduling of news programs for television, radio, or digital platforms.",,Ajman,Draft
Orchestrator,104005,82,823,8230,Arranges and directs musical compositions and performances for orchestras or ensembles.,,Ajman,Draft
Organizational Development Advisor,103256,70,702,7020,Advises organizations on strategies and practices to improve organizational effectiveness and development.,,Ajman,Draft
Personal Development Coach,104006,70,702,7020,Provides coaching and guidance to individuals aimed at enhancing personal growth and self-improvement.,,Ajman,Draft
Personal Trainer,103216,85,854,8541,Offers personalized physical fitness training and exercise programs to improve clients’ health and performance.,,Ajman,Draft
Planning Expert,101756,70,702,7020,Develops and implements strategic plans to achieve organizational goals and optimize resource allocation.,,Ajman,Draft
Plastic Arts Critic,104007,90,900,9000,"Critically evaluates and interprets works of plastic arts for media, academic, or cultural institutions.",,Ajman,Draft
Press Editor,103748,58,581,5813,Edits and manages content for press publications to ensure accuracy and quality of information.,,Ajman,Draft
Press Photographer,102863,74,742,7420,Captures photographic images for press and media outlets to support news stories and reports.,,Ajman,Draft
Press Producer,104008,58,581,5813,Oversees the production process of press materials to ensure timely and accurate publication.,,Ajman,Draft
Press Writer,103748,58,581,5813,"Writes articles and reports for newspapers, magazines, or digital media on various news topics.",,Ajman,Draft
Programs Development Supervisor,101047,62,619,6201,Supervises the development and implementation of programs within an organization or project.,,Ajman,Draft
Project Analyst,102903,70,702,7020,Analyzes project data and performance to support decision-making and improve project outcomes.,,Ajman,Draft
Publication Designer,100444,74,741,7410,Designs the layout and visual presentation of publications to enhance readability and aesthetic appeal.,,Ajman,Draft
Public Relation Coordinator,102910,70,702,7020,Coordinates and manages public relations activities to enhance the image and communication strategies of organizations.,,Ajman,Draft
Radio and Television Engineer,104009,71,702,7020,"Designs, installs, and maintains radio and television broadcasting equipment to ensure optimal transmission quality.",,Ajman,Draft
Recording Sound Technician,104010,59,582,5820,Operates and manages sound recording equipment to capture and produce high-quality audio content.,,Ajman,Draft
Sales Analyst,104011,73,732,7320,Analyzes sales data and market trends to support strategic decision-making and improve business performance.,,Ajman,Draft
Scenario and Dialogue Writer,100830,90,889,8890,"Develops scripts and dialogues for scenarios in film, television, theater, or other media productions.",,Ajman,Draft
Service Delivery Analyst,101015,70,702,7020,Evaluates and optimizes service delivery processes to improve customer satisfaction and operational efficiency.,,Ajman,Draft
Sound Technician,104012,59,591,5912,"Sets up and operates audio equipment for live events, recordings, and broadcasts to ensure sound quality.",,Ajman,Draft
Sports Commentator,103209,60,602,6020,Provides live commentary and expert analysis during sports events for broadcast or media outlets.,,Ajman,Draft
Stage and Puppet Artist,100830,90,900,9000,Performs and creates theatrical and puppet shows for entertainment and cultural presentations.,,Ajman,Draft
Television Photographer,102863,59,591,5911,Captures and produces photographic images and video footage for television programming.,,Ajman,Draft
Television Photographer Assistant,102863,59,591,5911,Assists television photographers by preparing equipment and supporting the filming process.,,Ajman,Draft
Video Editor,104013,59,591,5912,Edits and assembles video footage to produce finished media content for various platforms.,,Ajman,Draft
Web Analyst,103013,73,732,7320,Analyzes website data and user behavior to improve online performance and digital marketing strategies.,,Ajman,Draft
Web Editor,103013,63,631,6312,"Creates, edits, and manages web content to ensure accuracy, relevance, and engagement for online audiences.",,Ajman,Draft
Web Programmer,103013,62,619,6201,Develops and programs websites and web applications to meet client specifications and enhance user experience.,,Ajman,Draft
Web Technician,103013,62,619,6190,Provides technical support and maintenance for web infrastructure and online platforms.,,Ajman,Draft
Holding Company,100041,64,642,6420,Manages and controls investments in subsidiary companies to oversee corporate governance and strategic direction.,,Ajman,Draft
Business Consultancy,100850,70,702,7020,"Offers expert advice and solutions to improve business operations, management, and organizational effectiveness.",,Ajman,Draft
