activity name,activity code,division,group,class,isic description,activity description,jurisdiction,status
Academic Tutoring Services,100006.0,85,854,8549,Other education n.e.c.,,Meydan,
Accidents & Liabilities Insurance,100008.0,65,651,6511,Life insurance,,Meydan,
Accounting & Bookkeeping,100010.0,69,692,6920,"Accounting, bookkeeping and auditing activities; tax consultancy",,Meydan,
Accounting & Office Machinery Rental,100011.0,77,773,7730,"Renting and leasing of other machinery, equipment and tangible goods",,Meydan,
"Accounting, Bookkeeping And Auditing Activities; Tax Consultancy",100010.0,69,692,6920,"Accounting, bookkeeping and auditing activities; tax consultancy",,Meydan,
Acids and Alkalines Trading,100013.0,46,466,4669,Wholesale of waste and scrap and other products n.e.c.,,Meydan,
"Acquiring Film, Video Tape And Dvd Distribution Rights",100015.0,59,591,5913,"Motion picture, video and television programme distribution activities",,Meydan,
"Activities Auxiliary To Financial Service Activities, Except Insurance And Pension Funding",100017.0,66,661,6610,"Activities auxiliary to financial service activities, except insurance and pension funding",,Meydan,
"Activities Auxiliary To Insurance And Pension Funding
",100018.0,66,662,6620,Activities auxiliary to insurance and pension funding,,Meydan,
"Activities Carried On By Agents And Agencies On Behalf Of Individuals Usually Involving The Obtaining Of Engagements In Motion Picture, Theatrical Production Or Other Entertainment Or Sports Attractions And The Placement Of Books, Plays, Artworks, Photographs Etc., With Publishers, Producers Etc.",100019.0,74,749,7490,"Other professional, scientific and technical activities n.e.c.",,Meydan,
"Activities Involved In Or Closely Related To Insurance And Pension Funding (Except Claims Adjusting And Insurance Agents):
 • Salvage Administration
 • Actuarial Services",100020.0,66,662,6629,Other activities auxiliary to insurance and pension funding,,Meydan,
Activities Of Commission Agents And All Other Wholesalers Who Trade On Behalf And On The Account Of Others,100033.0,46,461,4610,Wholesale on a fee or contract basis,,Meydan,
"Activities of those involved in bringing sellers and buyers together or undertaking commercial transactions on behalf of a principal, including on the internet",100075.0,46,461,4610,Wholesale on a fee or contract basis,,Meydan,
Activities Related To Promotion Of Sporting Events,100079.0,93,931,9319,Other sports activities,,Meydan,
"Activities Related To Water Transport Of Passengers, Animals, Or Freight:• Operation Of Terminal Facilities Such As Harbours And Piers,• Operation Of Waterway Locks Etc.,• Navigation, Pilotage And Berthing Activities,• Lighterage, Salvage Activities• Lighthouse Activities",100080.0,52,522,5222,Service activities incidental to water transportation,,Meydan,
Acupuncture Center,100082.0,86,869,8690,Other human health activities,,Meydan,
Addiction Rehabilitation Center,100083.0,87,872,8720,"Residential care activities for mental retardation, mental health and substance abuse",,Meydan,
Address Bar Coding Services,100084.0,82,829,8299,Other business support service activities n.e.c.,,Meydan,
Adhesives Trading,100087.0,46,466,4669,Wholesale of waste and scrap and other products n.e.c.,,Meydan,
Administration Of Loyalty Programmes,100088.0,82,829,8299,Other business support service activities n.e.c.,,Meydan,
Administrative Services For Businessmen,100090.0,82,821,8211,Combined office administrative service activities,,Meydan,
Adult Day Healthcare Facility,100092.0,88,881,8810,Social work activities without accommodation for the elderly and disabled,,Meydan,
Advanced Driving School,100094.0,85,854,8549,Other education n.e.c.,,Meydan,
Advanced First Aid Training Center,100095.0,85,854,8549,Other education n.e.c.,,Meydan,
Advertisement Designing & Producing,100096.0,73,731,7310,Advertising,,Meydan,
Advertising,100096.0,73,731,7310,Advertising,,Meydan,
Advertising Agency,100096.0,73,731,7310,Advertising,,Meydan,
Advertising Requisites Trading,100099.0,46,465,4659,Wholesale of other machinery and equipment,,Meydan,
Advertising Researches & Consultancies,100100.0,73,731,7310,Advertising,,Meydan,
Advertising Services Via Websites,100101.0,73,731,7310,Advertising,,Meydan,
Advertising Signboards Cleaning Services,100102.0,81,812,8129,Other building and industrial cleaning activities,,Meydan,
"Advice And Help To Businesses And Public Services In Planning, Organization, Efficiency And Control, Management Information Etc.",100103.0,70,702,7020,Management consultancy activities,,Meydan,
Advisory Activities And Representation On Behalf Of Clients Before Tax Authorities,100104.0,69,692,6920,"Accounting, bookkeeping and auditing activities; tax consultancy",,Meydan,
Aerial Advertising Services,100106.0,73,731,7310,Advertising,,Meydan,
Aerial Photography Services,100107.0,74,742,7420,Photographic activities,,Meydan,
Agarwood & Incense Trading,100110.0,46,464,4649,Wholesale of other household goods,,Meydan,
Agricultural Crops Selling,100116.0,46,462,4620,Wholesale of agricultural raw materials and live animals,,Meydan,
Agricultural Equipment & Accessories Trading,100118.0,46,465,4653,"Wholesale of agricultural machinery, equipment and supplies",,Meydan,
Agricultural Equipment & Machinery Rental,100119.0,77,773,7730,"Renting and leasing of other machinery, equipment and tangible goods",,Meydan,
Agricultural Equipment & Machinery Spare Parts Trading,100120.0,46,465,4653,"Wholesale of agricultural machinery, equipment and supplies",,Meydan,
Agricultural Extension Services,100121.0,74,749,7490,"Other professional, scientific and technical activities n.e.c.",,Meydan,
Agricultural Laboratory,100122.0,71,712,7120,Technical testing and analysis,,Meydan,
Agricultural Pesticides Trading,100125.0,47,477,4773,Other retail sale of new goods in specialized stores,,Meydan,
Agricultural Research & Consultancy,100127.0,74,749,7490,"Other professional, scientific and technical activities n.e.c.",,Meydan,
Agricultural Tools Trading,100128.0,47,475,4752,"Retail sale of hardware, paints and glass in specialized stores",,Meydan,
Agricultural Tractors & Machinery Trading,100129.0,47,477,4773,Other retail sale of new goods in specialized stores,,Meydan,
Agronomy Consulting,100132.0,74,749,7490,"Other professional, scientific and technical activities n.e.c.",,Meydan,
Air Ambulance Services,100137.0,86,869,8690,Other human health activities,,Meydan,
"Air Cargo Agent
",100138.0,52,522,5229,Other transportation support activities,,Meydan,
Air Cargo Services,100139.0,52,522,5224,Cargo handling,,Meydan,
Air-Condition Trading,100141.0,46,465,4659,Wholesale of other machinery and equipment,,Meydan,
"Air-Condition, Refrigeration Spare Parts & Components Trading",100144.0,46,465,4659,Wholesale of other machinery and equipment,,Meydan,
Aircraft & Requisites Leasing,100156.0,77,773,7730,"Renting and leasing of other machinery, equipment and tangible goods",,Meydan,
Aircraft Classification Services,100159.0,74,749,7490,"Other professional, scientific and technical activities n.e.c.",,Meydan,
Aircraft Cleaning Services,100160.0,81,812,8129,Other building and industrial cleaning activities,,Meydan,
Aircraft Scrap & Used Spare Parts Trading,100165.0,46,466,4669,Wholesale of waste and scrap and other products n.e.c.,,Meydan,
Aircraft Seats Upholstery,100166.0,33,331,3315,"Repair of transport equipment, except motor vehicles",,Meydan,
Aircraft Spare Parts & Components Trading,100167.0,47,477,4773,Other retail sale of new goods in specialized stores,,Meydan,
Airline Inflight Products Trading,100173.0,46,465,4659,Wholesale of other machinery and equipment,,Meydan,
Airplane Management & Operation,100176.0,52,522,5223,Service activities incidental to air transportation,,Meydan,
Airport Equipment & Aircraft Spare Parts Storage Services,100177.0,52,521,5210,Warehousing and storage,,Meydan,
Airport Equipment Trading,100178.0,46,465,4659,Wholesale of other machinery and equipment,,Meydan,
Airport Ground Services,100179.0,52,522,5223,Service activities incidental to air transportation,,Meydan,
Airport Runways Cleaning Services,100181.0,81,812,8129,Other building and industrial cleaning activities,,Meydan,
Ambulance Services,100198.0,86,869,8690,Other human health activities,,Meydan,
Ambulance Transport Of Patients By Any Mode Of Transport Including Airplanes. These Services Are Often Provided During A Medical Emergency,100199.0,86,869,8690,Other human health activities,,Meydan,
American Football Training,100201.0,93,931,9312,Activities of sports clubs,,Meydan,
Amusement Parks And Theme Parks,100203.0,93,932,9320,Other amusement and recreation activities,,Meydan,
"Amusement Parks Or Theme Parks, Including The Operation Of A Variety Of Attractions, Such As Mechanical Rides, Water Rides, Games, Shows, Theme Exhibits And Picnic Grounds",100203.0,93,932,9321,Activities of amusement parks and theme parks,,Meydan,
Anesthesia & Pain Therapy Clinic,100204.0,86,862,8620,Medical and dental practice activities,,Meydan,
Animal & Birds Feed Trading,100206.0,46,462,4620,Wholesale of agricultural raw materials and live animals,,Meydan,
Animal & Poultry Farms Equipment Trading,100207.0,46,465,4659,Wholesale of other machinery and equipment,,Meydan,
Animal Ambulance Activities,100208.0,75,750,7500,Veterinary activities,,Meydan,
Animal Etiquette & Behavior Consultant,100209.0,75,750,7500,Veterinary activities,,Meydan,
Animal Fodder Supplements Trading,100212.0,46,466,4669,Wholesale of waste and scrap and other products n.e.c.,,Meydan,
Animal Health Care And Control Activities For Farm Animals,100213.0,75,750,7500,Veterinary activities,,Meydan,
Animal Health Care And Control Activities For Pet Animals,100214.0,75,750,7500,Veterinary activities,,Meydan,
Animal production,100216.0,1,14,140,Animal production,,Meydan,
Animals & Birds Requisites Trading,100217.0,47,477,4773,Other retail sale of new goods in specialized stores,,Meydan,
Animals Physiotherapy,100219.0,75,750,7500,Veterinary activities,,Meydan,
Animals Transport,100220.0,49,492,4923,Freight transport by road,,Meydan,
Antennas Installation & Repair,100222.0,95,952,9521,Repair of consumer electronics,,Meydan,
Antennas Trading,100224.0,46,465,4652,Wholesale of electronic and telecommunications equipment and parts,,Meydan,
Anti-Rust Treatment,100226.0,45,452,4520,Maintenance and repair of motor vehicles,,Meydan,
Antiques & Rare Collections Repair,100227.0,95,952,9529,Repair of other personal and household goods,,Meydan,
Antiques Museum,100228.0,91,910,9102,Museums activities and operation of historical sites and buildings,,Meydan,
Application Service Provisioning,100232.0,63,631,6311,"Data processing, hosting and related activities",,Meydan,
Appointed General Agent For Airline/Airlines,100233.0,52,522,5229,Other transportation support activities,,Meydan,
"Appraisal Activities Other Than For Real Estate And Insurance (For Antiques, Jewellery, Etc.)",100234.0,74,749,7490,"Other professional, scientific and technical activities n.e.c.",,Meydan,
Aquarium Animals Trading,100236.0,46,462,4620,Wholesale of agricultural raw materials and live animals,,Meydan,
Aquarium Park,100237.0,91,910,9103,Botanical and zoological gardens and nature reserves activities,,Meydan,
Aquariums & Display Cases Trading,100235.0,47,477,4773,Other retail sale of new goods in specialized stores,,Meydan,
Arab Wear Trading,100239.0,47,477,4771,"Retail sale of clothing, footwear and leather articles in specialized stores",,Meydan,
Arabic Gowns Tailoring,100243.0,14,141,1410,"Manufacture of wearing apparel, except fur apparel",,Meydan,
Arabic Men Wears Tailoring,100245.0,14,141,1410,"Manufacture of wearing apparel, except fur apparel",,Meydan,
Archeological Restoration & Conservation Engineering Services,100246.0,71,711,7110,Architectural and engineering activities and related technical consultancy,,Meydan,
Architectural Consulting Activities:,100249.0,71,711,7110,Architectural and engineering activities and related technical consultancy,,Meydan,
Architectural Design Consultancy,100250.0,71,711,7110,Architectural and engineering activities and related technical consultancy,,Meydan,
Architectural Prospective Drawings Services,100254.0,71,711,7110,Architectural and engineering activities and related technical consultancy,,Meydan,
"Arranging And Assembling Tours That Are Sold Through Travel Agencies Or Directly By Tour Operators. The Tours May Include Any Or All Of The Following:• Transportation• Accommodation• Food• Visits To Museums, Historical Or Cultural Sites, Theatrical, Musical Or Sporting Events.",100256.0,79,791,7912,Tour operator activities,,Meydan,
"Arranging Or Organizing Of Transport Operations By Rail, Road, Sea Or Air",100257.0,52,522,5229,Other transportation support activities,,Meydan,
Art Consulting,100258.0,90,900,9000,"Creative, arts and entertainment activities",,Meydan,
Art Gallery,100259.0,90,900,9000,"Creative, arts and entertainment activities",,Meydan,
Art House Cinema,100260.0,59,591,5914,Motion picture projection activities,,Meydan,
Art Instruction,100261.0,85,854,8542,Cultural education,,Meydan,
Art Production,100262.0,90,900,9000,"Creative, arts and entertainment activities",,Meydan,
Artificial Flowers & Plants Trading,100265.0,46,464,4649,Wholesale of other household goods,,Meydan,
Artificial Intelligence Developing,100266.0,72,722,7220,Research and experimental development on social sciences and humanities,,Meydan,
Artistic Production Contracting Services,100272.0,59,591,5913,"Motion picture, video and television programme distribution activities",,Meydan,
Artistic Talent Contracting,100273.0,90,900,9000,"Creative, arts and entertainment activities",,Meydan,
Artistic Work Including Preparation Of Litho Stones And Prepared Woodblocks,100274.0,18,181,1812,Service activities related to printing,,Meydan,
Assembly Of Self-Standing Furniture,100280.0,95,952,9524,Repair of furniture and home furnishings,,Meydan,
"Assessing Insurance Claims
 • Claims Adjusting
 • Risk Assessing
 • Risk And Damage Evaluation
 • Average And Loss Adjusting",100281.0,66,662,6621,Risk and damage evaluation,,Meydan,
Assisted Fertilization Center,100283.0,86,862,8620,Medical and dental practice activities,,Meydan,
Assisted-Living Facilities,100284.0,87,873,8730,Residential care activities for the elderly and disabled,,Meydan,
"Associations For The Pursuit Of A Cultural Or Recreational Activity Or Hobby (Other Than Sports Or Games), E.G. Poetry, Literature And Book Clubs, Historical Clubs, Gardening Clubs, Film And Photo Clubs, Music And Art Clubs, Craft And Collectors’ Clubs, Social Clubs, Carnival Clubs Etc.",100286.0,94,949,9499,Activities of other membership organizations n.e.c.,,Meydan,
Assuming All Or Part Of The Risk Associated With Existing Insurance Policies Originally Underwritten By Other Insurance Carriers,100288.0,65,652,6520,Reinsurance,,Meydan,
"Astronomy, Earthquakes & Meteorology Monitoring Equipment Trading",100290.0,46,464,4649,Wholesale of other household goods,,Meydan,
Auction Hall,100291.0,45,454,4540,"Sale, maintenance and repair of motorcycles and related parts and accessories",,Meydan,
"Auction Organizing
",100293.0,82,829,8299,Other business support service activities n.e.c.,,Meydan,
Auctioning Houses (Retail),100294.0,47,477,4774,Retail sale of second-hand goods,,Meydan,
Audio Recorded Media Distribution,100297.0,59,592,5920,Sound recording and music publishing activities,,Meydan,
Audio Recorded Media Trading,100299.0,46,465,4652,Wholesale of electronic and telecommunications equipment and parts,,Meydan,
"Audio-Visual, Recording Equipment & Accessories Trading",100302.0,46,465,4652,Wholesale of electronic and telecommunications equipment and parts,,Meydan,
Audiology & Speech Center,100304.0,86,869,8690,Other human health activities,,Meydan,
Auditing Of Accounts,100305.0,69,692,6920,"Accounting, bookkeeping and auditing activities; tax consultancy",,Meydan,
"Auditing, Reviewing &Testing Cyber Risks",100306.0,62,620,6202,Computer consultancy and computer facilities management activities,,Meydan,
"Authentic Antiques, Artefacts & Artworks Trading",100308.0,46,464,4649,Wholesale of other household goods,,Meydan,
Authentic Artifacts & Antiques Auction House,100309.0,46,461,4610,Wholesale on a fee or contract basis,,Meydan,
Auto Air-Condition Repair & Maintenance,100313.0,45,452,4520,Maintenance and repair of motor vehicles,,Meydan,
Auto Exhaust Repair,100315.0,45,452,4520,Maintenance and repair of motor vehicles,,Meydan,
Auto General Repair,100316.0,45,452,4520,Maintenance and repair of motor vehicles,,Meydan,
Auto Oil Change,100318.0,45,452,4520,Maintenance and repair of motor vehicles,,Meydan,
Auto Phones Installation & Repair,100319.0,45,452,4520,Maintenance and repair of motor vehicles,,Meydan,
Auto Racetrack,100320.0,93,931,9311,Operation of sports facilities,,Meydan,
Auto Rust Proofing Services,100321.0,45,452,4520,Maintenance and repair of motor vehicles,,Meydan,
Auto Seats Cleaning,100322.0,96,960,9601,Washing and (dry-) cleaning of textile and fur products,,Meydan,
Auto Warehousing,100327.0,52,521,5210,Warehousing and storage,,Meydan,
Auto Washing Equipment Trading,100328.0,46,465,4659,Wholesale of other machinery and equipment,,Meydan,
Automatic Gates & Barriers Trading,100330.0,46,465,4659,Wholesale of other machinery and equipment,,Meydan,
Automobile Driving School,100333.0,85,854,8549,Other education n.e.c.,,Meydan,
Automobile Engineering Services,100334.0,71,711,7110,Architectural and engineering activities and related technical consultancy,,Meydan,
Aviation Club,100339.0,93,931,9312,Activities of sports clubs,,Meydan,
Aviation Consultancy,100340.0,52,522,5229,Other transportation support activities,,Meydan,
Aviation Electrical Network & Distribution Engineering Services,100341.0,71,711,7110,Architectural and engineering activities and related technical consultancy,,Meydan,
Aviation Mechanical Power Engineering Services,100344.0,71,711,7110,Architectural and engineering activities and related technical consultancy,,Meydan,
Aviation Projects Engineering Management &Technical Feasibility Studies Services,100345.0,71,711,7110,Architectural and engineering activities and related technical consultancy,,Meydan,
Aviation Services Coordination,100338.0,52,522,5223,Service activities incidental to air transportation,,Meydan,
"Aviation Trading Brokerage
",100346.0,52,522,5229,Other transportation support activities,,Meydan,
Aviation Training Institute,100347.0,85,854,8549,Other education n.e.c.,,Meydan,
Aviation Training Services,100347.0,85,854,8549,Other education n.e.c.,,Meydan,
Award Rendering Program,100348.0,72,722,7220,Research and experimental development on social sciences and humanities,,Meydan,
Ayurvedic Center,100349.0,86,869,8690,Other human health activities,,Meydan,
Baby Care Requisites Trading,100351.0,46,464,4649,Wholesale of other household goods,,Meydan,
Baby Food Trading,100353.0,46,463,4630,"Wholesale of food, beverages and tobacco",,Meydan,
Baby Spa,100354.0,96,960,9609,Other personal service activities n.e.c.,,Meydan,
Baby Wear Trading,100355.0,46,464,4641,"Wholesale of textiles, clothing and footwear",,Meydan,
Baby-Sitting Services,100356.0,88,889,8890,Other social work activities without accommodation,,Meydan,
Badminton Training,100357.0,93,931,9312,Activities of sports clubs,,Meydan,
Baggage Wrapping,100358.0,52,522,5229,Other transportation support activities,,Meydan,
Bags Tailoring,100359.0,95,952,9529,Repair of other personal and household goods,,Meydan,
Baker,100361.0,46,463,4630,"Wholesale of food, beverages and tobacco",,Meydan,
Bakeries & Flour Mills Equipment Trading,100362.0,46,465,4659,Wholesale of other machinery and equipment,,Meydan,
Balloon Operation & Maintenance,100366.0,93,932,9329,Other amusement and recreation activities n.e.c.,,Meydan,
Balloons Trading,100367.0,47,477,4773,Other retail sale of new goods in specialized stores,,Meydan,
"Bamboo, Cane & Wicker Products Trading",100369.0,47,475,4759,"Retail sale of electrical household appliances, furniture, lighting equipment and other household articles in specialized stores",,Meydan,
Bank Brokers,100370.0,66,661,6619,Other activities auxiliary to financial service activities,,Meydan,
Banking Consultant,100374.0,66,661,6619,Other activities auxiliary to financial service activities,,Meydan,
Banking Representative Office,100371.0,70,701,7010,Activities of head offices,,Meydan,
Bar Code Imprinting Services,100375.0,82,829,8299,Other business support service activities n.e.c.,,Meydan,
Barcode Services,100377.0,82,829,8299,Other business support service activities n.e.c.,,Meydan,
Barges & Tugs Charter,100378.0,77,773,7730,"Renting and leasing of other machinery, equipment and tangible goods",,Meydan,
Baseball Training,100379.0,93,931,9312,Activities of sports clubs,,Meydan,
Basic Industrial Chemicals Trading,100380.0,46,466,4669,Wholesale of waste and scrap and other products n.e.c.,,Meydan,
Basic Non Ferrous Metal Products Trading,100381.0,46,466,4662,Wholesale of metals and metal ores,,Meydan,
Basic Steel Products Trading,100383.0,46,466,4662,Wholesale of metals and metal ores,,Meydan,
Basketball Training,100385.0,93,931,9312,Activities of sports clubs,,Meydan,
Beach Club,100391.0,55,551,5510,Short term accommodation activities,,Meydan,
Beauty & Personal Care Equipment Trading,100393.0,46,465,4659,Wholesale of other machinery and equipment,,Meydan,
Beauty & Personal Care Requisites Trading,100395.0,46,464,4649,Wholesale of other household goods,,Meydan,
Beverage Serving Activities,100400.0,56,563,5630,Beverage serving activities,,Meydan,
Beverages Canteen,100401.0,47,478,4781,"Retail sale via stalls and markets of food, beverages and tobacco products",,Meydan,
Bicycles & Spare Parts Trading,100403.0,46,464,4649,Wholesale of other household goods,,Meydan,
Bicycles Rental,100405.0,77,772,7721,Renting and leasing of recreational and sports goods,,Meydan,
Bill Auditing And Freight Rate Information,100407.0,74,749,7490,"Other professional, scientific and technical activities n.e.c.",,Meydan,
Billboards Advertising,100408.0,73,731,7310,Advertising,,Meydan,
Billiard & Pool Room,100409.0,93,931,9311,Operation of sports facilities,,Meydan,
Billing Services Provider,100411.0,69,692,6920,"Accounting, bookkeeping and auditing activities; tax consultancy",,Meydan,
Biodegradable & Compostable Products Trading,100413.0,47,477,4773,Other retail sale of new goods in specialized stores,,Meydan,
Biological Materials Transport,100414.0,49,492,4923,Freight transport by road,,Meydan,
Birds Trading,100415.0,46,462,4620,Wholesale of agricultural raw materials and live animals,,Meydan,
Blank Cassette Trading,100419.0,46,465,4652,Wholesale of electronic and telecommunications equipment and parts,,Meydan,
"Blankets, Towels & Linens Rental",100421.0,77,772,7729,Renting and leasing of other personal and household goods,,Meydan,
"Blankets, Towels & Linens Trading",100420.0,46,464,4641,"Wholesale of textiles, clothing and footwear",,Meydan,
Blast Furnaces & Smelters Trading,100423.0,46,465,4659,Wholesale of other machinery and equipment,,Meydan,
Blogging Services,100431.0,63,631,6312,Web portals,,Meydan,
Blood Bank Service Center,100432.0,86,869,8690,Other human health activities,,Meydan,
"Blood Banks, Sperm Banks, Transplant Organ Banks Etc.",100433.0,86,869,8690,Other human health activities,,Meydan,
Blueprinting,100434.0,82,821,8219,"Photocopying, document preparation and other specialized office support activities",,Meydan,
Boating & Yachting Training Institute,100435.0,85,854,8549,Other education n.e.c.,,Meydan,
Boats Transport And Towing,100438.0,52,522,5222,Service activities incidental to water transportation,,Meydan,
Body Building Club,100440.0,93,931,9312,Activities of sports clubs,,Meydan,
"Bolts, Nuts, Screws & Nails Trading",100443.0,46,466,4663,"Wholesale of construction materials, hardware, plumbing and heating equipment and supplies",,Meydan,
Book Publishing,100444.0,58,581,5811,Book publishing,,Meydan,
Books Trading,100453.0,46,464,4649,Wholesale of other household goods,,Meydan,
Botanical And Zoological Gardens And Nature Reserves Activities,100457.0,91,910,9103,Botanical and zoological gardens and nature reserves activities,,Meydan,
Bottle Cleaning,100458.0,81,812,8129,Other building and industrial cleaning activities,,Meydan,
Bovine Semen Trading,100460.0,46,462,4620,Wholesale of agricultural raw materials and live animals,,Meydan,
Bowling Club,100461.0,93,931,9312,Activities of sports clubs,,Meydan,
Boxing Club,100463.0,93,931,9312,Activities of sports clubs,,Meydan,
Branding Services,100464.0,73,732,7320,Market research and public opinion polling,,Meydan,
Bread & Bakery Products Trading,100473.0,46,463,4630,"Wholesale of food, beverages and tobacco",,Meydan,
Bricks Making Equipment Trading,100476.0,46,465,4659,Wholesale of other machinery and equipment,,Meydan,
Bricks Trading,100478.0,46,466,4663,"Wholesale of construction materials, hardware, plumbing and heating equipment and supplies",,Meydan,
"Broadcasting Audio Signals Through Radio Broadcasting Studios And Facilities For The Transmission Of Aural Programming To The Public, To Affiliates Or To Subscribers",100481.0,60,601,6010,Radio broadcasting,,Meydan,
Brokerage In Commodities Listed In Foreign Markets,100484.0,66,661,6612,Security and commodity contracts brokerage,,Meydan,
Brokerage In Commodities Listed In Local Markets,100485.0,66,661,6612,Security and commodity contracts brokerage,,Meydan,
Brokerage In Local Securities,100485.0,66,661,6612,Security and commodity contracts brokerage,,Meydan,
Brokerage In Securities Listed In Foreign Markets,100484.0,66,661,6612,Security and commodity contracts brokerage,,Meydan,
Building & Construction Materials Trading,100488.0,46,466,4663,"Wholesale of construction materials, hardware, plumbing and heating equipment and supplies",,Meydan,
Building & Construction Materials Wholesale Trading,100488.0,46,466,4663,"Wholesale of construction materials, hardware, plumbing and heating equipment and supplies",,Meydan,
Building Cleaning Equipment Trading,100489.0,46,465,4659,Wholesale of other machinery and equipment,,Meydan,
Building Cleaning Services,100490.0,81,812,8129,Other building and industrial cleaning activities,,Meydan,
Building Facades Cladding Engineering Design,100495.0,71,711,7110,Architectural and engineering activities and related technical consultancy,,Meydan,
Building Hardware & Tools Trading,100496.0,47,475,4752,"Retail sale of hardware, paints and glass in specialized stores",,Meydan,
Building Inspection Services,100497.0,71,712,7120,Technical testing and analysis,,Meydan,
Building Maquette & Model Making Technical Services,100498.0,71,711,7110,Architectural and engineering activities and related technical consultancy,,Meydan,
Building Maquettes & Models Requisites Trading,100499.0,47,475,4752,"Retail sale of hardware, paints and glass in specialized stores",,Meydan,
Building Mechanical Engineering Services,100500.0,71,711,7110,Architectural and engineering activities and related technical consultancy,,Meydan,
Building Metal Products Trading,100502.0,47,475,4752,"Retail sale of hardware, paints and glass in specialized stores",,Meydan,
Buildings & Civil Works Inspection Engineering Services,100497.0,71,712,7120,Technical testing and analysis,,Meydan,
Buildings Electrical Engineering Services,100509.0,71,711,7110,Architectural and engineering activities and related technical consultancy,,Meydan,
Buildings Energy Efficiency Services,100510.0,71,711,7110,Architectural and engineering activities and related technical consultancy,,Meydan,
Bus Management & Operation,100512.0,52,522,5221,Service activities incidental to land transportation,,Meydan,
Buses Rental,100515.0,77,771,7710,Renting and leasing of motor vehicles,,Meydan,
"Business Brokerage Activities, I.E. Arranging For The Purchase And Sale Of Small And Medium-Sized Businesses, Including Professional Practices, But Not Including Real Estate Brokerage",100519.0,74,749,7490,"Other professional, scientific and technical activities n.e.c.",,Meydan,
Business Incubator,100525.0,70,702,7020,Management consultancy activities,,Meydan,
Business Support Service Activities N.E.C.,100528.0,82,829,8290,Business support service activities n.e.c.,,Meydan,
Businesses Valuation Services,100529.0,69,692,6920,"Accounting, bookkeeping and auditing activities; tax consultancy",,Meydan,
Businessman Services,100530.0,82,829,8299,Other business support service activities n.e.c.,,Meydan,
Butterfly Park,100534.0,91,910,9103,Botanical and zoological gardens and nature reserves activities,,Meydan,
Buying and selling of real estate,100535.0,68,681,6810,Real estate activities with own or leased property,,Meydan,
Cable Tv & Satellite Channels Establishing & Managing,100539.0,61,611,6110,Wired telecommunications activities,,Meydan,
Cable Tv Channel,100540.0,61,611,6110,Wired telecommunications activities,,Meydan,
Cafeterias,100542.0,56,561,5610,Restaurants and mobile food service activities,,Meydan,
Calculators & Spare Parts Trading,100543.0,47,474,4741,"Retail sale of computers, peripheral units, software and telecommunications equipment in specialized stores",,Meydan,
Call Centers Services,100027.0,82,822,8220,Activities of call centres,,Meydan,
Call Centres,100545.0,82,822,8220,Activities of call centres,,Meydan,
Calligraphers & Painters,100547.0,74,741,7410,Specialized design activities,,Meydan,
Camels & Horses Hiring,100548.0,93,932,9321,Activities of amusement parks and theme parks,,Meydan,
"Camping Grounds, Recreational Vehicle Parks And Trailer Parks",100549.0,55,552,5520,"Camping grounds, recreational vehicle parks and trailer parks",,Meydan,
Camping Requisites Trading,100550.0,47,476,4763,Retail sale of sporting equipment in specialized stores,,Meydan,
"Camps, Sports Instruction",100551.0,85,854,8541,Sports and recreation education,,Meydan,
Canned & Preserved Food Trading,100553.0,46,463,4630,"Wholesale of food, beverages and tobacco",,Meydan,
Caps & Lids Trading,100555.0,46,469,4690,Non-specialized wholesale trade,,Meydan,
Car Covering Services,100556.0,82,829,8299,Other business support service activities n.e.c.,,Meydan,
Car Guarantee Extension Services,100558.0,52,522,5229,Other transportation support activities,,Meydan,
Car Parking Systems & Equipment Trading,100559.0,47,477,4773,Other retail sale of new goods in specialized stores,,Meydan,
Car Rental,100561.0,77,771,7710,Renting and leasing of motor vehicles,,Meydan,
Car Washing & Cleaning,100563.0,81,812,8129,Other building and industrial cleaning activities,,Meydan,
Caravans Rental,100565.0,77,773,7730,"Renting and leasing of other machinery, equipment and tangible goods",,Meydan,
Carbon Control Systems Trading,100566.0,46,465,4659,Wholesale of other machinery and equipment,,Meydan,
Card Game Instruction (Such As Bridge),100569.0,85,854,8541,Sports and recreation education,,Meydan,
Cardiac Clinic,100570.0,86,862,8620,Medical and dental practice activities,,Meydan,
Cargo Containers Rental,100575.0,77,773,7730,"Renting and leasing of other machinery, equipment and tangible goods",,Meydan,
Cargo Containers Trading,100576.0,46,465,4659,Wholesale of other machinery and equipment,,Meydan,
Cargo Freight Consultancy,100577.0,70,702,7020,Management consultancy activities,,Meydan,
Cargo Handling,100578.0,52,522,5224,Cargo handling,,Meydan,
Cargo Loading & Unloading Services,100579.0,52,522,5224,Cargo handling,,Meydan,
Cargo Packaging,100580.0,52,522,5224,Cargo handling,,Meydan,
"Carpet And Rug Shampooing And Drapery And Curtain Cleaning, Whether On Clients Premises Or Not",100586.0,96,960,9601,Washing and (dry-) cleaning of textile and fur products,,Meydan,
Carpets & Textiles Mending,100589.0,96,960,9601,Washing and (dry-) cleaning of textile and fur products,,Meydan,
Cartoons Production,100603.0,59,591,5911,"Motion picture, video and television programme production activities",,Meydan,
"Casting Agencies And Bureaus, Such As Theatrical Casting Agencies",100606.0,78,781,7810,Activities of employment placement agencies,,Meydan,
Catering Services,100620.0,56,562,5629,Other food service activities,,Meydan,
Cement & Gypsum Trading,100624.0,46,466,4663,"Wholesale of construction materials, hardware, plumbing and heating equipment and supplies",,Meydan,
Cement Products Trading,100626.0,46,466,4663,"Wholesale of construction materials, hardware, plumbing and heating equipment and supplies",,Meydan,
Central Gas Tanks Filling,100631.0,47,477,4773,Other retail sale of new goods in specialized stores,,Meydan,
Central Station Linking Services,100632.0,80,802,8020,Security systems service activities,,Meydan,
Central Ventilators & Air Filters Trading,100633.0,47,477,4773,Other retail sale of new goods in specialized stores,,Meydan,
Centralized Administrative Offices,100634.0,70,701,7010,Activities of head offices,,Meydan,
Ceramic & Chinaware Trading,100635.0,46,464,4649,Wholesale of other household goods,,Meydan,
CHandeliers Trading,100645.0,46,464,4649,Wholesale of other household goods,,Meydan,
Charcoal & Firewood Trading,100646.0,46,466,4661,"Wholesale of solid, liquid and gaseous fuels and related products",,Meydan,
Charters for Passengers & Cargo,100648.0,51,511,5110,Passenger air transport,,Meydan,
Cheerleading Instruction,100649.0,85,854,8541,Sports and recreation education,,Meydan,
Chemical & Biological Laboratory,100652.0,71,712,7120,Technical testing and analysis,,Meydan,
Chemical & Oil Engineering Consultancies,100653.0,71,711,7110,Architectural and engineering activities and related technical consultancy,,Meydan,
Chemical Fertilizers Trading,100656.0,46,466,4669,Wholesale of waste and scrap and other products n.e.c.,,Meydan,
Chemicals & Wastes Transportation,100662.0,49,492,4923,Freight transport by road,,Meydan,
"Chemicals Storage
",100664.0,52,521,5210,Warehousing and storage,,Meydan,
Chess Club,100665.0,93,931,9312,Activities of sports clubs,,Meydan,
"Child Day Care Activities, Including For Handicapped Children",100666.0,88,889,8890,Other social work activities without accommodation,,Meydan,
Child Identification Kit Making,100667.0,96,960,9609,Other personal service activities n.e.c.,,Meydan,
Child Skills Development Training,100668.0,85,854,8549,Other education n.e.c.,,Meydan,
Childbirth Support Services (Doula),100669.0,86,869,8690,Other human health activities,,Meydan,
Children Carts Rental,100671.0,77,772,7729,Renting and leasing of other personal and household goods,,Meydan,
Children Games & Baby Care Requisites Rental,100673.0,77,772,7721,Renting and leasing of recreational and sports goods,,Meydan,
Children Hairdressing,100674.0,96,960,9602,Hairdressing and other beauty treatment,,Meydan,
Children Mobile Hairdresser,100675.0,96,960,9602,Hairdressing and other beauty treatment,,Meydan,
Children With Autism Rehabilitation Center,100679.0,87,872,8720,"Residential care activities for mental retardation, mental health and substance abuse",,Meydan,
Chiropractic Center,100682.0,86,869,8690,Other human health activities,,Meydan,
Choreography,100685.0,90,900,9000,"Creative, arts and entertainment activities",,Meydan,
Cine-Clubs,100687.0,59,591,5914,Motion picture projection activities,,Meydan,
Cinema,100688.0,59,591,5914,Motion picture projection activities,,Meydan,
Circus,100691.0,90,900,9000,"Creative, arts and entertainment activities",,Meydan,
City Cleaning Equipment Trading,100692.0,46,465,4659,Wholesale of other machinery and equipment,,Meydan,
Civil Aviation Information Services,100694.0,52,522,5223,Service activities incidental to air transportation,,Meydan,
Civil Engineering Consultancy,100695.0,71,711,7110,Architectural and engineering activities and related technical consultancy,,Meydan,
Claims Settlement Services,100700.0,66,662,6621,Risk and damage evaluation,,Meydan,
Classic Cars Trading,100701.0,45,451,4510,Sale of motor vehicles,,Meydan,
Cleaning Activities,100703.0,81,812,8129,Other building and industrial cleaning activities,,Meydan,
Cleaning Of Industrial Machinery,100706.0,81,812,8129,Other building and industrial cleaning activities,,Meydan,
Cleaning Of The Inside Of Road And Sea Tankers,100708.0,81,812,8129,Other building and industrial cleaning activities,,Meydan,
Cleanroom Systems Trading,100711.0,47,477,4773,Other retail sale of new goods in specialized stores,,Meydan,
Clinical Laboratory,100713.0,86,869,8690,Other human health activities,,Meydan,
Clinico Pathological And Other Diagnostic Activities Pertaining To Animals,100714.0,75,750,7500,Veterinary activities,,Meydan,
Cloth Hangers Trading,100716.0,47,475,4759,"Retail sale of electrical household appliances, furniture, lighting equipment and other household articles in specialized stores",,Meydan,
Cloth Pressing Services,100717.0,96,960,9601,Washing and (dry-) cleaning of textile and fur products,,Meydan,
Cloud Service & Datacenters Providers,100724.0,63,631,6311,"Data processing, hosting and related activities",,Meydan,
Co-Operative Industrial,100725.0,47,471,4711,"Retail sale in non-specialized stores with food, beverages or tobacco predominating",,Meydan,
Co-Operative Society,100726.0,94,949,9499,Activities of other membership organizations n.e.c.,,Meydan,
Co-Operatives Agricultural,100727.0,47,471,4711,"Retail sale in non-specialized stores with food, beverages or tobacco predominating",,Meydan,
Coastal Engineering Consultancies,100731.0,71,711,7110,Architectural and engineering activities and related technical consultancy,,Meydan,
Coffee Shop,100736.0,56,563,5630,Beverage serving activities,,Meydan,
Coffee Trading,100735.0,46,463,4630,"Wholesale of food, beverages and tobacco",,Meydan,
Cold Storage,100739.0,52,521,5210,Warehousing and storage,,Meydan,
Collateral Management Services,100741.0,66,661,6619,Other activities auxiliary to financial service activities,,Meydan,
Collection Agencies And Credit Bureaus,100745.0,82,829,8291,Activities of collection agencies and credit bureaus,,Meydan,
Collection Of Letter-Mail And Parcels From Public Letter-Boxes Or From Post Offices,100749.0,53,531,5310,Postal activities,,Meydan,
"Collection Of Payments For Claims And Remittance Of Payments Collected To The Clients, Such As Bill Or Debt Collection Services",100751.0,82,829,8291,Activities of collection agencies and credit bureaus,,Meydan,
College,100756.0,85,853,8530,Higher education,,Meydan,
College Board Preparation,100757.0,85,854,8549,Other education n.e.c.,,Meydan,
Combined Facilities Support Activities,100760.0,81,811,8110,Combined facilities support activities,,Meydan,
Combined Office Administrative Service Activities,100761.0,82,821,8211,Combined office administrative service activities,,Meydan,
Commercial And Consumer Photograph Production,100763.0,74,742,7420,Photographic activities,,Meydan,
Commercial Art Galleries,100764.0,47,477,4773,Other retail sale of new goods in specialized stores,,Meydan,
Commercial Brokerage Services,100766.0,46,461,4610,Wholesale on a fee or contract basis,,Meydan,
Commercial Brokers,100766.0,46,461,4610,Wholesale on a fee or contract basis,,Meydan,
Commercial Information Services,100770.0,70,702,7020,Management consultancy activities,,Meydan,
Commercial Photographs Production,100771.0,74,742,7420,Photographic activities,,Meydan,
Commercial Publications Editing,100772.0,58,581,5811,Book publishing,,Meydan,
Communication Consultancy,100776.0,70,702,7020,Management consultancy activities,,Meydan,
Communication Engineering Services,100777.0,71,711,7110,Architectural and engineering activities and related technical consultancy,,Meydan,
Community And Neighborhood Activities,100778.0,88,889,8890,Other social work activities without accommodation,,Meydan,
Community College,100779.0,85,853,8530,Higher education,,Meydan,
Companies Representation,100780.0,70,701,7010,Activities of head offices,,Meydan,
"Compiling Of Information, Such As Credit And Employment Histories On Individuals And Credit Histories On Businesses And Providing The Information To Financial Institutions, Retailers And Others Who Have A Need To Evaluate The Creditworthiness Of These Persons And Businesses",100783.0,82,829,8291,Activities of collection agencies and credit bureaus,,Meydan,
Compliance Certification For Building Construction Products,100784.0,71,712,7120,Technical testing and analysis,,Meydan,
Compliance Consultancy,100785.0,66,661,6619,Other activities auxiliary to financial service activities,,Meydan,
Computer & Data Processing Requisites Trading,100790.0,47,474,4741,"Retail sale of computers, peripheral units, software and telecommunications equipment in specialized stores",,Meydan,
Computer Consultancy And Computer Facilities Management Activities,100792.0,62,620,6202,Computer consultancy and computer facilities management activities,,Meydan,
Computer Disaster Recovery,100793.0,62,620,6209,Other information technology and computer service activities,,Meydan,
Computer Electric Accessories Trading,100794.0,47,474,4741,"Retail sale of computers, peripheral units, software and telecommunications equipment in specialized stores",,Meydan,
Computer Equipment Requisites Trading,100796.0,47,474,4741,"Retail sale of computers, peripheral units, software and telecommunications equipment in specialized stores",,Meydan,
Computer Programming Activities,100801.0,62,620,6201,Computer programming activities,,Meydan,
"Computer Programming, Consultancy And Related Activities",100801.0,62,620,6200,"Computer programming, consultancy and related activities",,Meydan,
Computer Repair & Maintenance,100802.0,95,951,9511,Repair of computers and peripheral equipment,,Meydan,
Computer Repair Training,100803.0,85,852,8522,Technical and vocational secondary education,,Meydan,
Computer System Housing Services,100807.0,63,631,6311,"Data processing, hosting and related activities",,Meydan,
Computer Systems & Communication Equipment Software Design,100808.0,62,620,6201,Computer programming activities,,Meydan,
Computer Systems & Communication Equipment Software Trading,100809.0,47,474,4741,"Retail sale of computers, peripheral units, software and telecommunications equipment in specialized stores",,Meydan,
Computer Systems Consultancies,100811.0,62,620,6202,Computer consultancy and computer facilities management activities,,Meydan,
Computer Training,100813.0,85,854,8549,Other education n.e.c.,,Meydan,
Concept & Design Consultancy,100816.0,62,620,6202,Computer consultancy and computer facilities management activities,,Meydan,
"Concession Operation Of Coin-Operated Personal Service Machines (Photo Booths, Weighing Machines, Machines For Checking Blood Pressure, Coin-Operated Lockers Etc.)",100817.0,96,960,9609,Other personal service activities n.e.c.,,Meydan,
Concierge Services,100818.0,81,811,8110,Combined facilities support activities,,Meydan,
Conducting Marketing Campaigns And Other Advertising Services Aimed At Attracting And Retaining Customers,100823.0,73,731,7310,Advertising,,Meydan,
Confectionery & Chocolate Trading,100825.0,46,463,4630,"Wholesale of food, beverages and tobacco",,Meydan,
Conferences & Seminars Organizing,100827.0,82,823,8230,Organization of conventions and trade shows,,Meydan,
Construction and Demolition Waste Collection and Transportation Services,100832.0,38,381,3811,Collection of non-hazardous waste,,Meydan,
Construction Chemicals Trading,100835.0,46,466,4669,Wholesale of waste and scrap and other products n.e.c.,,Meydan,
Construction Engineering Services,100836.0,71,711,7110,Architectural and engineering activities and related technical consultancy,,Meydan,
Construction Equipment & Machinery Rental,100838.0,77,773,7730,"Renting and leasing of other machinery, equipment and tangible goods",,Meydan,
Construction Equipment & Machinery Spare Parts Trading,100839.0,47,477,4773,Other retail sale of new goods in specialized stores,,Meydan,
Construction Equipment & Machinery Trading,100840.0,47,477,4773,Other retail sale of new goods in specialized stores,,Meydan,
"Consultants Other Than Architecture, Engineering And Management Consultants",100861.0,74,749,7490,"Other professional, scientific and technical activities n.e.c.",,Meydan,
Continuing Care Retirement Communities,100881.0,87,873,8730,Residential care activities for the elderly and disabled,,Meydan,
Convalescence House,100883.0,87,871,8710,Residential nursing care facilities,,Meydan,
Converting Industries Equipment & Machinery Rental,100884.0,77,773,7730,"Renting and leasing of other machinery, equipment and tangible goods",,Meydan,
Cookers & Cook Stove Repair,100886.0,95,952,9522,Repair of household appliances and home and garden equipment,,Meydan,
Cookers & Cook Stoves Trading,100888.0,47,475,4759,"Retail sale of electrical household appliances, furniture, lighting equipment and other household articles in specialized stores",,Meydan,
Cooking & Household Training Services,100889.0,85,854,8549,Other education n.e.c.,,Meydan,
Cooking Consultant,100890.0,70,702,7020,Management consultancy activities,,Meydan,
Cord Blood Center,100897.0,86,869,8690,Other human health activities,,Meydan,
Corporate Offices,100901.0,70,701,7010,Activities of head offices,,Meydan,
Corporate Services Provider (Csp),100781.0,70,701,7010,Activities of head offices,,Meydan,
Corporate Social Responsibility Initiatives Preparation,100903.0,82,829,8299,Other business support service activities n.e.c.,,Meydan,
Cosmetology And Barber Schools,100909.0,85,852,8522,Technical and vocational secondary education,,Meydan,
Cost Control & Risk Management Services,100910.0,70,702,7020,Management consultancy activities,,Meydan,
"Costumes, Shoes & Personal Items Rental",100913.0,77,772,7729,Renting and leasing of other personal and household goods,,Meydan,
Cotton & Natural Fibers Trading,100914.0,46,462,4620,Wholesale of agricultural raw materials and live animals,,Meydan,
Courier Activities,100917.0,53,532,5320,Courier activities,,Meydan,
Crane Rails & Fixing Accessories Trading,100919.0,47,475,4752,"Retail sale of hardware, paints and glass in specialized stores",,Meydan,
Creation And Realization Of Advertising Campaigns,100923.0,73,731,7310,Advertising,,Meydan,
"Creation Of A Complete Television Channel Programme, From Purchased Programme Components (E.G. Movies, Documentaries Etc.), Self Produced Programme Components (E.G. Local News, Live Reports) Or A Combination Thereof",100924.0,60,602,6020,Television programming and broadcasting activities,,Meydan,
"Creative, Arts And Entertainment Activities",100928.0,90,900,9000,"Creative, arts and entertainment activities",,Meydan,
Credit & Saving Insurance,100930.0,65,651,6511,Life insurance,,Meydan,
Credit Rating Services,100932.0,82,829,8291,Activities of collection agencies and credit bureaus,,Meydan,
Credit Review Services,100933.0,66,661,6619,Other activities auxiliary to financial service activities,,Meydan,
Cricket Club,100935.0,93,931,9312,Activities of sports clubs,,Meydan,
Crystal Products Trading,100948.0,46,464,4649,Wholesale of other household goods,,Meydan,
Cultural Education,100949.0,85,854,8542,Cultural education,,Meydan,
Culture & Arts Publishing,100951.0,58,581,5811,Book publishing,,Meydan,
Currencies & Monetary Broker,100954.0,66,661,6612,Security and commodity contracts brokerage,,Meydan,
Curtains & Upholstery Fabrics Trading,100955.0,46,464,4641,"Wholesale of textiles, clothing and footwear",,Meydan,
Curtains Preparing & Fixing,100957.0,95,952,9524,Repair of furniture and home furnishings,,Meydan,
Customer Care Center,100961.0,82,829,8299,Other business support service activities n.e.c.,,Meydan,
"Customizing Of Software, I.E. Modifying And Configuring An Existing Application So ThatIt Is Functional Within The Clients’ Information System Environment",100962.0,62,620,6201,Computer programming activities,,Meydan,
Customs Consultant,100965.0,52,522,5229,Other transportation support activities,,Meydan,
Cutlery & Silverware Trading,100966.0,46,464,4649,Wholesale of other household goods,,Meydan,
Cyber Risk Management Services,100975.0,62,620,6202,Computer consultancy and computer facilities management activities,,Meydan,
Cyber Security Architecture,100976.0,62,620,6201,Computer programming activities,,Meydan,
Cyber Security Consultancy,100977.0,62,620,6202,Computer consultancy and computer facilities management activities,,Meydan,
Dance Instruction And Dance Studios,100982.0,85,854,8542,Cultural education,,Meydan,
Data Broadcasting Integrated With Radio Broadcasting,100983.0,60,601,6010,Radio broadcasting,,Meydan,
Data Broadcasting Integrated With Television Broadcasting,100984.0,60,602,6020,Television programming and broadcasting activities,,Meydan,
Data Classification & Analysis Services,100985.0,63,631,6311,"Data processing, hosting and related activities",,Meydan,
Data Entry Services,100987.0,63,631,6311,"Data processing, hosting and related activities",,Meydan,
Data Processing Activities:• Complete Processing Of Data Supplied By Clients.• Generation Of Specialized Reports From Data Supplied By Clients.,100990.0,63,631,6311,"Data processing, hosting and related activities",,Meydan,
"Data Processing, Hosting And Related Activities",100991.0,63,631,6311,"Data processing, hosting and related activities",,Meydan,
"Data Processing, Hosting And Related Activities; Web Portals",100991.0,63,631,6310,"Data processing, hosting and related activities; web portals",,Meydan,
Datacenter Colocation Services,100994.0,63,631,6311,"Data processing, hosting and related activities",,Meydan,
Dates Seller,100998.0,47,478,4781,"Retail sale via stalls and markets of food, beverages and tobacco products",,Meydan,
Dates Trading,100999.0,47,472,4721,Retail sale of food in specialized stores,,Meydan,
Day Surgical Center,101000.0,86,862,8620,Medical and dental practice activities,,Meydan,
Debt Collecting,101002.0,82,829,8291,Activities of collection agencies and credit bureaus,,Meydan,
Decoration Materials & Partitions Trading,101010.0,46,466,4663,"Wholesale of construction materials, hardware, plumbing and heating equipment and supplies",,Meydan,
Decorative Sculptures Making,101012.0,90,900,9000,"Creative, arts and entertainment activities",,Meydan,
"Delivery Of Visual, Aural Or Textual Programming Received From Cable Networks, Local Television Stations Or Radio Networks To Consumers Via Direct-To-Home Satellite Systems (The Units Classified Here Do Not Generally Originate Programming Material.)",101014.0,61,613,6130,Satellite telecommunications activities,,Meydan,
Delivery Services,101015.0,53,532,5320,Courier activities,,Meydan,
Dental Activities In Operating Rooms,101017.0,86,862,8620,Medical and dental practice activities,,Meydan,
"Dental Paramedical Personnel Such As Dental Therapists, School Dental Nurses And Dental Hygienists, Who May Work Remote From, But Are Periodically Supervised By, The Dentist",101019.0,86,869,8690,Other human health activities,,Meydan,
Dental Surgery Clinic,101020.0,86,862,8620,Medical and dental practice activities,,Meydan,
Department Store,101022.0,47,471,4719,Other retail sale in non-specialized stores,,Meydan,
Dermatology Clinic,101024.0,86,862,8620,Medical and dental practice activities,,Meydan,
Desert Driving Institute,101026.0,85,854,8549,Other education n.e.c.,,Meydan,
Design & Artwork Services,101027.0,18,181,1812,Service activities related to printing,,Meydan,
"Design Of Accounting Methods Or Procedures, Cost Accounting Programmes, Budgetary Control Procedures",101030.0,70,702,7020,Management consultancy activities,,Meydan,
"Design Of Printing Products E.G. Sketches, Layouts, Dummies Etc.",101031.0,18,181,1812,Service activities related to printing,,Meydan,
Design Services,101032.0,74,741,7410,Specialized design activities,,Meydan,
"Designing The Structure And Content Of, And/Or Writing The Computer Code Necessary To Create And Implement Systems Software & Application (Including Updates And Patches), Database & Webpages",101038.0,62,620,6201,Computer programming activities,,Meydan,
Detergents & Disinfectants Trading,101043.0,46,466,4669,Wholesale of waste and scrap and other products n.e.c.,,Meydan,
Diamond & Precious Gemstones Testing Laboratory,101052.0,71,712,7120,Technical testing and analysis,,Meydan,
Diaper Supply Services,101054.0,96,960,9601,Washing and (dry-) cleaning of textile and fur products,,Meydan,
Diesel Fuel Trading,101058.0,46,466,4661,"Wholesale of solid, liquid and gaseous fuels and related products",,Meydan,
Diesel Fuel Transport And Distribution,101060.0,46,466,4661,"Wholesale of solid, liquid and gaseous fuels and related products",,Meydan,
Dieting & Weight Control Services,101061.0,86,869,8690,Other human health activities,,Meydan,
Digital Content Management,101065.0,70,702,7020,Management consultancy activities,,Meydan,
Digital Content Services,101064.0,62,620,6202,Computer consultancy and computer facilities management activities,,Meydan,
Digital Marketing,101066.0,73,731,7310,Advertising,,Meydan,
Digital Media Management,101068.0,73,731,7310,Advertising,,Meydan,
Direct Marketing,101075.0,73,731,7310,Advertising,,Meydan,
"Direct Sale Via Television, Radio And Telephone",101076.0,47,479,4791,Retail sale via mail order houses or via Internet,,Meydan,
"Direct Selling Of Fuel (Heating Oil, Fire Wood Etc.), Delivered Directly To The Customers Premises",101077.0,47,479,4799,"Other retail sale not in stores, stalls or markets",,Meydan,
Disability Rehabilitation Center,101080.0,85,852,8522,Technical and vocational secondary education,,Meydan,
Discount Cards Services,101081.0,45,454,4540,"Sale, maintenance and repair of motorcycles and related parts and accessories",,Meydan,
Disinfecting And Exterminating Activities,101083.0,81,812,8129,Other building and industrial cleaning activities,,Meydan,
Disinfecting Booths & Equipment Rental,101084.0,77,773,7730,"Renting and leasing of other machinery, equipment and tangible goods",,Meydan,
Disinfecting Booths & Equipment Trading,101085.0,46,465,4659,Wholesale of other machinery and equipment,,Meydan,
Disinfection & Sterilization Services,101086.0,81,812,8129,Other building and industrial cleaning activities,,Meydan,
Dismantling Large-Scale Machinery And Equipment,101088.0,33,332,3320,Installation of industrial machinery and equipment,,Meydan,
"Dismantling Of Automobiles, Computers, Televisions And Other Equipment To Obtain And Re-Sell Usable Parts",101090.0,46,466,4669,Wholesale of waste and scrap and other products n.e.c.,,Meydan,
"Distributing Film, Video Tapes, Dvds And Similar Productions To Motion Picture Theatres, Television Networks And Stations And Exhibitors",101101.0,59,591,5913,"Motion picture, video and television programme distribution activities",,Meydan,
Distribution And Delivery Of Mail And Parcels,101103.0,53,532,5320,Courier activities,,Meydan,
Distribution And Delivery Of Mail And Parcels,101103.0,53,532,5320,Courier activities,,Meydan,
Distribution Of Advertising Materials & Samples,101106.0,73,731,7310,Advertising,,Meydan,
District And Regional Offices,101109.0,70,701,7010,Activities of head offices,,Meydan,
District Cooling Plants Engineering,101111.0,71,711,7110,Architectural and engineering activities and related technical consultancy,,Meydan,
Diving & Snorkeling Club,101112.0,93,931,9312,Activities of sports clubs,,Meydan,
Diving Equipment Trading,101115.0,47,476,4763,Retail sale of sporting equipment in specialized stores,,Meydan,
Diving Services,101116.0,74,749,7490,"Other professional, scientific and technical activities n.e.c.",,Meydan,
Document Editing Or Proofreading,101117.0,82,821,8219,"Photocopying, document preparation and other specialized office support activities",,Meydan,
Document Preparation,101118.0,82,821,8219,"Photocopying, document preparation and other specialized office support activities",,Meydan,
Document Verification Followup Services,101119.0,82,829,8299,Other business support service activities n.e.c.,,Meydan,
Documentary Filming,101121.0,59,591,5911,"Motion picture, video and television programme production activities",,Meydan,
Documents & Data Verification Services,101124.0,80,802,8020,Security systems service activities,,Meydan,
Documents Clearing Services,101126.0,82,829,8299,Other business support service activities n.e.c.,,Meydan,
Documents Copying Services,101127.0,82,821,8219,"Photocopying, document preparation and other specialized office support activities",,Meydan,
Documents Delivery,101125.0,53,532,5320,Courier activities,,Meydan,
Documents Destroying Services,101126.0,82,821,8219,"Photocopying, document preparation and other specialized office support activities",,Meydan,
Documents Storage Services,101129.0,82,821,8219,"Photocopying, document preparation and other specialized office support activities",,Meydan,
Domestic Kitchen & Fixture Trading,101131.0,47,475,4759,"Retail sale of electrical household appliances, furniture, lighting equipment and other household articles in specialized stores",,Meydan,
Domestic Pets Boarding,101132.0,96,960,9609,Other personal service activities n.e.c.,,Meydan,
Domestic Pets Grooming,101133.0,96,960,9602,Hairdressing and other beauty treatment,,Meydan,
"Doors, Windows & Other Plastic Building Products Trading",101136.0,46,466,4663,"Wholesale of construction materials, hardware, plumbing and heating equipment and supplies",,Meydan,
Drama Schools (Except Academic),101137.0,85,854,8542,Cultural education,,Meydan,
Dried Vegetables & Fruit Trading,101141.0,46,463,4630,"Wholesale of food, beverages and tobacco",,Meydan,
"Drilling, Stock & Production Engineering Services",101144.0,71,711,7110,Architectural and engineering activities and related technical consultancy,,Meydan,
Drinking Water Transport,101145.0,49,492,4923,Freight transport by road,,Meydan,
Driving Test Vehicles Rental,101146.0,77,771,7710,Renting and leasing of motor vehicles,,Meydan,
Drug Store,101148.0,47,477,4772,"Retail sale of pharmaceutical and medical goods, cosmetic and toilet articles in specialized stores",,Meydan,
Dry Batteries Trading,101150.0,46,465,4652,Wholesale of electronic and telecommunications equipment and parts,,Meydan,
Dry Cleaning Services,101151.0,96,960,9601,Washing and (dry-) cleaning of textile and fur products,,Meydan,
Dry Ice Blast Cleaning,101153.0,81,812,8129,Other building and industrial cleaning activities,,Meydan,
Dry Ice Trading,101155.0,46,464,4649,Wholesale of other household goods,,Meydan,
Duplicating,101158.0,82,821,8219,"Photocopying, document preparation and other specialized office support activities",,Meydan,
E-Banking,101161.0,66,661,6619,Other activities auxiliary to financial service activities,,Meydan,
E-Books Publishing,101162.0,58,581,5811,Book publishing,,Meydan,
E-Commerce,101163.0,47,479,4791,Retail sale via mail order houses or via Internet,,Meydan,
E-Finance,101170.0,64,649,6492,Other credit granting,,Meydan,
Ear Piercing Services,101187.0,86,869,8690,Other human health activities,,Meydan,
Early Intervention Center,101190.0,88,889,8890,Other social work activities without accommodation,,Meydan,
Early Learning Center,101191.0,85,851,8510,Pre-primary and primary education,,Meydan,
Economic Advisory,101192.0,66,661,6619,Other activities auxiliary to financial service activities,,Meydan,
Economy Hotel,101194.0,55,551,5510,Short term accommodation activities,,Meydan,
Education & Training Computer Software,101196.0,62,620,6201,Computer programming activities,,Meydan,
Education Consultancy,101197.0,85,855,8550,Educational support activities,,Meydan,
Education Support Services,101200.0,85,855,8550,Educational support activities,,Meydan,
Education That Is Not Definable By Level,101201.0,85,854,8549,Other education n.e.c.,,Meydan,
Educational & Recreational Tours Organizing,101202.0,79,791,7912,Tour operator activities,,Meydan,
Educational Aids Trading,101203.0,46,464,4649,Wholesale of other household goods,,Meydan,
Educational Institutions’ Sport Facilities Leasing,101205.0,93,931,9311,Operation of sports facilities,,Meydan,
Educational Quality Assurance Services,101206.0,85,855,8550,Educational support activities,,Meydan,
Educational Services,101207.0,85,854,8549,Other education n.e.c.,,Meydan,
Educational Support Activities,101200.0,85,855,8550,Educational support activities,,Meydan,
Educational Technologies Research & Development,101208.0,72,722,7220,Research and experimental development on social sciences and humanities,,Meydan,
"Elaboration Of Projects Using Air Conditioning, Refrigeration, Sanitary And Pollution Control Engineering, Acoustical Engineering Etc.",101214.0,71,711,7110,Architectural and engineering activities and related technical consultancy,,Meydan,
Elderly & Disabled Personal Care Services,101215.0,88,881,8810,Social work activities without accommodation for the elderly and disabled,,Meydan,
Electric Cars Trading,101218.0,45,451,4510,Sale of motor vehicles,,Meydan,
Electric Household Appliances Repair & Maintenance,101219.0,95,952,9522,Repair of household appliances and home and garden equipment,,Meydan,
Electric Scooters Rental,101223.0,77,773,7730,"Renting and leasing of other machinery, equipment and tangible goods",,Meydan,
Electric Vehicles Charging Stations & Systems & Spare Parts Trading,101224.0,46,465,4652,Wholesale of electronic and telecommunications equipment and parts,,Meydan,
Electric Vehicles Charging Stations Management & Operation,101225.0,52,522,5221,Service activities incidental to land transportation,,Meydan,
Electrical & Electronic Appliances Rental,101228.0,77,772,7729,Renting and leasing of other personal and household goods,,Meydan,
Electrical & Electronic Appliances Spare Parts Trading.,101229.0,46,465,4652,Wholesale of electronic and telecommunications equipment and parts,,Meydan,
Electrical Fittings Trading,101235.0,46,466,4663,"Wholesale of construction materials, hardware, plumbing and heating equipment and supplies",,Meydan,
Electrical Network & Distribution Engineering Services,101241.0,71,711,7110,Architectural and engineering activities and related technical consultancy,,Meydan,
"Electrical, plumbing and other installation activities",101242.0,43,432,4321,Electrical installation,,Meydan,
Electronic Card Trading,101250.0,46,465,4652,Wholesale of electronic and telecommunications equipment and parts,,Meydan,
Electronic Chips Programming,101255.0,62,620,6201,Computer programming activities,,Meydan,
Electronic Cigarettes & Accessories Trading,101256.0,46,463,4630,"Wholesale of food, beverages and tobacco",,Meydan,
Electronic Directory,101259.0,63,631,6311,"Data processing, hosting and related activities",,Meydan,
Electronic Engineering Services,101260.0,71,711,7110,Architectural and engineering activities and related technical consultancy,,Meydan,
Electronic Gadgets Masking Services,101262.0,82,829,8292,Packaging activities,,Meydan,
Electronic Games Arcade,101263.0,93,932,9329,Other amusement and recreation activities n.e.c.,,Meydan,
Electronic Instruments Devices & Equipment Repair,101267.0,95,952,9521,Repair of consumer electronics,,Meydan,
Electronic Precision Instruments Trading,101270.0,46,465,4652,Wholesale of electronic and telecommunications equipment and parts,,Meydan,
"Eligibility Determination In Connection With Welfare Aid, Rent Supplements Or Food Stamps",101281.0,88,889,8890,Other social work activities without accommodation,,Meydan,
Emergency Collection Trading,101284.0,47,477,4772,"Retail sale of pharmaceutical and medical goods, cosmetic and toilet articles in specialized stores",,Meydan,
Employers & Workers Guidance Center,101285.0,82,829,8299,Other business support service activities n.e.c.,,Meydan,
Employment Brokerage Office Services,101286.0,78,783,7830,Other human resources provision,,Meydan,
Employment Placement Agencies,101288.0,78,781,7810,Activities of employment placement agencies,,Meydan,
Encryption Equipment Trading,101290.0,47,474,4741,"Retail sale of computers, peripheral units, software and telecommunications equipment in specialized stores",,Meydan,
Encryption Software Trading,101291.0,47,474,4741,"Retail sale of computers, peripheral units, software and telecommunications equipment in specialized stores",,Meydan,
Endocrinology Clinic,101293.0,86,862,8620,Medical and dental practice activities,,Meydan,
Endurance Horse Racing Organizers,101294.0,93,931,9311,Operation of sports facilities,,Meydan,
Energy Projects And Green Buildings Consultancy,101297.0,70,702,7020,Management consultancy activities,,Meydan,
Energy Projects Engineering Consultancy,101299.0,71,711,7110,Architectural and engineering activities and related technical consultancy,,Meydan,
Engineering Consultancy,101302.0,71,711,7110,Architectural and engineering activities and related technical consultancy,,Meydan,
Engineering Consultancy Of Ship Building,101305.0,71,711,7110,Architectural and engineering activities and related technical consultancy,,Meydan,
Engineering Design And Consulting Activities.,101307.0,71,711,7110,Architectural and engineering activities and related technical consultancy,,Meydan,
Engineering Designing Instruments Trading,101308.0,47,477,4773,Other retail sale of new goods in specialized stores,,Meydan,
Engineering Surveying Services,101309.0,71,711,7110,Architectural and engineering activities and related technical consultancy,,Meydan,
Engines & Machinery Spare Parts Trading.,101310.0,46,465,4659,Wholesale of other machinery and equipment,,Meydan,
Environment Protection Equipment Trading,101322.0,46,465,4659,Wholesale of other machinery and equipment,,Meydan,
Environmental Consultants & Studies,101326.0,72,721,7210,Research and experimental development on natural sciences and engineering,,Meydan,
Environmental Consulting,101326.0,70,702,7020,Management consultancy activities,,Meydan,
Environmental Engineering Services,101327.0,71,711,7110,Architectural and engineering activities and related technical consultancy,,Meydan,
Environmental Testing & Inspection Services,101329.0,71,712,7120,Technical testing and analysis,,Meydan,
Equestrian Club,101330.0,93,931,9312,Activities of sports clubs,,Meydan,
Equestrian Institute,101332.0,85,854,8541,Sports and recreation education,,Meydan,
Equipment Trading Of E-Games And Entertainment Halls,101338.0,46,464,4649,Wholesale of other household goods,,Meydan,
Event Catering,101344.0,56,562,5621,Event catering,,Meydan,
Event Catering And Other Food Service Activities,101344.0,56,562,5621,Event catering,,Meydan,
Event Organizing,101346.0,90,900,9000,"Creative, arts and entertainment activities",,Meydan,
Event Security & Bodyguard Services,101348.0,80,801,8010,Private security activities,,Meydan,
Events Organizing & Managing,101350.0,82,823,8230,Organization of conventions and trade shows,,Meydan,
Examination Of Accounts And Certification Of Their Accuracy,101352.0,69,692,6920,"Accounting, bookkeeping and auditing activities; tax consultancy",,Meydan,
Exhibition Organizing,101358.0,82,823,8230,Organization of conventions and trade shows,,Meydan,
Explosive Materials Transport,101362.0,49,492,4923,Freight transport by road,,Meydan,
Extended Warranty Management,101365.0,82,829,8299,Other business support service activities n.e.c.,,Meydan,
"Exterior Cleaning Of Buildings Of All Types, Including Offices, Factories, Shops, Institutions And Other Business And Professional Premises And Multiunit Residential Buildings",100490.0,81,812,8129,Other building and industrial cleaning activities,,Meydan,
Extracting & Drilling Equipment & Machinery Rental,101369.0,77,773,7730,"Renting and leasing of other machinery, equipment and tangible goods",,Meydan,
Face Masks & Gloves Trading,101376.0,47,477,4771,"Retail sale of clothing, footwear and leather articles in specialized stores",,Meydan,
"Facial Massage, Manicure And Pedicure, Make-Up Etc.",101378.0,96,960,9602,Hairdressing and other beauty treatment,,Meydan,
Facilities Management Services,101380.0,82,821,8211,Combined office administrative service activities,,Meydan,
Facilities Resources Planning Consultancy,101381.0,70,702,7020,Management consultancy activities,,Meydan,
Falconry Club,101382.0,93,931,9312,Activities of sports clubs,,Meydan,
False Ceiling Trading,101384.0,46,466,4663,"Wholesale of construction materials, hardware, plumbing and heating equipment and supplies",,Meydan,
Family Counseling & Awareness Services,101386.0,88,889,8890,Other social work activities without accommodation,,Meydan,
Family Medicine Clinic,101387.0,86,862,8620,Medical and dental practice activities,,Meydan,
Farm Animals & Birds Tracking,101388.0,61,619,6190,Other telecommunications activities,,Meydan,
Fashion Design Consultancy,101390.0,74,741,7410,Specialized design activities,,Meydan,
"Fashion Design Related To Textiles, Wearing Apparel, Shoes, Jewelry, Furniture And Other Interior Decoration And Other Fashion Goods As Well As Other Personal Or Household Goods",101391.0,74,741,7410,Specialized design activities,,Meydan,
Fashion Designing,101389.0,74,741,7410,Specialized design activities,,Meydan,
Fashion Shows Organizing,101392.0,82,823,8230,Organization of conventions and trade shows,,Meydan,
Fast-Food Restaurants,101393.0,56,561,5610,Restaurants and mobile food service activities,,Meydan,
Feasibility Studies Consultancies,101394.0,70,702,7020,Management consultancy activities,,Meydan,
Fencing & Barbed Wire Trading,101397.0,47,475,4752,"Retail sale of hardware, paints and glass in specialized stores",,Meydan,
Fiber Glass Products Trading,101404.0,46,466,4663,"Wholesale of construction materials, hardware, plumbing and heating equipment and supplies",,Meydan,
Fiber Optic Products & Requisites Trading,101406.0,47,477,4773,Other retail sale of new goods in specialized stores,,Meydan,
Film Processing,101416.0,74,742,7420,Photographic activities,,Meydan,
Filters & Purification Devices Trading,101420.0,46,465,4659,Wholesale of other machinery and equipment,,Meydan,
Financial Advisory And Financial Analysis,101422.0,66,661,6619,Other activities auxiliary to financial service activities,,Meydan,
Financial Consultancy,101422.0,66,661,6619,Other activities auxiliary to financial service activities,,Meydan,
Financial Consultation & Financial Analysis,101422.0,66,661,6619,Other activities auxiliary to financial service activities,,Meydan,
Financial Instruments Quotation Services,101423.0,66,661,6619,Other activities auxiliary to financial service activities,,Meydan,
Financial Leasing,101425.0,64,649,6491,Financial leasing,,Meydan,
"Financial service activities primarily concerned with making loans by institutions not involved in monetary intermediation, where the granting of credit can take a variety of forms, such as loans, mortgages, credit cards etc., providing the following types of services: granting of consumer credit",101426.0,64,649,6492,Other credit granting,,Meydan,
"Financial Transaction Processing And Settlement Activities, Including For Credit Card Transactions",101427.0,66,661,6619,Other activities auxiliary to financial service activities,,Meydan,
Financing Broker,101428.0,66,661,6619,Other activities auxiliary to financial service activities,,Meydan,
"Financing Operations
",101429.0,64,649,6492,Other credit granting,,Meydan,
Fine Arts Consultancies,101430.0,70,702,7020,Management consultancy activities,,Meydan,
Fine Arts Schools (Except Academic),101432.0,85,854,8542,Cultural education,,Meydan,
Fine Arts Training,101433.0,85,854,8542,Cultural education,,Meydan,
Fire Causes Inspection,101438.0,71,712,7120,Technical testing and analysis,,Meydan,
Fire Extinguishing Materials Trading,101440.0,46,466,4669,Wholesale of waste and scrap and other products n.e.c.,,Meydan,
Fire Fighting & Safety Equipment Trading,101443.0,47,477,4773,Other retail sale of new goods in specialized stores,,Meydan,
Fire Fighting Pipes Trading,101446.0,46,466,4663,"Wholesale of construction materials, hardware, plumbing and heating equipment and supplies",,Meydan,
Fire Insurance,101447.0,65,651,6512,Non-life insurance,,Meydan,
Fire Resistant & Retardant Materials Trading,101450.0,47,475,4752,"Retail sale of hardware, paints and glass in specialized stores",,Meydan,
Fire Resistant Doors Trading,101452.0,46,465,4659,Wholesale of other machinery and equipment,,Meydan,
Fire Safety & Protection Engineering Services,101453.0,74,749,7490,"Other professional, scientific and technical activities n.e.c.",,Meydan,
Fire Safety Consultancy,101454.0,74,749,7490,"Other professional, scientific and technical activities n.e.c.",,Meydan,
Fire Safety Training,101455.0,85,854,8549,Other education n.e.c.,,Meydan,
Fireworks Shows,101459.0,90,900,9000,"Creative, arts and entertainment activities",,Meydan,
First Aid Training Center,101460.0,85,854,8549,Other education n.e.c.,,Meydan,
First Stage Of Tertiary Education (Not Leading To An Advanced Research Qualification),101461.0,85,853,8530,Higher education,,Meydan,
Fish & Meat Grilling,101463.0,56,562,5629,Other food service activities,,Meydan,
Fish & Meat Wastes Trading,101464.0,46,462,4620,Wholesale of agricultural raw materials and live animals,,Meydan,
Fish Seller,101472.0,47,478,4781,"Retail sale via stalls and markets of food, beverages and tobacco products",,Meydan,
Fish Spa (Doctor Fish),101473.0,86,869,8690,Other human health activities,,Meydan,
Fisherman,101474.0,96,960,9609,Other personal service activities n.e.c.,,Meydan,
Fishing Tackles Trading,101478.0,46,464,4649,Wholesale of other household goods,,Meydan,
Fitting Of Heels,101479.0,95,952,9523,Repair of footwear and leather goods,,Meydan,
Flags & Flagpoles Trading,101482.0,46,464,4649,Wholesale of other household goods,,Meydan,
Flavours & Fragrances Trading .,100081.0,46,463,4630,"Wholesale of food, beverages and tobacco",,Meydan,
Fleet Vehicles Management,101486.0,52,522,5221,Service activities incidental to land transportation,,Meydan,
Floating Coffee Shop,101487.0,56,563,5630,Beverage serving activities,,Meydan,
Floating Hotel,101488.0,55,551,5510,Short term accommodation activities,,Meydan,
Floating Mini Store,101489.0,47,471,4711,"Retail sale in non-specialized stores with food, beverages or tobacco predominating",,Meydan,
Floating Restaurant,101490.0,56,561,5610,Restaurants and mobile food service activities,,Meydan,
Flour Trading,101496.0,46,463,4630,"Wholesale of food, beverages and tobacco",,Meydan,
Fly Ash Trading,101499.0,46,466,4663,"Wholesale of construction materials, hardware, plumbing and heating equipment and supplies",,Meydan,
Fodder & Animal Feed Transport,101502.0,49,492,4923,Freight transport by road,,Meydan,
Fodder Seller,101504.0,47,478,4781,"Retail sale via stalls and markets of food, beverages and tobacco products",,Meydan,
Fodder Trading,101505.0,46,462,4620,Wholesale of agricultural raw materials and live animals,,Meydan,
Folk Goods Seller,101506.0,47,478,4781,"Retail sale via stalls and markets of food, beverages and tobacco products",,Meydan,
Folklore Dance Performance,101507.0,90,900,9000,"Creative, arts and entertainment activities",,Meydan,
Food & Dairy Consultant,101509.0,70,702,7020,Management consultancy activities,,Meydan,
Food Preparation In Market Stalls,101516.0,56,561,5610,Restaurants and mobile food service activities,,Meydan,
Food Service Contractors (E.G. For Transportation Companies),101519.0,56,562,5629,Other food service activities,,Meydan,
Food Supplements Trading,101522.0,46,463,4630,"Wholesale of food, beverages and tobacco",,Meydan,
Foodstuff & Beverages Trading,101508.0,46,463,4630,"Wholesale of food, beverages and tobacco",,Meydan,
Foot Massage Center,101530.0,96,960,9609,Other personal service activities n.e.c.,,Meydan,
Football Club,101531.0,93,931,9312,Activities of sports clubs,,Meydan,
Football Training,101532.0,85,854,8541,Sports and recreation education,,Meydan,
Foreign Securities Promotion,101536.0,73,731,7310,Advertising,,Meydan,
Foreign Shares & Bonds Broker,101537.0,66,661,6612,Security and commodity contracts brokerage,,Meydan,
Forensic Medicine Consultancy,101538.0,70,702,7020,Management consultancy activities,,Meydan,
Forfaiting Services,101539.0,64,649,6499,"Other financial service activities, except insurance and pension funding activities, n.e.c.",,Meydan,
Forwarding Of Freight,101542.0,52,522,5229,Other transportation support activities,,Meydan,
Foundation & Piling Testing Services,101543.0,71,712,7120,Technical testing and analysis,,Meydan,
Foundations & Soil Mechanics Engineering Services,101544.0,71,711,7110,Architectural and engineering activities and related technical consultancy,,Meydan,
Franking Machines Trading,101548.0,47,477,4773,Other retail sale of new goods in specialized stores,,Meydan,
Freelancers’ Services,101549.0,78,782,7820,Temporary employment agency activities,,Meydan,
Freight Broker,101552.0,52,522,5229,Other transportation support activities,,Meydan,
Freight Transport Within Open Markets & Designated Areas,101555.0,49,492,4923,Freight transport by road,,Meydan,
Fresh Fish & Marine Animals Trading,101462.0,46,463,4630,"Wholesale of food, beverages and tobacco",,Meydan,
"Fresh, Chilled & Frozen Meat Trading",101556.0,46,463,4630,"Wholesale of food, beverages and tobacco",,Meydan,
Frozen Fish & Seafood Trading,101560.0,46,463,4630,"Wholesale of food, beverages and tobacco",,Meydan,
Frozen Poultry Trading,101562.0,46,463,4630,"Wholesale of food, beverages and tobacco",,Meydan,
Fruit & Vegetable Seller,101563.0,47,478,4781,"Retail sale via stalls and markets of food, beverages and tobacco products",,Meydan,
Fuel Delivery and Vehicle Refueling Services,101571.0,46,466,4661,"Wholesale of solid, liquid and gaseous fuels and related products",,Meydan,
Fuel Supply Services,101574.0,46,466,4661,"Wholesale of solid, liquid and gaseous fuels and related products",,Meydan,
Full Service Postal Agency,101578.0,53,532,5320,Courier activities,,Meydan,
Furniture Removal,101581.0,49,492,4923,Freight transport by road,,Meydan,
Furniture Rental,101582.0,77,772,7729,Renting and leasing of other personal and household goods,,Meydan,
Furniture Upholstery,101583.0,95,952,9524,Repair of furniture and home furnishings,,Meydan,
Future Foresight Museum,101585.0,91,910,9102,Museums activities and operation of historical sites and buildings,,Meydan,
Garbage & Waste Collection Containers Trading,101608.0,47,475,4752,"Retail sale of hardware, paints and glass in specialized stores",,Meydan,
Garbage Trucks Rental,101611.0,77,771,7710,Renting and leasing of motor vehicles,,Meydan,
Garden Equipment Trading,101612.0,46,464,4649,Wholesale of other household goods,,Meydan,
Garments Accessories Trading,101613.0,47,477,4771,"Retail sale of clothing, footwear and leather articles in specialized stores",,Meydan,
Gas Cylinders Testing & Repair,101620.0,95,952,9529,Repair of other personal and household goods,,Meydan,
Gas Cylinders Trading,101621.0,46,466,4661,"Wholesale of solid, liquid and gaseous fuels and related products",,Meydan,
Gastrointestinal System Medicine Clinic,101626.0,86,862,8620,Medical and dental practice activities,,Meydan,
Gene Laboratory,101627.0,86,869,8690,Other human health activities,,Meydan,
Genealogical Organizations,101628.0,96,960,9609,Other personal service activities n.e.c.,,Meydan,
General (Non-Specialized) Cleaning Of All Types Of Buildings,101629.0,81,812,8121,General cleaning of buildings,,Meydan,
General (Non-Specialized) Cleaning Of Other Business And Professional Premises And Multiunit Residential Buildings,101629.0,81,812,8121,General cleaning of buildings,,Meydan,
General Cleaning Of Buildings,100490.0,81,812,8121,General cleaning of buildings,,Meydan,
General Clinic,101634.0,86,862,8620,Medical and dental practice activities,,Meydan,
General Dental Clinic,101636.0,86,862,8620,Medical and dental practice activities,,Meydan,
General Facilities And Services Engineering Consultancy,101637.0,81,811,8110,Combined facilities support activities,,Meydan,
General Hospital,101638.0,86,861,8610,Hospital activities,,Meydan,
General Investments Management and Operation,101639.0,64,649,6499,"Other financial service activities, except insurance and pension funding activities, n.e.c.",,Meydan,
General School Education In The First Stage Of The Secondary Level Corresponding More Or Less To The Period Of Compulsory School Attendance,101640.0,85,852,8521,General secondary education,,Meydan,
"General School Education In The Second Stage Of The Secondary Level Giving, In Principle, Access To Higher Education",101641.0,85,852,8521,General secondary education,,Meydan,
General Secondary Education,101642.0,85,852,8521,General secondary education,,Meydan,
General Security Guard Services,101643.0,80,801,8010,Private security activities,,Meydan,
General Surgery Clinic,101644.0,86,862,8620,Medical and dental practice activities,,Meydan,
General Time-Share Provision Of Mainframe Facilities To Clients,101645.0,63,631,6311,"Data processing, hosting and related activities",,Meydan,
General Trading,101646.0,46,469,4690,Non-specialized wholesale trade,,Meydan,
General Trading Wholesalers,101646.0,46,469,4690,Non-specialized wholesale trade,,Meydan,
General Warehousing,101647.0,52,521,5210,Warehousing and storage,,Meydan,
Genetic Fingerprint Analysis Centre,101648.0,86,869,8690,Other human health activities,,Meydan,
Gents Cosmetic & Personal Care Center,101650.0,96,960,9609,Other personal service activities n.e.c.,,Meydan,
Gents Hair Fixing Center,101651.0,96,960,9602,Hairdressing and other beauty treatment,,Meydan,
Gents Haircutting & Hairdressing Salon,101651.0,96,960,9602,Hairdressing and other beauty treatment,,Meydan,
Gents Spa Club,101652.0,96,960,9609,Other personal service activities n.e.c.,,Meydan,
Gents Wears Tailoring & Embroidery Workshop,101649.0,14,141,1410,"Manufacture of wearing apparel, except fur apparel",,Meydan,
Geodetic Engineering Surveying Services,101654.0,71,711,7110,Architectural and engineering activities and related technical consultancy,,Meydan,
Geodetic Surveying Activities:• L& And Boundary Surveying Activities• Hydrologic Surveying Activities• Subsurface Surveying Activities• Cartographic And Spatial Information Activities,101654.0,71,711,7110,Architectural and engineering activities and related technical consultancy,,Meydan,
Geographical Maps Drawing,101655.0,71,711,7110,Architectural and engineering activities and related technical consultancy,,Meydan,
Geophysical & Geological Studies & Services,101656.0,72,721,7210,Research and experimental development on natural sciences and engineering,,Meydan,
"Geophysical, Geochemical & Geomechanical Engineering Services",101657.0,71,711,7110,Architectural and engineering activities and related technical consultancy,,Meydan,
"Geophysical, Geologic And Seismic Surveying",101658.0,71,711,7110,Architectural and engineering activities and related technical consultancy,,Meydan,
Geriatric Care Center,101659.0,87,873,8730,Residential care activities for the elderly and disabled,,Meydan,
Geriatric Medicine Clinic,101660.0,86,862,8620,Medical and dental practice activities,,Meydan,
Ghee & Vegetable Oil Trading,101661.0,47,472,4721,Retail sale of food in specialized stores,,Meydan,
Gift Wrapping Services,101662.0,82,829,8292,Packaging activities,,Meydan,
Gifts Trading,101664.0,46,464,4649,Wholesale of other household goods,,Meydan,
Glass & Mirrors Trading,101665.0,46,466,4663,"Wholesale of construction materials, hardware, plumbing and heating equipment and supplies",,Meydan,
Glass Bottles Trading,101669.0,46,464,4649,Wholesale of other household goods,,Meydan,
Glass Waste Trading,101676.0,46,466,4669,Wholesale of waste and scrap and other products n.e.c.,,Meydan,
"Gliders, Sailplanes & Spare Parts Trading",101679.0,47,477,4773,Other retail sale of new goods in specialized stores,,Meydan,
Global Positioning Systems (G.P.S) Trading,100001.0,46,465,4652,Wholesale of electronic and telecommunications equipment and parts,,Meydan,
Gold & Precious Metals Testing Laboratory,101685.0,71,712,7120,Technical testing and analysis,,Meydan,
Golf Club,101689.0,93,931,9312,Activities of sports clubs,,Meydan,
Golf Courses & Football Playgrounds Works & Maintenance,101690.0,81,813,8130,Landscape care and maintenance service activities,,Meydan,
Goods Wholesalers,101698.0,46,469,4690,Non-specialized wholesale trade,,Meydan,
"Goods-Handling Operations, E.G. Temporary Crating For The Sole Purpose Of Protecting The Goods During Transit, Uncrating, Sampling, Weighing Of Goods
",101692.0,52,522,5229,Other transportation support activities,,Meydan,
Government Tourist Liaison Office,101700.0,70,701,7010,Activities of head offices,,Meydan,
Government Transactions Center,101701.0,82,829,8299,Other business support service activities n.e.c.,,Meydan,
Graphic Designers,101706.0,74,741,7410,Specialized design activities,,Meydan,
Grease Traps Trading,101710.0,47,475,4752,"Retail sale of hardware, paints and glass in specialized stores",,Meydan,
Green Buildings Construction Materials Trading,101711.0,47,475,4752,"Retail sale of hardware, paints and glass in specialized stores",,Meydan,
Green Buildings Consultant,101712.0,71,711,7110,Architectural and engineering activities and related technical consultancy,,Meydan,
Green Buildings Engineering Services,101713.0,71,711,7110,Architectural and engineering activities and related technical consultancy,,Meydan,
Green Houses & Equipment Trading,101714.0,47,477,4773,Other retail sale of new goods in specialized stores,,Meydan,
Grinding Shop,101719.0,47,471,4711,"Retail sale in non-specialized stores with food, beverages or tobacco predominating",,Meydan,
Grocery Store,101720.0,47,471,4711,"Retail sale in non-specialized stores with food, beverages or tobacco predominating",,Meydan,
Ground Services For Non-Commercial Aircrafts,101721.0,52,522,5223,Service activities incidental to air transportation,,Meydan,
Guest House,101722.0,55,551,5510,Short term accommodation activities,,Meydan,
Gum & Glue Trading,101724.0,46,466,4669,Wholesale of waste and scrap and other products n.e.c.,,Meydan,
Gymnastics Club,101726.0,93,931,9312,Activities of sports clubs,,Meydan,
Gymnastics Instruction,101727.0,85,854,8541,Sports and recreation education,,Meydan,
Gynecology & Obstetric Hospital,101728.0,86,861,8610,Hospital activities,,Meydan,
Gypsum Products Trading,101731.0,46,466,4663,"Wholesale of construction materials, hardware, plumbing and heating equipment and supplies",,Meydan,
Hair Fixing Center,101734.0,96,960,9602,Hairdressing and other beauty treatment,,Meydan,
Hair Removal Center,101735.0,96,960,9602,Hairdressing and other beauty treatment,,Meydan,
"Hair Washing, Trimming And Cutting, Setting, Dyeing, Tinting, Waving, Straightening And Similar Activities For Men And Women",101736.0,96,960,9602,Hairdressing and other beauty treatment,,Meydan,
Hairdressing And Other Beauty Treatment,101736.0,96,960,9602,Hairdressing and other beauty treatment,,Meydan,
Halal Quality & Conformity Certification Services,101738.0,71,712,7120,Technical testing and analysis,,Meydan,
Handbags & Leather Products Trading,101743.0,46,464,4649,Wholesale of other household goods,,Meydan,
Handling Loading Lifting Equipment Rental,101744.0,77,773,7730,"Renting and leasing of other machinery, equipment and tangible goods",,Meydan,
"Handling, Loading & Lifting Equipment Trading",101746.0,46,465,4659,Wholesale of other machinery and equipment,,Meydan,
Hazardous Materials Transport,101749.0,49,492,4923,Freight transport by road,,Meydan,
Hazardous Waste Collection & Transport,101750.0,38,381,3812,Collection of hazardous waste,,Meydan,
Head Offices,101751.0,70,701,7010,Activities of head offices,,Meydan,
Head Offices,101751.0,70,701,7010,Activities of head offices,,Meydan,
Health Awareness Services,101754.0,88,881,8810,Social work activities without accommodation for the elderly and disabled,,Meydan,
Health Consultancies,101755.0,70,702,7020,Management consultancy activities,,Meydan,
Health Insurance,101760.0,65,651,6512,Non-life insurance,,Meydan,
Health Insurance Claims Management,101761.0,66,662,6621,Risk and damage evaluation,,Meydan,
Health Management Consulting Services,101762.0,70,702,7020,Management consultancy activities,,Meydan,
Health Planning Consultancies,101763.0,70,702,7020,Management consultancy activities,,Meydan,
Hearing Screening Services,101767.0,86,869,8690,Other human health activities,,Meydan,
Heavy & Light Aircrafts & Helicopters Trading,101770.0,46,465,4659,Wholesale of other machinery and equipment,,Meydan,
Heavy & Light Machinery & Equipment Rental,101771.0,77,773,7730,"Renting and leasing of other machinery, equipment and tangible goods",,Meydan,
Heavy Duty Machinery Engineering Services,101773.0,71,711,7110,Architectural and engineering activities and related technical consultancy,,Meydan,
Heavy Equipment & Machinery Spare Parts Trading,101774.0,46,465,4659,Wholesale of other machinery and equipment,,Meydan,
Heavy Lift Solutions Services,101776.0,52,522,5221,Service activities incidental to land transportation,,Meydan,
Helicopters Rental & Operation,101781.0,51,511,5110,Passenger air transport,,Meydan,
Henna Salon,101782.0,96,960,9602,Hairdressing and other beauty treatment,,Meydan,
Heritage Consultant,101784.0,70,702,7020,Management consultancy activities,,Meydan,
Higher Education,101788.0,85,853,8530,Higher education,,Meydan,
Hijjama Center,101789.0,86,869,8690,Other human health activities,,Meydan,
Hockey Club,101790.0,93,931,9312,Activities of sports clubs,,Meydan,
Home Gardening Services,101795.0,81,813,8130,Landscape care and maintenance service activities,,Meydan,
Home Health Care Center,101796.0,86,869,8690,Other human health activities,,Meydan,
Homeopathy Center,101797.0,86,869,8690,Other human health activities,,Meydan,
Homes For The Elderly With Minimal Nursing Care,101798.0,87,873,8730,Residential care activities for the elderly and disabled,,Meydan,
Homes For The Elderly With Nursing Care,101799.0,87,871,8710,Residential nursing care facilities,,Meydan,
Honey & Apiary Accessories Trading,101800.0,46,463,4630,"Wholesale of food, beverages and tobacco",,Meydan,
"Horns, Hooves & Animal Bones Trading",101803.0,46,462,4620,Wholesale of agricultural raw materials and live animals,,Meydan,
Horse Equestrian Equipment & Requisites Trading,101804.0,47,476,4763,Retail sale of sporting equipment in specialized stores,,Meydan,
Hospital Activities,101807.0,86,861,8610,Hospital activities,,Meydan,
Hospitality And Tourism Training Services,101808.0,85,854,8549,Other education n.e.c.,,Meydan,
Hospitality Management Consultancy,101809.0,70,702,7020,Management consultancy activities,,Meydan,
Hospitality Services,101810.0,56,562,5621,Event catering,,Meydan,
Hotel,101812.0,55,551,5510,Short term accommodation activities,,Meydan,
Hotel Apartments Rental,101813.0,55,551,5510,Short term accommodation activities,,Meydan,
Hotel Consultants,101814.0,70,702,7020,Management consultancy activities,,Meydan,
Hotel Management,101815.0,82,821,8211,Combined office administrative service activities,,Meydan,
Hourly Car Rental,101816.0,77,771,7710,Renting and leasing of motor vehicles,,Meydan,
"Household Budget Counseling, Marriage And Family Guidance, Credit And Debt Counseling Services",101822.0,88,889,8890,Other social work activities without accommodation,,Meydan,
Household Gas Distribution,101824.0,47,477,4773,Other retail sale of new goods in specialized stores,,Meydan,
Household Utensils Trading,101825.0,46,464,4649,Wholesale of other household goods,,Meydan,
Households As Employers Of Domestic Personnel,101827.0,97,970,9700,Activities of households as employers of domestic personnel,,Meydan,
Human Resources Consultancy,101829.0,70,702,7020,Management consultancy activities,,Meydan,
Hunting Requisites Trading ,101830.0,46,464,4649,Wholesale of other household goods,,Meydan,
Hydraulic Engineering Services,101831.0,71,711,7110,Architectural and engineering activities and related technical consultancy,,Meydan,
Ice Cream Trading,101837.0,46,463,4630,"Wholesale of food, beverages and tobacco",,Meydan,
Ice Cream Truck Vendors,101838.0,56,561,5610,Restaurants and mobile food service activities,,Meydan,
Ice Skating Rrink,101840.0,93,931,9311,Operation of sports facilities,,Meydan,
Ice Skating Training,101841.0,85,854,8541,Sports and recreation education,,Meydan,
Ice Trading,101842.0,46,463,4630,"Wholesale of food, beverages and tobacco",,Meydan,
Ice-Cream Shop,101836.0,56,561,5610,Restaurants and mobile food service activities,,Meydan,
Ignition Materials Trading,101845.0,47,477,4773,Other retail sale of new goods in specialized stores,,Meydan,
Imitation Jewellery Trading,101849.0,46,464,4649,Wholesale of other household goods,,Meydan,
Immigration Consultancy,101850.0,70,702,7020,Management consultancy activities,,Meydan,
Immigration Services,101850.0,70,702,7020,Management consultancy activities,,Meydan,
In Bound Tour Operator,101858.0,79,791,7912,Tour operator activities,,Meydan,
"Inbound Call Centres, Answering Calls From Clients By Using Human Operators, Automatic Call Distribution, Computer Telephone Integration, Interactive Voice Response Systems Or Similar Methods To Receive Orders, Provide Product Information, Deal With Customer Requests For Assistance Or Address Customer Complaints",101859.0,82,822,8220,Activities of call centres,,Meydan,
Independent Auctioneers,101860.0,82,829,8299,Other business support service activities n.e.c.,,Meydan,
Independent Journalists,101861.0,90,900,9000,"Creative, arts and entertainment activities",,Meydan,
"Individual Own-Account Sportsmen And Athletes, Referees, Judges, Timekeepers Etc.",101862.0,93,931,9319,Other sports activities,,Meydan,
"Individual Writers, For All Subjects Including Fictional Writing, Technical Writing Etc.",101863.0,90,900,9000,"Creative, arts and entertainment activities",,Meydan,
Individualized Special Education Center,101864.0,88,889,8890,Other social work activities without accommodation,,Meydan,
Industrial & Liquefied Natural Gas Trading,101865.0,46,466,4669,Wholesale of waste and scrap and other products n.e.c.,,Meydan,
Industrial Design,101868.0,74,741,7410,Specialized design activities,,Meydan,
Industrial Installations Inspection Engineering Services,101873.0,71,712,7120,Technical testing and analysis,,Meydan,
Industrial Kitchen & Catering Equipment Trading,101874.0,46,465,4659,Wholesale of other machinery and equipment,,Meydan,
Industrial Plant Equipment & Spare Parts Trading,101877.0,46,465,4659,Wholesale of other machinery and equipment,,Meydan,
Industrial Production Engineering Services,101878.0,71,711,7110,Architectural and engineering activities and related technical consultancy,,Meydan,
Industrial Solvents Trading,101882.0,46,466,4669,Wholesale of waste and scrap and other products n.e.c.,,Meydan,
Industrial Sponge Trading,101883.0,47,475,4752,"Retail sale of hardware, paints and glass in specialized stores",,Meydan,
Information Helpline Directory,101889.0,82,822,8220,Activities of call centres,,Meydan,
Information Search Services On A Contract Or Fee Basis,101891.0,63,639,6399,Other information service activities n.e.c.,,Meydan,
Information Technology Consultants,101894.0,62,620,6202,Computer consultancy and computer facilities management activities,,Meydan,
Information Technology Network Services,101895.0,62,620,6202,Computer consultancy and computer facilities management activities,,Meydan,
Ink & Printing Materials Trading,101900.0,46,466,4669,Wholesale of waste and scrap and other products n.e.c.,,Meydan,
Inland Freight Water Transport,101901.0,50,502,5022,Inland freight water transport,,Meydan,
Inland Passenger Water Transport,101902.0,50,502,5021,Inland passenger water transport,,Meydan,
Inland Water Transport,101903.0,50,502,5020,Inland water transport,,Meydan,
Innovation & Artificial Intelligence Research & Consultancies,101904.0,70,702,7020,Management consultancy activities,,Meydan,
Insecticides Trading,101907.0,47,477,4773,Other retail sale of new goods in specialized stores,,Meydan,
"Inspection, Testing Equipment & Devices Trading",101909.0,47,477,4773,Other retail sale of new goods in specialized stores,,Meydan,
Installation (Setting-Up) Of Personal Computers,101911.0,62,620,6209,Other information technology and computer service activities,,Meydan,
Installation Of Industrial Machinery And Equipment,101925.0,33,332,3320,Installation of industrial machinery and equipment,,Meydan,
Installation Of Industrial Machinery In Industrial Plant,101926.0,33,332,3320,Installation of industrial machinery and equipment,,Meydan,
Installation Of Industrial Process Control Equipment,101927.0,33,332,3320,Installation of industrial machinery and equipment,,Meydan,
"Installation Of Other Industrial Equipment, E.G.:• Communications Equipment• Mainframe And Similar Computers• Irradiation And Electromedical Equipment Etc.",101930.0,33,332,3320,Installation of industrial machinery and equipment,,Meydan,
Installation Of Parts And Accessories Not As Part Of The Manufacturing Process,101931.0,45,452,4520,Maintenance and repair of motor vehicles,,Meydan,
"Installing, Repairing, Rebuilding, And Adjusting Mechanical Or Electronic Locking Devices,",101935.0,80,802,8020,Security systems service activities,,Meydan,
"Instruction For Chefs, Hoteliers And Restaurateurs",101938.0,85,852,8522,Technical and vocational secondary education,,Meydan,
Instruction For Tourist Guides,101939.0,85,852,8522,Technical and vocational secondary education,,Meydan,
Insulation & Protection Materials Trading,101941.0,46,466,4663,"Wholesale of construction materials, hardware, plumbing and heating equipment and supplies",,Meydan,
Insurance,101944.0,65,651,6510,Insurance,,Meydan,
Insurance Agent,101945.0,66,662,6622,Activities of insurance agents and brokers,,Meydan,
Insurance Agents And Brokers,101945.0,66,662,6622,Activities of insurance agents and brokers,,Meydan,
"Insurance Agents And Brokers (Insurance Intermediaries) In Selling, Negotiating Or Soliciting Of Annuities And Insurance And Reinsurance Policies",101945.0,66,662,6622,Activities of insurance agents and brokers,,Meydan,
Insurance Brokers,101945.0,66,662,6622,Activities of insurance agents and brokers,,Meydan,
Insurance Consultancies,101946.0,66,662,6622,Activities of insurance agents and brokers,,Meydan,
Insurance Mathematics,101947.0,66,662,6621,Risk and damage evaluation,,Meydan,
Intellectual Property Registration Agent,101951.0,69,691,6910,Legal activities,,Meydan,
Intellectual Property Rights Activities,101952.0,69,691,6910,Legal activities,,Meydan,
Inter Urban public Buses Service,101954.0,49,492,4922,Other passenger land transport,,Meydan,
Interactive Services,101955.0,63,631,6311,"Data processing, hosting and related activities",,Meydan,
"Interdisciplinary Research And Development, Predominantly On Social Sciences And Humanities",101957.0,72,722,7220,Research and experimental development on social sciences and humanities,,Meydan,
Interior Decorators,101960.0,43,433,4330,Building completion and finishing,,Meydan,
Interior Design Engineering Services,101962.0,71,711,7110,Architectural and engineering activities and related technical consultancy,,Meydan,
Intermediate School,101964.0,85,851,8510,Pre-primary and primary education,,Meydan,
Internal Medicine Clinic,101967.0,86,862,8620,Medical and dental practice activities,,Meydan,
International Airline Representative Office,101970.0,52,522,5229,Other transportation support activities,,Meydan,
Internet Consultancy,101972.0,62,620,6202,Computer consultancy and computer facilities management activities,,Meydan,
Internet Content Provider,101973.0,63,631,6311,"Data processing, hosting and related activities",,Meydan,
"Internet Retail Auctions
",101975.0,47,479,4791,Retail sale via mail order houses or via Internet,,Meydan,
Internet Services,101972.0,61,619,6190,Other telecommunications activities,,Meydan,
Interurban Boats Services,101978.0,51,511,5110,Passenger air transport,,Meydan,
"Investigation Into Collective Opinions Of The Public About Political, Economic And Social Issues And Statistical Analysis Thereof",101979.0,73,732,7320,Market research and public opinion polling,,Meydan,
"Investigation Into Market Potential, Acceptance And Familiarity Of Products And Buying Habits Of Consumers For The Purpose Of Sales Promotion And Development Of New Products, Including Statistical Analyses Of The Results",101980.0,73,732,7320,Market research and public opinion polling,,Meydan,
Investment Advisory Services,101982.0,66,661,6619,Other activities auxiliary to financial service activities,,Meydan,
Investment In Agricultural Enterprises and Management,100117.0,64,649,6499,"Other financial service activities, except insurance and pension funding activities, n.e.c.",,Meydan,
Investment In Commercial Enterprises & Management,100768.0,64,649,6499,"Other financial service activities, except insurance and pension funding activities, n.e.c.",,Meydan,
Investment In Educational Enterprises and Management,101199.0,64,649,6499,"Other financial service activities, except insurance and pension funding activities, n.e.c.",,Meydan,
Investment In Energy Enterprises and Management,101983.0,64,649,6499,"Other financial service activities, except insurance and pension funding activities, n.e.c.",,Meydan,
Investment In Health Enterprises and Development,101764.0,64,649,6499,"Other financial service activities, except insurance and pension funding activities, n.e.c.",,Meydan,
Investment In Industrial Enterprises & Management,101870.0,64,649,6499,"Other financial service activities, except insurance and pension funding activities, n.e.c.",,Meydan,
Investment In Oil and Natural Gas Projects,101984.0,64,649,6499,"Other financial service activities, except insurance and pension funding activities, n.e.c.",,Meydan,
Investment In Retail Trade Enterprises and Management,101986.0,64,649,6499,"Other financial service activities, except insurance and pension funding activities, n.e.c.",,Meydan,
Investment In Sport Enterprises and Management,101987.0,64,649,6499,"Other financial service activities, except insurance and pension funding activities, n.e.c.",,Meydan,
"Investment In Technological Enterprises & Management
",101988.0,64,649,6499,"Other financial service activities, except insurance and pension funding activities, n.e.c.",,Meydan,
Investment In Tourist Enterprises and Management,101989.0,64,649,6499,"Other financial service activities, except insurance and pension funding activities, n.e.c.",,Meydan,
Investment In Water Enterprises and Development,101990.0,64,649,6499,"Other financial service activities, except insurance and pension funding activities, n.e.c.",,Meydan,
Investment Management,101991.0,64,649,6499,"Other financial service activities, except insurance and pension funding activities, n.e.c.",,Meydan,
Investments Consultancy,101982.0,66,661,6619,Other activities auxiliary to financial service activities,,Meydan,
Invitation & Greeting Cards Trading,101992.0,47,476,4761,"Retail sale of books, newspapers and stationary in specialized stores",,Meydan,
Ironmongery Trading,101999.0,46,466,4663,"Wholesale of construction materials, hardware, plumbing and heating equipment and supplies",,Meydan,
Irrigation Equipment & Requisites Trading,102000.0,46,465,4653,"Wholesale of agricultural machinery, equipment and supplies",,Meydan,
Islamic Economics Researches & Studies,102004.0,72,722,7220,Research and experimental development on social sciences and humanities,,Meydan,
Issuing Of  Covered Warrants,102006.0,66,661,6611,Administration of financial markets,,Meydan,
It Infrastructure,102008.0,63,631,6311,"Data processing, hosting and related activities",,Meydan,
It Security Management,102010.0,62,620,6209,Other information technology and computer service activities,,Meydan,
Jet Fuel Supply Services,102013.0,52,522,5223,Service activities incidental to air transportation,,Meydan,
Jet Ski Rental,102014.0,77,772,7721,Renting and leasing of recreational and sports goods,,Meydan,
Jet Ski Trading,102015.0,45,454,4540,"Sale, maintenance and repair of motorcycles and related parts and accessories",,Meydan,
Jewellery Designing,102018.0,74,741,7410,Specialized design activities,,Meydan,
Jewellery Rental,102020.0,77,772,7729,Renting and leasing of other personal and household goods,,Meydan,
Jewellery Trading,102016.0,46,464,4649,Wholesale of other household goods,,Meydan,
Jiu Jitsu Club,102022.0,93,931,9312,Activities of sports clubs,,Meydan,
Juice & Soft Drinks Preparing,102024.0,56,563,5630,Beverage serving activities,,Meydan,
Juice Trading,102025.0,46,463,4630,"Wholesale of food, beverages and tobacco",,Meydan,
Key Duplicators,102030.0,95,952,9529,Repair of other personal and household goods,,Meydan,
Kids Amusement Arcade,102031.0,93,932,9321,Activities of amusement parks and theme parks,,Meydan,
Kids Rides & Games Trading,102032.0,47,476,4764,Retail sale of games and toys in specialized stores,,Meydan,
Kindergarten,102033.0,85,851,8510,Pre-primary and primary education,,Meydan,
"Knives, Scissors Repair & Sharpening",102039.0,95,952,9529,Repair of other personal and household goods,,Meydan,
Landscape Architecture Services,102040.0,71,711,7110,Architectural and engineering activities and related technical consultancy,,Meydan,
Landscape Care And Maintenance Service Activities,102041.0,81,813,8130,Landscape care and maintenance service activities,,Meydan,
Labeling Services,102042.0,82,829,8292,Packaging activities,,Meydan,
Labor Recruitment Brokerage Office Services,102043.0,78,781,7810,Activities of employment placement agencies,,Meydan,
Laboratories Chemicals Trading,102044.0,46,466,4669,Wholesale of waste and scrap and other products n.e.c.,,Meydan,
Laboratories Tools & Requisites Trading,102045.0,47,477,4773,Other retail sale of new goods in specialized stores,,Meydan,
Ladies Cosmetic & Personal Care Center,102051.0,96,960,9609,Other personal service activities n.e.c.,,Meydan,
Ladies Garment Trading,102052.0,47,477,4771,"Retail sale of clothing, footwear and leather articles in specialized stores",,Meydan,
Ladies Gowns Tailoring,102054.0,14,141,1410,"Manufacture of wearing apparel, except fur apparel",,Meydan,
Ladies Hair Fixing Center,101782.0,96,960,9602,Hairdressing and other beauty treatment,,Meydan,
Ladies Haircutting & Hair Dressing,101782.0,96,960,9602,Hairdressing and other beauty treatment,,Meydan,
Ladies Oriental Bath,102055.0,96,960,9609,Other personal service activities n.e.c.,,Meydan,
Ladies Physical Fitness Club,102056.0,93,931,9312,Activities of sports clubs,,Meydan,
Ladies Spa Club,102057.0,96,960,9609,Other personal service activities n.e.c.,,Meydan,
Ladies Wears Tailoring & Embroidery,102054.0,14,141,1410,"Manufacture of wearing apparel, except fur apparel",,Meydan,
Ladies Wears Tailoring & Embroidery Workshop,102054.0,14,141,1410,"Manufacture of wearing apparel, except fur apparel",,Meydan,
Landscape & Gardening Works & Maintenance,102063.0,81,813,8130,Landscape care and maintenance service activities,,Meydan,
Language Instruction And Conversational Skills Instruction,102066.0,85,854,8549,Other education n.e.c.,,Meydan,
Language Training,102068.0,85,854,8549,Other education n.e.c.,,Meydan,
Laser Cosmetic Center,102072.0,86,869,8690,Other human health activities,,Meydan,
Laser Hair Removal Training Center,102073.0,85,854,8549,Other education n.e.c.,,Meydan,
"Laundering And Dry-Cleaning, Pressing Etc., Of All Kinds Of Clothing (Including Fur) And Textiles, Provided By Mechanical Equipment, By Hand Or By Self-Service Coin-Operated Machines, Whether For The General Public Or For Industrial Or Commercial Clients",102075.0,96,960,9601,Washing and (dry-) cleaning of textile and fur products,,Meydan,
Laundry & Dry Cleaning Equipment Trading,102076.0,47,477,4773,Other retail sale of new goods in specialized stores,,Meydan,
Laundry Collection And Delivery,102077.0,96,960,9601,Washing and (dry-) cleaning of textile and fur products,,Meydan,
Laundry Services,102077.0,96,960,9601,Washing and (dry-) cleaning of textile and fur products,,Meydan,
Lawn Mowers However Operated,102079.0,46,465,4653,"Wholesale of agricultural machinery, equipment and supplies",,Meydan,
Learning Centres Offering Remedial Courses,102083.0,85,854,8549,Other education n.e.c.,,Meydan,
Learning Difficulties Center,102084.0,85,854,8549,Other education n.e.c.,,Meydan,
Leasing Where The Term Approximately Covers The Expected Life Of The Asset,102087.0,64,649,6491,Financial leasing,,Meydan,
Leather & Similar Products Repair,102088.0,95,952,9523,Repair of footwear and leather goods,,Meydan,
Legal Notifications Services,102095.0,53,532,5320,Courier activities,,Meydan,
Legal Translation,102096.0,74,749,7490,"Other professional, scientific and technical activities n.e.c.",,Meydan,
Leisure & Sport Equipment Rental,102097.0,77,772,7721,Renting and leasing of recreational and sports goods,,Meydan,
Leisure Yachts & Boats Rental,102098.0,77,772,7721,Renting and leasing of recreational and sports goods,,Meydan,
Leisure Yachts & Boats Rental,102098.0,77,772,7721,Renting and leasing of recreational and sports goods,,Meydan,
Letter Or Resume Writing,102099.0,82,821,8219,"Photocopying, document preparation and other specialized office support activities",,Meydan,
Letters and Post Items Delivery,102100.0,53,532,5320,Courier activities,,Meydan,
"Libraries, Archives, Museums And Other Cultural Activities",102102.0,91,910,9100,"Libraries, archives, museums and other cultural activities",,Meydan,
Library And Archives Activities,102102.0,91,910,9101,Library and archives activities,,Meydan,
Life Insurance,102103.0,65,651,6511,Life insurance,,Meydan,
Life Reinsurance,102104.0,65,652,6520,Reinsurance,,Meydan,
Life Saving Equipment Trading,102105.0,47,477,4773,Other retail sale of new goods in specialized stores,,Meydan,
Lifeguard Services,102106.0,74,749,7490,"Other professional, scientific and technical activities n.e.c.",,Meydan,
Lifeguard Training,102107.0,85,854,8549,Other education n.e.c.,,Meydan,
Lifestyle Coaching,102108.0,74,749,7490,"Other professional, scientific and technical activities n.e.c.",,Meydan,
Lifestyle Consultancy,102108.0,96,960,9609,Other personal service activities n.e.c.,,Meydan,
Lifestyle Development Consultancy,102108.0,96,960,9609,Other personal service activities n.e.c.,,Meydan,
"Lifts, Escalators & Spare Parts Trading",102112.0,46,465,4659,Wholesale of other machinery and equipment,,Meydan,
Light Aircrafts Maintenance & Repair,102114.0,33,331,3315,"Repair of transport equipment, except motor vehicles",,Meydan,
Light Fitting & Fixtures Trading,102116.0,47,475,4759,"Retail sale of electrical household appliances, furniture, lighting equipment and other household articles in specialized stores",,Meydan,
Lighting Equipment & Requisites Trading,102119.0,46,465,4659,Wholesale of other machinery and equipment,,Meydan,
Lighting Poles Trading,102121.0,46,466,4663,"Wholesale of construction materials, hardware, plumbing and heating equipment and supplies",,Meydan,
Liquid Gas Tanks Rental,102126.0,77,771,7710,Renting and leasing of motor vehicles,,Meydan,
Literature Festivals,102131.0,90,900,9000,"Creative, arts and entertainment activities",,Meydan,
Live Stock Trading,102132.0,46,462,4620,Wholesale of agricultural raw materials and live animals,,Meydan,
Live Theatrical Show Production,102133.0,90,900,9000,"Creative, arts and entertainment activities",,Meydan,
Loading And Unloading Of Freight Railway Cars,102136.0,52,522,5224,Cargo handling,,Meydan,
Loading And Unloading Of Goods Or Passengers’ Luggage Irrespective Of The Mode Of Transport Used For Transportation,102137.0,52,522,5224,Cargo handling,,Meydan,
Loans & Overdues Rescheduling Services,102139.0,66,661,6619,Other activities auxiliary to financial service activities,,Meydan,
Local Shares & Bonds Brokers,102142.0,66,661,6612,Security and commodity contracts brokerage,,Meydan,
Local Sweets Preparing,102143.0,56,562,5621,Event catering,,Meydan,
Locks & Keys Trading,102145.0,47,475,4752,"Retail sale of hardware, paints and glass in specialized stores",,Meydan,
Locks Repair,102146.0,95,952,9529,Repair of other personal and household goods,,Meydan,
Logistics And Freight Services,102147.0,52,522,5229,Other transportation support activities,,Meydan,
Logistics Consultancy,102148.0,70,702,7020,Management consultancy activities,,Meydan,
Loyalty Card Services,102150.0,82,829,8299,Other business support service activities n.e.c.,,Meydan,
Lubricants & Grease Refilling,102152.0,49,492,4923,Freight transport by road,,Meydan,
Lubricants & Grease Trading,102153.0,46,466,4661,"Wholesale of solid, liquid and gaseous fuels and related products",,Meydan,
Lubricants & Petroleum Wastes Transport,102154.0,52,522,5229,Other transportation support activities,,Meydan,
Machine Rigging,102158.0,33,332,3320,Installation of industrial machinery and equipment,,Meydan,
Maggots Laboratory,102161.0,86,869,8690,Other human health activities,,Meydan,
Magnetic Technology Equipment Trading,102162.0,46,465,4659,Wholesale of other machinery and equipment,,Meydan,
Mail Presorting Services,102163.0,82,829,8299,Other business support service activities n.e.c.,,Meydan,
Maintaining And Operating Paging As Well As Cellular And Other Wireless Telecommunications Networks.,102164.0,61,612,6120,Wireless telecommunications activities,,Meydan,
Maintenance And Repair Of Motor Vehicles,102167.0,45,452,4520,Maintenance and repair of motor vehicles,,Meydan,
"Maintenance And Repair Of Motor Vehicles:• Mechanical Repairs• Electrical Repairs• Electronic Injection Systems Repair• Ordinary Servicing• Bodywork Repair• Repair Of Motor Vehicle Parts• Washing, Polishing, Etc.• Spraying And Painting• Repair Of Screens And Windows• Repair Of Motor Vehicle Seats",102167.0,45,452,4520,Maintenance and repair of motor vehicles,,Meydan,
Maintenance And Repair Of Motorcycles,102168.0,45,454,4540,"Sale, maintenance and repair of motorcycles and related parts and accessories",,Meydan,
Maintenance Of Land In Order To Keep It In Good Ecological Condition,102169.0,81,813,8130,Landscape care and maintenance service activities,,Meydan,
"Makeup, Hairdressing & Henna Services",101782.0,96,960,9602,Hairdressing and other beauty treatment,,Meydan,
Managed Cyber Security Services Provider,102170.0,62,620,6202,Computer consultancy and computer facilities management activities,,Meydan,
Management Consultancy Activities,102177.0,70,702,7020,Management consultancy activities,,Meydan,
Management of Transport and Delivery Orders through Online Platforms and Smart Apps,102179.0,52,522,5221,Service activities incidental to land transportation,,Meydan,
Management Services,102181.0,70,701,7010,Activities of head offices,,Meydan,
Managing Office,102180.0,70,701,7010,Activities of head offices,,Meydan,
"Managing Operations Of Facilities For Indoor Or Outdoor Sports Events (Open, Closed Or Covered, With Or Without Spectator Seating):• Supervision Of Racetracks For Auto• Supervision Of Football, Hockey, Cricket, Baseball, Jai-Alai Stadiums• Supervision Of Swimming Pools And Stadiums• Supervision Of Track And Field Stadiums• Supervision Of Winter Sports Arenas And Stadiums• Supervision Of Ice-Hockey Arenas• Supervision Of Boxing Arenas• Supervision Of Golf Courses• Supervision Of Bowling Lanes• Supervision Of Fitness Centers",102181.0,93,931,9311,Operation of sports facilities,,Meydan,
"Managing Operations Of Sports Clubs:• Supervision Of Football Clubs• Supervision Of Bowling Clubs• Supervision Of Swimming Clubs• Supervision Of Golf Clubs• Supervision Of Boxing Clubs• Supervision Of Body-Building Clubs• Supervision Of Winter Sports Clubs• Supervision Of Chess Clubs• Supervision Of Track And Field Clubs• Supervision Of Shooting Clubs, Etc.",102182.0,93,931,9311,Operation of sports facilities,,Meydan,
Managing Operations Of Sports Facilities,102182.0,93,931,9311,Operation of sports facilities,,Meydan,
Managing Organization And Operation Of Outdoor Or Indoor Sports Events For Professionals Or Amateurs By Organizations With Own Facilities This Class Includes Managing And Providing The Staff To Operate These Facilities.,102183.0,93,931,9311,Operation of sports facilities,,Meydan,
"Manufacture of wearing apparel, except fur apparel",103512.0,14,141,1410,"Manufacture of wearing apparel, except fur apparel",,Meydan,
Manufacturing & Material Engineering Services,102592.0,71,711,7110,Architectural and engineering activities and related technical consultancy,,Meydan,
Maps & Drawings Copying Services,102600.0,82,821,8219,"Photocopying, document preparation and other specialized office support activities",,Meydan,
Marble & Natural Stones Trading,102603.0,46,466,4663,"Wholesale of construction materials, hardware, plumbing and heating equipment and supplies",,Meydan,
Marina Management,102605.0,93,932,9329,Other amusement and recreation activities n.e.c.,,Meydan,
Marine Equipment Repairing & Maintenance,102608.0,33,331,3319,Repair of other equipment,,Meydan,
Marine Services Consultancy,102606.0,71,711,7110,Architectural and engineering activities and related technical consultancy,,Meydan,
Marine Tours Operation,102617.0,50,502,5021,Inland passenger water transport,,Meydan,
Maritime Consultancies Services,102621.0,70,702,7020,Management consultancy activities,,Meydan,
Maritime Security Services,102622.0,80,801,8010,Private security activities,,Meydan,
Market Research And Public Opinion Polling,102624.0,73,732,7320,Market research and public opinion polling,,Meydan,
Marketing for Products & Services via Telephone,102630.0,73,731,7310,Advertising,,Meydan,
Marketing Management,102631.0,73,732,7320,Market research and public opinion polling,,Meydan,
Marketing Research & Consultancies,102629.0,73,732,7320,Market research and public opinion polling,,Meydan,
Marketing Services Via Social Media,102633.0,62,620,6202,Computer consultancy and computer facilities management activities,,Meydan,
"Marketing, Public Relations & Communication Consultancy",102634.0,70,702,7020,Management consultancy activities,,Meydan,
Martial Arts Club,102635.0,93,931,9312,Activities of sports clubs,,Meydan,
Martial Arts Instruction,102636.0,85,854,8541,Sports and recreation education,,Meydan,
Materials Fire Resistance Testing Services,102639.0,71,712,7120,Technical testing and analysis,,Meydan,
Maxillofacial Surgery Clinic,102640.0,86,862,8620,Medical and dental practice activities,,Meydan,
Means Of Transportation Services Broker,102642.0,52,522,5229,Other transportation support activities,,Meydan,
Measuring & Control Systems Trading,102643.0,46,465,4659,Wholesale of other machinery and equipment,,Meydan,
Meat & Fish Processing Equipment & Machinery Trading,102646.0,46,465,4659,Wholesale of other machinery and equipment,,Meydan,
Meat Seller,102648.0,47,478,4781,"Retail sale via stalls and markets of food, beverages and tobacco products",,Meydan,
Mechanical Engineering Consultancies,102652.0,71,711,7110,Architectural and engineering activities and related technical consultancy,,Meydan,
Mechanical Engineering Services,102652.0,71,711,7110,Architectural and engineering activities and related technical consultancy,,Meydan,
Mechanical Failure Insurance,102654.0,65,651,6512,Non-life insurance,,Meydan,
Mechanical Power Engineering Services,102655.0,71,711,7110,Architectural and engineering activities and related technical consultancy,,Meydan,
Media Archiving,102659.0,59,591,5913,"Motion picture, video and television programme distribution activities",,Meydan,
Media Consultancy,102658.0,70,702,7020,Management consultancy activities,,Meydan,
Media Content Production,102661.0,59,591,5911,"Motion picture, video and television programme production activities",,Meydan,
Media Equipment Rental,102662.0,77,773,7730,"Renting and leasing of other machinery, equipment and tangible goods",,Meydan,
Media Monitoring,102665.0,73,732,7320,Market research and public opinion polling,,Meydan,
Media Monitoring Services,102665.0,73,732,7320,Market research and public opinion polling,,Meydan,
Media Representation,102667.0,73,731,7310,Advertising,,Meydan,
Media Studies & Consultancies,102658.0,70,702,7020,Management consultancy activities,,Meydan,
Media Support Services,102670.0,59,591,5911,"Motion picture, video and television programme production activities",,Meydan,
Medical And Dental Practice Activities,102678.0,86,862,8620,Medical and dental practice activities,,Meydan,
Medical & Laboratory Equipment Repair,102679.0,33,331,3319,Repair of other equipment,,Meydan,
Medical Billing Services,102680.0,82,829,8291,Activities of collection agencies and credit bureaus,,Meydan,
Medical Engineering Services,102683.0,71,711,7110,Architectural and engineering activities and related technical consultancy,,Meydan,
Medical Equipment Rental,102685.0,77,773,7730,"Renting and leasing of other machinery, equipment and tangible goods",,Meydan,
Medical Fitness Center,102687.0,86,869,8690,Other human health activities,,Meydan,
Medical Gas Compressors Rental,102688.0,77,773,7730,"Renting and leasing of other machinery, equipment and tangible goods",,Meydan,
Medical Gas Trading,102689.0,46,466,4669,Wholesale of waste and scrap and other products n.e.c.,,Meydan,
Medical Laboratories Such As• X-Ray Laboratories And Other Diagnostic Imaging Centres• Blood Analysis Laboratories,102677.0,86,869,8690,Other human health activities,,Meydan,
Medical Manpower Supply,102691.0,78,781,7810,Activities of employment placement agencies,,Meydan,
Medical Spa (Medspa) Center,102694.0,87,871,8710,Residential nursing care facilities,,Meydan,
Medical Treatment Facilitation Services,102696.0,82,829,8299,Other business support service activities n.e.c.,,Meydan,
"Medical, Surgical Articles & Requisites Trading",102697.0,46,465,4659,Wholesale of other machinery and equipment,,Meydan,
"Medical, Surgical Equipment & Instruments Trading",102698.0,46,465,4659,Wholesale of other machinery and equipment,,Meydan,
Medicinal Chemicals Trading,102700.0,46,466,4669,Wholesale of waste and scrap and other products n.e.c.,,Meydan,
Meditation Centre,102703.0,85,854,8541,Sports and recreation education,,Meydan,
Men Oriental Bath,102706.0,96,960,9609,Other personal service activities n.e.c.,,Meydan,
Men Physical Fitness Club,102707.0,93,931,9312,Activities of sports clubs,,Meydan,
Men Tailoring,101649.0,14,141,1410,"Manufacture of wearing apparel, except fur apparel",,Meydan,
Men Underwears Trading,102709.0,47,477,4771,"Retail sale of clothing, footwear and leather articles in specialized stores",,Meydan,
Men'S Garment Trading,102712.0,47,477,4771,"Retail sale of clothing, footwear and leather articles in specialized stores",,Meydan,
Mental Health Halfway Houses,102714.0,87,872,8720,"Residential care activities for mental retardation, mental health and substance abuse",,Meydan,
Mental Retardation Facilities,102715.0,87,872,8720,"Residential care activities for mental retardation, mental health and substance abuse",,Meydan,
Merchandising Services,102716.0,45,454,4540,"Sale, maintenance and repair of motorcycles and related parts and accessories",,Meydan,
Metal Alloys Trading,102717.0,46,466,4662,Wholesale of metals and metal ores,,Meydan,
Metal Blinds Trading,102718.0,47,475,4753,"Retail sale of carpets, rugs, wall and floor coverings in specialized stores",,Meydan,
Metal Cans & Containers Trading,102719.0,46,465,4659,Wholesale of other machinery and equipment,,Meydan,
Metal Drums & Barrels Trading,102720.0,46,465,4659,Wholesale of other machinery and equipment,,Meydan,
Metal Engineering Services,,71,711,7110,Architectural and engineering activities and related technical consultancy,,Meydan,
Metal Ores Trading,102721.0,46,466,4662,Wholesale of metals and metal ores,,Meydan,
Metal Ropes Trading,102722.0,47,475,4752,"Retail sale of hardware, paints and glass in specialized stores",,Meydan,
Metal Wires Trading,102723.0,47,475,4752,"Retail sale of hardware, paints and glass in specialized stores",,Meydan,
Meteorology Engineering Consultancy,102725.0,71,711,7110,Architectural and engineering activities and related technical consultancy,,Meydan,
Microfilming Of Documents,102726.0,74,742,7420,Photographic activities,,Meydan,
Mind Abilities Development Center,102728.0,86,869,8690,Other human health activities,,Meydan,
Mind Abilities Development Equipment Trading,102729.0,47,477,4773,Other retail sale of new goods in specialized stores,,Meydan,
Mineral Water Trading,102730.0,46,463,4630,"Wholesale of food, beverages and tobacco",,Meydan,
"Mines, Mining & Geological Engineering Consultancies",,71,711,7110,Architectural and engineering activities and related technical consultancy,,Meydan,
Mini Store,102731.0,47,471,4711,"Retail sale in non-specialized stores with food, beverages or tobacco predominating",,Meydan,
Mining & Mines Equipment Engineering Services,102732.0,71,711,7110,Architectural and engineering activities and related technical consultancy,,Meydan,
"Mining, Oil & Water Geological Engineering Services",,71,711,7110,Architectural and engineering activities and related technical consultancy,,Meydan,
Minor Traffic Accidents Inspection Services,,80,803,8030,Investigation activities,,Meydan,
Mobile Auto Repair Services,,45,452,4520,Maintenance and repair of motor vehicles,,Meydan,
Mobile Food Carts,,56,561,5610,Restaurants and mobile food service activities,,Meydan,
Mobile Phone Repair,102736.0,95,951,9512,Repair of communication equipment,,Meydan,
Mobile Phone Upgrading Services,102733.0,95,952,9521,Repair of consumer electronics,,Meydan,
Mobile Phones & Accessories Trading,102734.0,46,465,4652,Wholesale of electronic and telecommunications equipment and parts,,Meydan,
Mobile Phones Numbers Trading,102735.0,46,469,4690,Non-specialized wholesale trade,,Meydan,
Mobile Phones Rental,102737.0,77,773,7730,"Renting and leasing of other machinery, equipment and tangible goods",,Meydan,
Mobile Vans Rental,,77,773,7730,"Renting and leasing of other machinery, equipment and tangible goods",,Meydan,
Models Production By Three Dimensional Laser Scanning,102739.0,74,742,7420,Photographic activities,,Meydan,
Modified Vehicles’ Conformity Certificate Issuing Services,,71,712,7120,Technical testing and analysis,,Meydan,
Molecular Biology Technologies,,86,869,8690,Other human health activities,,Meydan,
Monetary & Banking Equipment Trading,102740.0,46,465,4659,Wholesale of other machinery and equipment,,Meydan,
Money & Valuables Transport Services,102741.0,80,802,8020,Security systems service activities,,Meydan,
Money Exchangers,102742.0,66,661,6612,Security and commodity contracts brokerage,,Meydan,
Money Order,,53,532,5320,Courier activities,,Meydan,
"Monitoring Or Remote Monitoring Of Electronic Security Alarm Systems, Such As Burglar And Fire Alarms, Including Their Maintenance",,80,802,8020,Security systems service activities,,Meydan,
Mortgage Advisers And Brokers,,66,661,6619,Other activities auxiliary to financial service activities,,Meydan,
Mortgage Consultancy,102743.0,66,661,6619,Other activities auxiliary to financial service activities,,Meydan,
Motion Picture Distribution,,59,591,5913,"Motion picture, video and television programme distribution activities",,Meydan,
Motion Picture Film Laboratories And Activities Of Special Laboratories For Animated Films,,59,591,5912,"Motion picture, video and television programme post-production activities",,Meydan,
"Motion Picture Or Videotape Projection In Cinemas, In The Open Air Or In Other Projection Facilities",102744.0,59,591,5914,Motion picture projection activities,,Meydan,
Motion Picture Projection Activities,102744.0,59,591,5914,Motion picture projection activities,,Meydan,
Motion Picture Production,102745.0,59,591,5911,"Motion picture, video and television programme production activities",,Meydan,
Motion Picture Studio,,59,591,5912,"Motion picture, video and television programme post-production activities",,Meydan,
Motion Picture Trading,,47,476,4762,Retail sale of music and video recordings in specialized stores,,Meydan,
"Motion Picture, Video And Television Programme Activities",102746.0,59,591,5910,"Motion picture, video and television programme activities",,Meydan,
"Motion Picture, Video And Television Programme Distribution Activities",102747.0,59,591,5913,"Motion picture, video and television programme distribution activities",,Meydan,
"Motion Picture, Video And Television Programme Post-Production Activities",102748.0,59,591,5912,"Motion picture, video and television programme post-production activities",,Meydan,
"Motion Picture, Video And Television Programme Production Activities",102745.0,59,591,5911,"Motion picture, video and television programme production activities",,Meydan,
Motor Vehicles Transport Trucks Rental,,77,771,7710,Renting and leasing of motor vehicles,,Meydan,
Motor Vehicles Transportation,,49,492,4923,Freight transport by road,,Meydan,
Motorcycles Rental,,77,773,7730,"Renting and leasing of other machinery, equipment and tangible goods",,Meydan,
Mountain Guides,,93,931,9319,Other sports activities,,Meydan,
Movie Filming & Production Equipment Rental,102751.0,77,773,7730,"Renting and leasing of other machinery, equipment and tangible goods",,Meydan,
Multi-Dimensional Images Production (Hologram),102752.0,74,742,7420,Photographic activities,,Meydan,
Multi-Dimensional Images Trading (Hologram),102752.0,46,465,4652,Wholesale of electronic and telecommunications equipment and parts,,Meydan,
Multimedia Development,,59,591,5911,"Motion picture, video and television programme production activities",,Meydan,
Multiple Intelligence Test Services,,96,960,9609,Other personal service activities n.e.c.,,Meydan,
Museums Activities And Operation Of Historical Sites And Buildings,,91,910,9102,Museums activities and operation of historical sites and buildings,,Meydan,
Music Consultancy,102753.0,70,702,7020,Management consultancy activities,,Meydan,
Music Consultant,102753.0,90,900,9000,"Creative, arts and entertainment activities",,Meydan,
Music Production & Recordings,,59,592,5920,Sound recording and music publishing activities,,Meydan,
Music Promotion & Management,,59,592,5920,Sound recording and music publishing activities,,Meydan,
"Music Publishing, I.E. Activities Of",,59,592,5920,Sound recording and music publishing activities,,Meydan,
Music Training,,90,900,9000,"Creative, arts and entertainment activities",,Meydan,
Musical Ensemble,,90,900,9000,"Creative, arts and entertainment activities",,Meydan,
Musical Instruments Rental,,77,772,7729,Renting and leasing of other personal and household goods,,Meydan,
Nails Manicure & Pedicure,,96,960,9602,,,Meydan,
Natural Gas Technology Marketing,102754.0,73,731,7310,Advertising,,Meydan,
Natural Herbs Trading,102755.0,46,463,4630,"Wholesale of food, beverages and tobacco",,Meydan,
Natural Resources Extraction Machinery & Equipment Trading,,47,477,4773,Other retail sale of new goods in specialized stores,,Meydan,
Naturopathy Center,,86,869,8690,Other human health activities,,Meydan,
Network Consultancies,102756.0,62,620,6202,Computer consultancy and computer facilities management activities,,Meydan,
Neurosurgery Clinic,102759.0,86,862,8620,Medical and dental practice activities,,Meydan,
New & Used Furniture Removal,102760.0,49,492,4923,Freight transport by road,,Meydan,
New Automobile Trading For Export,102761.0,45,451,4510,Sale of motor vehicles,,Meydan,
News Agency,102762.0,63,639,6391,News agency activities,,Meydan,
News Agency Activities,102762.0,63,639,6391,News agency activities,,Meydan,
"News Clipping Services, Press Clipping Services, Etc.",102763.0,63,639,6399,Other information service activities n.e.c.,,Meydan,
"News Syndicate And News Agency Activities Furnishing News, Pictures And Features To The Media",102764.0,63,639,6391,News agency activities,,Meydan,
Newspaper Advertisements,102927.0,73,731,7310,Advertising,,Meydan,
Newspapers & Magazines Trading,102765.0,46,464,4649,Wholesale of other household goods,,Meydan,
"Noise Control, Vibration & Acoustics Consultancy",102767.0,71,711,7110,Architectural and engineering activities and related technical consultancy,,Meydan,
Non Edible Oil Trading,102768.0,46,466,4669,Wholesale of waste and scrap and other products n.e.c.,,Meydan,
Non-Commercial Information Services,102771.0,63,639,6399,Other information service activities n.e.c.,,Meydan,
"Non-Emergency Transport Of Patients & Elders
",,49,492,4922,Other passenger land transport,,Meydan,
Non-Life Insurance,102772.0,65,651,6512,Non-life insurance,,Meydan,
Non-Medical Resident Services,,87,879,8790,Other residential care activities,,Meydan,
Non-Specialized Wholesale Trade,,46,469,4690,Non-specialized wholesale trade,,Meydan,
"Non-Store Auctions (Retail)
",,47,479,4799,"Other retail sale not in stores, stalls or markets",,Meydan,
Nondestructive Testing Services,,71,712,7120,Technical testing and analysis,,Meydan,
Novelties Trading,102774.0,46,464,4649,Wholesale of other household goods,,Meydan,
Nuclear Engineering Services,,71,711,7110,Architectural and engineering activities and related technical consultancy,,Meydan,
Nursery,102775.0,88,889,8890,Other social work activities without accommodation,,Meydan,
Nursing Care Facilities,102776.0,87,871,8710,Residential nursing care facilities,,Meydan,
Nursing Homes,102777.0,87,871,8710,Residential nursing care facilities,,Meydan,
Nursing School,102777.0,85,852,8522,Technical and vocational secondary education,,Meydan,
Nuts Trading,102778.0,46,463,4630,"Wholesale of food, beverages and tobacco",,Meydan,
Obstetric & Gynecology Clinic,102779.0,86,862,8620,Medical and dental practice activities,,Meydan,
Occupational Driving School,,85,854,8549,Other education n.e.c.,,Meydan,
Occupational Hygiene & Safety Requisites Trading.,102780.0,46,465,4659,Wholesale of other machinery and equipment,,Meydan,
Occupational Medicine Clinic,,86,862,8620,Medical and dental practice activities,,Meydan,
Occupational Safety Training,102781.0,85,854,8549,Other education n.e.c.,,Meydan,
Off Road Karts & Spare Parts Trading,102782.0,45,454,4540,"Sale, maintenance and repair of motorcycles and related parts and accessories",,Meydan,
Off Road Karts Rental,,77,773,7730,"Renting and leasing of other machinery, equipment and tangible goods",,Meydan,
Off Road Motorcycles Rental,,77,771,7710,Renting and leasing of motor vehicles,,Meydan,
Office Administrative And Support Activities,,82,821,8210,Office administrative and support activities,,Meydan,
Office Equipment Trading,102783.0,46,465,4659,Wholesale of other machinery and equipment,,Meydan,
Office Furniture Trading,102784.0,46,465,4659,Wholesale of other machinery and equipment,,Meydan,
Oil & Natural Gas Exploration Consultancies,102785.0,71,711,7110,Architectural and engineering activities and related technical consultancy,,Meydan,
Oil Drilling Rigs & Equipment Trading,102787.0,46,465,4659,Wholesale of other machinery and equipment,,Meydan,
Oil Exploration Engineering Services,102789.0,71,711,7110,Architectural and engineering activities and related technical consultancy,,Meydan,
Oil Refining Engineering Services,102791.0,71,711,7110,Architectural and engineering activities and related technical consultancy,,Meydan,
Oilfield & Natural Gas Equipment & Spare Parts Trading,102793.0,46,465,4659,Wholesale of other machinery and equipment,,Meydan,
Oilfield Chemicals Trading,102795.0,46,466,4669,Wholesale of waste and scrap and other products n.e.c.,,Meydan,
Old Postage Stamps & Currencies Trading,102796.0,46,464,4649,Wholesale of other household goods,,Meydan,
On Demand Labors Supply (Temporary Employment),,78,782,7820,Temporary employment agency activities,,Meydan,
On-Line Employment Placement Agencies,,78,781,7810,Activities of employment placement agencies,,Meydan,
On-Line Publishing Of Statistics Or Other Information,102797.0,58,581,5819,Other publishing activities,,Meydan,
Oncology Clinic,102798.0,86,862,8620,Medical and dental practice activities,,Meydan,
Online Advertising,102799.0,73,731,7310,Advertising,,Meydan,
Online Government Transactions Processing,,82,829,8299,Other business support service activities n.e.c.,,Meydan,
Online Marketing Services,,73,731,7310,Advertising,,Meydan,
"Operating, Maintaining Or Providing Access To Facilities For The Transmission Of Voice, Data, Text, Sound And Video Using A Satellite Telecommunications Infrastructure",,61,613,6130,Satellite telecommunications activities,,Meydan,
"Operating, Maintaining Or Providing Access To Facilities For The Transmission Of Voice, Data, Text, Sound And Video Using A Wired Telecommunications Infrastructure, Including:• Operating And Maintaining Switching And Transmission Facilities To Provide Point-Top Oint Communications Via L&lines, Microwave Or A Combination Of L&lines And Satellite Linkups• Operating Of Cable Distribution Systems (E.G. For Distribution Of Data And Television Signals)• Furnishing Telegraph And Other Non-Vocal Communications Using Own Facilities The Transmission Facilities That Carry Out These Activities, May Be Based On A Single Technology Or A Combination Of Technologies.",,61,611,6110,Wired telecommunications activities,,Meydan,
"Operating, Maintaining Or Providing Access To Facilities For The Transmission Of Voice, Data, Text, Sound, And Video Using A Wireless Telecommunications Infrastructure",,61,612,6120,Wireless telecommunications activities,,Meydan,
Operation (Exploitation) Of Coin-Operated Games,,93,932,9329,Other amusement and recreation activities n.e.c.,,Meydan,
"Operation Of Canteens Or Cafeterias (E.G. For Factories, Offices, Hospitals Or Schools) On A Concession Basis",,56,562,5629,Other food service activities,,Meydan,
Operation Of Concert And Theatre Halls And Other Arts Facilities,,90,900,9000,"Creative, arts and entertainment activities",,Meydan,
Operation Of Discotheques And Dance Floors,,93,932,9329,Other amusement and recreation activities n.e.c.,,Meydan,
Operation Of Fairs And Shows Of A Recreational Nature,,93,932,9329,Other amusement and recreation activities n.e.c.,,Meydan,
Operation Of Food Concessions At Sports And Similar Facilities,,56,562,5629,Other food service activities,,Meydan,
"Operation Of Funicular Railways, Aerial Cableways Etc. If Part Of Urban Or Suburban Transit Systems",,49,492,4921,Urban and suburban passenger land transport,,Meydan,
"Operation Of Other Websites That Act As Portals To The Internet, Such As Media Sites Providing Periodically Updated Content",,63,631,6312,Web portals,,Meydan,
"Operation Of Recreational Transport Facilities, E.G. Marinas",,93,932,9329,Other amusement and recreation activities n.e.c.,,Meydan,
Operation Of Satellite Terminal Stations And Associated Facilities Operationally Connected With One Or More Terrestrial Communications Systems And Capable Of Transmitting Telecommunications To Or Receiving Telecommunications From Satellite Systems,,61,619,6190,Other telecommunications activities,,Meydan,
Operation Of Ski Hills,,93,932,9329,Other amusement and recreation activities n.e.c.,,Meydan,
"Operation Of Storage And Warehouse Facilities For All Kind Of Goods• Operation Of Grain Silos, General MercHandise Warehouses, Refrigerated Warehouses, Storage Tanks Etc.",,52,521,5210,Warehousing and storage,,Meydan,
"Operation Of Telfers (Téléphériques), Funiculars, Ski And Cable Lifts If Not Part Of Urban Or Suburban Transit Systems",,49,492,4922,Other passenger land transport,,Meydan,
Operation Of Web Sites That Use A Search Engine To Generate And Maintain Extensive Databases Of Internet Addresses And Content In An Easily Searchable Format,,63,631,6312,Web portals,,Meydan,
Ophthalmology Clinic,102801.0,86,862,8620,Medical and dental practice activities,,Meydan,
Ophthalmology Hospital,102802.0,86,861,8610,Hospital activities,,Meydan,
Optical Center,,86,869,8690,Other human health activities,,Meydan,
Opticians,,47,477,4773,Other retail sale of new goods in specialized stores,,Meydan,
Organic Fertilizer & Plant Feed Trading,,47,477,4773,Other retail sale of new goods in specialized stores,,Meydan,
Organization Of Conventions And Trade Shows,102803.0,82,823,8230,Organization of conventions and trade shows,,Meydan,
Organization Of Group And Individual Consignments (Including Pickup And Delivery Of Goods And Grouping Of Consignments),,52,522,5229,Other transportation support activities,,Meydan,
"Organization, Promotion And/Or Management Of Events, Such As Business And Trade Shows, Conventions, Conferences And Meetings, Whether Or Not Including The Management And Provision Of The Staff To Operate The Facilities In Which These Events Take Place",,82,823,8230,Organization of conventions and trade shows,,Meydan,
Oriental Carpets Trading,,46,464,4649,Wholesale of other household goods,,Meydan,
Orthodontic Activities,,86,862,8620,Medical and dental practice activities,,Meydan,
Orthopedic Clinic,,86,862,8620,Medical and dental practice activities,,Meydan,
Orthopedic Surgery Hospital,,86,861,8610,Hospital activities,,Meydan,
Osteopathy Center,,86,869,8690,Other human health activities,,Meydan,
Other Accommodation,,55,559,5590,Other accommodation,,Meydan,
Other Activities Auxiliary To Financial Service Activities,102804.0,66,661,6619,Other activities auxiliary to financial service activities,,Meydan,
Other Activities Auxiliary To Insurance And Pension Funding,,66,662,6629,Other activities auxiliary to insurance and pension funding,,Meydan,
Other Amusement And Recreation Activities (Except Amusement Parks And Theme Parks) Not Elsewhere Classified,,93,932,9329,Other amusement and recreation activities n.e.c.,,Meydan,
Other Amusement And Recreation Activities N.E.C,,93,932,9329,Other amusement and recreation activities n.e.c.,,Meydan,
Other Amusement And Recreation Activities N.E.C.,,93,932,9329,Other amusement and recreation activities n.e.c.,,Meydan,
Other Building And Industrial Cleaning Activities,,81,812,8129,Other building and industrial cleaning activities,,Meydan,
"Other Building And Industrial Cleaning Activities, N.E.C.",,81,812,8129,Other building and industrial cleaning activities,,Meydan,
Other Business Support Service Activities N.E.C.,,82,829,8299,Other business support service activities n.e.c.,,Meydan,
Other Credit Granting,,64,649,6492,Other credit granting,,Meydan,
"Other Document Copying Services Without Also Providing Printing Services, Such As Offset Printing, Quick Printing, Digital Printing, Prepress Services",,82,821,8219,"Photocopying, document preparation and other specialized office support activities",,Meydan,
Other Education,,85,854,8540,Other education,,Meydan,
Other Education N.E.C.,,85,854,8549,Other education n.e.c.,,Meydan,
Other Financial Service Activities Primarily Concerned With Distributing Funds Other Than By Making Loans,,64,649,6499,"Other financial service activities, except insurance and pension funding activities, n.e.c.",,Meydan,
"Other Financial Service Activities, Except Insurance And Pension Funding Activities
",102805.0,64,649,6490,"Other financial service activities, except insurance and pension funding activities",,Meydan,
"Other Financial Service Activities, Except Insurance And Pension Funding Activities, N.E.C.",102805.0,64,649,6499,"Other financial service activities, except insurance and pension funding activities, n.e.c.",,Meydan,
Other Food Products,,47,472,4721,Retail sale of food in specialized stores,,Meydan,
Other Food Service Activities,,56,562,5629,Other food service activities,,Meydan,
Other Human Health Activities,,86,869,8690,Other human health activities,,Meydan,
Other Human Resources Provision,102806.0,78,783,7830,Other human resources provision,,Meydan,
Other Information Service Activities,102807.0,63,639,6390,Other information service activities,,Meydan,
Other Information Service Activities N.E.C.,102807.0,63,639,6399,Other information service activities n.e.c.,,Meydan,
Other Information Technology And Computer Service Activities,102808.0,62,620,6209,Other information technology and computer service activities,,Meydan,
Other Membership Organizations,,94,949,9490,Activities of other membership organizations,,Meydan,
Other Personal Service Activities,,96,960,9600,Other personal service activities,,Meydan,
Other Personal Service Activities N.E.C.,,96,960,9609,Other personal service activities n.e.c.,,Meydan,
"Other Professional, Scientific And Technical Activities N.E.C.",,74,749,7490,"Other professional, scientific and technical activities n.e.c.",,Meydan,
Other Publishing Activities,102809.0,58,581,5819,Other publishing activities,,Meydan,
Other Reservation Service And Related Activities,102811.0,79,799,7990,Other reservation service and related activities,,Meydan,
Other Residential Care Activities,,87,879,8790,Other residential care activities,,Meydan,
Other Retail Sale In Non-Specialized Stores,,47,471,4719,Other retail sale in non-specialized stores,,Meydan,
"Other Retail Sale Not In Stores, Stalls Or Markets",,47,479,4799,"Other retail sale not in stores, stalls or markets",,Meydan,
Other Retail Sale Of New Goods In Specialized Stores,,47,477,4773,Other retail sale of new goods in specialized stores,,Meydan,
Other Social Work Activities Without Accommodation,,88,889,8890,Other social work activities without accommodation,,Meydan,
Other Specialized Wholesale,,46,466,4660,Other specialized wholesale,,Meydan,
Other Sports Activities,,93,931,9319,Other sports activities,,Meydan,
Other Support Activities Typically Provided To Businesses Not Elsewhere Classified,,82,829,8299,Other business support service activities n.e.c.,,Meydan,
Other Technical Consulting,,74,749,7490,"Other professional, scientific and technical activities n.e.c.",,Meydan,
Other Telecommunications Activities,,61,619,6190,Other telecommunications activities,,Meydan,
Other Transportation Support Activities,,52,522,5229,Other transportation support activities,,Meydan,
Other Types Of Insurance,,65,651,6512,Non-life insurance,,Meydan,
Otolaryngology Clinic,,86,862,8620,Medical and dental practice activities,,Meydan,
Out Bound Tour Operator,,79,791,7912,Tour operator activities,,Meydan,
"Outbound Call Centers Using Similar Methods To Sell Or Market Goods Or Services To Potential Customers, Undertake Market Research Or Public Opinion Polling And Similar Activities For Clients",,82,822,8220,Activities of call centres,,Meydan,
Outpatient Treatment & Diagnostic Center,,86,862,8620,Medical and dental practice activities,,Meydan,
Overland Boats & Jet Skis Transport & Towing,100438.0,52,522,5221,Service activities incidental to land transportation,,Meydan,
"Own-Account Investment Activities, Such As By Venture Capital Companies, Investment Clubs Etc.",,64,649,6499,"Other financial service activities, except insurance and pension funding activities, n.e.c.",,Meydan,
Oxygen Cafe,,56,563,5630,Beverage serving activities,,Meydan,
Packaging Activities,102812.0,82,829,8292,Packaging activities,,Meydan,
"Packaging Activities On A Fee Or Contract Basis, Whether Or Not These Involve An Automated Process:• Bottling Of Liquids, Including Beverages And Food• Packaging Of Solids (Blister Packaging, Foil-Covered Etc.)• Security Packaging Of Pharmaceutical Preparations• Labeling, Stamping And Imprinting• Parcel-Packing And Gift-Wrapping",102813.0,82,829,8292,Packaging activities,,Meydan,
Packing & Packaging Equipment Trading,102815.0,46,465,4659,Wholesale of other machinery and equipment,,Meydan,
Packing & Packaging Materials Trading,102816.0,46,465,4659,Wholesale of other machinery and equipment,,Meydan,
Paediatric Clinic,102817.0,86,862,8620,Medical and dental practice activities,,Meydan,
Paediatric Hospital,102818.0,86,861,8610,Hospital activities,,Meydan,
Paging Receivers Trading,102819.0,47,477,4773,Other retail sale of new goods in specialized stores,,Meydan,
Paint & Varnish Trading,102820.0,46,466,4663,"Wholesale of construction materials, hardware, plumbing and heating equipment and supplies",,Meydan,
Painting Equipment Trading,102822.0,46,466,4663,"Wholesale of construction materials, hardware, plumbing and heating equipment and supplies",,Meydan,
Paintings & Artworks Rental,102824.0,77,772,7729,Renting and leasing of other personal and household goods,,Meydan,
Paintings & Frames Trading,102825.0,46,464,4649,Wholesale of other household goods,,Meydan,
Paper Products Trading,102826.0,46,466,4669,Wholesale of waste and scrap and other products n.e.c.,,Meydan,
Paper Trading,102827.0,46,466,4669,Wholesale of waste and scrap and other products n.e.c.,,Meydan,
Para-Pharmaceutical Products Trading,102828.0,46,464,4649,Wholesale of other household goods,,Meydan,
Parachuting Club,102829.0,93,931,9312,Activities of sports clubs,,Meydan,
Parcels Delivery,102831.0,53,532,5320,Courier activities,,Meydan,
Parents Of Children With Disabilities Consultant,102832.0,88,889,8890,Other social work activities without accommodation,,Meydan,
Parking Car Washing,102833.0,45,452,4520,Maintenance and repair of motor vehicles,,Meydan,
Parking Meter Coin Collection Services,102834.0,82,829,8299,Other business support service activities n.e.c.,,Meydan,
Parliamentary Consultancy,102835.0,70,702,7020,Management consultancy activities,,Meydan,
Parties & Entertainments Services,102836.0,90,900,9000,"Creative, arts and entertainment activities",,Meydan,
Parties & Events Filming,,74,742,7420,Photographic activities,,Meydan,
Party Cook,,56,562,5629,Other food service activities,,Meydan,
Passenger International Transportation by Buses,,49,492,4922,Other passenger land transport,,Meydan,
Passenger Luggage Delivery,,52,522,5229,Other transportation support activities,,Meydan,
Passenger Transport by Luxury Motor Vehicles,,49,492,4922,Other passenger land transport,,Meydan,
Passenger Transport By Man-Or Animal-Drawn Vehicles,,49,492,4922,Other passenger land transport,,Meydan,
"Passengers Transport By Rented Buses
",,49,492,4922,Other passenger land transport,,Meydan,
Passengers Transport by Vehicles via E-services,,49,492,4922,Other passenger land transport,,Meydan,
"Passengers Transport via Telephone Calls, Electronic Platforms & Smart Apps",,49,492,4922,Other passenger land transport,,Meydan,
Pastry Preparing,102837.0,56,562,5621,Event catering,,Meydan,
Pastry Trading,102838.0,46,463,4630,"Wholesale of food, beverages and tobacco",,Meydan,
Patent & Industrial Property Agent,102839.0,69,691,6910,Legal activities,,Meydan,
Patent Brokerage Activities (Arranging For The Purchase And Sale Of Patents),102841.0,74,749,7490,"Other professional, scientific and technical activities n.e.c.",,Meydan,
Payment Services Provider,102842.0,82,829,8291,Activities of collection agencies and credit bureaus,,Meydan,
Pearls & Precious Stones Trading,102843.0,46,464,4649,Wholesale of other household goods,,Meydan,
People Of Determination Universal Accessibility Consultant,,71,711,7110,Architectural and engineering activities and related technical consultancy,,Meydan,
"Performance Of Physical, Chemical And Other Analytical Testing Of All Types Of MaterialsAnd Products",,71,712,7120,Technical testing and analysis,,Meydan,
Performing Arts & Music Festivals,,90,900,9000,"Creative, arts and entertainment activities",,Meydan,
Performing Arts Hall,,90,900,9000,"Creative, arts and entertainment activities",,Meydan,
Performing Arts Management,,90,900,9000,"Creative, arts and entertainment activities",,Meydan,
Performing Arts Schools (Except Academic),,85,854,8542,Cultural education,,Meydan,
Performing Arts Schools Providing Higher Education,,85,853,8530,Higher education,,Meydan,
Perfumes Blending & Bottling,,82,829,8292,Packaging activities,,Meydan,
Permanent Industrial Exhibition,,45,454,4540,"Sale, maintenance and repair of motorcycles and related parts and accessories",,Meydan,
Personal Debt Collection,,82,829,8291,Activities of collection agencies and credit bureaus,,Meydan,
Personal Shopping Services,,74,749,7490,"Other professional, scientific and technical activities n.e.c.",,Meydan,
Personal Sport Coaching Services,,85,854,8541,Sports and recreation education,,Meydan,
"Personnel Search, Selection Referral And Placement Activities, Including Executive Placement And Search Activities",102847.0,78,781,7810,Activities of employment placement agencies,,Meydan,
Persons With Special Needs Equipment Trading,102848.0,47,477,4772,"Retail sale of pharmaceutical and medical goods, cosmetic and toilet articles in specialized stores",,Meydan,
Pest Control Equipment Trading,102849.0,47,477,4773,Other retail sale of new goods in specialized stores,,Meydan,
Pests Management Consultancy,102850.0,70,702,7020,Management consultancy activities,,Meydan,
"Pet Care Services Such As Boarding, Grooming, Sitting And Training Pets",102851.0,96,960,9609,Other personal service activities n.e.c.,,Meydan,
Pet Relocation Services,,96,960,9609,Other personal service activities n.e.c.,,Meydan,
Petrochemicals trading,102852.0,46,466,4669,Wholesale of waste and scrap and other products n.e.c.,,Meydan,
Petrol Station Equipment Trading,102853.0,47,477,4773,Other retail sale of new goods in specialized stores,,Meydan,
Petroleum Products Transport,,49,492,4923,Freight transport by road,,Meydan,
Petroleum Refining Plants Engineering Services,,71,711,7110,Architectural and engineering activities and related technical consultancy,,Meydan,
Pharmaceutical Consultancies,102856.0,70,702,7020,Management consultancy activities,,Meydan,
Pharmaceutical Representative Office,102857.0,70,701,7010,Activities of head offices,,Meydan,
Pharmaceutical Researches & Studies,102858.0,72,721,7210,Research and experimental development on natural sciences and engineering,,Meydan,
Pharmaceuticals Packing,102859.0,82,829,8292,Packaging activities,,Meydan,
Pharmacy,102860.0,47,477,4772,"Retail sale of pharmaceutical and medical goods, cosmetic and toilet articles in specialized stores",,Meydan,
Photocopying,102861.0,82,821,8219,"Photocopying, document preparation and other specialized office support activities",,Meydan,
"Photocopying, Document Preparation And Other Specialized Office Support Activities",102862.0,82,821,8219,"Photocopying, document preparation and other specialized office support activities",,Meydan,
Photographic Activities,102864.0,74,742,7420,Photographic activities,,Meydan,
Photographic Processing Equipment & Requisites Trading,102866.0,46,464,4649,Wholesale of other household goods,,Meydan,
Photographs & Motion Pictures Processing,102868.0,74,742,7420,Photographic activities,,Meydan,
Photography Processing Materials Trading,102869.0,46,464,4649,Wholesale of other household goods,,Meydan,
Photography Schools (Except Commercial),102870.0,85,854,8542,Cultural education,,Meydan,
Photography Services,102864.0,74,742,7420,Photographic activities,,Meydan,
Photojournalists,102873.0,74,742,7420,Photographic activities,,Meydan,
Physical & Mechanical Testing Laboratory,103305.0,71,712,7120,Technical testing and analysis,,Meydan,
Physical Engineering Services,103306.0,71,711,7110,Architectural and engineering activities and related technical consultancy,,Meydan,
Physical Medicine & Rehabilitation Center,,86,869,8690,Other human health activities,,Meydan,
Physiotherapy Center,,86,869,8690,Other human health activities,,Meydan,
Piano Teachers And Other Music Instruction,103307.0,85,854,8542,Cultural education,,Meydan,
Piano-Tuning,103301.0,95,952,9529,Repair of other personal and household goods,,Meydan,
"Pickup, Sorting, Transport And Delivery (Domestic Or International) Of Letter-Post And (Mail-Type) Parcels And Packages By Firms Not Operating Under A Universal Service Obligation. One Or More Modes Of Transport May Be Involved And The Activity May Be Carried Out With Either Self-Owned (Private) Transport Or Via Public Transport.",103303.0,53,532,5320,Courier activities,,Meydan,
"Pickup, Sorting, Transport And Delivery (Domestic Or International) Of Letter-Post And (Mail-Type) Parcels And Packages By Postal Services Operating Under A Universal Service Obligation. One Or More Modes Of Transport May Be Involved And The Activity May Be Carried Out With Either Self-Owned (Private) Transport Or Via Public Transport.",103304.0,53,532,5320,Courier activities,,Meydan,
Picnics & Camping Organizing,,93,932,9329,Other amusement and recreation activities n.e.c.,,Meydan,
Ping Pong Training,103302.0,93,931,9312,Activities of sports clubs,,Meydan,
Pipelines Testing Services,,71,712,7120,Technical testing and analysis,,Meydan,
Pipes & Fittings Trading,103298.0,46,466,4663,"Wholesale of construction materials, hardware, plumbing and heating equipment and supplies",,Meydan,
"Planning And Designing Of Computer Systems That Integrate Computer Hardware, Software And Communication Technologies",,62,620,6202,Computer consultancy and computer facilities management activities,,Meydan,
"Planting, Care And Maintenance Of:• Parks And Gardens For:1. Private And Public Housing2. Public And Semi-Public Buildings (Schools, Hospitals, Administrative Buildings,Church Buildings Etc.)3. Municipal Grounds (Parks, Green Areas, Cemeteries Etc.)4. Highway Greenery (Roads, Train Lines And Tramlines, Waterways, Ports)5. Industrial And Commercial Buildings• Greenery For:1. Buildings (Roof Gardens, Façade Greenery, Indoor Gardens)2. Sports Grounds (E.G. Football Fields, Golf Courses Etc.), Play Grounds, Lawns For Sunbathing And Other Recreational Parks3. Stationary And Flowing Water (Basins, Alternating Wet Areas, Ponds, Swimming Pools, Ditches, Watercourses, Plant Sewage Systems)• Plants For Protection Against Noise, Wind, Erosion, Visibility And Dazzling""",103193.0,81,813,8130,Landscape care and maintenance service activities,,Meydan,
Plastic & Nylon Raw Materials Trading,102874.0,47,475,4752,"Retail sale of hardware, paints and glass in specialized stores",,Meydan,
Plastic Bags & Containers Trading,102875.0,47,475,4752,"Retail sale of hardware, paints and glass in specialized stores",,Meydan,
Plastic Engineering Services,,71,711,7110,Architectural and engineering activities and related technical consultancy,,Meydan,
Plastic Sheets Trading,102876.0,47,475,4752,"Retail sale of hardware, paints and glass in specialized stores",,Meydan,
Plastic Surgery Clinic,102877.0,86,862,8620,Medical and dental practice activities,,Meydan,
Plastic Surgery Hospital,102878.0,86,861,8610,Hospital activities,,Meydan,
Plate Heat Exchangers Trading,102879.0,46,465,4659,Wholesale of other machinery and equipment,,Meydan,
Players' Agent,,93,931,9319,Other sports activities,,Meydan,
Podiatry Center,103309.0,86,862,8620,Medical and dental practice activities,,Meydan,
Polo Club,102884.0,93,931,9312,Activities of sports clubs,,Meydan,
Poly Clinic,102885.0,86,862,8620,Medical and dental practice activities,,Meydan,
"Porters, Valet Car Parkers Etc.",102887.0,96,960,9609,Other personal service activities n.e.c.,,Meydan,
Ports & Marine Guide Equipment Trading,102888.0,47,477,4773,Other retail sale of new goods in specialized stores,,Meydan,
Ports Engineering Services,,71,711,7110,Architectural and engineering activities and related technical consultancy,,Meydan,
Ports Management,102889.0,52,522,5222,Service activities incidental to water transportation,,Meydan,
Post-Production Activities,102748.0,59,591,5912,"Motion picture, video and television programme post-production activities",,Meydan,
Post-Secondary Non-Tertiary Education,,85,853,8530,Higher education,,Meydan,
Postal Activities,,53,531,5310,Postal activities,,Meydan,
Potatoes Trading,102890.0,47,472,4721,Retail sale of food in specialized stores,,Meydan,
Power & Automatic Control Engineering Services,,71,711,7110,Architectural and engineering activities and related technical consultancy,,Meydan,
"Power Generation, Transmission & Distribution Equipment Trading",102891.0,46,465,4659,Wholesale of other machinery and equipment,,Meydan,
Pre-Fabricated Houses Trading,102892.0,46,466,4663,"Wholesale of construction materials, hardware, plumbing and heating equipment and supplies",,Meydan,
Pre-Primary And Primary Education,,85,851,8510,Pre-primary and primary education,,Meydan,
Pre-Primary Education,,85,851,8510,Pre-primary and primary education,,Meydan,
Precision Dies Trading,102893.0,46,465,4659,Wholesale of other machinery and equipment,,Meydan,
Preparation Of Personal And Business Income Tax Returns,,69,692,6920,"Accounting, bookkeeping and auditing activities; tax consultancy",,Meydan,
Preparation Or Auditing Of Financial Accounts,,69,692,6920,"Accounting, bookkeeping and auditing activities; tax consultancy",,Meydan,
Press Materials Editing & Distributing,,63,639,6399,Other information service activities n.e.c.,,Meydan,
Primary Education,,85,851,8510,Pre-primary and primary education,,Meydan,
Primary School,,85,851,8510,Pre-primary and primary education,,Meydan,
Printing,103578.0,18,181,1811,Printing,,Meydan,
Printing And Service Activities Related To Printing,103576.0,18,181,1810,Printing and service activities related to printing,,Meydan,
"Printing Directly Onto Textiles, Plastic, Glass, Metal, Wood And Ceramics (Except Silkscreen Printing On Textiles And Wearing Apparel)",102895.0,18,181,1811,Printing,,Meydan,
Printing Equipment & Instruments Trading,102896.0,46,465,4659,Wholesale of other machinery and equipment,,Meydan,
"Printing Of Diaries, Calendars, Business Forms And Other Commercial Printed Matter, Personal Stationery And Other Printed Matter By Letterpress, Offset, Photogravure, Flexographic And Other Printing Presses, Duplication Machines, Computer Printers, Embossers Etc.",103581.0,18,181,1811,Printing,,Meydan,
"Printing Of Newspapers, Magazines And Other Periodicals, Books And Brochures, Music And Music Manuscripts, Maps, Atlases, Posters, Advertising Catalogues, Prospectuses And Other Printed Advertising, Postage Stamps, Taxation Stamps, Documents Of Title, Cheques And Other Security Papers.",103583.0,18,181,1811,Printing,,Meydan,
"Printing On Labels Or Tags (Lithographic, Gravure Printing, Flexographic Printing, Other)",103588.0,18,181,1811,Printing,,Meydan,
Private Consultants’ Services To Inpatients,,86,862,8620,Medical and dental practice activities,,Meydan,
Private Notary Public Services,,69,691,6910,Legal activities,,Meydan,
Private Security Activities,,80,801,8010,Private security activities,,Meydan,
Procurement Consulting,,70,702,7020,Management consultancy activities,,Meydan,
"Producers Or Entrepreneurs Of Arts Live Events, With Or Without Facilities",,90,900,9000,"Creative, arts and entertainment activities",,Meydan,
"Producers Or Entrepreneurs Of Live Events Other Than Arts Or Sports Events, With Or Without Facilities",,93,932,9329,Other amusement and recreation activities n.e.c.,,Meydan,
"Producers Or Promoters Of Sports Events, With Or Without Facilities",,93,931,9319,Other sports activities,,Meydan,
"Production Of Live Theatrical Presentations, Concerts And Opera Or Dance Productions And Other Stage Productions:• Groups, Circuses Or Companies, Orchestras Or B&s• Individual Artists Such As Authors, Actors, Directors, Musicians, Lecturers Or Speakers, Stage-Set Designers And Builders Etc.",102133.0,90,900,9000,"Creative, arts and entertainment activities",,Meydan,
"Production Of Motion Pictures, Videos, Television Programmes Or Television Commercials",,59,591,5911,"Motion picture, video and television programme production activities",,Meydan,
"Production Of Original (Sound) Master Recordings, Such As Tapes, Cds",,59,592,5920,Sound recording and music publishing activities,,Meydan,
Products & Materials Transportation Equipment Inspection,,71,712,7120,Technical testing and analysis,,Meydan,
Products Design Services,102898.0,71,711,7110,Architectural and engineering activities and related technical consultancy,,Meydan,
Professional & Management Development Training,102899.0,85,854,8549,Other education n.e.c.,,Meydan,
Professional Examination Review Courses,,85,854,8549,Other education n.e.c.,,Meydan,
"Professional Sports Instructors, Teachers, Coaches",,85,854,8541,Sports and recreation education,,Meydan,
Programming Of Video-On-Demand Channels,,60,602,6020,Television programming and broadcasting activities,,Meydan,
Project Development Consultant,102900.0,70,702,7020,Management consultancy activities,,Meydan,
Project Management Services,102903.0,82,821,8211,Combined office administrative service activities,,Meydan,
Projects Management Engineering & Technical Feasibility Studies Services,102904.0,71,711,7110,Architectural and engineering activities and related technical consultancy,,Meydan,
Promotional Gifts Preparing,102905.0,73,731,7310,Advertising,,Meydan,
Property Observer,,68,682,6820,Real estate activities on a fee or contract basis,,Meydan,
Protective Garments & Vests Trading,102906.0,46,464,4641,"Wholesale of textiles, clothing and footwear",,Meydan,
Protective Shelters Or Plain Bivouac Facilities For Placing Tents And/Or Sleeping Bags,,55,552,5520,"Camping grounds, recreational vehicle parks and trailer parks",,Meydan,
"Provision Of A Combination Of Day-To-Day Office Administrative Services, Such As Reception, Financial Planning, Billing And Record Keeping, Personnel And Physical Distribution (Mail Services) And Logistics For Others On A Contract Or Fee Basis.",102907.0,82,821,8211,Combined office administrative service activities,,Meydan,
Provision Of Accommodation In Campgrounds For Short Stay Visitors,,55,552,5520,"Camping grounds, recreational vehicle parks and trailer parks",,Meydan,
Provision Of Human Resources For Client BusinessesThis Provision Of Human Resources Is Typically Done On A Long-Term Or Permanent Basis And The Units Classified Here May Perform A Wide Range Of Human Resource And Personnel Management Duties Associated With This Provision.,,78,783,7830,Other human resources provision,,Meydan,
"Provision Of Infrastructure For Hosting, Data Processing Services And Related Activities",,63,631,6311,"Data processing, hosting and related activities",,Meydan,
"Provision Of Insurance Services Other Than Life Insurance:
 • Accident And Fire Insurance
 • Health Insurance
 • Travel Insurance
 • Property Insurance
 • Motor, Marine, Aviation And Transport Insurance
 • Pecuniary Loss And Liability Insurance",,65,651,6512,Non-life insurance,,Meydan,
Provision Of Internet Access By The Operator Of The Satellite Infrastructure,,61,613,6130,Satellite telecommunications activities,,Meydan,
Provision Of Internet Access By The Operator Of The Wireless Infrastructure,,61,612,6120,Wireless telecommunications activities,,Meydan,
"Provision Of Internet Access Over Networks Between The Client And The Isp Not Owned Or Controlled By The Isp, Such As Dial-Up Internet Access Etc.",,61,619,6190,Other telecommunications activities,,Meydan,
"Provision Of Linens, Work Uniforms And Related Items By Laundries",,96,960,9601,Washing and (dry-) cleaning of textile and fur products,,Meydan,
Provision Of Mailbox Rental And Other Mailing Activities (Except Direct Mail Advertising),,82,821,8219,"Photocopying, document preparation and other specialized office support activities",,Meydan,
Provision Of Non-Instructional Services That Support Educational Processes Or Systems:• Educational Consulting• Educational Guidance Counseling Services• Educational Testing Evaluation Services• Educational Testing Services• Organization Of Student Exchange Programs,,85,855,8550,Educational support activities,,Meydan,
"Provision Of On-Site Management And Operation Of Clients’ Computer Systems And/Or Data Processing Facilities, As Well As Related Support Services",,62,620,6202,Computer consultancy and computer facilities management activities,,Meydan,
"Provision Of Other Travel-Related Reservation Services: • Reservations For Transportation, Hotels, Restaurants, Car Rentals, Entertainment And Sport Etc.",,79,799,7990,Other reservation service and related activities,,Meydan,
Provision Of Space And Facilities For Recreational Vehicles,,55,552,5520,"Camping grounds, recreational vehicle parks and trailer parks",,Meydan,
"Provision Of Specialized Telecommunications Applications, Such As Satellite Tracking, Communications Telemetry, And Radar Station Operations",,61,619,6190,Other telecommunications activities,,Meydan,
Provision Of Support Services Within A Client’S Facility,,81,811,8110,Combined facilities support activities,,Meydan,
Provision Of Telecommunications Services Over Existing Telecom Connections:• Voip (Voice Over Internet Protocol) Provision,,61,619,6190,Other telecommunications activities,,Meydan,
Provision Of Telephone And Internet Access In Facilities Open To The Public,,61,619,6190,Other telecommunications activities,,Meydan,
Provision Of Time-Share Exchange Services,,79,799,7990,Other reservation service and related activities,,Meydan,
Provision Of Visitor Assistance Services:,,79,799,7990,Other reservation service and related activities,,Meydan,
Psychiatric Convalescent Homes,,87,872,8720,"Residential care activities for mental retardation, mental health and substance abuse",,Meydan,
Psychiatry Clinic,,86,862,8620,Medical and dental practice activities,,Meydan,
Psychological & Behavioral Therapy,,87,872,8720,"Residential care activities for mental retardation, mental health and substance abuse",,Meydan,
Public Health Pests Control Services,,81,812,8129,Other building and industrial cleaning activities,,Meydan,
Public Library,,91,910,9101,Library and archives activities,,Meydan,
Public Opinion Polling Services,102909.0,73,732,7320,Market research and public opinion polling,,Meydan,
Public Relation Services,102910.0,70,702,7020,Management consultancy activities,,Meydan,
Public Relations Consultancy,102910.0,70,702,7020,Management consultancy activities,,Meydan,
Public Relations Management,102912.0,70,702,7020,Management consultancy activities,,Meydan,
Public Speaking Training,,85,854,8549,Other education n.e.c.,,Meydan,
Public Toilets Operation,,82,821,8211,Combined office administrative service activities,,Meydan,
Publications & Stationery Outlet,,47,478,4789,Retail sale via stalls and markets of other goods,,Meydan,
Publications Of Brochures & Leaflets,102915.0,58,581,5811,Book publishing,,Meydan,
Publicity,102916.0,73,731,7310,Advertising,,Meydan,
"Publishing (Including On-Line) Of:• Catalogs• Photos, Engravings And Postcards• Greeting Cards• Forms• Posters, Reproduction Of Works Of Art• Advertising Material• Other Printed Matter",102917.0,58,581,5819,Other publishing activities,,Meydan,
"Publishing Of Atlases, Maps And Charts",102921.0,58,581,5811,Book publishing,,Meydan,
Publishing Of Audio Books,102920.0,58,581,5811,Book publishing,,Meydan,
Publishing Of Books & Other Publications Services,102922.0,58,581,5811,Book publishing,,Meydan,
"Publishing Of Books, Brochures, Leaflets And Similar Publications, Including Publishing Of Dictionaries And Encyclopedias",102922.0,58,581,5811,Book publishing,,Meydan,
"Publishing Of Books, Periodicals And Other Publishing Activities",102922.0,58,581,5810,"Publishing of books, periodicals and other publishing activities",,Meydan,
Publishing Of Directories And Mailing Lists,102923.0,58,581,5812,Publishing of directories and mailing lists,,Meydan,
Publishing Of Encyclopedias Etc. On Cd-Rom,102924.0,58,581,5811,Book publishing,,Meydan,
Publishing Of Mailing Lists,102925.0,58,581,5812,Publishing of directories and mailing lists,,Meydan,
Publishing Of Music And Sheet Books,102926.0,59,592,5920,Sound recording and music publishing activities,,Meydan,
"Publishing Of Newspapers, Including Advertising Newspapers.",102927.0,58,581,5813,"Publishing of newspapers, journals and periodicals",,Meydan,
"Publishing Of Newspapers, Journals And Periodicals",102927.0,58,581,5813,"Publishing of newspapers, journals and periodicals",,Meydan,
"Publishing Of Newspapers, Magazines& Periodicals",102927.0,58,581,5813,"Publishing of newspapers, journals and periodicals",,Meydan,
"Publishing Of Other Directories And Compilations, Such As Case Law, Pharmaceutical Compendia Etc.",,58,581,5812,Publishing of directories and mailing lists,,Meydan,
"Publishing Of Periodicals And Other Journals, Including Publishing Of Radio And Television Schedules Publishing Can Be Done In Print Or Electronic Form, Including On The Internet.",,58,581,5813,"Publishing of newspapers, journals and periodicals",,Meydan,
Publishing Of Ready-Made (Non-Customized) Software,,58,582,5820,Software publishing,,Meydan,
Publishing Of Telephone Books,,58,581,5812,Publishing of directories and mailing lists,,Meydan,
"Pumps, Engines & Generators Rental",,77,773,7730,"Renting and leasing of other machinery, equipment and tangible goods",,Meydan,
"Pumps, Engines and generators Rental",,77,773,7730,"Renting and leasing of other machinery, equipment and tangible goods",,Meydan,
"Pumps, Engines, Valves & Spare Parts Trading",102928.0,46,465,4659,Wholesale of other machinery and equipment,,Meydan,
Purchasing Access And Network Capacity From Owners And Operators Of Networks And Providing Telecommunications Services Using This Capacity To Businesses And Households,102929.0,61,611,6110,Wired telecommunications activities,,Meydan,
Purchasing Access And Network Capacity From Owners And Operators Of Networks And Providing Wireless Telecommunications Services (Except Satellite) Using This Capacity To Businesses And Households,102930.0,61,612,6120,Wireless telecommunications activities,,Meydan,
Purchasing Through Catalogue Services,102931.0,47,479,4791,Retail sale via mail order houses or via Internet,,Meydan,
Quality & Standardization Consultants,102933.0,70,702,7020,Management consultancy activities,,Meydan,
Quality and Standardization Certificates Issuing Services.,102934.0,71,712,7120,Technical testing and analysis,,Meydan,
"Quality, Standardization And Measuring Consultancy",102936.0,70,702,7020,Management consultancy activities,,Meydan,
Quantity Surveyors,,74,749,7490,"Other professional, scientific and technical activities n.e.c.",,Meydan,
Racing Cars Rental,,77,771,7710,Renting and leasing of motor vehicles,,Meydan,
Racing Cars Trading,102937.0,45,451,4510,Sale of motor vehicles,,Meydan,
Racing Garages,,93,931,9319,Other sports activities,,Meydan,
Radiation Consultant,102939.0,71,711,7110,Architectural and engineering activities and related technical consultancy,,Meydan,
Radiation Equipment Trading,,47,477,4773,Other retail sale of new goods in specialized stores,,Meydan,
Radio & Tv Broadcast Consultancy,,59,591,5911,"Motion picture, video and television programme production activities",,Meydan,
Radio Broadcasting,102940.0,60,601,6010,Radio broadcasting,,Meydan,
Radio Broadcasting Activities Over The Internet (Internet Radio Stations),102940.0,60,601,6010,Radio broadcasting,,Meydan,
Radio Diagnostic Center,,86,869,8690,Other human health activities,,Meydan,
"Radio Networks, I.E. Assembling And Transmitting Aural Programming To The Affiliates Or Subscribers Via Over-The-Air Broadcasts, Cable Or Satellite",,60,601,6010,Radio broadcasting,,Meydan,
"Radio Programs, Commercials & Audio Materials Production",,59,592,5920,Sound recording and music publishing activities,,Meydan,
"Radio, Tv Stations, Cinema & Theater Equipment Trading",102941.0,46,465,4652,Wholesale of electronic and telecommunications equipment and parts,,Meydan,
"Radio, TV Station, Cinema, Theater Equipment Installation & Maintenance",,43,432,4321,Electrical installation,,Meydan,
Radioactive Materials Transport,,49,492,4923,Freight transport by road,,Meydan,
Radiology Centers Consultancy,102942.0,70,702,7020,Management consultancy activities,,Meydan,
Rail Management & Operation,102943.0,52,522,5221,Service activities incidental to land transportation,,Meydan,
Railway Development Engineering Services,,71,711,7110,Architectural and engineering activities and related technical consultancy,,Meydan,
Raised Access Computer Floors Trading,102944.0,47,475,4752,"Retail sale of hardware, paints and glass in specialized stores",,Meydan,
Raising of horses and other equines,102945.0,1,14,142,Raising of horses and other equines,,Meydan,
Rallies & Sport Tournaments Organizing Services,102946.0,93,931,9311,Operation of sports facilities,,Meydan,
Raw Materials Composition Engineering Services,102947.0,71,711,7110,Architectural and engineering activities and related technical consultancy,,Meydan,
Raw Materials Trading,102949.0,46,466,4669,Wholesale of waste and scrap and other products n.e.c.,,Meydan,
Raw Materials Transport By Road,102950.0,49,492,4923,Freight transport by road,,Meydan,
Ready-Made Garments Trading,102951.0,47,477,4771,"Retail sale of clothing, footwear and leather articles in specialized stores",,Meydan,
Ready-Mix Concrete Trading,102952.0,46,466,4663,"Wholesale of construction materials, hardware, plumbing and heating equipment and supplies",,Meydan,
Real Estate Consultancies,102955.0,68,682,6820,Real estate activities on a fee or contract basis,,Meydan,
Real Estate Development,102957.0,64,649,6499,"Other financial service activities, except insurance and pension funding activities, n.e.c.",,Meydan,
"Real Estate Management Supervision Services
",102961.0,68,682,6820,Real estate activities on a fee or contract basis,,Meydan,
Real Estate Mortgage Consultancy,102963.0,66,661,6619,Other activities auxiliary to financial service activities,,Meydan,
Real Estate Registration Trustee,102966.0,74,749,7490,"Other professional, scientific and technical activities n.e.c.",,Meydan,
Real Estate Representative Office,102967.0,70,701,7010,Activities of head offices,,Meydan,
Real Estate Services Trustee,102968.0,74,749,7490,"Other professional, scientific and technical activities n.e.c.",,Meydan,
"Real Estate Survey Services
",102969.0,71,711,7110,Architectural and engineering activities and related technical consultancy,,Meydan,
Real Estate Training Institute,102970.0,85,854,8549,Other education n.e.c.,,Meydan,
Real Estate Valuation Services,102971.0,68,682,6820,Real estate activities on a fee or contract basis,,Meydan,
"Real-Time (I.E. Simultaneous) Closed Captioning Of Live Television Performances Of Meetings, Conferences",102972.0,82,829,8299,Other business support service activities n.e.c.,,Meydan,
Rebroadcast Of International Tv Network Programs Services,102973.0,61,612,6120,Wireless telecommunications activities,,Meydan,
Recording Of Commercial Transactions From Businesses Or Others,,69,692,6920,"Accounting, bookkeeping and auditing activities; tax consultancy",,Meydan,
Recovery Analysis Services,102975.0,69,692,6920,"Accounting, bookkeeping and auditing activities; tax consultancy",,Meydan,
"Recreation Parks, Beaches, Including Renting Of Facilities Such As Bathhouses, Lockers, Chairs Etc.",,93,932,9329,Other amusement and recreation activities n.e.c.,,Meydan,
Recreation Services For People Of Determination,,93,932,9321,Activities of amusement parks and theme parks,,Meydan,
Recreational Course Operator,,93,931,9311,Operation of sports facilities,,Meydan,
Recreational Playground,,93,932,9321,Activities of amusement parks and theme parks,,Meydan,
Recreational Services,102976.0,93,932,9329,Other amusement and recreation activities n.e.c.,,Meydan,
Refined Oil Products Trading,102978.0,46,466,4661,"Wholesale of solid, liquid and gaseous fuels and related products",,Meydan,
Refrigerated Trailers Repair & Maintenance,,45,452,4520,Maintenance and repair of motor vehicles,,Meydan,
Refrigeration & Cold Storage Equipment Trading,100144.0,46,465,4659,Wholesale of other machinery and equipment,,Meydan,
Refrigerator Trucks Rental,,77,771,7710,Renting and leasing of motor vehicles,,Meydan,
"Refrigerators, Washing Machines & Household Electrical Appliances Trading",102979.0,46,465,4659,Wholesale of other machinery and equipment,,Meydan,
Regional Liaison Office,102982.0,70,701,7010,Activities of head offices,,Meydan,
Reinforcement Steel Bars Trading,102985.0,46,466,4663,"Wholesale of construction materials, hardware, plumbing and heating equipment and supplies",,Meydan,
Reinsurance,102987.0,65,652,6520,Reinsurance,,Meydan,
Religious Instruction,,85,854,8549,Other education n.e.c.,,Meydan,
Religious Studies School,,85,852,8522,Technical and vocational secondary education,,Meydan,
Remittance Of Local & Foreign Currencies,102988.0,66,661,6612,Security and commodity contracts brokerage,,Meydan,
Renal Dialysis Center,,86,862,8620,Medical and dental practice activities,,Meydan,
Renewable Energy Engineering Consultancy,102989.0,72,721,7210,Research and experimental development on natural sciences and engineering,,Meydan,
"Rental Of Loading, Lifting & Construction Equipment With Wheels & Motors",102991.0,77,773,7730,"Renting and leasing of other machinery, equipment and tangible goods",,Meydan,
Renting And Leasing Of Motor Vehicles (Not for selection),,77,771,7710,Renting and leasing of motor vehicles,,Meydan,
"Renting And Leasing Of Other Machinery, Equipment And Tangible Goods",,77,773,7730,"Renting and leasing of other machinery, equipment and tangible goods",,Meydan,
Renting And Leasing Of Other Personal And Household Goods,,77,772,7729,Renting and leasing of other personal and household goods,,Meydan,
Renting And Leasing Of Personal And Household Goods,,77,772,7720,Renting and leasing of personal and household goods,,Meydan,
Renting And Leasing Of Recreational And Sports Goods,,77,772,7721,Renting and leasing of recreational and sports goods,,Meydan,
Renting And Operational Leasing Of Agricultural And Forestry Machinery And Equipment Without Operator:,,77,773,7730,"Renting and leasing of other machinery, equipment and tangible goods",,Meydan,
Renting And Operational Leasing Of Construction And Civil-Engineering Machinery And Equipment Without Operator,,77,773,7730,"Renting and leasing of other machinery, equipment and tangible goods",,Meydan,
Renting and Operational Leasing Of Land Transport Equipment (Other Than Motor Vehicles) Without Drivers,,77,773,7730,"Renting and leasing of other machinery, equipment and tangible goods",,Meydan,
Renting And Operational Leasing Of Office Machinery And Equipment Without Operator,,77,773,7730,"Renting and leasing of other machinery, equipment and tangible goods",,Meydan,
"Renting And Operational Leasing, Without Operator, Of Other Machinery And Equipment That Are Generally Used As Capital Goods By Industries",,77,773,7730,"Renting and leasing of other machinery, equipment and tangible goods",,Meydan,
Renting Of Accommodation Or Office Containers,,77,773,7730,"Renting and leasing of other machinery, equipment and tangible goods",,Meydan,
"Renting Of All Kinds Of Household Or Personal Goods, To Households Or Industries (Except Recreational And Sports Equipment)",,77,772,7729,Renting and leasing of other personal and household goods,,Meydan,
"Renting Of Animals (E.G. Herds, Race Horses)",,77,773,7730,"Renting and leasing of other machinery, equipment and tangible goods",,Meydan,
Renting Of Containers,,77,773,7730,"Renting and leasing of other machinery, equipment and tangible goods",,Meydan,
Renting Of Leisure And Pleasure Equipment As An Integral Part Of Recreational Facilities,,93,932,9329,Other amusement and recreation activities n.e.c.,,Meydan,
Renting Of Recreational And Sports Equipment:,,77,772,7721,Renting and leasing of recreational and sports goods,,Meydan,
Renting Of Video Tapes And Disks,,77,772,7722,Renting of video tapes and disks,,Meydan,
"Renting Of Video Tapes, Records, Cds, Dvds Etc.",,77,772,7722,Renting of video tapes and disks,,Meydan,
Repackaging & Refilling Services,,82,829,8292,Packaging activities,,Meydan,
Repair And Alteration Of Clothing,,95,952,9529,Repair of other personal and household goods,,Meydan,
Repair And Alteration Of Jewellery,,95,952,9529,Repair of other personal and household goods,,Meydan,
"Repair And Maintenance Of Communications Equipment Such As:• Cordless Telephones• Cellular Phones• Carrier Equipment Modems• Fax Machines• Communications Transmission Equipment (E.G. Routers, Bridges, Modems)• Two-Way Radios• Commercial Tv And Video Cameras",,95,951,9512,Repair of communication equipment,,Meydan,
"Repair And Maintenance Of Consumer Electronics:• Television, Radio Receivers• Video Cassette Recorders (Vcr)• Cd Players• Household-Type Video Cameras",,95,952,9521,Repair of consumer electronics,,Meydan,
Repair And Maintenance Of Current-Carrying Wiring Devices And Non Current-Carrying Wiring Devices For Wiring Electrical Circuits,,33,331,3314,Repair of electrical equipment,,Meydan,
Repair And Maintenance Of Electric Lighting Equipment,,33,331,3314,Repair of electrical equipment,,Meydan,
"Repair And Maintenance Of Electric Motors, Generators, And Motor Generator Sets",,33,331,3314,Repair of electrical equipment,,Meydan,
"Repair And Maintenance Of Footwear:• Shoes, Boots Etc.",,95,952,9523,Repair of footwear and leather goods,,Meydan,
Repair And Maintenance Of Industrial Machinery And Equipment,,33,331,3312,Repair of machinery,,Meydan,
Repair And Maintenance Of Leather Goods:• Luggage And The Like,,95,952,9523,Repair of footwear and leather goods,,Meydan,
"Repair And Maintenance Of Non-Automotive Engines, E.G. Ship Or Rail Engines",,33,331,3312,Repair of machinery,,Meydan,
"Repair And Maintenance Of Power, Distribution, And Specialty Transformers",,33,331,3314,Repair of electrical equipment,,Meydan,
Repair And Maintenance Of Primary And Storage Batteries,,33,331,3314,Repair of electrical equipment,,Meydan,
Repair And Maintenance Of Pumps And Related Equipment,,33,331,3312,Repair of machinery,,Meydan,
Repair And Maintenance Of Relays And Industrial Controls,,33,331,3314,Repair of electrical equipment,,Meydan,
Repair And Maintenance Of Switchgear And Switchboard Apparatus,,33,331,3314,Repair of electrical equipment,,Meydan,
"Repair And Maintenance Of:• Computer Terminals Like Automatic Teller Machines (Atm’S); Point-Of-Sale (Pos) Terminals, Not Mechanically Operated• Hand-Held Computers (Pda’S)",,95,951,9511,Repair of computers and peripheral equipment,,Meydan,
"Repair And Maintenance Of:• Desktop Computers• Laptop Computers• Magnetic Disk Drives, Flash Drives And Other Storage Devices• Optical Disk Drives (Cd-Rw, Cd-Rom, Dvd-Rom, Dvd-Rw)• Printers• Monitors• Keyboards• Mice, Joysticks And Trackball Accessories• Internal And External Computer Modems• Dedicated Computer Terminals• Computer Servers• Scanners, Including Bar Code Scanners• Smart Card Readers• Virtual Reality Helmets• Computer Projectors",,95,951,9511,Repair of computers and peripheral equipment,,Meydan,
Repair And Minor Alteration Of Garments Or Other Textile Articles When Done In Connection With Cleaning,,96,960,9601,Washing and (dry-) cleaning of textile and fur products,,Meydan,
"Repair And Servicing Of Home And Garden Equipment• Lawnmowers, Edgers, Snow& Leafblowers, Trimmers, Etc.",,95,952,9522,Repair of household appliances and home and garden equipment,,Meydan,
"Repair And Servicing Of Household Appliances• Refrigerators, Stoves, Washing Machines, Clothes Dryers, Room Air Conditioners, Etc.",,95,952,9522,Repair of household appliances and home and garden equipment,,Meydan,
Repair Of Bicycles,100406.0,95,952,9529,Repair of other personal and household goods,,Meydan,
Repair Of Books,,95,952,9529,Repair of other personal and household goods,,Meydan,
Repair Of Communication Equipment,,95,951,9512,Repair of communication equipment,,Meydan,
Repair Of Computers And Communication Equipment,,95,951,9510,Repair of computers and communication equipment,,Meydan,
Repair Of Computers And Peripheral Equipment,,95,951,9511,Repair of computers and peripheral equipment,,Meydan,
Repair Of Consumer Electronics,,95,952,9521,Repair of consumer electronics,,Meydan,
Repair Of Electrical Equipment,,33,331,3314,Repair of electrical equipment,,Meydan,
Repair Of Fabricated Metal Products,,33,331,3311,Repair of fabricated metal products,,Meydan,
"Repair Of Fabricated Metal Products, Machinery And Equipment",,33,331,3310,"Repair of fabricated metal products, machinery and equipment",,Meydan,
Repair Of Footwear And Leather Goods,,95,952,9523,Repair of footwear and leather goods,,Meydan,
Repair Of Furniture And Home Furnishings,,95,952,9524,Repair of furniture and home furnishings,,Meydan,
Repair Of Household Appliances And Home And Garden Equipment,,95,952,9522,Repair of household appliances and home and garden equipment,,Meydan,
Repair Of Machinery,,33,331,3312,Repair of machinery,,Meydan,
Repair Of Musical Instruments,,95,952,9529,Repair of other personal and household goods,,Meydan,
Repair Of Other Personal And Household Goods,,95,952,9529,Repair of other personal and household goods,,Meydan,
Repair Of Personal And Household Goods,,95,952,9520,Repair of personal and household goods,,Meydan,
Repair Of Sporting Goods (Except Sporting Guns),,95,952,9529,Repair of other personal and household goods,,Meydan,
Repair Of Toys And Similar Articles,,95,952,9529,Repair of other personal and household goods,,Meydan,
"Repair Of Watches, Clocks And Their Parts Such As Watchcases And Housings Of All Materials; Movements, Chronometers, Etc.",,95,952,9529,Repair of other personal and household goods,,Meydan,
Repossession Services,,82,829,8299,Other business support service activities n.e.c.,,Meydan,
Representative Office,,70,701,7010,Activities of head offices,,Meydan,
Research And Development On Humanities,,72,722,7220,Research and experimental development on social sciences and humanities,,Meydan,
Research And Development On Social Sciences,,72,722,7220,Research and experimental development on social sciences and humanities,,Meydan,
"Research And Experimental Development On Natural Science, Engineering, Technology, Medical Sciences, Biotechnology, Agricultural Sciences, & Interdisciplinary Research And Development, Predominantly On Natural Sciences And Engineering.",,72,721,7210,Research and experimental development on natural sciences and engineering,,Meydan,
Research And Experimental Development On Natural Sciences And Engineering,,72,721,7210,Research and experimental development on natural sciences and engineering,,Meydan,
Research And Experimental Development On Social Sciences And Humanities,,72,722,7220,Research and experimental development on social sciences and humanities,,Meydan,
"Residential Care Activities For Mental Retardation, Mental Health And Substance Abuse",,87,872,8720,"Residential care activities for mental retardation, mental health and substance abuse",,Meydan,
Residential Care Activities For The Elderly And Disabled,,87,873,8730,Residential care activities for the elderly and disabled,,Meydan,
Residential Group Homes For The Emotionally Disturbed,,87,872,8720,"Residential care activities for mental retardation, mental health and substance abuse",,Meydan,
Residential Nursing Care Facilities,,87,871,8710,Residential nursing care facilities,,Meydan,
Residential Property Care Services,,81,813,8130,Landscape care and maintenance service activities,,Meydan,
Resort,,55,551,5510,Short term accommodation activities,,Meydan,
Respiratory Clinic,,86,862,8620,Medical and dental practice activities,,Meydan,
Rest Homes With Nursing Care,,87,871,8710,Residential nursing care facilities,,Meydan,
Rest Homes Without Nursing Care,,87,873,8730,Residential care activities for the elderly and disabled,,Meydan,
Restaurant & Mini Store,,56,561,5610,Restaurants and mobile food service activities,,Meydan,
Restaurants,,56,561,5610,Restaurants and mobile food service activities,,Meydan,
Restaurants And Mobile Food Service Activities,,56,561,5610,Restaurants and mobile food service activities,,Meydan,
Restaurants Management,,82,821,8211,Combined office administrative service activities,,Meydan,
Restoring Of Works Of Art Such As Paintings Etc.,,90,900,9000,"Creative, arts and entertainment activities",,Meydan,
Restricted License Finance Companies,,64,649,6492,Other credit granting,,Meydan,
Retail Sale By (Non-Store) Commission Agents• Through Vending Machines Etc,,47,479,4799,"Other retail sale not in stores, stalls or markets",,Meydan,
"Retail Sale General Stores That Have, Apart From Their Main Sales Of Food Products And Beverages, Several Other Types Of Goods Such As Wearing Apparel, Furniture, Appliances, Hardware, Cosmetics Etc.",,47,471,4711,"Retail sale in non-specialized stores with food, beverages or tobacco predominating",,Meydan,
Retail Sale In Non-Specialized Stores,,47,471,4710,Retail sale in non-specialized stores,,Meydan,
Retail Sale In Non-Specialized Stores With Food And Beverages,,47,471,4711,"Retail sale in non-specialized stores with food, beverages or tobacco predominating",,Meydan,
"Retail Sale Of A Large Variety Of Goods Of Which, However, Food Products And Beverages Are Not Predominant",,47,471,4719,Other retail sale in non-specialized stores,,Meydan,
"Retail Sale Of A Large Variety Of Goods Of Which, However, Food Products And Beverages Should Be Predominant",,47,471,4711,"Retail sale in non-specialized stores with food, beverages or tobacco predominating",,Meydan,
"Retail Sale Of Antiques
",,47,477,4774,Retail sale of second-hand goods,,Meydan,
Retail Sale Of Any Kind Of Product By Mail Order,,47,479,4791,Retail sale via mail order houses or via Internet,,Meydan,
Retail Sale Of Any Kind Of Product Over The Internet,,47,479,4791,Retail sale via mail order houses or via Internet,,Meydan,
Retail Sale Of Any Kind Of Product:• By Direct Sales Or Door-To-Door Sales Persons• Through Vending Machines Etc.,,47,479,4799,"Other retail sale not in stores, stalls or markets",,Meydan,
Retail Sale Of Articles For Lighting,,47,475,4759,"Retail sale of electrical household appliances, furniture, lighting equipment and other household articles in specialized stores",,Meydan,
Retail Sale Of Articles Of Clothing,,47,477,4771,"Retail sale of clothing, footwear and leather articles in specialized stores",,Meydan,
Retail Sale Of Articles Of Fur,,47,477,4771,"Retail sale of clothing, footwear and leather articles in specialized stores",,Meydan,
Retail Sale Of Audio And Video Equipment In Specialized Stores,,47,474,4742,Retail sale of audio and video equipment in specialized stores,,Meydan,
Retail Sale Of Bakery Products,,47,472,4721,Retail sale of food in specialized stores,,Meydan,
"Retail Sale Of Basic Materials For Rug, Tapestry Or Embroidery Making",,47,475,4751,Retail sale of textiles in specialized stores,,Meydan,
Retail Sale Of Beverages (Not For Consumption On The Premises):,,47,472,4722,Retail sale of beverages in specialized stores,,Meydan,
Retail Sale Of Beverages In Specialized Stores,,47,472,4722,Retail sale of beverages in specialized stores,,Meydan,
Retail Sale Of Blank Tapes And Discs,,47,476,4762,Retail sale of music and video recordings in specialized stores,,Meydan,
Retail Sale Of Books Of All Kinds,,47,476,4761,"Retail sale of books, newspapers and stationary in specialized stores",,Meydan,
Retail Sale of Books Via Stalls,,47,478,4789,Retail sale via stalls and markets of other goods,,Meydan,
"Retail Sale Of Books, Newspapers And Stationary In Specialized Stores",,47,476,4761,"Retail sale of books, newspapers and stationary in specialized stores",,Meydan,
Retail Sale Of Carpets And Rugs,,47,475,4753,"Retail sale of carpets, rugs, wall and floor coverings in specialized stores",,Meydan,
"Retail Sale Of Carpets, Rugs, Wall And Floor Coverings In Specialized Stores",,47,475,4753,"Retail sale of carpets, rugs, wall and floor coverings in specialized stores",,Meydan,
Retail Sale Of Cd And Dvd Players And Recorders,,47,474,4742,Retail sale of audio and video equipment in specialized stores,,Meydan,
Retail Sale Of Cleaning Materials,,47,477,4773,Other retail sale of new goods in specialized stores,,Meydan,
"Retail Sale Of Clothing Accessories Such As Gloves, Ties, Braces Etc.",,47,477,4771,"Retail sale of clothing, footwear and leather articles in specialized stores",,Meydan,
"Retail Sale Of Clothing, Footwear And Leather Articles In Specialized Stores",,47,477,4771,"Retail sale of clothing, footwear and leather articles in specialized stores",,Meydan,
Retail Sale Of Computer Peripheral Equipment,,47,474,4741,"Retail sale of computers, peripheral units, software and telecommunications equipment in specialized stores",,Meydan,
Retail Sale Of Computers,,47,474,4741,"Retail sale of computers, peripheral units, software and telecommunications equipment in specialized stores",,Meydan,
"Retail Sale Of Computers, Peripheral Units, Software And Telecommunications Equipment In Specialized Stores",,47,474,4741,"Retail sale of computers, peripheral units, software and telecommunications equipment in specialized stores",,Meydan,
Retail Sale Of Cultural And Recreation Goods In Specialized Stores,,47,476,4760,Retail sale of cultural and recreation goods in specialized stores,,Meydan,
Retail Sale Of Curtains And Net Curtains,,47,475,4753,"Retail sale of carpets, rugs, wall and floor coverings in specialized stores",,Meydan,
Retail Sale Of Dairy Products And Eggs,,47,472,4721,Retail sale of food in specialized stores,,Meydan,
Retail Sale Of Do-It-Yourself Material And Equipment,,47,475,4752,"Retail sale of hardware, paints and glass in specialized stores",,Meydan,
"Retail Sale Of Electrical Household Appliances, Furniture, Lighting Equipment And Other Household Articles In Specialized Stores",,47,475,4759,"Retail sale of electrical household appliances, furniture, lighting equipment and other household articles in specialized stores",,Meydan,
Retail Sale Of Fabrics,,47,475,4751,Retail sale of textiles in specialized stores,,Meydan,
"Retail Sale Of Fish, Other Seafood And Products Thereof",,47,472,4721,Retail sale of food in specialized stores,,Meydan,
Retail Sale Of Flat Glass,,47,475,4752,"Retail sale of hardware, paints and glass in specialized stores",,Meydan,
"Retail Sale Of Flowers, Plants, Seeds, Fertilizers, Pet Animals And Pet Food",,47,477,4773,Other retail sale of new goods in specialized stores,,Meydan,
Retail Sale Of Food And Beverages In Specialized Stores,,47,472,4720,"Retail sale of food, beverages and tobacco in specialized stores",,Meydan,
Retail Sale Of Food In Specialized Stores,,47,472,4721,Retail sale of food in specialized stores,,Meydan,
"Retail sale of food, beverages and tobacco products via stalls or markets",,47,478,4781,"Retail sale via stalls and markets of food, beverages and tobacco products",,Meydan,
Retail Sale Of Footwear,,47,477,4771,"Retail sale of clothing, footwear and leather articles in specialized stores",,Meydan,
Retail Sale Of Fresh Or Preserved Fruit And Vegetables,,47,472,4721,Retail sale of food in specialized stores,,Meydan,
Retail Sale Of Games And Toys In Specialized Stores,,47,476,4764,Retail sale of games and toys in specialized stores,,Meydan,
Retail Sale of Games And Toys Via Stalls,,47,478,4789,Retail sale via stalls and markets of other goods,,Meydan,
"Retail Sale Of Games And Toys, Made Of All Materials",,47,476,4764,Retail sale of games and toys in specialized stores,,Meydan,
"Retail Sale Of Haberdashery: Needles, Sewing Thread Etc.",,47,475,4751,Retail sale of textiles in specialized stores,,Meydan,
Retail Sale Of Hardware,,47,475,4752,"Retail sale of hardware, paints and glass in specialized stores",,Meydan,
"Retail Sale Of Hardware, Paints And Glass In Specialized Stores",,47,475,4752,"Retail sale of hardware, paints and glass in specialized stores",,Meydan,
Retail Sale Of Household Appliances,,47,475,4759,"Retail sale of electrical household appliances, furniture, lighting equipment and other household articles in specialized stores",,Meydan,
Retail Sale of Household Appliances And Consumer Electronics Via Stalls,,47,478,4789,Retail sale via stalls and markets of other goods,,Meydan,
Retail Sale Of Household Articles And Equipment N.E.C.,,47,475,4759,"Retail sale of electrical household appliances, furniture, lighting equipment and other household articles in specialized stores",,Meydan,
Retail Sale Of Household Furniture,,47,475,4759,"Retail sale of electrical household appliances, furniture, lighting equipment and other household articles in specialized stores",,Meydan,
"Retail Sale Of Household Utensils And Cutlery, Crockery, Glassware, China And Pottery",,47,475,4759,"Retail sale of electrical household appliances, furniture, lighting equipment and other household articles in specialized stores",,Meydan,
Retail Sale Of Information And Communications Equipment In Specialized Stores,,47,474,4740,Retail sale of information and communications equipment in specialized stores,,Meydan,
Retail Sale Of Knitting Yarn,,47,475,4751,Retail sale of textiles in specialized stores,,Meydan,
"Retail Sale Of Lawnmowers, However Operated",,47,475,4752,"Retail sale of hardware, paints and glass in specialized stores",,Meydan,
Retail Sale Of Leather Goods,,47,477,4771,"Retail sale of clothing, footwear and leather articles in specialized stores",,Meydan,
Retail Sale Of Lubricating Products And Cooling Products For Motor Vehicles,,47,473,4730,Retail sale of automotive fuel in specialized stores,,Meydan,
Retail Sale Of Lubricating Products And Cooling Products For Motor Vehicles,,47,473,4730,Retail sale of automotive fuel in specialized stores,,Meydan,
Retail Sale Of Meat And Meat Products (Including Poultry),,47,472,4721,Retail sale of food in specialized stores,,Meydan,
Retail Sale Of Medical And Orthopedic Goods,,47,477,4772,"Retail sale of pharmaceutical and medical goods, cosmetic and toilet articles in specialized stores",,Meydan,
Retail Sale Of Music And Video Recordings In Specialized Stores,,47,476,4762,Retail sale of music and video recordings in specialized stores,,Meydan,
Retail Sale of Music And Video Recordings Via Stalls,,47,478,4789,Retail sale via stalls and markets of other goods,,Meydan,
Retail Sale Of Musical Instruments And Scores,,47,475,4759,"Retail sale of electrical household appliances, furniture, lighting equipment and other household articles in specialized stores",,Meydan,
"Retail Sale Of Musical Records, Audio Tapes, Compact Discs And Cassettes",,47,476,4762,Retail sale of music and video recordings in specialized stores,,Meydan,
Retail Sale Of Newspapers And Stationery,,47,476,4761,"Retail sale of books, newspapers and stationary in specialized stores",,Meydan,
"Retail Sale Of Non-Customized Software, Including Video Games",,47,474,4741,"Retail sale of computers, peripheral units, software and telecommunications equipment in specialized stores",,Meydan,
Retail Sale Of Non-Food Products N.E.C.,,47,477,4773,Other retail sale of new goods in specialized stores,,Meydan,
"Retail Sale Of Office Supplies Such As Pens, Pencils, Paper Etc.",,47,476,4761,"Retail sale of books, newspapers and stationary in specialized stores",,Meydan,
"Retail Sale Of Other Building Material Such As Bricks, Wood, Sanitary Equipment",,47,475,4752,"Retail sale of hardware, paints and glass in specialized stores",,Meydan,
Retail Sale Of Other Goods In Specialized Stores,,47,477,4770,Retail sale of other goods in specialized stores,,Meydan,
Retail Sale Of Other Household Equipment In Specialized Stores,,47,475,4750,Retail sale of other household equipment in specialized stores,,Meydan,
Retail Sale Of Other Second-Hand Goods,,47,477,4774,Retail sale of second-hand goods,,Meydan,
"Retail Sale Of Paints, Varnishes And Lacquers",,47,475,4752,"Retail sale of hardware, paints and glass in specialized stores",,Meydan,
Retail Sale Of Perfumery And Cosmetic Articles,,47,477,4772,"Retail sale of pharmaceutical and medical goods, cosmetic and toilet articles in specialized stores",,Meydan,
"Retail Sale Of Pharmaceutical And Medical Goods, Cosmetic And Toilet Articles In Specialized Stores",,47,477,4772,"Retail sale of pharmaceutical and medical goods, cosmetic and toilet articles in specialized stores",,Meydan,
Retail Sale Of Pharmaceuticals,,47,477,4772,"Retail sale of pharmaceutical and medical goods, cosmetic and toilet articles in specialized stores",,Meydan,
"Retail Sale Of Photographic, Optical And Precision Equipment",,47,477,4773,Other retail sale of new goods in specialized stores,,Meydan,
Retail Sale Of Radio And Television Equipment,,47,474,4742,Retail sale of audio and video equipment in specialized stores,,Meydan,
Retail Sale Of Saunas,,47,475,4752,"Retail sale of hardware, paints and glass in specialized stores",,Meydan,
Retail Sale Of Second-Hand Books,,47,477,4774,Retail sale of second-hand goods,,Meydan,
Retail Sale Of Second-Hand Goods,,47,477,4774,Retail sale of second-hand goods,,Meydan,
"Retail Sale Of Security Systems, Such As Locking Devices, Safes, And Vaults, Without Installation Or Maintenance Services",,47,475,4759,"Retail sale of electrical household appliances, furniture, lighting equipment and other household articles in specialized stores",,Meydan,
Retail Sale Of Souvenirs And Craftwork,,47,477,4773,Other retail sale of new goods in specialized stores,,Meydan,
Retail Sale Of Sporting Equipment In Specialized Stores,,47,476,4763,Retail sale of sporting equipment in specialized stores,,Meydan,
"Retail Sale Of Sports Goods, Fishing Gear, Camping Goods, Boats And Bicycles",,47,476,4763,Retail sale of sporting equipment in specialized stores,,Meydan,
Retail Sale Of Stamps And Coins,,47,477,4773,Other retail sale of new goods in specialized stores,,Meydan,
Retail Sale Of Stereo Equipment,,47,474,4742,Retail sale of audio and video equipment in specialized stores,,Meydan,
Retail Sale Of Sugar Confectionery,103293.0,47,472,4721,Retail sale of food in specialized stores,,Meydan,
Retail Sale Of Telecommunication Equipment,,47,474,4741,"Retail sale of computers, peripheral units, software and telecommunications equipment in specialized stores",,Meydan,
Retail Sale Of Textiles,,47,475,4751,Retail sale of textiles in specialized stores,,Meydan,
Retail Sale Of Textiles In Specialized Stores,,47,475,4751,Retail sale of textiles in specialized stores,,Meydan,
"Retail Sale Of Textiles, Clothing And Footwear Via Stalls",,47,478,4782,"Retail sale via stalls and markets of textiles, clothing and footwear",,Meydan,
Retail sale of tobacco,,47,472,4723,Retail sale of tobacco products in specialized stores,,Meydan,
Retail sale of tobacco products,,47,472,4723,Retail sale of tobacco products in specialized stores,,Meydan,
Retail sale of tobacco products in specialized stores,,47,472,4723,Retail sale of tobacco products in specialized stores,,Meydan,
Retail Sale Of Travel Accessories Of Leather And Leather Substitutes,,47,477,4771,"Retail sale of clothing, footwear and leather articles in specialized stores",,Meydan,
Retail Sale Of Umbrellas,103201.0,47,477,4771,"Retail sale of clothing, footwear and leather articles in specialized stores",,Meydan,
Retail Sale Of Video Game Consoles,,47,474,4741,"Retail sale of computers, peripheral units, software and telecommunications equipment in specialized stores",,Meydan,
Retail Sale Of Video Tapes And Dvds,,47,476,4762,Retail sale of music and video recordings in specialized stores,,Meydan,
Retail Sale Of Wallpaper And Floor Coverings,,47,475,4753,"Retail sale of carpets, rugs, wall and floor coverings in specialized stores",,Meydan,
"Retail Sale Of Watches, Clocks And Jewellery",,47,477,4773,Other retail sale of new goods in specialized stores,,Meydan,
"Retail Sale Of Wooden, Cork And Wickerwork Goods",,47,475,4759,"Retail sale of electrical household appliances, furniture, lighting equipment and other household articles in specialized stores",,Meydan,
Retail Sale Via Mail Order Houses Or Via Internet,,47,479,4791,Retail sale via mail order houses or via Internet,,Meydan,
Retail Sale Via Stalls,,47,478,4780,Retail sale via stalls and markets,,Meydan,
Retail sale via stalls and markets of food and beverages,,47,478,4781,"Retail sale via stalls and markets of food, beverages and tobacco products",,Meydan,
Retail Sale Via Stalls of Carpets And Rugs,,47,478,4789,Retail sale via stalls and markets of other goods,,Meydan,
Retail Sale Via Stalls Of Other Goods,,47,478,4789,Retail sale via stalls and markets of other goods,,Meydan,
"Retail Sale Via Stalls Of Textiles, Clothing And Footwear",,47,478,4782,"Retail sale via stalls and markets of textiles, clothing and footwear",,Meydan,
"Reupholstering, Refinishing, Repairing And Restoring Of Furniture And Home Furnishings Including Office Furniture",,95,952,9524,Repair of furniture and home furnishings,,Meydan,
Rheumatology Clinic,,86,862,8620,Medical and dental practice activities,,Meydan,
"Riding Instruction, Academies Or Schools",,85,854,8541,Sports and recreation education,,Meydan,
Risk And Damage Evaluation,,66,662,6621,Risk and damage evaluation,,Meydan,
Road & Traffic Engineering Services,,71,711,7110,Architectural and engineering activities and related technical consultancy,,Meydan,
Roastery,103460.0,10,107,1079,Manufacture of other food products n.e.c.,,Meydan,
Rock Wool Trading,,47,475,4752,"Retail sale of hardware, paints and glass in specialized stores",,Meydan,
Roofs & Scaffolding Support Systems Examination,,71,712,7120,Technical testing and analysis,,Meydan,
"Ropes, Sacks & Jute Bags Trading",,47,475,4752,"Retail sale of hardware, paints and glass in specialized stores",,Meydan,
Rubber Trading,,46,466,4669,Wholesale of waste and scrap and other products n.e.c.,,Meydan,
Rugby Football Training,,93,931,9312,Activities of sports clubs,,Meydan,
Safety And Prevention Against Fire Engineering Consultancy,,70,702,7020,Management consultancy activities,,Meydan,
Safety Consultancies,,70,702,7020,Management consultancy activities,,Meydan,
Safety Deposit Vaults Renting,,77,773,7730,"Renting and leasing of other machinery, equipment and tangible goods",,Meydan,
Sale and Purchase Of Philatelic Stamps,,46,464,4649,Wholesale of other household goods,,Meydan,
Sale Of Motor Vehicle Parts And Accessories,,45,453,4530,Sale of motor vehicle parts and accessories,,Meydan,
Sale Of Motor Vehicles,,45,451,4510,Sale of motor vehicles,,Meydan,
"Sale, Maintenance And Repair Of Motorcycles And Related Parts And Accessories",,45,454,4540,"Sale, maintenance and repair of motorcycles and related parts and accessories",,Meydan,
Sales Promotion,,73,731,7310,Advertising,,Meydan,
Salt Trading,,46,463,4630,"Wholesale of food, beverages and tobacco",,Meydan,
Salted & Preserved Fish & Seafood Trading,,46,463,4630,"Wholesale of food, beverages and tobacco",,Meydan,
Salvaging Distressed Vessels,,52,522,5222,Service activities incidental to water transportation,,Meydan,
"Sand, Gravel & Stones Trading",,47,475,4752,"Retail sale of hardware, paints and glass in specialized stores",,Meydan,
Sandwich Shop,,56,562,5629,Other food service activities,,Meydan,
Sanitary Ware Trading,,47,475,4752,"Retail sale of hardware, paints and glass in specialized stores",,Meydan,
Satellite Ground Station,,61,613,6130,Satellite telecommunications activities,,Meydan,
Satellite Receiving Equipment Trading,,46,465,4652,Wholesale of electronic and telecommunications equipment and parts,,Meydan,
Satellites’ Components & Spare Parts Trading,,46,465,4652,Wholesale of electronic and telecommunications equipment and parts,,Meydan,
Scaffolds Rental,,77,773,7730,"Renting and leasing of other machinery, equipment and tangible goods",,Meydan,
Scaffolds Trading,,46,466,4663,"Wholesale of construction materials, hardware, plumbing and heating equipment and supplies",,Meydan,
Scales & Dry Measures Trading,,47,477,4773,Other retail sale of new goods in specialized stores,,Meydan,
"School Transport
",,49,492,4922,Other passenger land transport,,Meydan,
"Schools, Hospitals & Laboratories Furniture Trading",,46,465,4659,Wholesale of other machinery and equipment,,Meydan,
Science & Technology Consultancy,,72,721,7210,Research and experimental development on natural sciences and engineering,,Meydan,
Scientific & Laboratory Equipment Trading,,46,465,4659,Wholesale of other machinery and equipment,,Meydan,
Scientific Office,,70,701,7010,Activities of head offices,,Meydan,
Scooters Trading,,45,454,4540,"Sale, maintenance and repair of motorcycles and related parts and accessories",,Meydan,
Scrap & Metal Waste Trading,,46,466,4669,Wholesale of waste and scrap and other products n.e.c.,,Meydan,
Sculptors,,90,900,9000,"Creative, arts and entertainment activities",,Meydan,
"Sculptors, Painters, Cartoonists, Engravers, Etchers Etc.",,90,900,9000,"Creative, arts and entertainment activities",,Meydan,
Sea Cargo Services,,52,522,5224,Cargo handling,,Meydan,
Sea Cleaning Equipment Trading,,46,465,4659,Wholesale of other machinery and equipment,,Meydan,
"Sea Freight & Passengers Charters
",,50,501,5012,Sea and coastal freight water transport,,Meydan,
Sea Shipping Lines Agents,,52,522,5229,Other transportation support activities,,Meydan,
"Sea Transport of Oil & Petroleum Products by Oil Tankers
",,50,501,5010,Sea and coastal water transport,,Meydan,
"Sea Transport Of Radioactive, Chemical & Biological Materials
",,50,501,5012,Sea and coastal freight water transport,,Meydan,
Second Stage Of Tertiary Education (Leading To An Advanced Research Qualification),,85,853,8530,Higher education,,Meydan,
Secondary Education,,85,852,8520,Secondary education,,Meydan,
Secondary School,,85,852,8521,General secondary education,,Meydan,
Secretarial Support Services,,82,821,8219,"Photocopying, document preparation and other specialized office support activities",,Meydan,
Securities & Commodities Market,,66,661,6611,Administration of financial markets,,Meydan,
Securities & Financial Products Promotion,,73,731,7310,Advertising,,Meydan,
Security And Safety Advisory,,81,811,8110,Combined facilities support activities,,Meydan,
Security Consultancies,,74,749,7490,"Other professional, scientific and technical activities n.e.c.",,Meydan,
Security Consulting,,74,749,7490,"Other professional, scientific and technical activities n.e.c.",,Meydan,
Security Control Services,,80,802,8020,Security systems service activities,,Meydan,
Security Dogs Training,,80,801,8010,Private security activities,,Meydan,
Security Equipment Installation & Maintenance,,43,432,4321,Electrical installation,,Meydan,
Security Equipment Rental,,77,773,7730,"Renting and leasing of other machinery, equipment and tangible goods",,Meydan,
Security Systems & Equipment Trading,,46,465,4659,Wholesale of other machinery and equipment,,Meydan,
Security Systems Consultancy,,62,620,6209,Other information technology and computer service activities,,Meydan,
Security Systems Inspection Services,,71,712,7120,Technical testing and analysis,,Meydan,
Security Systems Service Activities,,80,802,8020,Security systems service activities,,Meydan,
Security Training,,85,854,8549,Other education n.e.c.,,Meydan,
Seeds Trading,,46,462,4620,Wholesale of agricultural raw materials and live animals,,Meydan,
Self Storage Services,,52,521,5210,Warehousing and storage,,Meydan,
Self-Owned Property Leasing & Management Services,,68,682,6820,Real estate activities on a fee or contract basis,,Meydan,
Selling Goods via Mobile Trucks,,47,479,4799,"Other retail sale not in stores, stalls or markets",,Meydan,
Selling Products by Automatic Vending Machines,,47,479,4799,"Other retail sale not in stores, stalls or markets",,Meydan,
Service Activities Incidental To Land Transportation,,52,522,5221,Service activities incidental to land transportation,,Meydan,
Service Activities Incidental To Water Transportation,,52,522,5222,Service activities incidental to water transportation,,Meydan,
Service Activities Related To Printing,103598.0,18,181,1812,Service activities related to printing,,Meydan,
Services Provision Via Mobile Trucks,,96,960,9609,Other personal service activities n.e.c.,,Meydan,
Services Related To Organising Heavy Transportation On Road,,52,522,5221,Service activities incidental to land transportation,,Meydan,
Settling Insurance Claims,,66,662,6621,Risk and damage evaluation,,Meydan,
Sewage & Drainage Vehicles Rental,,77,771,7710,Renting and leasing of motor vehicles,,Meydan,
Sewing & Embroidery Requisites Trading,,47,475,4751,Retail sale of textiles in specialized stores,,Meydan,
Sewing Machines & Spare Parts Trading,103297.0,46,465,4659,Wholesale of other machinery and equipment,,Meydan,
Shaving And Beard Trimming,,96,960,9602,Hairdressing and other beauty treatment,,Meydan,
Ship CHandlers,,56,562,5629,Other food service activities,,Meydan,
Ship Charter,,77,773,7730,"Renting and leasing of other machinery, equipment and tangible goods",,Meydan,
"Ship Management & Operation
",,52,522,5222,Service activities incidental to water transportation,,Meydan,
Ship Piloting & Towing Services,,52,522,5222,Service activities incidental to water transportation,,Meydan,
Ship Rental Intermediator,,52,522,5229,Other transportation support activities,,Meydan,
Shipping Containers Loading & Unloading Services,,52,522,5224,Cargo handling,,Meydan,
"Shipping Lines Of Freight & Passengers Transportation
",,50,501,5011,Sea and coastal passenger water transport,,Meydan,
Ships & Boats Maintenance Services,,33,331,3315,"Repair of transport equipment, except motor vehicles",,Meydan,
Ships & Boats Repairing,,33,331,3315,"Repair of transport equipment, except motor vehicles",,Meydan,
Ships & Boats Trading,100436.0,46,465,4659,Wholesale of other machinery and equipment,,Meydan,
"Ships, Boats Spare Parts & Components Trading",103296.0,46,465,4659,Wholesale of other machinery and equipment,,Meydan,
Shisha Services,,56,563,5630,Beverage serving activities,,Meydan,
Shoe Polishing,,96,960,9609,Other personal service activities n.e.c.,,Meydan,
Shoe Repair,,95,952,9523,Repair of footwear and leather goods,,Meydan,
Shoe Trading,103295.0,47,477,4771,"Retail sale of clothing, footwear and leather articles in specialized stores",,Meydan,
Shooting Training,,93,931,9312,Activities of sports clubs,,Meydan,
Shop Fittings Trading,103294.0,47,477,4773,Other retail sale of new goods in specialized stores,,Meydan,
Shopping Carts Rental & Retrieval Services,,77,773,7730,"Renting and leasing of other machinery, equipment and tangible goods",,Meydan,
Short Messages Services,,61,613,6130,Satellite telecommunications activities,,Meydan,
"Short Or Long-Term Hospital Activities, I.E. Medical, Diagnostic And Treatment Activities Of General Hospitals And Specialized Hospitals.",,86,861,8610,Hospital activities,,Meydan,
Short Term Accommodation Activities,,55,551,5510,Short term accommodation activities,,Meydan,
Short Term Retail Operator,,47,478,4789,Retail sale via stalls and markets of other goods,,Meydan,
Silversmith,,95,952,9529,Repair of other personal and household goods,,Meydan,
Simulation Equipment & Systems Trading & Maintenance,,47,477,4773,Other retail sale of new goods in specialized stores,,Meydan,
Ski Dome,,93,932,9329,Other amusement and recreation activities n.e.c.,,Meydan,
Sleeping Cabins Rental,,77,773,7730,"Renting and leasing of other machinery, equipment and tangible goods",,Meydan,
Slimming Massage Center,,86,869,8690,Other human health activities,,Meydan,
Slippers & Sandals Trading,,47,477,4771,"Retail sale of clothing, footwear and leather articles in specialized stores",,Meydan,
Slot Coordination Services,,52,522,5223,Service activities incidental to air transportation,,Meydan,
Small Boats Passenger Services,,50,502,5021,Inland passenger water transport,,Meydan,
Smart Machines & Spare Parts Trading,,46,465,4659,Wholesale of other machinery and equipment,,Meydan,
Smelters & Furnaces Refractory Materials Trading,,46,469,4690,Non-specialized wholesale trade,,Meydan,
Smoking Cessation Center,,86,869,8690,Other human health activities,,Meydan,
Snack Food Trading,103263.0,46,463,4630,"Wholesale of food, beverages and tobacco",,Meydan,
Soap & Hair Care Products Trading,103262.0,46,464,4649,Wholesale of other household goods,,Meydan,
Soap Making & Forming,103337.0,20,202,2023,"Manufacture of soap and detergents, cleaning and polishing preparations, perfumes and toilet preparations",,Meydan,
Social & Family Consultancy,,88,889,8890,Other social work activities without accommodation,,Meydan,
Social Counselling,,88,889,8890,Other social work activities without accommodation,,Meydan,
Social Media Applications Development & Management,103261.0,62,620,6201,Computer programming activities,,Meydan,
Social Media Consultancy,103262.0,73,731,7310,Advertising,,Meydan,
Social Media Services,,73,731,7310,Advertising,,Meydan,
Social Work Activities Without Accommodation For The Elderly And Disabled,,88,881,8810,Social work activities without accommodation for the elderly and disabled,,Meydan,
Soft Drinks & Carbonated Water Trading,103257.0,46,463,4630,"Wholesale of food, beverages and tobacco",,Meydan,
Software Installation,103252.0,62,620,6209,Other information technology and computer service activities,,Meydan,
Software Publishing,103253.0,58,582,5820,Software publishing,,Meydan,
Soil Analysis Services,103255.0,71,712,7120,Technical testing and analysis,,Meydan,
Solar Energy Systems & Components Trading,103251.0,46,465,4659,Wholesale of other machinery and equipment,,Meydan,
Solar Energy Systems Rental,,77,773,7730,"Renting and leasing of other machinery, equipment and tangible goods",,Meydan,
Sound Recording And Music Publishing Activities,,59,592,5920,Sound recording and music publishing activities,,Meydan,
"Sound Recording Service Activities In A Studio Or Elsewhere, Including The Production Of Taped (I.E. Non-Live) Radio Programming, Audio For Film, Television Etc.",,59,592,5920,Sound recording and music publishing activities,,Meydan,
Sourcing & Procurement Consultant,103244.0,70,702,7020,Management consultancy activities,,Meydan,
Spa & Fitness Clubs Consultant,103245.0,70,702,7020,Management consultancy activities,,Meydan,
Special Education For Handicapped Students At This Level,103250.0,85,852,8522,Technical and vocational secondary education,,Meydan,
Special Effects Production,103243.0,59,591,5911,"Motion picture, video and television programme production activities",,Meydan,
Special Fabrics & Fibers For Construction Trading,103242.0,46,466,4663,"Wholesale of construction materials, hardware, plumbing and heating equipment and supplies",,Meydan,
Special Need Center,,87,873,8730,Residential care activities for the elderly and disabled,,Meydan,
"Specialized Cleaning Activities For Buildings Such As Window Cleaning, Chimney Cleaning And Cleaning Of Fireplaces, Stoves, Furnaces, Incinerators, Boilers, Ventilation Ducts And Exhaust Units",,81,812,8129,Other building and industrial cleaning activities,,Meydan,
Specialized Design Activities,,74,741,7410,Specialized design activities,,Meydan,
Specialized Hosting Activities Such As:• Web Hosting• Streaming Services• Application Hosting,103241.0,63,631,6311,"Data processing, hosting and related activities",,Meydan,
Specialized Professional Institute,103237.0,85,854,8549,Other education n.e.c.,,Meydan,
Specialized Vehicles For Safe Transport Trading,103224.0,45,451,4510,Sale of motor vehicles,,Meydan,
Specialized Vehicles Rental,103225.0,77,771,7710,Renting and leasing of motor vehicles,,Meydan,
Specialized Vehicles Trading,103227.0,45,451,4510,Sale of motor vehicles,,Meydan,
Specialty Communication & Pr,103229.0,73,732,7320,Market research and public opinion polling,,Meydan,
Specialty Hospital,103230.0,86,861,8610,Hospital activities,,Meydan,
Spectacles & Contact Lenses,103231.0,46,464,4649,Wholesale of other household goods,,Meydan,
Spectacles Repair,103232.0,95,952,9529,Repair of other personal and household goods,,Meydan,
Speech & Language Disorders Center,103233.0,88,889,8890,Other social work activities without accommodation,,Meydan,
Speed Reading Instruction,103234.0,85,854,8549,Other education n.e.c.,,Meydan,
Spices Trading,103235.0,46,463,4630,"Wholesale of food, beverages and tobacco",,Meydan,
Spinning & Weaving Equipment & Spare Parts Trading,103217.0,46,465,4659,Wholesale of other machinery and equipment,,Meydan,
Sponge Mattresses Trading,103218.0,47,475,4759,"Retail sale of electrical household appliances, furniture, lighting equipment and other household articles in specialized stores",,Meydan,
Sport & Recreational Events Tickets Selling,103222.0,79,799,7990,Other reservation service and related activities,,Meydan,
Sport Academy,103219.0,85,854,8541,Sports and recreation education,,Meydan,
Sport Clubs & Facilities Management,103221.0,93,931,9311,Operation of sports facilities,,Meydan,
Sport Equipment Trading,103220.0,47,476,4763,Retail sale of sporting equipment in specialized stores,,Meydan,
Sport Games Kiosk,,47,478,4789,Retail sale via stalls and markets of other goods,,Meydan,
Sport Research & Consultancies,103216.0,70,702,7020,Management consultancy activities,,Meydan,
Sport Training,103215.0,85,854,8541,Sports and recreation education,,Meydan,
Sports & Recreational Club,,93,931,9312,Activities of sports clubs,,Meydan,
Sports Activities,,93,931,9310,Sports activities,,Meydan,
Sports And Recreation Education,,85,854,8541,Sports and recreation education,,Meydan,
Sports Broker,103214.0,93,931,9319,Other sports activities,,Meydan,
Sports Clubs,,93,931,9312,Activities of sports clubs,,Meydan,
Sports Clubs Security Guard Services,,80,801,8010,Private security activities,,Meydan,
Sports Consultancy,103216.0,70,702,7020,Management consultancy activities,,Meydan,
Sports Events Marketing,103213.0,73,731,7310,Advertising,,Meydan,
Sports Exhibitions Organizing,103212.0,82,823,8230,Organization of conventions and trade shows,,Meydan,
Sports Fields &Halls Equipment Trading,103211.0,47,476,4763,Retail sale of sporting equipment in specialized stores,,Meydan,
"Sports Instruction (Baseball, Basketball, Cricket, Football, Etc)",103219.0,85,854,8541,Sports and recreation education,,Meydan,
Sports Leagues And Regulating Bodies,,93,931,9319,Other sports activities,,Meydan,
Sports Medicine Center Clinic,,86,862,8620,Medical and dental practice activities,,Meydan,
Sports Services,103209.0,93,931,9319,Other sports activities,,Meydan,
Sports Wear Trading,103208.0,47,477,4771,"Retail sale of clothing, footwear and leather articles in specialized stores",,Meydan,
Squash Training,103207.0,93,931,9312,Activities of sports clubs,,Meydan,
Stamps Issue,,53,532,5320,Courier activities,,Meydan,
Stationery Trading,100447.0,46,464,4649,Wholesale of other household goods,,Meydan,
Statistical Services Consultancies,103205.0,73,732,7320,Market research and public opinion polling,,Meydan,
Sterilizers & Disinfectants Trading,103202.0,46,466,4661,"Wholesale of solid, liquid and gaseous fuels and related products",,Meydan,
Stevedoring,103203.0,52,522,5224,Cargo handling,,Meydan,
Sticks & Umbrellas Trading,103097.0,46,464,4641,"Wholesale of textiles, clothing and footwear",,Meydan,
Stock Footage Film Libraries Etc.,,59,591,5912,"Motion picture, video and television programme post-production activities",,Meydan,
Storage Environments Temperature Verification Services,,71,712,7120,Technical testing and analysis,,Meydan,
Storage In Silos,,52,521,5210,Warehousing and storage,,Meydan,
Storage Of Goods In Foreign Trade Zones,,52,521,5210,Warehousing and storage,,Meydan,
Strategy Advisory Services,,70,702,7020,Management consultancy activities,,Meydan,
Street Cleaning Services,,81,812,8129,Other building and industrial cleaning activities,,Meydan,
Street Sweeping And Snow And Ice Removal,,81,812,8129,Other building and industrial cleaning activities,,Meydan,
Structural Quantity Surveying Engineering Services,,71,711,7110,Architectural and engineering activities and related technical consultancy,,Meydan,
Structural Wire Rope Systems Trading,103200.0,47,477,4773,Other retail sale of new goods in specialized stores,,Meydan,
Subpostal Agency,,53,532,5320,Courier activities,,Meydan,
Subsidiary Management Offices,103197.0,70,701,7010,Activities of head offices,,Meydan,
Sugar Trading,100825.0,46,463,4630,"Wholesale of food, beverages and tobacco",,Meydan,
Suitcases & Travel Requisites Trading,103196.0,47,477,4771,"Retail sale of clothing, footwear and leather articles in specialized stores",,Meydan,
Supermarket,103194.0,47,471,4711,"Retail sale in non-specialized stores with food, beverages or tobacco predominating",,Meydan,
"Supplying Workers To Clients’ Businesses For Limited Periods Of Time To Temporarily Replace Or Supplement The Working Force Of The Client, Where The Individuals Provided Are Employees Of The Temporary Help Service Unit",103290.0,78,782,7820,Temporary employment agency activities,,Meydan,
"Support Activities For Transportation This Group Includes Activities Supporting The Transport Of Passengers Or Freight, Such AsOperation Of Parts Of The Transport Infrastructure Or Activities Related To Handling FreightImmediately Before Or After Transport Or Between Transport Segments. The Operation AndMaintenance Of All Transport Facilities Is Included.",,52,522,5220,Support activities for transportation,,Meydan,
Surveying & Evaluating Services,103286.0,74,749,7490,"Other professional, scientific and technical activities n.e.c.",,Meydan,
Surveying Planning & Photogrammetry Services,103287.0,71,711,7110,Architectural and engineering activities and related technical consultancy,,Meydan,
Surveyors & Loss Adjusters,103288.0,66,662,6621,Risk and damage evaluation,,Meydan,
Survival Training,103191.0,85,854,8549,Other education n.e.c.,,Meydan,
Sweets & Candies Preparing,100684.0,56,563,5630,Beverage serving activities,,Meydan,
Swimming Instruction,103192.0,85,854,8541,Sports and recreation education,,Meydan,
Swimming Pool Cleaning And Maintenance Services,103193.0,81,812,8129,Other building and industrial cleaning activities,,Meydan,
Swimming Pools Trading,103190.0,46,464,4649,Wholesale of other household goods,,Meydan,
Swimming Training Services,103192.0,93,931,9312,Activities of sports clubs,,Meydan,
Switching And Shunting,103278.0,52,522,5221,Service activities incidental to land transportation,,Meydan,
"T.V Programs, Commercials & Visual Materials Production",103282.0,59,591,5911,"Motion picture, video and television programme production activities",,Meydan,
Take-Out Eating Places,103187.0,56,561,5610,Restaurants and mobile food service activities,,Meydan,
Tan Center,103186.0,96,960,9609,Other personal service activities n.e.c.,,Meydan,
Tanks & Containers Cleaning Services,100708.0,81,812,8129,Other building and industrial cleaning activities,,Meydan,
Tanks & Silos Trading,103184.0,47,475,4752,"Retail sale of hardware, paints and glass in specialized stores",,Meydan,
Tannery & Dyeing Materials Trading,103182.0,46,466,4669,Wholesale of waste and scrap and other products n.e.c.,,Meydan,
Taqyeem (Evaluation) Service Center,103181.0,63,639,6399,Other information service activities n.e.c.,,Meydan,
Tar & Asphalt Trading,103180.0,47,475,4752,"Retail sale of hardware, paints and glass in specialized stores",,Meydan,
Tawafoq Service Center For Employers And Employees,103179.0,69,691,6910,Legal activities,,Meydan,
Tax Consultant,103177.0,69,692,6920,"Accounting, bookkeeping and auditing activities; tax consultancy",,Meydan,
Tax Reclaim Services,103176.0,82,829,8291,Activities of collection agencies and credit bureaus,,Meydan,
Taxation Procedures Follow-Up,103174.0,69,692,6920,"Accounting, bookkeeping and auditing activities; tax consultancy",,Meydan,
Taxi Services,103175.0,49,492,4922,Other passenger land transport,,Meydan,
Tea Trading,103268.0,46,463,4630,"Wholesale of food, beverages and tobacco",,Meydan,
Technical & Vocational Certification Center,103039.0,85,855,8550,Educational support activities,,Meydan,
Technical And Occupational Skills Training,103170.0,85,854,8549,Other education n.e.c.,,Meydan,
Technical And Vocational Education Below The Level Of Higher Education,103039.0,85,852,8522,Technical and vocational secondary education,,Meydan,
Technical And Vocational Secondary Education,103039.0,85,852,8522,Technical and vocational secondary education,,Meydan,
Technical Installations Consultancies,103171.0,70,702,7020,Management consultancy activities,,Meydan,
Technical Survey Services,103272.0,80,802,8020,Security systems service activities,,Meydan,
Technical Testing And Analysis,103172.0,71,712,7120,Technical testing and analysis,,Meydan,
Technological Aspects Of Aircrafts Development,103173.0,52,522,5223,Service activities incidental to air transportation,,Meydan,
Telecommunications Equipment Rental,103264.0,77,773,7730,"Renting and leasing of other machinery, equipment and tangible goods",,Meydan,
Telecommunications Equipment Repair,103265.0,95,951,9512,Repair of communication equipment,,Meydan,
Telecommunications Equipment Trading,103166.0,46,465,4652,Wholesale of electronic and telecommunications equipment and parts,,Meydan,
Telecommunications Resellers (I.E. Purchasing And Reselling Network Capacity Without Providing Additional Services),103167.0,61,619,6190,Other telecommunications activities,,Meydan,
Telehealth Services,,86,869,8690,Other human health activities,,Meydan,
Telemedicine Counseling Center,,86,869,8690,Other human health activities,,Meydan,
Telephone Based Information Services,103165.0,63,639,6399,Other information service activities n.e.c.,,Meydan,
Telephones & Telecommunications Equipment Trading,103161.0,47,474,4741,"Retail sale of computers, peripheral units, software and telecommunications equipment in specialized stores",,Meydan,
Television & Radio Broadcasting Via Encrypted & Open Channels,103162.0,61,611,6110,Wired telecommunications activities,,Meydan,
Television Programming And Broadcasting Activities,103163.0,60,602,6020,Television programming and broadcasting activities,,Meydan,
Temporary Employment Agency Activities,,78,782,7820,Temporary employment agency activities,,Meydan,
Temporary Kitchens Rental,,77,773,7730,"Renting and leasing of other machinery, equipment and tangible goods",,Meydan,
Tennis Training Services,103160.0,93,931,9312,Activities of sports clubs,,Meydan,
"Tents , Sheds & Tarpaulins Trading",103158.0,47,475,4751,Retail sale of textiles in specialized stores,,Meydan,
Tents Rental,103159.0,77,772,7729,Renting and leasing of other personal and household goods,,Meydan,
Testing Equipment Rental,,77,773,7730,"Renting and leasing of other machinery, equipment and tangible goods",,Meydan,
Textile Trading,103156.0,47,475,4751,Retail sale of textiles in specialized stores,,Meydan,
Textiles & Fabrics Waste Trading,103157.0,46,466,4669,Wholesale of waste and scrap and other products n.e.c.,,Meydan,
"The Units Carrying Out These Activities May Also Engage In Selling Such Security Systems, Mechanical Or Electronic Locking Devices, Safes And Security Vaults.",,80,802,8020,Security systems service activities,,Meydan,
Theater & Cinema Management,103155.0,82,821,8211,Combined office administrative service activities,,Meydan,
Theatrical Production,102133.0,59,591,5911,"Motion picture, video and television programme production activities",,Meydan,
Therapeutic Massage Center,,86,869,8690,Other human health activities,,Meydan,
Threads & Yarns Trading,103152.0,46,464,4641,"Wholesale of textiles, clothing and footwear",,Meydan,
"Ticket Sales Activities For Theatrical, Sports And Other Amusement And Entertainment Events",103151.0,79,799,7990,Other reservation service and related activities,,Meydan,
Tiles & Flooring Materials Trading,103150.0,46,466,4663,"Wholesale of construction materials, hardware, plumbing and heating equipment and supplies",,Meydan,
Timber Trading,103149.0,46,466,4663,"Wholesale of construction materials, hardware, plumbing and heating equipment and supplies",,Meydan,
Tour Operator Activities,103148.0,79,791,7912,Tour operator activities,,Meydan,
Tourism & Recreation Consultants,103144.0,70,702,7020,Management consultancy activities,,Meydan,
Tourism Promotion Activities,103145.0,79,799,7990,Other reservation service and related activities,,Meydan,
Tourist Facilities Security Guard Services,,80,801,8010,Private security activities,,Meydan,
Tourist Guiding Services,103143.0,79,799,7990,Other reservation service and related activities,,Meydan,
Toys & Games Trading,,47,476,4764,Retail sale of games and toys in specialized stores,,Meydan,
Trade Mark Verification Services,103141.0,71,712,7120,Technical testing and analysis,,Meydan,
Trade Marks Registration Agent,103142.0,69,691,6910,Legal activities,,Meydan,
Traditional Chinese Medicine Center,,86,869,8690,Other human health activities,,Meydan,
Traffic Awareness Institute,,85,854,8549,Other education n.e.c.,,Meydan,
Traffic Signs & Requisites Trading,103139.0,46,465,4659,Wholesale of other machinery and equipment,,Meydan,
Training of Medical staff,,85,854,8549,Other education n.e.c.,,Meydan,
Trains & Railways Construction & Fabrication Equipment Trading & Maintenance,103136.0,47,477,4773,Other retail sale of new goods in specialized stores,,Meydan,
Trains Spare Parts & Components Trading,103137.0,47,477,4773,Other retail sale of new goods in specialized stores,,Meydan,
"Transcription Of Documents, And Other Secretarial Services",103138.0,82,821,8219,"Photocopying, document preparation and other specialized office support activities",,Meydan,
Translation And Interpretation Activities,103133.0,74,749,7490,"Other professional, scientific and technical activities n.e.c.",,Meydan,
"Translation, Editing and Proofreading Services",103128.0,74,749,7490,"Other professional, scientific and technical activities n.e.c.",,Meydan,
Transport By Refrigerator Trucks,103131.0,52,522,5229,Other transportation support activities,,Meydan,
Transport By Specialized Trucks,103132.0,49,492,4923,Freight transport by road,,Meydan,
Transport Consultancies,103124.0,52,522,5229,Other transportation support activities,,Meydan,
Transport Goods By Heavy Trucks,,49,492,4923,Freight transport by road,,Meydan,
Transport Goods By Light Trucks,,49,492,4923,Freight transport by road,,Meydan,
Transport of Garbage Trucks,,38,381,3811,Collection of non-hazardous waste,,Meydan,
"Transport Of Passenger Via Rivers, Canals, Lakes And Other Inland Waterways, Including Inside Harbours And Ports",,50,502,5021,Inland passenger water transport,,Meydan,
Transport of sewage Water using Pumping Tankers,,37,370,3700,Sewerage,,Meydan,
Transport Services Training,103122.0,85,854,8549,Other education n.e.c.,,Meydan,
Transportation of passengers by autonomous taxis,103125.0,49,492,4922,Other passenger land transport,,Meydan,
Transportation Risk Insurance,103127.0,65,651,6512,Non-life insurance,,Meydan,
Transportation Vehicles Rental,,77,771,7710,Renting and leasing of motor vehicles,,Meydan,
Transporting & Towing Motorcycles,,52,522,5221,Service activities incidental to land transportation,,Meydan,
Transporting & Towing Vehicles,,52,522,5221,Service activities incidental to land transportation,,Meydan,
Transporting Passengers Via Tourist Vehicles,,49,492,4922,Other passenger land transport,,Meydan,
Travel Agency,103119.0,79,791,7911,Travel agency activities,,Meydan,
Travelers Cheques Exchangers,103121.0,66,661,6612,Security and commodity contracts brokerage,,Meydan,
Trikke Scooters Rental,,77,773,7730,"Renting and leasing of other machinery, equipment and tangible goods",,Meydan,
"Trustee, Fiduciary And Custody Services On A Fee Or Contract Basis",,66,661,6619,Other activities auxiliary to financial service activities,,Meydan,
Tunnels & Bridges Engineering Services,,71,711,7110,Architectural and engineering activities and related technical consultancy,,Meydan,
"Turkish Baths, Sauna And Steam Baths, Solariums, Reducing And Slandering Salons, Massage Salons Etc.",100076.0,96,960,9609,Other personal service activities n.e.c.,,Meydan,
Turnkey Projects Contracting,103101.0,46,461,4610,Wholesale on a fee or contract basis,,Meydan,
Tutoring Services,103102.0,85,854,8549,Other education n.e.c.,,Meydan,
Tv & Radio Broadcasting Station,,61,611,6110,Wired telecommunications activities,,Meydan,
Tv Shopping,103105.0,47,479,4791,Retail sale via mail order houses or via Internet,,Meydan,
Tv Studio,103106.0,59,591,5912,"Motion picture, video and television programme post-production activities",,Meydan,
"Typewriters, Photocopiers & Spare Parts Trading",103086.0,47,474,4741,"Retail sale of computers, peripheral units, software and telecommunications equipment in specialized stores",,Meydan,
Typing & Photocopying Services,103087.0,82,821,8219,"Photocopying, document preparation and other specialized office support activities",,Meydan,
"Typing, Word Processing, Or Desktop Publishing",103088.0,82,821,8219,"Photocopying, document preparation and other specialized office support activities",,Meydan,
"Tyre And Tube Repair, Fitting Or Replacement",103089.0,45,452,4520,Maintenance and repair of motor vehicles,,Meydan,
Tyre Fixing & Wheel Alignment Services,103090.0,45,452,4520,Maintenance and repair of motor vehicles,,Meydan,
Unani Medicine Center,103098.0,86,869,8690,Other human health activities,,Meydan,
"Underwriting Annuities And Life Insurance Policies, Disability Income Insurance Policies, And Accidental Death And Dismemberment Insurance Policies (With Or Without A Substantial Savings Element).",,65,651,6511,Life insurance,,Meydan,
Uniforms Trading,103099.0,47,477,4771,"Retail sale of clothing, footwear and leather articles in specialized stores",,Meydan,
University,103060.0,85,853,8530,Higher education,,Meydan,
University Dormitory,103062.0,55,559,5590,Other accommodation,,Meydan,
Unmanned Aerial Vehicle (Drone) Service,103064.0,52,522,5229,Other transportation support activities,,Meydan,
Unmanned Aerial Vehicles (Drone) Trading,103065.0,47,477,4773,Other retail sale of new goods in specialized stores,,Meydan,
Upholstery Requisites Trading,103066.0,47,475,4752,"Retail sale of hardware, paints and glass in specialized stores",,Meydan,
Urban Planning Engineering Services,103067.0,71,711,7110,Architectural and engineering activities and related technical consultancy,,Meydan,
Urology Clinic,103069.0,86,862,8620,Medical and dental practice activities,,Meydan,
Used Automobile Trading,103071.0,45,451,4510,Sale of motor vehicles,,Meydan,
Used Automobile Trading For Export,103072.0,45,451,4510,Sale of motor vehicles,,Meydan,
Used Building Machinery & Equipment Trading,103073.0,47,477,4774,Retail sale of second-hand goods,,Meydan,
Used Cloth & Personal Items Trading,103076.0,46,464,4641,"Wholesale of textiles, clothing and footwear",,Meydan,
Used Cooking Oils Trading,103077.0,46,466,4669,Wholesale of waste and scrap and other products n.e.c.,,Meydan,
Used Electrical & Electronic Appliances Trading,103078.0,47,477,4774,Retail sale of second-hand goods,,Meydan,
Used Furniture Trading,103079.0,47,477,4774,Retail sale of second-hand goods,,Meydan,
Used Heavy Equipment & Machinery Trading,103080.0,47,477,4774,Retail sale of second-hand goods,,Meydan,
Used Household Utensils Trading,103083.0,47,477,4774,Retail sale of second-hand goods,,Meydan,
"Used Jewellery Trading
",103084.0,47,477,4774,Retail sale of second-hand goods,,Meydan,
Used Luxury Automobiles Trading,103085.0,45,451,4510,Sale of motor vehicles,,Meydan,
Used Trucks Trading,,45,451,4510,Sale of motor vehicles,,Meydan,
"Using Electronic Media Smart Applications, Or Any Other Means Of Renting Vehicles",,77,771,7710,Renting and leasing of motor vehicles,,Meydan,
Valet Parking Services,,96,960,9609,Other personal service activities n.e.c.,,Meydan,
Vascular Surgery Clinic,,86,862,8620,Medical and dental practice activities,,Meydan,
Vegetables & Fruit Trading,103057.0,46,463,4630,"Wholesale of food, beverages and tobacco",,Meydan,
Vehicle Liquids Bottling,103058.0,82,829,8292,Packaging activities,,Meydan,
"Vehicles Auctions Organizing
",,82,829,8299,Other business support service activities n.e.c.,,Meydan,
Vehicles Number Plates Fixing,,96,960,9609,Other personal service activities n.e.c.,,Meydan,
Vehicles Numbers Trading,103059.0,46,469,4690,Non-specialized wholesale trade,,Meydan,
Vehicles Registration Services,,52,522,5229,Other transportation support activities,,Meydan,
Vehicles Technical Testing,,71,712,7120,Technical testing and analysis,,Meydan,
Vehicles Tracking Systems Services,103054.0,80,802,8020,Security systems service activities,,Meydan,
Vehicles Upholstery Services,103055.0,45,452,4520,Maintenance and repair of motor vehicles,,Meydan,
Vending Machines Trading,103053.0,46,465,4659,Wholesale of other machinery and equipment,,Meydan,
Ventilators & Fans Trading,103052.0,46,465,4659,Wholesale of other machinery and equipment,,Meydan,
Verification Of Compliance Of Islamic Banking With Shari'A,103050.0,70,702,7020,Management consultancy activities,,Meydan,
Vertical & Horizontal Transportation Systems Consultant,103051.0,71,711,7110,Architectural and engineering activities and related technical consultancy,,Meydan,
Vessel Classification Services,103044.0,74,749,7490,"Other professional, scientific and technical activities n.e.c.",,Meydan,
Vessels Inspection,103045.0,74,749,7490,"Other professional, scientific and technical activities n.e.c.",,Meydan,
Veterinary Clinic,103046.0,75,750,7500,Veterinary activities,,Meydan,
Veterinary Consultant,103047.0,75,750,7500,Veterinary activities,,Meydan,
Veterinarian Laboratory,103048.0,75,750,7500,Veterinary activities,,Meydan,
Veterinary Activities,103047.0,75,750,7500,Veterinary activities,,Meydan,
Veterinary Assistants Or Other Auxiliary Veterinary Personnel,103049.0,75,750,7500,Veterinary activities,,Meydan,
Veterinary Equipment & Instruments Trading,103042.0,46,465,4659,Wholesale of other machinery and equipment,,Meydan,
Veterinary Hospital,,75,750,7500,Veterinary activities,,Meydan,
Veterinary Medicines Trading,103043.0,46,464,4649,Wholesale of other household goods,,Meydan,
Veterinary Quarantine Services,,75,750,7500,Veterinary activities,,Meydan,
Veterinary Research Center,,72,721,7210,Research and experimental development on natural sciences and engineering,,Meydan,
Video Games Consoles Trading,103041.0,46,464,4649,Wholesale of other household goods,,Meydan,
Virtual Assets  Management and Investment Services,,66,661,6619,Other activities auxiliary to financial service activities,,Meydan,
Virtual Assets Advisory Services,,66,661,6619,Other activities auxiliary to financial service activities,,Meydan,
Virtual Assets Broker-Dealer Services,,66,661,6619,Other activities auxiliary to financial service activities,,Meydan,
Virtual Assets Custody Services,,66,661,6619,Other activities auxiliary to financial service activities,,Meydan,
Virtual Assets Exchange Services,,66,661,6619,Other activities auxiliary to financial service activities,,Meydan,
Virtual Assets Lending and Borrowing Services,,66,661,6619,Other activities auxiliary to financial service activities,,Meydan,
Virtual Assets Proprietary Trading in Crypto-commodities,,66,661,6619,Other activities auxiliary to financial service activities,,Meydan,
Virtual Assets Transfer and Settlement Services,,66,661,6619,Other activities auxiliary to financial service activities,,Meydan,
Virtual Reality & Augmented Reality Provision & Development Services,,59,591,5912,"Motion picture, video and television programme post-production activities",,Meydan,
Visual Arts Festivals,,90,900,9000,"Creative, arts and entertainment activities",,Meydan,
Visual Materials Subtitling & Dubbing Services,,59,591,5911,"Motion picture, video and television programme production activities",,Meydan,
Visual Recorded Media Distribution,103036.0,59,591,5913,"Motion picture, video and television programme distribution activities",,Meydan,
Visual Recorded Media Trading,103037.0,47,476,4762,Retail sale of music and video recordings in specialized stores,,Meydan,
Vocational Rehabilitation And Habilitation Activities For Unemployed Persons Provided That The Education Component Is Limited,,88,889,8890,Other social work activities without accommodation,,Meydan,
Vocational School,103039.0,85,852,8522,Technical and vocational secondary education,,Meydan,
Volleyball Training,103040.0,93,931,9312,Activities of sports clubs,,Meydan,
Warehousing And Storage,103034.0,52,521,5210,Warehousing and storage,,Meydan,
Washing And (Dry-) Cleaning Of Textile And Fur Products,,96,960,9601,Washing and (dry-) cleaning of textile and fur products,,Meydan,
Waste Management & Recycling Consultancy,103032.0,70,702,7020,Management consultancy activities,,Meydan,
Waste Paper Trading,103022.0,46,466,4669,Wholesale of waste and scrap and other products n.e.c.,,Meydan,
Waste Plastic Trading,103023.0,46,466,4669,Wholesale of waste and scrap and other products n.e.c.,,Meydan,
Wastewater Disposal Vehicles Rental,,77,771,7710,Renting and leasing of motor vehicles,,Meydan,
Watches & Clocks & Spare Parts Trading,103024.0,46,465,4652,Wholesale of electronic and telecommunications equipment and parts,,Meydan,
Water Cooling & Heating Equipment Trading,103025.0,46,466,4663,"Wholesale of construction materials, hardware, plumbing and heating equipment and supplies",,Meydan,
Water Desalination Equipment Trading,103026.0,46,465,4659,Wholesale of other machinery and equipment,,Meydan,
Water Heaters Trading,103027.0,47,475,4752,"Retail sale of hardware, paints and glass in specialized stores",,Meydan,
Water Sports Training Services,,93,931,9312,Activities of sports clubs,,Meydan,
Water Treatment & Purification Chemicals Trading,103028.0,46,466,4669,Wholesale of waste and scrap and other products n.e.c.,,Meydan,
Water Treatment Equipment Trading,103029.0,46,465,4659,Wholesale of other machinery and equipment,,Meydan,
"Water, Sewage & Irrigation Engineering Services",103031.0,71,711,7110,Architectural and engineering activities and related technical consultancy,,Meydan,
Watersports Equipment Rental,103007.0,77,772,7721,Renting and leasing of recreational and sports goods,,Meydan,
Wax Candles Trading,103008.0,47,475,4759,"Retail sale of electrical household appliances, furniture, lighting equipment and other household articles in specialized stores",,Meydan,
Wax Museum,103009.0,91,910,9102,Museums activities and operation of historical sites and buildings,,Meydan,
Weather Forecasting Activities,103010.0,74,749,7490,"Other professional, scientific and technical activities n.e.c.",,Meydan,
Web Hosting,103014.0,63,631,6311,"Data processing, hosting and related activities",,Meydan,
Web Portals,103015.0,63,631,6312,Web portals,,Meydan,
Web-Design,103013.0,62,620,6201,Computer programming activities,,Meydan,
Wedding Parties Organizing,103018.0,90,900,9000,"Creative, arts and entertainment activities",,Meydan,
Weighing & Measuring Laboratory,103019.0,71,712,7120,Technical testing and analysis,,Meydan,
Weighing & Measuring Services,103020.0,74,749,7490,"Other professional, scientific and technical activities n.e.c.",,Meydan,
Welfare And Guidance Activities For Children And Adolescents,,88,889,8890,Other social work activities without accommodation,,Meydan,
Well Drilling Equipment Trading,103021.0,47,477,4773,Other retail sale of new goods in specialized stores,,Meydan,
Wholesale And Retail Sale By Commission Agents,,45,451,4510,Sale of motor vehicles,,Meydan,
"Wholesale And Retail Sale Of All Kinds Of Parts, Components, Supplies, Tools And Accessories For Motor Vehicles such as rubber tires and inner tubes for tires",,45,453,4530,Sale of motor vehicle parts and accessories,,Meydan,
"Wholesale And Retail Sale Of Motorcycles, Including Mopeds",,45,454,4540,"Sale, maintenance and repair of motorcycles and related parts and accessories",,Meydan,
"Wholesale And Retail Sale Of Off-Road Motor Vehicles (Jeeps, Etc.)",,45,451,4510,Sale of motor vehicles,,Meydan,
Wholesale And Retail Sale Of Parts And Accessories For Motorcycles (Including By Commission Agents And Mail Order Houses),,45,454,4540,"Sale, maintenance and repair of motorcycles and related parts and accessories",,Meydan,
Wholesale And Retail Sale Of Unused And Used Vehicles,,45,451,4510,Sale of motor vehicles,,Meydan,
Wholesale Of A Variety Of Goods Without Any Particular Specialization,,46,469,4690,Non-specialized wholesale trade,,Meydan,
Wholesale Of Agricultural Machinery And Equipment,,46,465,4653,"Wholesale of agricultural machinery, equipment and supplies",,Meydan,
"Wholesale Of Agricultural Machinery, Equipment And Supplies",,46,465,4653,"Wholesale of agricultural machinery, equipment and supplies",,Meydan,
"Wholesale Of Agricultural Material, Waste, Residues And By-Products Used For Animal Feed",,46,462,4620,Wholesale of agricultural raw materials and live animals,,Meydan,
Wholesale Of Agricultural Raw Materials And Live Animals,,46,462,4620,Wholesale of agricultural raw materials and live animals,,Meydan,
Wholesale Of Bakery Products,,46,463,4630,"Wholesale of food, beverages and tobacco",,Meydan,
Wholesale Of Beverages,,46,463,4630,"Wholesale of food, beverages and tobacco",,Meydan,
Wholesale Of Bicycles And Their Parts And Accessories,,46,464,4649,Wholesale of other household goods,,Meydan,
"Wholesale Of Blank Audio And Video Tapes And Diskettes, Magnetic And Optical Disks (Cds, Dvds)",,46,465,4652,Wholesale of electronic and telecommunications equipment and parts,,Meydan,
"Wholesale Of Charcoal, Coal, Coke, Fuel Wood, Naphtha",,46,466,4661,"Wholesale of solid, liquid and gaseous fuels and related products",,Meydan,
Wholesale Of China And Glassware,,46,464,4649,Wholesale of other household goods,,Meydan,
"Wholesale Of Clothing Accessories Such As Gloves, Ties And Braces",,46,464,4641,"Wholesale of textiles, clothing and footwear",,Meydan,
"Wholesale Of Clothing, Including Sports Clothes",,46,464,4641,"Wholesale of textiles, clothing and footwear",,Meydan,
"Wholesale Of Coffee, Tea, Cocoa And Spices",100737.0,46,463,4630,"Wholesale of food, beverages and tobacco",,Meydan,
Wholesale Of Computer-Controlled Machine Tools,,46,465,4659,Wholesale of other machinery and equipment,,Meydan,
Wholesale Of Computer-Controlled Machinery For The Textile Industry And Of Computer Controlled Sewing And Knitting Machines,,46,465,4659,Wholesale of other machinery and equipment,,Meydan,
Wholesale Of Computers And Computer Peripheral Equipment,,46,465,4651,"Wholesale of computers, computer peripheral equipment and software",,Meydan,
"Wholesale Of Computers, Computer Peripheral Equipment And Software",,46,465,4651,"Wholesale of computers, computer peripheral equipment and software",,Meydan,
Wholesale Of Construction Materials,,46,466,4663,"Wholesale of construction materials, hardware, plumbing and heating equipment and supplies",,Meydan,
"Wholesale Of Construction Materials, Hardware, Plumbing And Heating Equipment And Supplies",,46,466,4663,"Wholesale of construction materials, hardware, plumbing and heating equipment and supplies",,Meydan,
Wholesale Of Consumer Electronics,,46,464,4649,Wholesale of other household goods,,Meydan,
Wholesale Of Cutlery,,46,464,4649,Wholesale of other household goods,,Meydan,
Wholesale Of Dairy Products,,46,463,4630,"Wholesale of food, beverages and tobacco",,Meydan,
Wholesale Of Edible Oils And Fats Of Animal Or Vegetable Origin,,46,463,4630,"Wholesale of food, beverages and tobacco",,Meydan,
Wholesale Of Eggs And Egg Products,,46,463,4630,"Wholesale of food, beverages and tobacco",,Meydan,
Wholesale Of Electronic And Telecommunications Equipment And Parts,,46,465,4652,Wholesale of electronic and telecommunications equipment and parts,,Meydan,
Wholesale Of Electronic Valves And Tubes,,46,465,4652,Wholesale of electronic and telecommunications equipment and parts,,Meydan,
Wholesale Of Fabrics,,46,464,4641,"Wholesale of textiles, clothing and footwear",,Meydan,
Wholesale Of Feed For Pet Animals,,46,463,4630,"Wholesale of food, beverages and tobacco",,Meydan,
Wholesale Of Ferrous And Non-Ferrous Metal Ores,,46,466,4662,Wholesale of metals and metal ores,,Meydan,
Wholesale Of Ferrous And Non-Ferrous Metals In Primary Forms,,46,466,4662,Wholesale of metals and metal ores,,Meydan,
Wholesale Of Ferrous And Non-Ferrous Semi-Finished Metal Products N.E.C.,,46,466,4662,Wholesale of metals and metal ores,,Meydan,
Wholesale Of Fishery Products,,46,463,4630,"Wholesale of food, beverages and tobacco",,Meydan,
Wholesale Of Fittings And Fixtures,101480.0,46,466,4663,"Wholesale of construction materials, hardware, plumbing and heating equipment and supplies",,Meydan,
Wholesale Of Flat Glass,,46,466,4663,"Wholesale of construction materials, hardware, plumbing and heating equipment and supplies",,Meydan,
Wholesale Of Flowers And Plants,,46,462,4620,Wholesale of agricultural raw materials and live animals,,Meydan,
Wholesale Of Food And Beverages,,46,463,4630,"Wholesale of food, beverages and tobacco",,Meydan,
Wholesale Of Footwear,,46,464,4641,"Wholesale of textiles, clothing and footwear",,Meydan,
Wholesale Of Fruit And Vegetables,,46,463,4630,"Wholesale of food, beverages and tobacco",,Meydan,
Wholesale Of Fur Articles,,46,464,4641,"Wholesale of textiles, clothing and footwear",,Meydan,
Wholesale Of Gold And Other Precious Metals,,46,466,4662,Wholesale of metals and metal ores,,Meydan,
Wholesale Of Grains And Seeds,,46,462,4620,Wholesale of agricultural raw materials and live animals,,Meydan,
"Wholesale Of Haberdashery: Needles, Sewing Thread Etc.",,46,464,4641,"Wholesale of textiles, clothing and footwear",,Meydan,
Wholesale Of Hardware And Locks,,46,466,4663,"Wholesale of construction materials, hardware, plumbing and heating equipment and supplies",,Meydan,
Wholesale Of Hides And Skins,,46,462,4620,Wholesale of agricultural raw materials and live animals,,Meydan,
Wholesale Of Hot Water Heaters,,46,466,4663,"Wholesale of construction materials, hardware, plumbing and heating equipment and supplies",,Meydan,
Wholesale Of Household Appliances,,46,464,4649,Wholesale of other household goods,,Meydan,
Wholesale Of Household Furniture,,46,464,4649,Wholesale of other household goods,,Meydan,
Wholesale Of Household Goods,,46,464,4640,Wholesale of household goods,,Meydan,
Wholesale Of Household Linen Etc.,,46,464,4641,"Wholesale of textiles, clothing and footwear",,Meydan,
Wholesale Of Leather,,46,462,4620,Wholesale of agricultural raw materials and live animals,,Meydan,
Wholesale Of Leather Goods And Travel Accessories,,46,464,4649,Wholesale of other household goods,,Meydan,
Wholesale Of Lighting Equipment,,46,464,4649,Wholesale of other household goods,,Meydan,
Wholesale Of Live Animals,,46,462,4620,Wholesale of agricultural raw materials and live animals,,Meydan,
Wholesale Of Machine Tools Of Any Type And For Any Material,,46,465,4659,Wholesale of other machinery and equipment,,Meydan,
"Wholesale Of Machinery, Equipment And Supplies",,46,465,4650,"Wholesale of machinery, equipment and supplies",,Meydan,
Wholesale Of Measuring Instruments And Equipment,,46,465,4659,Wholesale of other machinery and equipment,,Meydan,
Wholesale Of Meat And Meat Products,,46,463,4630,"Wholesale of food, beverages and tobacco",,Meydan,
Wholesale Of Metal And Non-Metal Waste And Scrap And Materials For Recycling,,46,466,4669,Wholesale of waste and scrap and other products n.e.c.,,Meydan,
Wholesale Of Metals And Metal Ores,,46,466,4662,Wholesale of metals and metal ores,,Meydan,
Wholesale Of Microchips And Integrated Circuits,,46,465,4652,Wholesale of electronic and telecommunications equipment and parts,,Meydan,
"Wholesale Of Musical Instruments, Games And Toys, Sports Goods",,46,464,4649,Wholesale of other household goods,,Meydan,
Wholesale Of Office Furniture,,46,465,4659,Wholesale of other machinery and equipment,,Meydan,
"Wholesale Of Office Machinery And Equipment, Except Computers And Computer Peripheral Equipment",,46,465,4659,Wholesale of other machinery and equipment,,Meydan,
Wholesale Of Oleaginous Fruits,,46,462,4620,Wholesale of agricultural raw materials and live animals,,Meydan,
"Wholesale Of Other Electrical Material Such As Electrical Motors, Transformers",,46,465,4659,Wholesale of other machinery and equipment,,Meydan,
Wholesale Of Other Household Goods,,46,464,4649,Wholesale of other household goods,,Meydan,
Wholesale Of Other Machinery And Equipment,,46,465,4659,Wholesale of other machinery and equipment,,Meydan,
"Wholesale Of Other Machinery N.E.C. For Use In Industry, Trade And Navigation And Other Services",,46,465,4659,Wholesale of other machinery and equipment,,Meydan,
Wholesale Of Paint And Varnish,,46,466,4663,"Wholesale of construction materials, hardware, plumbing and heating equipment and supplies",,Meydan,
Wholesale Of Paper In Bulk,,46,466,4669,Wholesale of waste and scrap and other products n.e.c.,,Meydan,
"Wholesale Of Perfumery Cosmetics, Beauty Products And Soaps",,46,464,4649,Wholesale of other household goods,,Meydan,
Wholesale Of Personal Requisites,,46,464,4649,Wholesale of other household goods,,Meydan,
Wholesale Of Pharmaceutical And Medical Goods,,46,464,4649,Wholesale of other household goods,,Meydan,
"Wholesale Of Photographic And Optical Goods (E.G. Sunglasses, Binoculars, Magnifying Glasses)",,46,464,4649,Wholesale of other household goods,,Meydan,
Wholesale Of Plastic Materials,,46,466,4669,Wholesale of waste and scrap and other products n.e.c.,,Meydan,
Wholesale Of Precious Stones,,46,464,4649,Wholesale of other household goods,,Meydan,
Wholesale Of Printed Circuits,,46,465,4652,Wholesale of electronic and telecommunications equipment and parts,,Meydan,
Wholesale Of Production-Line Robots,,46,465,4659,Wholesale of other machinery and equipment,,Meydan,
Wholesale Of Products Of Primary Processing Of Wood,,46,466,4663,"Wholesale of construction materials, hardware, plumbing and heating equipment and supplies",,Meydan,
"Wholesale Of Recorded Audio And Video Tapes, Cds, Dvds",,46,464,4649,Wholesale of other household goods,,Meydan,
Wholesale Of Rubber,,46,466,4669,Wholesale of waste and scrap and other products n.e.c.,,Meydan,
Wholesale Of Sanitary Equipment,,46,466,4663,"Wholesale of construction materials, hardware, plumbing and heating equipment and supplies",,Meydan,
Wholesale Of Sanitary Installation Equipment,,46,466,4663,"Wholesale of construction materials, hardware, plumbing and heating equipment and supplies",,Meydan,
Wholesale Of Semiconductor Devices,,46,465,4652,Wholesale of electronic and telecommunications equipment and parts,,Meydan,
Wholesale Of Software,,46,465,4651,"Wholesale of computers, computer peripheral equipment and software",,Meydan,
"Wholesale Of Stationery, Books, Magazines And Newspapers",,46,464,4649,Wholesale of other household goods,,Meydan,
"Wholesale Of Sugar, Chocolate And Sugar Confectionery",100825.0,46,463,4630,"Wholesale of food, beverages and tobacco",,Meydan,
Wholesale Of Telephone And Communications Equipment,,46,465,4652,Wholesale of electronic and telecommunications equipment and parts,,Meydan,
Wholesale Of Textile Fibres Etc.,,46,466,4669,Wholesale of waste and scrap and other products n.e.c.,,Meydan,
"Wholesale Of Textiles, Clothing And Footwear",,46,464,4641,"Wholesale of textiles, clothing and footwear",,Meydan,
Wholesale of tobacco products,,46,463,4630,"Wholesale of food, beverages and tobacco",,Meydan,
"Wholesale Of Tools Such As Hammers, Saws, Screwdrivers And Other Hand Tools",,46,466,4663,"Wholesale of construction materials, hardware, plumbing and heating equipment and supplies",,Meydan,
"Wholesale Of Transport Equipment Except Motor Vehicles, Motorcycles And Bicycles",,46,465,4659,Wholesale of other machinery and equipment,,Meydan,
Wholesale Of Umbrellas,103097.0,46,464,4641,"Wholesale of textiles, clothing and footwear",,Meydan,
Wholesale Of Wallpaper And Floor Coverings,103035.0,46,466,4663,"Wholesale of construction materials, hardware, plumbing and heating equipment and supplies",,Meydan,
Wholesale Of Waste And Scrap And Other Products N.E.C.,,46,466,4669,Wholesale of waste and scrap and other products n.e.c.,,Meydan,
"Wholesale Of Watches, Clocks And Jewellery",,46,464,4649,Wholesale of other household goods,,Meydan,
Wholesale Of Wires And Switches And Other Installation Equipment For Industrial Use,,46,465,4659,Wholesale of other machinery and equipment,,Meydan,
Wholesale Of Wood In The Rough,,46,466,4663,"Wholesale of construction materials, hardware, plumbing and heating equipment and supplies",,Meydan,
"Wholesale Of Woodenware, Wickerwork And Corkware Etc.",,46,464,4649,Wholesale of other household goods,,Meydan,
Wholesale Of Yarn,,46,464,4641,"Wholesale of textiles, clothing and footwear",,Meydan,
Wholesale On A Fee Or Contract Basis,,46,461,4610,Wholesale on a fee or contract basis,,Meydan,
Wildlife Preservation,,91,910,9103,Botanical and zoological gardens and nature reserves activities,,Meydan,
Wired Telecommunications Activities (not available for selection),103005.0,61,611,6110,Wired telecommunications activities,,Meydan,
Wireless Equipment & Instruments Trading,103004.0,46,465,4652,Wholesale of electronic and telecommunications equipment and parts,,Meydan,
Wires & Cables Trading,103003.0,47,475,4752,"Retail sale of hardware, paints and glass in specialized stores",,Meydan,
Woman Museum,,91,910,9102,Museums activities and operation of historical sites and buildings,,Meydan,
Women Underwears Trading,103002.0,47,477,4771,"Retail sale of clothing, footwear and leather articles in specialized stores",,Meydan,
Wooden Products Trading,103001.0,46,466,4663,"Wholesale of construction materials, hardware, plumbing and heating equipment and supplies",,Meydan,
Wool & Animal Hair Trading,103000.0,46,462,4620,Wholesale of agricultural raw materials and live animals,,Meydan,
"Workshop Equipment, Machinery & Spare Parts Trading",102999.0,46,465,4659,Wholesale of other machinery and equipment,,Meydan,
Workshop Hardware & Tools Trading,102998.0,47,475,4752,"Retail sale of hardware, paints and glass in specialized stores",,Meydan,
Wrestling Training,,93,931,9312,Activities of sports clubs,,Meydan,
Yacht Cleaning Services,102997.0,81,812,8129,Other building and industrial cleaning activities,,Meydan,
Yoga Center,102996.0,85,854,8541,Sports and recreation education,,Meydan,
Yoga Instruction,102995.0,85,854,8541,Sports and recreation education,,Meydan,
Youth Hostels,102993.0,55,551,5510,Short term accommodation activities,,Meydan,
Zoo Park,102992.0,91,910,9103,Botanical and zoological gardens and nature reserves activities,,Meydan,
Aircraft Engine & Parts Repair & Overhaul,100162.0,33,331,3315,"Repair of transport equipment, except motor vehicles",,Meydan,Draft
Horses Trading,101805.0,46,462,4620,Wholesale of agricultural raw materials and live animals,,Meydan,Draft
Offshore Crude Oil Trading,103874.0,46,466,4661,"Wholesale of solid, liquid and gaseous fuels and related products",,Meydan,Draft
Non-Manufactured Precious Metal Trading,102773.0,47,475,4752,"Retail sale of hardware, paints and glass in specialized stores",,Meydan,Draft
Aquatic & live Animals Trading,100238.0,46,462,4620,Wholesale of agricultural raw materials and live animals,,Meydan,Draft
Logistic Services,102147.0,52,522,5229,Other transportation support activities,,Meydan,Draft
Auto Service Broker,100323.0,52,522,5229,Other transportation support activities,,Meydan,Draft
Delivery Services Coordination & Provision,101016.0,53,532,5320,Courier activities,,Meydan,Draft
Gaming Development Services,101596.0,62,620,6201,Computer programming activities,,Meydan,Draft
Digital Wallet for Electronic Payments,101074.0,64,649,6491,Financial leasing,,Meydan,Draft
VA Proprietary Trading,103875.0,66,661,6619,Other activities auxiliary to financial service activities,,Meydan,Draft
"Leasing Of Intellectual Property And Similar Products, Except Copyrighted Works",102085.0,77,774,7740,"Leasing of intellectual property and similar products, except copyrighted works",,Meydan,Draft
"Leasing Of Intellectual Property Products (Except Copyrighted Works, Such As Books Or Software)",102085.0,77,774,7740,"Leasing of intellectual property and similar products, except copyrighted works",,Meydan,Draft
"Receiving Royalties Or Licensing Fees For The Use Of: • Patented Entities • Trademarks Or Service Marks • Brand Names • Mineral Exploration And Evaluation • Franchise Agreements""",102974.0,77,774,7740,"Leasing of intellectual property and similar products, except copyrighted works",,Meydan,Draft
Intellectual Property Services,101953.0,77,774,7740,"Leasing of intellectual property and similar products, except copyrighted works",,Meydan,Draft
Intellectual Property Rights Management,101952.0,77,774,7740,"Leasing of intellectual property and similar products, except copyrighted works",,Meydan,Draft
Real Estate Public Auction Organizing,102965.0,82,823,8230,Organization of conventions and trade shows,,Meydan,Draft
Passengers & Cargo Aircrafts Repair,103356.0,33,331,3315,Provides specialized repair and maintenance services for passenger and cargo aircraft to ensure operational safety and efficiency.,,Meydan,Draft
Helicopters Repair & Maintenance,100802.0,33,331,3315,Delivers comprehensive repair and maintenance solutions for helicopters to maintain airworthiness and performance standards.,,Meydan,Draft
Commercial Agencies,103871.0,46,466,4660,Acts as an intermediary representing businesses in the sale and purchase of goods and services on a commercial basis.,,Meydan,Draft
Other Land Transport (Not for selection),103872.0,49,492,4920,"Offers transportation services involving land vehicles excluding passenger and freight transport, such as rental or leasing of vehicles.",,Meydan,Draft
"Organizing Vehicle Auctions through Electronic Platforms, Smart Applications and Other Means",103873.0,66,661,6611,"Facilitates the organization and execution of vehicle auctions through electronic platforms, smart applications, and other digital means.",,Meydan,Draft
Holding Companies,100041.0,64,642,6420,Operates as a holding company by managing and controlling investments in subsidiary enterprises.,,Meydan,Draft
Managing Investments of Investment Funds,101982.0,66,663,6630,Provides professional management and administration of investment portfolios on behalf of investment funds.,,Meydan,Draft
Trading in Global Markets,100485.0,66,661,6612,Engages in the buying and selling of financial instruments and commodities across international markets.,,Meydan,Draft
