activity name,activity code,division,group,class,isic description,activity description,jurisdiction,status
Academic Liaison Office,100005.0,85,855,8550,Educational support activities,,RAKEZ,
Accounting & Bookkeeping,100010.0,69,692,6920,"Accounting, bookkeeping and auditing activities; tax consultancy",,RAKEZ,
Accounting Training,100012.0,85,854,8549,Other education n.e.c.,,RAKEZ,
Acids & Alkalines Trading,100013.0,46,466,4669,Wholesale of waste and scrap and other products n.e.c.,,RAKEZ,
Adhesives Trading,100087.0,46,466,4669,Wholesale of waste and scrap and other products n.e.c.,,RAKEZ,
Administrative Consultancy and Studies,100089.0,70,702,7020,Management consultancy activities,,RAKEZ,
Advanced Agriculture for vegetables and the melons and the roots and the tubers,100093.0,1,11,113,"Growing of vegetables and melons, roots and tubers",,RAKEZ,
Advertisement Designing & Producing,100096.0,73,731,7310,Advertising,,RAKEZ,
Advertising & Communication Agency,100096.0,73,731,7310,Advertising,,RAKEZ,
Advertising Requisites Trading,100099.0,46,465,4659,Wholesale of other machinery and equipment,,RAKEZ,
Advertising Researches & Consultancies,100100.0,73,731,7310,Advertising,,RAKEZ,
Aerial Advertising Services,100106.0,73,731,7310,Advertising,,RAKEZ,
Agarwood & Incense Trading,100110.0,46,464,4649,Wholesale of other household goods,,RAKEZ,
Agricultural & Veterinary Pesticides Trading,100115.0,47,477,4773,Other retail sale of new goods in specialized stores,,RAKEZ,
"Agricultural Enterprises Investment, Institution and Management",100117.0,66,663,6630,Fund management activities,,RAKEZ,
Agricultural Equipment & Accessories Trading,100118.0,46,465,4653,"Wholesale of agricultural machinery, equipment and supplies",,RAKEZ,
Agricultural Equipment & Machinery Spare Parts Trading,100120.0,46,465,4653,"Wholesale of agricultural machinery, equipment and supplies",,RAKEZ,
Agricultural Research & Consultancy,100127.0,74,749,7490,"Other professional, scientific and technical activities n.e.c.",,RAKEZ,
Agricultural Tools Trading,100128.0,47,475,4752,"Retail sale of hardware, paints and glass in specialized stores",,RAKEZ,
Agricultural Tractors & Machinery Trading,100129.0,47,477,4773,Other retail sale of new goods in specialized stores,,RAKEZ,
Air Cargo Agent,100138.0,52,522,5229,Other transportation support activities,,RAKEZ,
Air Cargo Services,100139.0,52,522,5224,Cargo handling,,RAKEZ,
Air Freight & Passengers Charters,100146.0,51,511,5110,Passenger air transport,,RAKEZ,
"Air Transport of Radioactive, Chemical & Biological Materials",100150.0,51,512,5120,Freight air transport,,RAKEZ,
Air-Condition Trading,100141.0,46,465,4659,Wholesale of other machinery and equipment,,RAKEZ,
Aircondition & Refrigeration Spare Parts Trading,100144.0,46,465,4659,Wholesale of other machinery and equipment,,RAKEZ,
Aircraft & Requisites Leasing,100156.0,77,773,7730,"Renting and leasing of other machinery, equipment and tangible goods",,RAKEZ,
Aircraft Charter & Equipment Rental,100158.0,77,773,7730,"Renting and leasing of other machinery, equipment and tangible goods",,RAKEZ,
Aircraft Classification Services,100159.0,74,749,7490,"Other professional, scientific and technical activities n.e.c.",,RAKEZ,
Aircraft Scrap & Used Spare Parts Trading,100165.0,46,466,4669,Wholesale of waste and scrap and other products n.e.c.,,RAKEZ,
Aircraft Spare Parts & Components Trading,100167.0,47,477,4773,Other retail sale of new goods in specialized stores,,RAKEZ,
Aircrafts & Helicopters Trading,100170.0,46,465,4659,Wholesale of other machinery and equipment,,RAKEZ,
Airlines of Passengers & Cargo Transportation.,100175.0,51,511,5110,Passenger air transport,,RAKEZ,
Airplane Management & Operation,100176.0,52,522,5223,Service activities incidental to air transportation,,RAKEZ,
Airport Equipment Trading,100178.0,46,465,4659,Wholesale of other machinery and equipment,,RAKEZ,
Airport Ground Services,100179.0,52,522,5223,Service activities incidental to air transportation,,RAKEZ,
Alternative Power and Researches Consultancy,100188.0,71,711,7110,Architectural and engineering activities and related technical consultancy,,RAKEZ,
Animal & Poultry Farms Equipment Trading,100207.0,46,465,4659,Wholesale of other machinery and equipment,,RAKEZ,
Animal Etiquette & Behaviour Consultant,100209.0,75,750,7500,Veterinary activities,,RAKEZ,
Animal Feed Trading,100211.0,46,462,4620,Wholesale of agricultural raw materials and live animals,,RAKEZ,
Animal Fodder Supplements Trading,100212.0,46,466,4669,Wholesale of waste and scrap and other products n.e.c.,,RAKEZ,
Antennas Trading,100224.0,46,465,4652,Wholesale of electronic and telecommunications equipment and parts,,RAKEZ,
Aquarium & Display Cases Trading,100235.0,47,477,4773,Other retail sale of new goods in specialized stores,,RAKEZ,
Arabic Calligraphy Teaching Institute,100241.0,85,854,8549,Other education n.e.c.,,RAKEZ,
Arabic Language Institute,100244.0,85,854,8549,Other education n.e.c.,,RAKEZ,
Arabwear Trading,100239.0,47,477,4771,"Retail sale of clothing, footwear and leather articles in specialized stores",,RAKEZ,
Archeological Restoration & Conservation Engineering Consultancy,100246.0,71,711,7110,Architectural and engineering activities and related technical consultancy,,RAKEZ,
Architectural Design Consultancy,100250.0,71,711,7110,Architectural and engineering activities and related technical consultancy,,RAKEZ,
Architectural Designing Engineering and City Planning Consultancy,100251.0,71,711,7110,Architectural and engineering activities and related technical consultancy,,RAKEZ,
Architectural Prospective Drawings Consultancy,100254.0,71,711,7110,Architectural and engineering activities and related technical consultancy,,RAKEZ,
Architecture & Town Planning Training,100255.0,85,854,8549,Other education n.e.c.,,RAKEZ,
Art Gallery,100259.0,90,900,9000,"Creative, arts and entertainment activities",,RAKEZ,
Artificial Flowers & Plants Trading,100265.0,46,464,4649,Wholesale of other household goods,,RAKEZ,
Artificial Intelligence Developer,100266.0,72,722,7220,Research and experimental development on social sciences and humanities,,RAKEZ,
Astronomy Equipment Trading,100289.0,46,464,4649,Wholesale of other household goods,,RAKEZ,
Auctions Organization and Management,100295.0,82,829,8299,Other business support service activities n.e.c.,,RAKEZ,
"Audio-Visual, Recording Equipment & Accessories Trading",100302.0,46,465,4652,Wholesale of electronic and telecommunications equipment and parts,,RAKEZ,
"Authentic Antiques, Artefacts & Artworks Trading",100308.0,46,464,4649,Wholesale of other household goods,,RAKEZ,
Auto Accessories Trading,100312.0,45,453,4530,Sale of motor vehicle parts and accessories,,RAKEZ,
Auto Spare Parts & Components Trading,100324.0,45,453,4530,Sale of motor vehicle parts and accessories,,RAKEZ,
Auto Washing Equipment Trading,100328.0,46,465,4659,Wholesale of other machinery and equipment,,RAKEZ,
Automatic Gates & Barriers Trading,100330.0,46,465,4659,Wholesale of other machinery and equipment,,RAKEZ,
Automobile Engineering Consultancy,100334.0,71,711,7110,Architectural and engineering activities and related technical consultancy,,RAKEZ,
Aviation Business Brokerage,100337.0,52,522,5229,Other transportation support activities,,RAKEZ,
Aviation Club,100339.0,93,931,9312,Activities of sports clubs,,RAKEZ,
Aviation Consultancy,100340.0,52,522,5229,Other transportation support activities,,RAKEZ,
Aviation Services Coordination,100338.0,52,522,5223,Service activities incidental to air transportation,,RAKEZ,
Baby Care Requisites Trading,100351.0,46,464,4649,Wholesale of other household goods,,RAKEZ,
Baby Food Trading,100353.0,46,463,4630,"Wholesale of food, beverages and tobacco",,RAKEZ,
Babywear Trading,100355.0,46,464,4641,"Wholesale of textiles, clothing and footwear",,RAKEZ,
Baker,100361.0,46,463,4630,"Wholesale of food, beverages and tobacco",,RAKEZ,
Bakeries & Flour Mills Equipment Trading,100362.0,46,465,4659,Wholesale of other machinery and equipment,,RAKEZ,
"Bamboo, Cane & Wicker Products Trading",100369.0,47,475,4759,"Retail sale of electrical household appliances, furniture, lighting equipment and other household articles in specialized stores",,RAKEZ,
Bank Representation Office,100371.0,66,661,6619,Other activities auxiliary to financial service activities,,RAKEZ,
Banking & Finance Training,100372.0,85,854,8549,Other education n.e.c.,,RAKEZ,
Basic Industrial Chemicals Trading,100380.0,46,466,4669,Wholesale of waste and scrap and other products n.e.c.,,RAKEZ,
Basketball Club,100384.0,93,931,9312,Activities of sports clubs,,RAKEZ,
Batteries Trading,100389.0,45,453,4530,Sale of motor vehicle parts and accessories,,RAKEZ,
Beauty & Personal Care Equipment Trading,100393.0,46,465,4659,Wholesale of other machinery and equipment,,RAKEZ,
Beauty and Personal Care Requisites Trading,100395.0,46,464,4649,Wholesale of other household goods,,RAKEZ,
Beverages Canteen,100401.0,47,478,4781,"Retail sale via stalls and markets of food, beverages and tobacco products",,RAKEZ,
Bicycles & Spare Parts Trading,100403.0,46,464,4649,Wholesale of other household goods,,RAKEZ,
Billiards and Snooker Hall,100410.0,93,931,9311,Operation of sports facilities,,RAKEZ,
Biodegradable & Compostable Products Trading,100413.0,47,477,4773,Other retail sale of new goods in specialized stores,,RAKEZ,
Blank Cassettes Trading,100419.0,46,465,4652,Wholesale of electronic and telecommunications equipment and parts,,RAKEZ,
"Blankets, Towels & Linens Trading",100420.0,46,464,4641,"Wholesale of textiles, clothing and footwear",,RAKEZ,
Blast Furnaces & Smelters Trading,100423.0,46,465,4659,Wholesale of other machinery and equipment,,RAKEZ,
Blockchain consultancy,100429.0,62,620,6209,Other information technology and computer service activities,,RAKEZ,
Blockchain software development,100430.0,62,620,6201,Computer programming activities,,RAKEZ,
"Bolts, Nuts, Screws & Nails Trading",100443.0,46,466,4663,"Wholesale of construction materials, hardware, plumbing and heating equipment and supplies",,RAKEZ,
Books,100446.0,47,476,4761,"Retail sale of books, newspapers and stationary in specialized stores",,RAKEZ,
"Books, Newspapers & Publications Trading",100454.0,46,464,4649,Wholesale of other household goods,,RAKEZ,
Bowling Hall,100462.0,93,931,9319,Other sports activities,,RAKEZ,
Branch Business School,100467.0,85,853,8530,Higher education,,RAKEZ,
Branch College,100468.0,85,853,8530,Higher education,,RAKEZ,
Branch Community College,100469.0,85,853,8530,Higher education,,RAKEZ,
Branch University,100470.0,85,853,8530,Higher education,,RAKEZ,
Branding and Corporate Identity,100471.0,73,732,7320,Market research and public opinion polling,,RAKEZ,
Bread & Bakery Products Trading,100473.0,46,463,4630,"Wholesale of food, beverages and tobacco",,RAKEZ,
Bricks Making Equipment Trading,100476.0,46,465,4659,Wholesale of other machinery and equipment,,RAKEZ,
Bricks Trading,100478.0,46,466,4663,"Wholesale of construction materials, hardware, plumbing and heating equipment and supplies",,RAKEZ,
Broadcasting Consultants,100482.0,70,702,7020,Management consultancy activities,,RAKEZ,
Building & Civil Engineering Training,100487.0,85,854,8549,Other education n.e.c.,,RAKEZ,
Building & Construction Materials Trading,100488.0,46,466,4663,"Wholesale of construction materials, hardware, plumbing and heating equipment and supplies",,RAKEZ,
Building Cleaning Equipment Trading,100489.0,46,465,4659,Wholesale of other machinery and equipment,,RAKEZ,
Building Demolition and other Constructions and Debris Clearing,100493.0,43,431,4311,Demolition,,RAKEZ,
Building Hardware & Tools Trading,100496.0,47,475,4752,"Retail sale of hardware, paints and glass in specialized stores",,RAKEZ,
Building Maquettes & Models Requisites Trading,100499.0,47,475,4752,"Retail sale of hardware, paints and glass in specialized stores",,RAKEZ,
Building Mechanical Engineering Consultancy,100500.0,71,711,7110,Architectural and engineering activities and related technical consultancy,,RAKEZ,
Building Metal Products Trading,100502.0,47,475,4752,"Retail sale of hardware, paints and glass in specialized stores",,RAKEZ,
Buildings Electrical Engineering Consultancy,100509.0,71,711,7110,Architectural and engineering activities and related technical consultancy,,RAKEZ,
Buildings Energy Efficiency Consultancy,100510.0,71,711,7110,Architectural and engineering activities and related technical consultancy,,RAKEZ,
"Buses, Trucks Trading",100513.0,45,451,4510,Sale of motor vehicles,,RAKEZ,
Business Analysis,100517.0,70,702,7020,Management consultancy activities,,RAKEZ,
Business Center,100520.0,82,821,8211,Combined office administrative service activities,,RAKEZ,
Business Coaching,100521.0,70,702,7020,Management consultancy activities,,RAKEZ,
Business Events Management,100524.0,82,823,8230,Organization of conventions and trade shows,,RAKEZ,
Business Plans,100527.0,70,702,7020,Management consultancy activities,,RAKEZ,
Businessmen Services,100530.0,82,829,8299,Other business support service activities n.e.c.,,RAKEZ,
Cafeteria,100542.0,56,561,5610,Restaurants and mobile food service activities,,RAKEZ,
Calculators & Spare Parts Trading,100543.0,47,474,4741,"Retail sale of computers, peripheral units, software and telecommunications equipment in specialized stores",,RAKEZ,
Call Centers Services,100027.0,82,822,8220,Activities of call centres,,RAKEZ,
Camping Requisites Trading,100550.0,47,476,4763,Retail sale of sporting equipment in specialized stores,,RAKEZ,
Canned & Preserved Food Trading,100553.0,46,463,4630,"Wholesale of food, beverages and tobacco",,RAKEZ,
Caps & Lids Trading,100555.0,46,469,4690,Non-specialized wholesale trade,,RAKEZ,
Carbon Control Systems Trading,100566.0,46,465,4659,Wholesale of other machinery and equipment,,RAKEZ,
Carbon Credit Trading (outside UAE),100567.0,64,649,6499,"Other financial service activities, except insurance and pension funding activities, n.e.c.",,RAKEZ,
Cargo Containers Trading,100576.0,46,465,4659,Wholesale of other machinery and equipment,,RAKEZ,
Carpets Trading,100591.0,46,464,4649,Wholesale of other household goods,,RAKEZ,
Cars Electricity Repair and Battery Charge,100595.0,45,452,4520,Maintenance and repair of motor vehicles,,RAKEZ,
Casting Agency,100606.0,78,781,7810,Activities of employment placement agencies,,RAKEZ,
Catering Equipment Trading,100619.0,46,465,4659,Wholesale of other machinery and equipment,,RAKEZ,
Catering Services,100620.0,56,562,5629,Other food service activities,,RAKEZ,
Cement & Gypsum Trading,100624.0,46,466,4663,"Wholesale of construction materials, hardware, plumbing and heating equipment and supplies",,RAKEZ,
Cement Products Trading,100626.0,46,466,4663,"Wholesale of construction materials, hardware, plumbing and heating equipment and supplies",,RAKEZ,
Central Ventilators & Air-Filters Trading,100633.0,47,477,4773,Other retail sale of new goods in specialized stores,,RAKEZ,
Ceramic & Chinaware Trading,100635.0,46,464,4649,Wholesale of other household goods,,RAKEZ,
Chandeliers Trading,100645.0,46,464,4649,Wholesale of other household goods,,RAKEZ,
Chemical and Biological Analysis Lab,100654.0,71,712,7120,Technical testing and analysis,,RAKEZ,
Chemical Fertilizers Trading,100656.0,46,466,4669,Wholesale of waste and scrap and other products n.e.c.,,RAKEZ,
Chemical Related Consultancy,100660.0,71,711,7110,Architectural and engineering activities and related technical consultancy,,RAKEZ,
Chemical Related Trading,100661.0,46,466,4669,Wholesale of waste and scrap and other products n.e.c.,,RAKEZ,
Chemicals Storage,100664.0,52,521,5210,Warehousing and storage,,RAKEZ,
Cigarettes and Tobacco and its Products Trading,100686.0,46,463,4630,"Wholesale of food, beverages and tobacco",,RAKEZ,
City Cleaning Equipment Trading,100692.0,46,465,4659,Wholesale of other machinery and equipment,,RAKEZ,
Civil and Architectural Engineering and Décor Consultancy,100693.0,71,711,7110,Architectural and engineering activities and related technical consultancy,,RAKEZ,
Civil Aviation Information Services,100694.0,52,522,5223,Service activities incidental to air transportation,,RAKEZ,
Civil Engineering Consultancy,100695.0,71,711,7110,Architectural and engineering activities and related technical consultancy,,RAKEZ,
Civil Work and Transportation Consultancy,100696.0,71,711,7110,Architectural and engineering activities and related technical consultancy,,RAKEZ,
Classic Cars Trading,100701.0,45,451,4510,Sale of motor vehicles,,RAKEZ,
Cleanroom Systems Trading,100711.0,47,477,4773,Other retail sale of new goods in specialized stores,,RAKEZ,
Cloth Hangers Trading,100716.0,47,475,4759,"Retail sale of electrical household appliances, furniture, lighting equipment and other household articles in specialized stores",,RAKEZ,
Cloud Service & Datacenters Providers,100724.0,63,631,6311,"Data processing, hosting and related activities",,RAKEZ,
Co-Operative Society,100726.0,94,949,9499,Activities of other membership organizations n.e.c.,,RAKEZ,
Coal & Firewood Trading,100728.0,46,466,4661,"Wholesale of solid, liquid and gaseous fuels and related products",,RAKEZ,
Coffee Shop,100736.0,56,563,5630,Beverage serving activities,,RAKEZ,
Coffee Trading,100735.0,46,463,4630,"Wholesale of food, beverages and tobacco",,RAKEZ,
Cold Storage,100739.0,52,521,5210,Warehousing and storage,,RAKEZ,
Commercial Brokers,100766.0,46,461,4610,Wholesale on a fee or contract basis,,RAKEZ,
"Commercial Enterprises Investment, Institution and Management",100768.0,66,663,6630,Fund management activities,,RAKEZ,
Commercial Equipment and Professional Machines Renting,100769.0,77,773,7730,"Renting and leasing of other machinery, equipment and tangible goods",,RAKEZ,
Communication Engineering Consultancy,100777.0,71,711,7110,Architectural and engineering activities and related technical consultancy,,RAKEZ,
Compensation Devices Manufacturing Lab,100782.0,32,325,3250,Manufacture of medical and dental instruments and supplies,,RAKEZ,
Computer & Data Processing Requisites Trading,100790.0,47,474,4741,"Retail sale of computers, peripheral units, software and telecommunications equipment in specialized stores",,RAKEZ,
Computer Consultancies,100792.0,62,620,6202,Computer consultancy and computer facilities management activities,,RAKEZ,
Computer Electric Accessories Trading,100794.0,47,474,4741,"Retail sale of computers, peripheral units, software and telecommunications equipment in specialized stores",,RAKEZ,
Computer Equipment & Requisites Trading,100796.0,47,474,4741,"Retail sale of computers, peripheral units, software and telecommunications equipment in specialized stores",,RAKEZ,
Computer Graphic Design Consultancy,100797.0,74,741,7410,Specialized design activities,,RAKEZ,
Computer Science Training,100804.0,85,854,8549,Other education n.e.c.,,RAKEZ,
Computer Skills Training,100805.0,85,854,8549,Other education n.e.c.,,RAKEZ,
Computer System Housing Services,100807.0,63,631,6311,"Data processing, hosting and related activities",,RAKEZ,
Computer Systems and Software Designing,100810.0,62,620,6201,Computer programming activities,,RAKEZ,
Computer Training,100813.0,85,854,8549,Other education n.e.c.,,RAKEZ,
Confectionery & Chocolate Trading,100825.0,46,463,4630,"Wholesale of food, beverages and tobacco",,RAKEZ,
Construction and Building or Demolition Machines and Equipment Renting,100831.0,77,773,7730,"Renting and leasing of other machinery, equipment and tangible goods",,RAKEZ,
Construction Chemicals Trading,100835.0,46,466,4669,Wholesale of waste and scrap and other products n.e.c.,,RAKEZ,
Construction Engineering Consultancy,100836.0,71,711,7110,Architectural and engineering activities and related technical consultancy,,RAKEZ,
Construction Equipment & Machinery Spare Parts Trading,100839.0,47,477,4773,Other retail sale of new goods in specialized stores,,RAKEZ,
Construction Equipment & Machinery Trading,100840.0,47,477,4773,Other retail sale of new goods in specialized stores,,RAKEZ,
Construction Metal structures Wholesale,100843.0,46,466,4663,"Wholesale of construction materials, hardware, plumbing and heating equipment and supplies",,RAKEZ,
Consultancy and Studies and Researches in Economics,100852.0,72,722,7220,Research and experimental development on social sciences and humanities,,RAKEZ,
Consultancy and Studies and Researches in Linguistics,100854.0,72,722,7220,Research and experimental development on social sciences and humanities,,RAKEZ,
Consultancy and Studies and Researches in Literature and Arts,100855.0,72,722,7220,Research and experimental development on social sciences and humanities,,RAKEZ,
Consultancy and Studies and Researches in Renewable Energy,100856.0,72,721,7210,Research and experimental development on natural sciences and engineering,,RAKEZ,
Consultancy and Studies and Researches in Sociology,100857.0,72,722,7220,Research and experimental development on social sciences and humanities,,RAKEZ,
"Consultancy, Studies and Researches in Natural and Engineering Sciences",100860.0,72,721,7210,Research and experimental development on natural sciences and engineering,,RAKEZ,
"Consultancy, Studies and Researches in Natural and Engineering Sciences",100860.0,72,721,7210,Research and experimental development on natural sciences and engineering,,RAKEZ,
Consulting and research and development in the field of technology education,100863.0,72,721,7210,Research and experimental development on natural sciences and engineering,,RAKEZ,
Content portal - Classifieds/Listings Aggregator,100875.0,63,631,6311,"Data processing, hosting and related activities",,RAKEZ,
Content Portal - Content app/website,100876.0,63,631,6311,"Data processing, hosting and related activities",,RAKEZ,
Content portal - Online booking platform,100877.0,63,631,6311,"Data processing, hosting and related activities",,RAKEZ,
Content portal - Online comparison platform,100878.0,63,631,6311,"Data processing, hosting and related activities",,RAKEZ,
Content Rights Management,100879.0,74,749,7490,"Other professional, scientific and technical activities n.e.c.",,RAKEZ,
Content sale and distribution,100880.0,47,479,4799,"Other retail sale not in stores, stalls or markets",,RAKEZ,
Converting Industries Equipment & Machinery Rental,100884.0,77,773,7730,"Renting and leasing of other machinery, equipment and tangible goods",,RAKEZ,
Cookers & Cookstoves Trading,100888.0,47,475,4759,"Retail sale of electrical household appliances, furniture, lighting equipment and other household articles in specialized stores",,RAKEZ,
Cooking Consultant,100890.0,70,702,7020,Management consultancy activities,,RAKEZ,
Corporate Content Provider,100900.0,58,581,5819,Other publishing activities,,RAKEZ,
Corporate Publishing,100902.0,58,581,5819,Other publishing activities,,RAKEZ,
Corporate Services Provider (CSP),100781.0,70,701,7010,Activities of head offices,,RAKEZ,
Cost Control & Risk Management Services,100910.0,70,702,7020,Management consultancy activities,,RAKEZ,
Costume Design,100911.0,74,741,7410,Specialized design activities,,RAKEZ,
Cotton & Natural Fibers Trading,100914.0,46,462,4620,Wholesale of agricultural raw materials and live animals,,RAKEZ,
Courier (Branch),100916.0,53,532,5320,Courier activities,,RAKEZ,
Crane Rails & Fixing Accessories Trading,100919.0,47,475,4752,"Retail sale of hardware, paints and glass in specialized stores",,RAKEZ,
Creative Agency,100926.0,74,741,7410,Specialized design activities,,RAKEZ,
Creative Design,100927.0,74,741,7410,Specialized design activities,,RAKEZ,
Crystal Products Trading,100948.0,46,464,4649,Wholesale of other household goods,,RAKEZ,
Curtains & Upholstery Fabrics Trading,100955.0,46,464,4641,"Wholesale of textiles, clothing and footwear",,RAKEZ,
Customer Care Center,100961.0,82,829,8299,Other business support service activities n.e.c.,,RAKEZ,
Customs Clearance Services,100964.0,52,522,5229,Other transportation support activities,,RAKEZ,
Customs Consultant,100965.0,52,522,5229,Other transportation support activities,,RAKEZ,
Cutlery & Silverware Trading,100966.0,46,464,4649,Wholesale of other household goods,,RAKEZ,
Cyber Security Consultancy,100977.0,62,620,6202,Computer consultancy and computer facilities management activities,,RAKEZ,
Dairy Products Trading,100980.0,46,463,4630,"Wholesale of food, beverages and tobacco",,RAKEZ,
Data Collection from One or More Sources,100986.0,63,631,6311,"Data processing, hosting and related activities",,RAKEZ,
Data Entry,100987.0,63,631,6311,"Data processing, hosting and related activities",,RAKEZ,
Data Management and Cyber Security Services,100988.0,63,631,6311,"Data processing, hosting and related activities",,RAKEZ,
Data Preparation,100989.0,63,631,6311,"Data processing, hosting and related activities",,RAKEZ,
Data Storing and Recovering,100992.0,63,631,6311,"Data processing, hosting and related activities",,RAKEZ,
Databases Designing,100993.0,62,620,6201,Computer programming activities,,RAKEZ,
Dates Trading,100999.0,47,472,4721,Retail sale of food in specialized stores,,RAKEZ,
Debts Collection,101002.0,82,829,8291,Activities of collection agencies and credit bureaus,,RAKEZ,
Decoration Materials & Partitions Trading,101010.0,46,466,4663,"Wholesale of construction materials, hardware, plumbing and heating equipment and supplies",,RAKEZ,
Department Store,101022.0,47,471,4719,Other retail sale in non-specialized stores,,RAKEZ,
Desalination & Sewage Treatment Plants Operation & Maintenance,101025.0,37,370,3700,Sewerage,,RAKEZ,
Design & Artwork,101027.0,18,181,1812,Service activities related to printing,,RAKEZ,
Design & Production of Frame Prototypes,101028.0,74,741,7410,Specialized design activities,,RAKEZ,
Design Training,101034.0,85,854,8549,Other education n.e.c.,,RAKEZ,
"Design, Scenery, Motion Graphics and Lighting",101036.0,90,900,9000,"Creative, arts and entertainment activities",,RAKEZ,
Destination Management,101039.0,79,799,7990,Other reservation service and related activities,,RAKEZ,
Detergents & Disinfectants Trading,101043.0,46,466,4669,Wholesale of waste and scrap and other products n.e.c.,,RAKEZ,
Diesel Fuel Trading,101058.0,46,466,4661,"Wholesale of solid, liquid and gaseous fuels and related products",,RAKEZ,
Digital and Interactive Game Development,101063.0,62,620,6201,Computer programming activities,,RAKEZ,
Digital Content Creation,101064.0,62,620,6202,Computer consultancy and computer facilities management activities,,RAKEZ,
Digital Designing,101065.0,74,741,7410,Specialized design activities,,RAKEZ,
"Digital Media Library, Distribution and Management",101067.0,73,731,7310,Advertising,,RAKEZ,
Digital Signage Development and Management,101073.0,73,731,7310,Advertising,,RAKEZ,
"Directories, Guides, Manuals and Catalogues",101078.0,58,581,5819,Other publishing activities,,RAKEZ,
Disinfecting Booths & Equipment Rental,101084.0,77,773,7730,"Renting and leasing of other machinery, equipment and tangible goods",,RAKEZ,
Disinfecting Booths & Equipment Trading,101085.0,46,465,4659,Wholesale of other machinery and equipment,,RAKEZ,
Disinfection & Sterilization Services,101086.0,81,812,8129,Other building and industrial cleaning activities,,RAKEZ,
Dissemination of evidence to the parks and scientific research,101096.0,72,721,7210,Research and experimental development on natural sciences and engineering,,RAKEZ,
Distributed Ledger Technology Services,101100.0,62,620,6201,Computer programming activities,,RAKEZ,
Distribution / DVD Authoring,101102.0,59,591,5913,"Motion picture, video and television programme distribution activities",,RAKEZ,
Diving Equipment Trading,101115.0,47,476,4763,Retail sale of sporting equipment in specialized stores,,RAKEZ,
Documents Clearing Services,101126.0,82,829,8299,Other business support service activities n.e.c.,,RAKEZ,
Domestic Kitchen & Fixture Trading,101131.0,47,475,4759,"Retail sale of electrical household appliances, furniture, lighting equipment and other household articles in specialized stores",,RAKEZ,
"Doors, Windows & Other Plastic Building Products Trading",101136.0,46,466,4663,"Wholesale of construction materials, hardware, plumbing and heating equipment and supplies",,RAKEZ,
Dried Vegetables & Fruit Trading,101141.0,46,463,4630,"Wholesale of food, beverages and tobacco",,RAKEZ,
"Drilling, Stock & Production Engineering Consultancy",101144.0,71,711,7110,Architectural and engineering activities and related technical consultancy,,RAKEZ,
Drug Store,101148.0,47,477,4772,"Retail sale of pharmaceutical and medical goods, cosmetic and toilet articles in specialized stores",,RAKEZ,
Dry Batteries Trading,101150.0,46,465,4652,Wholesale of electronic and telecommunications equipment and parts,,RAKEZ,
Dry Ice Trading,101155.0,46,464,4649,Wholesale of other household goods,,RAKEZ,
Dubbing/subtitling,101156.0,59,591,5912,"Motion picture, video and television programme post-production activities",,RAKEZ,
E -Tutoring services,101159.0,85,855,8550,Educational support activities,,RAKEZ,
E -Tutoring services,101159.0,85,855,8550,Educational support activities,,RAKEZ,
E-Educational Consultancy,101167.0,85,855,8550,Educational support activities,,RAKEZ,
E-Examination and Test Preparation Center,101169.0,85,854,8549,Other education n.e.c.,,RAKEZ,
E-sports Data & Analytics,101175.0,63,631,6311,"Data processing, hosting and related activities",,RAKEZ,
E-sports League Operator,101177.0,73,731,7310,Advertising,,RAKEZ,
E-sports Online Publication,101178.0,58,581,5819,Other publishing activities,,RAKEZ,
E-sports Organization,101179.0,93,931,9319,Other sports activities,,RAKEZ,
E-sports Tournament platform,101180.0,73,731,7310,Advertising,,RAKEZ,
E-Training Institute,101184.0,85,854,8549,Other education n.e.c.,,RAKEZ,
E-Training Institute,101184.0,85,854,8549,Other education n.e.c.,,RAKEZ,
E‐Services,101186.0,62,620,6209,Other information technology and computer service activities,,RAKEZ,
Economy Hotel,101194.0,55,551,5510,Short term accommodation activities,,RAKEZ,
Education & Training Computer Software,101196.0,62,620,6201,Computer programming activities,,RAKEZ,
Education Institute,101198.0,85,853,8530,Higher education,,RAKEZ,
"Education Services Enterprises Investment, Institution and Management",101199.0,66,663,6630,Fund management activities,,RAKEZ,
Education Support Services,101200.0,85,855,8550,Educational support activities,,RAKEZ,
Educational Aids Trading,101203.0,46,464,4649,Wholesale of other household goods,,RAKEZ,
Educational Consultancy,101197.0,85,855,8550,Educational support activities,,RAKEZ,
Educational Services,101207.0,85,854,8549,Other education n.e.c.,,RAKEZ,
Educators Professional Development,101209.0,72,722,7220,Research and experimental development on social sciences and humanities,,RAKEZ,
Egg Trading,101212.0,46,463,4630,"Wholesale of food, beverages and tobacco",,RAKEZ,
Electric Cars Trading,101218.0,45,451,4510,Sale of motor vehicles,,RAKEZ,
Electric Vehicles Charging Stations & Systems & Spare Parts Trading,101224.0,46,465,4652,Wholesale of electronic and telecommunications equipment and parts,,RAKEZ,
Electrical & Electronic Appliances Spare Parts Trading,101229.0,46,465,4652,Wholesale of electronic and telecommunications equipment and parts,,RAKEZ,
Electrical Fittings Trading,101235.0,46,466,4663,"Wholesale of construction materials, hardware, plumbing and heating equipment and supplies",,RAKEZ,
Electrical Network & Distribution Engineering Consultancy,101241.0,71,711,7110,Architectural and engineering activities and related technical consultancy,,RAKEZ,
Electronic Cards Trading,101250.0,46,465,4652,Wholesale of electronic and telecommunications equipment and parts,,RAKEZ,
Electronic Chips Designing and Programing,101254.0,62,620,6201,Computer programming activities,,RAKEZ,
Electronic Chips Programming,101255.0,62,620,6201,Computer programming activities,,RAKEZ,
Electronic Cigarettes & Accessories Trading,101256.0,46,463,4630,"Wholesale of food, beverages and tobacco",,RAKEZ,
Electronic Engineering Consultancy,101260.0,71,711,7110,Architectural and engineering activities and related technical consultancy,,RAKEZ,
Electronic Equipment and Devices Systems and Software Designing,101261.0,62,620,6201,Computer programming activities,,RAKEZ,
Electronic Precision Instruments Trading,101270.0,46,465,4652,Wholesale of electronic and telecommunications equipment and parts,,RAKEZ,
Energy Projects Engineering Consultancy,101299.0,71,711,7110,Architectural and engineering activities and related technical consultancy,,RAKEZ,
Engineering Consultancy in tectonic monitoring and earth faults,101304.0,71,711,7110,Architectural and engineering activities and related technical consultancy,,RAKEZ,
Engineering Designing Instruments Trading,101308.0,47,477,4773,Other retail sale of new goods in specialized stores,,RAKEZ,
Engines & Machinery Spare Parts Trading,101310.0,46,465,4659,Wholesale of other machinery and equipment,,RAKEZ,
"Entertainment Enterprises Investment, Institution and Management",101314.0,66,663,6630,Fund management activities,,RAKEZ,
Environment Protection Equipment Trading,101322.0,46,465,4659,Wholesale of other machinery and equipment,,RAKEZ,
Environmental Consultancy and Studies and Researches,101325.0,72,721,7210,Research and experimental development on natural sciences and engineering,,RAKEZ,
Environmental Consultants & Studies,101326.0,72,721,7210,Research and experimental development on natural sciences and engineering,,RAKEZ,
Environmental Engineering Consultancy,101327.0,71,711,7110,Architectural and engineering activities and related technical consultancy,,RAKEZ,
"Equestrian education, horse riding",101331.0,85,854,8549,Other education n.e.c.,,RAKEZ,
Equipment E-Trading,101334.0,47,479,4791,Retail sale via mail order houses or via Internet,,RAKEZ,
Equipment Providers,101335.0,46,465,4659,Wholesale of other machinery and equipment,,RAKEZ,
Equipment Rental,101336.0,77,773,7730,"Renting and leasing of other machinery, equipment and tangible goods",,RAKEZ,
Establishment of Home Owners’ Associations,101343.0,70,701,7010,Activities of head offices,,RAKEZ,
Event management - E-sports,101176.0,93,931,9319,Other sports activities,,RAKEZ,
Event Production,101347.0,90,900,9000,"Creative, arts and entertainment activities",,RAKEZ,
Event Ticketing,101349.0,79,799,7990,Other reservation service and related activities,,RAKEZ,
Examinations & Tests Preparation Center,101354.0,85,854,8549,Other education n.e.c.,,RAKEZ,
Executive Search Services,101356.0,78,781,7810,Activities of employment placement agencies,,RAKEZ,
Exhibition Organization and Management,101358.0,82,823,8230,Organization of conventions and trade shows,,RAKEZ,
Exploration services (research and exploration) for groundwater,101361.0,71,711,7110,Architectural and engineering activities and related technical consultancy,,RAKEZ,
Exporting,101363.0,46,469,4690,Non-specialized wholesale trade,,RAKEZ,
Face Masks & Gloves Trading,101376.0,47,477,4771,"Retail sale of clothing, footwear and leather articles in specialized stores",,RAKEZ,
Facilities Resources Planning Consultancy,101381.0,70,702,7020,Management consultancy activities,,RAKEZ,
False Ceilings Trading,101384.0,46,466,4663,"Wholesale of construction materials, hardware, plumbing and heating equipment and supplies",,RAKEZ,
Fashion and Clothes Designing,101389.0,74,741,7410,Specialized design activities,,RAKEZ,
Fashion Designing,101389.0,74,741,7410,Specialized design activities,,RAKEZ,
Feasibility Studies Consultancies,101394.0,70,702,7020,Management consultancy activities,,RAKEZ,
Fencing & Barbed Wire Trading,101397.0,47,475,4752,"Retail sale of hardware, paints and glass in specialized stores",,RAKEZ,
Festival Organization and Management,101403.0,82,823,8230,Organization of conventions and trade shows,,RAKEZ,
Fibre Glass Products Trading,101404.0,46,466,4663,"Wholesale of construction materials, hardware, plumbing and heating equipment and supplies",,RAKEZ,
Fibre Optic Products & Requisites Trading,101406.0,47,477,4773,Other retail sale of new goods in specialized stores,,RAKEZ,
Film / TV / Radio Music Production,101412.0,59,592,5920,Sound recording and music publishing activities,,RAKEZ,
Films & Photography Materials Trading,101417.0,47,477,4773,Other retail sale of new goods in specialized stores,,RAKEZ,
Filters & Purification Devices Trading,101420.0,46,465,4659,Wholesale of other machinery and equipment,,RAKEZ,
Fine Arts Consultancies,101430.0,70,702,7020,Management consultancy activities,,RAKEZ,
Fine Arts Training,101433.0,85,854,8542,Cultural education,,RAKEZ,
Fire Extinguishing Materials Trading,101440.0,46,466,4669,Wholesale of waste and scrap and other products n.e.c.,,RAKEZ,
Fire Fighting & Safety Equipment Trading,101443.0,47,477,4773,Other retail sale of new goods in specialized stores,,RAKEZ,
Fire Fighting Pipes Trading,101446.0,46,466,4663,"Wholesale of construction materials, hardware, plumbing and heating equipment and supplies",,RAKEZ,
Fire Resistant & Retardant Materials Trading,101450.0,47,475,4752,"Retail sale of hardware, paints and glass in specialized stores",,RAKEZ,
Fire Resistant Doors Trading,101452.0,46,465,4659,Wholesale of other machinery and equipment,,RAKEZ,
Fire Safety &Protection Engineering Consultancy,101453.0,74,749,7490,"Other professional, scientific and technical activities n.e.c.",,RAKEZ,
Fire Safety Consultancy,101454.0,74,749,7490,"Other professional, scientific and technical activities n.e.c.",,RAKEZ,
Fish & Marine Animals Trading,101462.0,46,462,4620,Wholesale of agricultural raw materials and live animals,,RAKEZ,
Fish & Meat Wastes Trading,101464.0,46,462,4620,Wholesale of agricultural raw materials and live animals,,RAKEZ,
Fishing & Hunting Requisites Trading,101475.0,46,464,4649,Wholesale of other household goods,,RAKEZ,
Five Star Hotel,101481.0,55,551,5510,Short term accommodation activities,,RAKEZ,
Flags & Flagpoles Trading,101482.0,46,464,4649,Wholesale of other household goods,,RAKEZ,
Flavours & Fragrances Trading,100081.0,46,463,4630,"Wholesale of food, beverages and tobacco",,RAKEZ,
Floating Hotel,101488.0,55,551,5510,Short term accommodation activities,,RAKEZ,
Floating Restaurant,101490.0,56,561,5610,Restaurants and mobile food service activities,,RAKEZ,
Flour Trading,101496.0,46,463,4630,"Wholesale of food, beverages and tobacco",,RAKEZ,
Flowers & Plants Trading,101498.0,46,462,4620,Wholesale of agricultural raw materials and live animals,,RAKEZ,
Fly Ash Trading,101499.0,46,466,4663,"Wholesale of construction materials, hardware, plumbing and heating equipment and supplies",,RAKEZ,
Fodder Trading,101505.0,46,462,4620,Wholesale of agricultural raw materials and live animals,,RAKEZ,
Food & Beverages Trading,101508.0,46,463,4630,"Wholesale of food, beverages and tobacco",,RAKEZ,
Food Supplements Trading,101522.0,46,463,4630,"Wholesale of food, beverages and tobacco",,RAKEZ,
"Food, Health Food & Dairy Consultant",101523.0,70,702,7020,Management consultancy activities,,RAKEZ,
Foodstuff & Beverages Trading,101508.0,46,463,4630,"Wholesale of food, beverages and tobacco",,RAKEZ,
Foodstuff E-Trading,101527.0,47,479,4791,Retail sale via mail order houses or via Internet,,RAKEZ,
Foodstuff Supply Services,101528.0,56,562,5621,Event catering,,RAKEZ,
Foreign Language Institute,101535.0,85,854,8549,Other education n.e.c.,,RAKEZ,
Foundations & Soil Mechanics Engineering Consultancy,101544.0,71,711,7110,Architectural and engineering activities and related technical consultancy,,RAKEZ,
Four Star Hotel,101546.0,55,551,5510,Short term accommodation activities,,RAKEZ,
Franking Machines Trading,101548.0,47,477,4773,Other retail sale of new goods in specialized stores,,RAKEZ,
Freight Broker,101552.0,52,522,5229,Other transportation support activities,,RAKEZ,
"Fresh, Chilled & Frozen Meat Trading",101556.0,46,463,4630,"Wholesale of food, beverages and tobacco",,RAKEZ,
Frozen Fish & Seafood Trading,101560.0,46,463,4630,"Wholesale of food, beverages and tobacco",,RAKEZ,
Frozen Poultry Trading,101562.0,46,463,4630,"Wholesale of food, beverages and tobacco",,RAKEZ,
Game publishing,101587.0,58,582,5820,Software publishing,,RAKEZ,
Gaming - Localization Services,101590.0,62,620,6201,Computer programming activities,,RAKEZ,
Gaming - Talent Management Services,101591.0,78,781,7810,Activities of employment placement agencies,,RAKEZ,
Gaming Academy,101592.0,85,854,8549,Other education n.e.c.,,RAKEZ,
Gaming Community Management,101593.0,82,829,8299,Other business support service activities n.e.c.,,RAKEZ,
Gaming Consultancy Services,101594.0,70,702,7020,Management consultancy activities,,RAKEZ,
Gaming Engine,101597.0,62,620,6201,Computer programming activities,,RAKEZ,
Gaming Industry Research Services,101599.0,72,722,7220,Research and experimental development on social sciences and humanities,,RAKEZ,
Gaming Platform – Console/PC/Mobile,101600.0,62,620,6201,Computer programming activities,,RAKEZ,
Gaming Production Service Providers,101601.0,59,591,5912,"Motion picture, video and television programme post-production activities",,RAKEZ,
Gaming Studio,101604.0,59,591,5911,"Motion picture, video and television programme production activities",,RAKEZ,
Garbage & Waste Collection Containers Trading,101608.0,47,475,4752,"Retail sale of hardware, paints and glass in specialized stores",,RAKEZ,
Garden Equipment Trading,101612.0,46,464,4649,Wholesale of other household goods,,RAKEZ,
Garments Accessories Trading,101613.0,47,477,4771,"Retail sale of clothing, footwear and leather articles in specialized stores",,RAKEZ,
"Garments, Textiles & Gifts E-Trading",101615.0,47,479,4791,Retail sale via mail order houses or via Internet,,RAKEZ,
Gas Cylinders Trading,101621.0,46,466,4661,"Wholesale of solid, liquid and gaseous fuels and related products",,RAKEZ,
Gas Extraction Engineering Consultancy,101622.0,71,711,7110,Architectural and engineering activities and related technical consultancy,,RAKEZ,
General Trading,101646.0,46,469,4690,Non-specialized wholesale trade,,RAKEZ,
General Warehousing,101647.0,52,521,5210,Warehousing and storage,,RAKEZ,
Geodetic Engineering Surveying Consultancy,101654.0,71,711,7110,Architectural and engineering activities and related technical consultancy,,RAKEZ,
Geographical Maps Drawing,101655.0,71,711,7110,Architectural and engineering activities and related technical consultancy,,RAKEZ,
Geological and Geophysical Consultancy and Studies and Researches,101656.0,72,721,7210,Research and experimental development on natural sciences and engineering,,RAKEZ,
"Geophysical, Geochemical & Geomechanical Engineering Consultancy",101657.0,71,711,7110,Architectural and engineering activities and related technical consultancy,,RAKEZ,
Ghee & Vegetable Oil Trading,101661.0,47,472,4721,Retail sale of food in specialized stores,,RAKEZ,
Gift Wrapping,101662.0,82,829,8292,Packaging activities,,RAKEZ,
Gifts Trading,101664.0,46,464,4649,Wholesale of other household goods,,RAKEZ,
Glass & Mirrors Trading,101665.0,46,466,4663,"Wholesale of construction materials, hardware, plumbing and heating equipment and supplies",,RAKEZ,
Glass Bottles Trading,101669.0,46,464,4649,Wholesale of other household goods,,RAKEZ,
Global Positioning Systems (G.P.S) Trading,100001.0,46,465,4652,Wholesale of electronic and telecommunications equipment and parts,,RAKEZ,
Government Tourist Liaison Office,101700.0,70,701,7010,Activities of head offices,,RAKEZ,
"Grains, Cereals & Legumes Trading",101703.0,46,462,4620,Wholesale of agricultural raw materials and live animals,,RAKEZ,
Graphic Design,101706.0,74,741,7410,Specialized design activities,,RAKEZ,
Green Buildings Construction Materials Trading,101711.0,47,475,4752,"Retail sale of hardware, paints and glass in specialized stores",,RAKEZ,
Green Buildings Consultant,101712.0,71,711,7110,Architectural and engineering activities and related technical consultancy,,RAKEZ,
Green Buildings Engineering Consultancy,101713.0,71,711,7110,Architectural and engineering activities and related technical consultancy,,RAKEZ,
Green Houses & Equipment Trading,101714.0,47,477,4773,Other retail sale of new goods in specialized stores,,RAKEZ,
Grinding Shop,101719.0,47,471,4711,"Retail sale in non-specialized stores with food, beverages or tobacco predominating",,RAKEZ,
Grocery Store,101720.0,47,471,4711,"Retail sale in non-specialized stores with food, beverages or tobacco predominating",,RAKEZ,
Guest House,101722.0,55,551,5510,Short term accommodation activities,,RAKEZ,
Gum & Glue Trading,101724.0,46,466,4669,Wholesale of waste and scrap and other products n.e.c.,,RAKEZ,
Gypsum Products Trading,101731.0,46,466,4663,"Wholesale of construction materials, hardware, plumbing and heating equipment and supplies",,RAKEZ,
Handbags & Leather Products Trading,101743.0,46,464,4649,Wholesale of other household goods,,RAKEZ,
"Handling, Loading & Lifting Equipment Trading",101746.0,46,465,4659,Wholesale of other machinery and equipment,,RAKEZ,
Health Consultancy and Planning,101756.0,70,702,7020,Management consultancy activities,,RAKEZ,
Health Food Trading,101758.0,46,463,4630,"Wholesale of food, beverages and tobacco",,RAKEZ,
"Health Services Enterprises Investment, Institution and Management",101764.0,66,663,6630,Fund management activities,,RAKEZ,
Heavy Duty Machinery Engineering Consultancy,101773.0,71,711,7110,Architectural and engineering activities and related technical consultancy,,RAKEZ,
Heavy Equipment & Machinery Spare Parts Trading,101774.0,46,465,4659,Wholesale of other machinery and equipment,,RAKEZ,
Helicopter Rental,101780.0,77,773,7730,"Renting and leasing of other machinery, equipment and tangible goods",,RAKEZ,
Helicopters Operation,101781.0,51,511,5110,Passenger air transport,,RAKEZ,
Heritage Consultant,101784.0,70,702,7020,Management consultancy activities,,RAKEZ,
Hides Trading,101787.0,46,462,4620,Wholesale of agricultural raw materials and live animals,,RAKEZ,
Home Furniture Trading,101794.0,46,464,4649,Wholesale of other household goods,,RAKEZ,
Honey & Apiary Accessories Trading,101800.0,46,463,4630,"Wholesale of food, beverages and tobacco",,RAKEZ,
Horse Equestrian Equipment & Requisites Trading,101804.0,47,476,4763,Retail sale of sporting equipment in specialized stores,,RAKEZ,
Hospitality & Tourism Training Services,101808.0,85,854,8549,Other education n.e.c.,,RAKEZ,
Hotel,101812.0,55,551,5510,Short term accommodation activities,,RAKEZ,
Hotel Apartments Rental,101813.0,55,551,5510,Short term accommodation activities,,RAKEZ,
Hotel Consultants,101814.0,70,702,7020,Management consultancy activities,,RAKEZ,
Hotel Management,101815.0,82,821,8211,Combined office administrative service activities,,RAKEZ,
Household & Domestic Services Training,101820.0,85,854,8549,Other education n.e.c.,,RAKEZ,
Household Utensils Trading,101825.0,46,464,4649,Wholesale of other household goods,,RAKEZ,
"Household, Professional & Personal Goods E-Trading",101826.0,47,479,4791,Retail sale via mail order houses or via Internet,,RAKEZ,
Human Resources Consultancy,101829.0,70,702,7020,Management consultancy activities,,RAKEZ,
Hydraulic Engineering Consultancy,101831.0,71,711,7110,Architectural and engineering activities and related technical consultancy,,RAKEZ,
Hydrographic Engineering Surveying Consultancy,101833.0,71,711,7110,Architectural and engineering activities and related technical consultancy,,RAKEZ,
Ice Cream Trading,101837.0,46,463,4630,"Wholesale of food, beverages and tobacco",,RAKEZ,
Ice Trading,101842.0,46,463,4630,"Wholesale of food, beverages and tobacco",,RAKEZ,
Ice-Cream Shop,101836.0,56,561,5610,Restaurants and mobile food service activities,,RAKEZ,
Image/Video sharing platform,101847.0,63,631,6311,"Data processing, hosting and related activities",,RAKEZ,
Imitation Jewellery Trading,101849.0,46,464,4649,Wholesale of other household goods,,RAKEZ,
Importing,101856.0,46,469,4690,Non-specialized wholesale trade,,RAKEZ,
"Industrial Enterprises Investment, Institution and Management",101870.0,66,663,6630,Fund management activities,,RAKEZ,
Industrial Installations Inspection Engineering Consultancy,101873.0,71,712,7120,Technical testing and analysis,,RAKEZ,
Industrial Plant Equipment & Spare Parts Trading,101877.0,46,465,4659,Wholesale of other machinery and equipment,,RAKEZ,
Industrial Production Engineering Consultancy,101878.0,71,711,7110,Architectural and engineering activities and related technical consultancy,,RAKEZ,
Industrial Solvents Trading,101882.0,46,466,4669,Wholesale of waste and scrap and other products n.e.c.,,RAKEZ,
Industrial Sponge Trading,101883.0,47,475,4752,"Retail sale of hardware, paints and glass in specialized stores",,RAKEZ,
Information Research Services and the questionnaire,101890.0,63,639,6399,Other information service activities n.e.c.,,RAKEZ,
Information Studies & Consultancies,101893.0,62,620,6202,Computer consultancy and computer facilities management activities,,RAKEZ,
Information Technology Consultants,101894.0,62,620,6202,Computer consultancy and computer facilities management activities,,RAKEZ,
"Infrastructure Enterprises Investment, Institution and Management",101896.0,66,663,6630,Fund management activities,,RAKEZ,
Ink & Printing Materials Trading,101900.0,46,466,4669,Wholesale of waste and scrap and other products n.e.c.,,RAKEZ,
Innovation & Artificial Intelligence Research & Consultancies,101904.0,70,702,7020,Management consultancy activities,,RAKEZ,
Innovation and Artificial Intelligence Research and Consultancies,101904.0,70,702,7020,Management consultancy activities,,RAKEZ,
"Inspection, Testing Equipment & Devices Trading",101909.0,47,477,4773,Other retail sale of new goods in specialized stores,,RAKEZ,
Installation of concrete acts of artifacts of Establishments,101919.0,43,432,4329,Other construction installation,,RAKEZ,
Insulation & Protection Materials Trading,101941.0,46,466,4663,"Wholesale of construction materials, hardware, plumbing and heating equipment and supplies",,RAKEZ,
Insurance Agent,101945.0,66,662,6622,Activities of insurance agents and brokers,,RAKEZ,
Insurance Broker,101945.0,66,662,6622,Activities of insurance agents and brokers,,RAKEZ,
Insurance Consultancies,101946.0,66,662,6622,Activities of insurance agents and brokers,,RAKEZ,
Insurance Products Marketing,101948.0,66,662,6629,Other activities auxiliary to insurance and pension funding,,RAKEZ,
insurance training,101949.0,85,854,8549,Other education n.e.c.,,RAKEZ,
Intellectual Property Registration Agent,101951.0,69,691,6910,Legal activities,,RAKEZ,
Intellectual Property Rights Management,101952.0,77,774,7740,"Leasing of intellectual property and similar products, except copyrighted works",,RAKEZ,
Interactive Services,101955.0,63,631,6311,"Data processing, hosting and related activities",,RAKEZ,
Interior Design Consultancy Services,101961.0,71,711,7110,Architectural and engineering activities and related technical consultancy,,RAKEZ,
Interior Design Engineering Consultancy,101962.0,71,711,7110,Architectural and engineering activities and related technical consultancy,,RAKEZ,
Interior Design Engineering Services,101962.0,71,711,7110,Architectural and engineering activities and related technical consultancy,,RAKEZ,
International Airline Representative Office,101970.0,52,522,5229,Other transportation support activities,,RAKEZ,
Internet Consultancy,101972.0,62,620,6202,Computer consultancy and computer facilities management activities,,RAKEZ,
Internet Content Provider,101973.0,63,631,6311,"Data processing, hosting and related activities",,RAKEZ,
Internet Marketing,101974.0,73,731,7310,Advertising,,RAKEZ,
Investment consultancy,101982.0,66,661,6619,Other activities auxiliary to financial service activities,,RAKEZ,
Invitation & Greeting Cards Trading,101992.0,47,476,4761,"Retail sale of books, newspapers and stationary in specialized stores",,RAKEZ,
IP Streaming/Internet Radio,101993.0,60,601,6010,Radio broadcasting,,RAKEZ,
IP Streaming/Internet TV,101994.0,60,602,6020,Television programming and broadcasting activities,,RAKEZ,
Ironmongery Trading,101999.0,46,466,4663,"Wholesale of construction materials, hardware, plumbing and heating equipment and supplies",,RAKEZ,
Irrigation Equipment & Requisites Trading,102000.0,46,465,4653,"Wholesale of agricultural machinery, equipment and supplies",,RAKEZ,
IT Infrastructure,102008.0,63,631,6311,"Data processing, hosting and related activities",,RAKEZ,
Jet Ski Trading,102015.0,45,454,4540,"Sale, maintenance and repair of motorcycles and related parts and accessories",,RAKEZ,
Jewellery & Precious Stones E-Trading,102017.0,47,479,4791,Retail sale via mail order houses or via Internet,,RAKEZ,
Jewellery design,102018.0,74,741,7410,Specialized design activities,,RAKEZ,
Jewellery Designing,102018.0,74,741,7410,Specialized design activities,,RAKEZ,
Jewellery Trading,102016.0,46,464,4649,Wholesale of other household goods,,RAKEZ,
Juice & Soft Drinks Preparing,102024.0,56,563,5630,Beverage serving activities,,RAKEZ,
Juice Trading,102025.0,46,463,4630,"Wholesale of food, beverages and tobacco",,RAKEZ,
Kids Rides & Games Trading,102032.0,47,476,4764,Retail sale of games and toys in specialized stores,,RAKEZ,
Laboratories Chemicals Trading,102044.0,46,466,4669,Wholesale of waste and scrap and other products n.e.c.,,RAKEZ,
Laboratories Tools & Requisites Trading,102045.0,47,477,4773,Other retail sale of new goods in specialized stores,,RAKEZ,
Ladies' Garments Trading,102052.0,47,477,4771,"Retail sale of clothing, footwear and leather articles in specialized stores",,RAKEZ,
Landscape Design,102064.0,71,711,7110,Architectural and engineering activities and related technical consultancy,,RAKEZ,
Landscaping Engineering Consultancy,102065.0,71,711,7110,Architectural and engineering activities and related technical consultancy,,RAKEZ,
Language Interpretation,102067.0,74,749,7490,"Other professional, scientific and technical activities n.e.c.",,RAKEZ,
Language Training,102068.0,85,854,8549,Other education n.e.c.,,RAKEZ,
Laser & Fireworks Show Equipment Trading,102070.0,46,464,4649,Wholesale of other household goods,,RAKEZ,
Laundry & Dry Cleaning Equipment Trading,102076.0,47,477,4773,Other retail sale of new goods in specialized stores,,RAKEZ,
Law Training Services,102078.0,85,854,8549,Other education n.e.c.,,RAKEZ,
Legal Consultancy,102094.0,69,691,6910,Legal activities,,RAKEZ,
Legal Translation,102096.0,74,749,7490,"Other professional, scientific and technical activities n.e.c.",,RAKEZ,
Life Saving Equipment Trading,102105.0,47,477,4773,Other retail sale of new goods in specialized stores,,RAKEZ,
Lifestyle Development Consultancy,102108.0,96,960,9609,Other personal service activities n.e.c.,,RAKEZ,
Lifting and Loading Machines and Equipment Renting,102110.0,77,773,7730,"Renting and leasing of other machinery, equipment and tangible goods",,RAKEZ,
"Lifts, Escalators & Spare Parts Trading",102112.0,46,465,4659,Wholesale of other machinery and equipment,,RAKEZ,
Light Aircraft Trading,102113.0,47,477,4773,Other retail sale of new goods in specialized stores,,RAKEZ,
Light Archiving,102115.0,63,631,6311,"Data processing, hosting and related activities",,RAKEZ,
Light Fittings & Fixtures Trading,102116.0,47,475,4759,"Retail sale of electrical household appliances, furniture, lighting equipment and other household articles in specialized stores",,RAKEZ,
Lighting Equipment & Requisites Trading,102119.0,46,465,4659,Wholesale of other machinery and equipment,,RAKEZ,
Lighting Poles Trading,102121.0,46,466,4663,"Wholesale of construction materials, hardware, plumbing and heating equipment and supplies",,RAKEZ,
Live Theatrical Shows Management and Promotion,102133.0,90,900,9000,"Creative, arts and entertainment activities",,RAKEZ,
Local Handicrafts Training Center,102141.0,85,854,8549,Other education n.e.c.,,RAKEZ,
Local Sweets Preparing,102143.0,56,562,5621,Event catering,,RAKEZ,
Locks & Keys Trading,102145.0,47,475,4752,"Retail sale of hardware, paints and glass in specialized stores",,RAKEZ,
Logistics & Transportation,102147.0,52,522,5229,Other transportation support activities,,RAKEZ,
Logistics Consultancy,102148.0,70,702,7020,Management consultancy activities,,RAKEZ,
Logo Design,102149.0,74,741,7410,Specialized design activities,,RAKEZ,
Lubricants & Grease Trading,102153.0,46,466,4661,"Wholesale of solid, liquid and gaseous fuels and related products",,RAKEZ,
Magazines,102160.0,58,581,5813,"Publishing of newspapers, journals and periodicals",,RAKEZ,
Magnetic Technology Equipment Trading,102162.0,46,465,4659,Wholesale of other machinery and equipment,,RAKEZ,
Maintenance and Repair of Aircrafts,102166.0,33,331,3315,"Repair of transport equipment, except motor vehicles",,RAKEZ,
Management & Administration Training,102171.0,85,854,8549,Other education n.e.c.,,RAKEZ,
Management of Self Owned Properties,102178.0,68,681,6810,Real estate activities with own or leased property,,RAKEZ,
Management Office,102180.0,70,701,7010,Activities of head offices,,RAKEZ,
Manufacturing & Material Engineering Consultancy,102592.0,71,711,7110,Architectural and engineering activities and related technical consultancy,,RAKEZ,
Manufacturing Design,102593.0,71,711,7110,Architectural and engineering activities and related technical consultancy,,RAKEZ,
Marble & Natural Stones Trading,102603.0,46,466,4663,"Wholesale of construction materials, hardware, plumbing and heating equipment and supplies",,RAKEZ,
Marine Projects Engineering Consultancy,102614.0,71,711,7110,Architectural and engineering activities and related technical consultancy,,RAKEZ,
Marine Survey Engineering Consultancy,102616.0,71,711,7110,Architectural and engineering activities and related technical consultancy,,RAKEZ,
Maritime Consultancies Services,102621.0,70,702,7020,Management consultancy activities,,RAKEZ,
Marketing & Advertising Training,102626.0,85,854,8549,Other education n.e.c.,,RAKEZ,
Marketing Management,102631.0,73,732,7320,Market research and public opinion polling,,RAKEZ,
Marketing Research & Consultancies,102629.0,73,732,7320,Market research and public opinion polling,,RAKEZ,
Measuring & Control Systems Trading,102643.0,46,465,4659,Wholesale of other machinery and equipment,,RAKEZ,
Meat & Fish Processing Equipment & Machinery Trading,102646.0,46,465,4659,Wholesale of other machinery and equipment,,RAKEZ,
Mechanical Engineering Consultancies,102652.0,71,711,7110,Architectural and engineering activities and related technical consultancy,,RAKEZ,
Mechanical Engineering Services,102652.0,71,711,7110,Architectural and engineering activities and related technical consultancy,,RAKEZ,
Mechanical Power Engineering Consultancy,102655.0,71,711,7110,Architectural and engineering activities and related technical consultancy,,RAKEZ,
Media & Marketing Consultancy,102658.0,70,702,7020,Management consultancy activities,,RAKEZ,
Media Buying and Placement,102660.0,73,731,7310,Advertising,,RAKEZ,
Media Content Management and Provider,102661.0,63,639,6391,News agency activities,,RAKEZ,
Media Hardware Equipment and System Integration,102664.0,62,620,6201,Computer programming activities,,RAKEZ,
Media Monitoring,102665.0,73,732,7320,Market research and public opinion polling,,RAKEZ,
Media Representation,102667.0,73,731,7310,Advertising,,RAKEZ,
Media Software Development and System Integration,102669.0,62,620,6201,Computer programming activities,,RAKEZ,
Media Web Design and Management,102672.0,62,620,6201,Computer programming activities,,RAKEZ,
Medical Complex,102682.0,86,861,8610,Hospital activities,,RAKEZ,
Medical Engineering Consultancy,102683.0,71,711,7110,Architectural and engineering activities and related technical consultancy,,RAKEZ,
Medical Gas Trading,102689.0,46,466,4669,Wholesale of waste and scrap and other products n.e.c.,,RAKEZ,
"Medical, Surgical Articles & Requisites Trading",102697.0,46,465,4659,Wholesale of other machinery and equipment,,RAKEZ,
"Medical, Surgical Equipment & Instruments Trading",102698.0,46,465,4659,Wholesale of other machinery and equipment,,RAKEZ,
Medicinal Chemicals Trading,102700.0,46,466,4669,Wholesale of waste and scrap and other products n.e.c.,,RAKEZ,
Men's Garment Trading,102712.0,47,477,4771,"Retail sale of clothing, footwear and leather articles in specialized stores",,RAKEZ,
Metal Alloys Trading,102717.0,46,466,4662,Wholesale of metals and metal ores,,RAKEZ,
Metal Blinds Trading,102718.0,47,475,4753,"Retail sale of carpets, rugs, wall and floor coverings in specialized stores",,RAKEZ,
Metal Cans & Containers Trading,102719.0,46,465,4659,Wholesale of other machinery and equipment,,RAKEZ,
Metal Drums & Barrels Trading,102720.0,46,465,4659,Wholesale of other machinery and equipment,,RAKEZ,
Metal Engineering Consultancy,,71,711,7110,Architectural and engineering activities and related technical consultancy,,RAKEZ,
Metal Ores Trading,102721.0,46,466,4662,Wholesale of metals and metal ores,,RAKEZ,
Metal Rope trading,102722.0,47,475,4752,"Retail sale of hardware, paints and glass in specialized stores",,RAKEZ,
Metal Wires Trading,102723.0,47,475,4752,"Retail sale of hardware, paints and glass in specialized stores",,RAKEZ,
Metaverse Service Provider,102724.0,62,620,6202,Computer consultancy and computer facilities management activities,,RAKEZ,
Meteorology Engineering Consultancy,102725.0,71,711,7110,Architectural and engineering activities and related technical consultancy,,RAKEZ,
Mind Abilities Development Center,102728.0,86,869,8690,Other human health activities,,RAKEZ,
Mineral Water Trading,102730.0,46,463,4630,"Wholesale of food, beverages and tobacco",,RAKEZ,
"Mines, Mining & Geological Engineering Consultancy",,71,711,7110,Architectural and engineering activities and related technical consultancy,,RAKEZ,
Mini Store,102731.0,47,471,4711,"Retail sale in non-specialized stores with food, beverages or tobacco predominating",,RAKEZ,
Mining & Mines Equipment Engineering Consultancy,102732.0,71,711,7110,Architectural and engineering activities and related technical consultancy,,RAKEZ,
"Mining, Oil & Water Geological Consultancy",,71,711,7110,Architectural and engineering activities and related technical consultancy,,RAKEZ,
Mobile Media,,61,619,6190,Other telecommunications activities,,RAKEZ,
Mobile Phones & Accessories Trading,102734.0,46,465,4652,Wholesale of electronic and telecommunications equipment and parts,,RAKEZ,
Modelling Agency,,78,781,7810,Activities of employment placement agencies,,RAKEZ,
Monetary & Banking Equipment Trading,102740.0,46,465,4659,Wholesale of other machinery and equipment,,RAKEZ,
Mortgage Broker,,66,661,6619,Other activities auxiliary to financial service activities,,RAKEZ,
Mortgage Consulting,102743.0,66,661,6619,Other activities auxiliary to financial service activities,,RAKEZ,
Motorcycles Spare Parts & Accessories Trading,102749.0,45,454,4540,"Sale, maintenance and repair of motorcycles and related parts and accessories",,RAKEZ,
Motorcycles Trading,102750.0,45,454,4540,"Sale, maintenance and repair of motorcycles and related parts and accessories",,RAKEZ,
Multi Family Office,,66,663,6630,Fund management activities,,RAKEZ,
Multi-Dimensional Images Trading (HOLOGRAM),102752.0,46,465,4652,Wholesale of electronic and telecommunications equipment and parts,,RAKEZ,
Music Consultant,102753.0,90,900,9000,"Creative, arts and entertainment activities",,RAKEZ,
Music Distribution,,59,592,5920,Sound recording and music publishing activities,,RAKEZ,
Music Label and Rights Management,,59,592,5920,Sound recording and music publishing activities,,RAKEZ,
"Music Production, Re‐production and Recordings",,59,592,5920,Sound recording and music publishing activities,,RAKEZ,
Music Publishing / Copyright,,59,592,5920,Sound recording and music publishing activities,,RAKEZ,
Music streaming platform,,59,592,5920,Sound recording and music publishing activities,,RAKEZ,
Musical Instruments & Requisites Trading,,46,464,4649,Wholesale of other household goods,,RAKEZ,
Natural Gas Technology Marketing,102754.0,73,731,7310,Advertising,,RAKEZ,
Network Consultancies,102756.0,62,620,6202,Computer consultancy and computer facilities management activities,,RAKEZ,
Network Websites Designing,102758.0,62,620,6201,Computer programming activities,,RAKEZ,
New Passenger Motor Vehicles Trading,,45,451,4510,Sale of motor vehicles,,RAKEZ,
News Agencies,102762.0,63,639,6391,News agency activities,,RAKEZ,
News Distribution Service,,63,639,6391,News agency activities,,RAKEZ,
Newspapers (Regional and National),,73,731,7310,Advertising,,RAKEZ,
"Noise Control, Vibration & Acoustics Consultancy",102767.0,71,711,7110,Architectural and engineering activities and related technical consultancy,,RAKEZ,
Non Edible Oil Trading,102768.0,46,466,4669,Wholesale of waste and scrap and other products n.e.c.,,RAKEZ,
Non Ferrous Metal Trading,102770.0,46,466,4662,Wholesale of metals and metal ores,,RAKEZ,
Non-Academic Infrastructure Provider,,85,855,8550,Educational support activities,,RAKEZ,
Non-Commercial Information Services,102771.0,63,639,6399,Other information service activities n.e.c.,,RAKEZ,
Non-Manufactured Precious Metal Trading,102773.0,47,475,4752,"Retail sale of hardware, paints and glass in specialized stores",,RAKEZ,
Novelties Trading,102774.0,46,464,4649,Wholesale of other household goods,,RAKEZ,
Nuts Trading,102778.0,46,463,4630,"Wholesale of food, beverages and tobacco",,RAKEZ,
Occupational Hygiene & Safety Requisites Trading,102780.0,46,465,4659,Wholesale of other machinery and equipment,,RAKEZ,
Occupational Safety Training,102781.0,85,854,8549,Other education n.e.c.,,RAKEZ,
Off Road Karts & Spare Parts Trading,102782.0,45,454,4540,"Sale, maintenance and repair of motorcycles and related parts and accessories",,RAKEZ,
Office Equipment Trading,102783.0,46,465,4659,Wholesale of other machinery and equipment,,RAKEZ,
Office Furniture Trading,102784.0,46,465,4659,Wholesale of other machinery and equipment,,RAKEZ,
Oil & Gas Tank's Pipes Construction Engineering Consultancy,,71,711,7110,Architectural and engineering activities and related technical consultancy,,RAKEZ,
Oil & Natural Gas Exploration Consultancies,102785.0,71,711,7110,Architectural and engineering activities and related technical consultancy,,RAKEZ,
Oil & Natural Gas Well Equipment Repair & Maintenance,102786.0,33,331,3312,Repair of machinery,,RAKEZ,
Oil Exploration Engineering Consultancy,102788.0,71,711,7110,Architectural and engineering activities and related technical consultancy,,RAKEZ,
Oil Exploration Engineering Services,102789.0,71,711,7110,Architectural and engineering activities and related technical consultancy,,RAKEZ,
Oil Refining Engineering Consultancy,102790.0,71,711,7110,Architectural and engineering activities and related technical consultancy,,RAKEZ,
Oilfield & Natural Gas Equipment & Spare Parts Trading,102793.0,46,465,4659,Wholesale of other machinery and equipment,,RAKEZ,
Oilfield Chemicals Trading,102795.0,46,466,4669,Wholesale of waste and scrap and other products n.e.c.,,RAKEZ,
Old Postage Stamps & Currencies Trading,102796.0,46,464,4649,Wholesale of other household goods,,RAKEZ,
One Star Hotel,,55,551,5510,Short term accommodation activities,,RAKEZ,
Online Interactive Agency,,73,731,7310,Advertising,,RAKEZ,
Online Publishing and Electronic Content and e‐Books,,58,581,5811,Book publishing,,RAKEZ,
Operation of Media Websites,,63,631,6312,Web portals,,RAKEZ,
Operation of websites that use a search engine,,63,631,6312,Web portals,,RAKEZ,
Oriental Carpets Trading,,46,464,4649,Wholesale of other household goods,,RAKEZ,
Outdoor Advertising,,73,731,7310,Advertising,,RAKEZ,
Over the Top Video Content,,63,631,6311,"Data processing, hosting and related activities",,RAKEZ,
Owning - Controlling-levels of equity,,64,642,6420,Activities of holding companies,,RAKEZ,
Packing & Packaging Equipment Trading,102815.0,46,465,4659,Wholesale of other machinery and equipment,,RAKEZ,
Packing & Packaging Materials Trading,102816.0,46,465,4659,Wholesale of other machinery and equipment,,RAKEZ,
Paging Receivers Trading,102819.0,47,477,4773,Other retail sale of new goods in specialized stores,,RAKEZ,
Paint & Varnish Trading,102820.0,46,466,4663,"Wholesale of construction materials, hardware, plumbing and heating equipment and supplies",,RAKEZ,
Painting Equipment Trading,102822.0,46,466,4663,"Wholesale of construction materials, hardware, plumbing and heating equipment and supplies",,RAKEZ,
Paintings & Frames Trading,102825.0,46,464,4649,Wholesale of other household goods,,RAKEZ,
Paper Products Trading,102826.0,46,466,4669,Wholesale of waste and scrap and other products n.e.c.,,RAKEZ,
Paper Trading,102827.0,46,466,4669,Wholesale of waste and scrap and other products n.e.c.,,RAKEZ,
Para Pharmaceutical Products Trading,102828.0,46,464,4649,Wholesale of other household goods,,RAKEZ,
Paramotors Operation,102830.0,77,773,7730,"Renting and leasing of other machinery, equipment and tangible goods",,RAKEZ,
Parents of Children with Disabilities Consultant,102832.0,88,889,8890,Other social work activities without accommodation,,RAKEZ,
Parties Cook,,56,562,5629,Other food service activities,,RAKEZ,
Pastry Preparing,102837.0,56,562,5621,Event catering,,RAKEZ,
Pastry Trading,102838.0,46,463,4630,"Wholesale of food, beverages and tobacco",,RAKEZ,
Payment Services Provider,102842.0,82,829,8291,Activities of collection agencies and credit bureaus,,RAKEZ,
Pearls & Precious Stones Trading,102843.0,46,464,4649,Wholesale of other household goods,,RAKEZ,
Performing Arts Training Center,,85,854,8542,Cultural education,,RAKEZ,
Perfumes & Cosmetics Trading,,46,464,4649,Wholesale of other household goods,,RAKEZ,
Personal Development Training,,85,854,8549,Other education n.e.c.,,RAKEZ,
Persons with Special Needs Equipment Trading,102848.0,47,477,4772,"Retail sale of pharmaceutical and medical goods, cosmetic and toilet articles in specialized stores",,RAKEZ,
Pest Control Equipment Trading,102849.0,47,477,4773,Other retail sale of new goods in specialized stores,,RAKEZ,
Pests Management Consultancy,102850.0,70,702,7020,Management consultancy activities,,RAKEZ,
Petrochemical Engineering Consultancy,,71,711,7110,Architectural and engineering activities and related technical consultancy,,RAKEZ,
Petrochemicals Engineering Services,,71,711,7110,Architectural and engineering activities and related technical consultancy,,RAKEZ,
Petrochemicals Trading,102852.0,46,466,4669,Wholesale of waste and scrap and other products n.e.c.,,RAKEZ,
Petrol Station Equipment Trading,102853.0,47,477,4773,Other retail sale of new goods in specialized stores,,RAKEZ,
Petroleum / Oil Related Consultancy,,71,711,7110,Architectural and engineering activities and related technical consultancy,,RAKEZ,
Petroleum Refining plants Engineering Consultancy,,71,711,7110,Architectural and engineering activities and related technical consultancy,,RAKEZ,
Pharmaceutical Representative Office,102857.0,70,701,7010,Activities of head offices,,RAKEZ,
Pharmaceutical Studies & Researches,102858.0,72,721,7210,Research and experimental development on natural sciences and engineering,,RAKEZ,
Photographic Equipment & Accessories Trading,102865.0,46,464,4649,Wholesale of other household goods,,RAKEZ,
Photographic Processing Equipment Trading,102867.0,46,464,4649,Wholesale of other household goods,,RAKEZ,
Photography Processing Materials Trading,102869.0,46,464,4649,Wholesale of other household goods,,RAKEZ,
Photoshop Design,,74,741,7410,Specialized design activities,,RAKEZ,
Physical Engineering Consultancy,103306.0,71,711,7110,Architectural and engineering activities and related technical consultancy,,RAKEZ,
Pipes & Fittings Trading,103298.0,46,466,4663,"Wholesale of construction materials, hardware, plumbing and heating equipment and supplies",,RAKEZ,
Planning & Photogrammetry Engineering Consultancy,,71,711,7110,Architectural and engineering activities and related technical consultancy,,RAKEZ,
Plastic & Nylon Raw Materials Trading,102874.0,47,475,4752,"Retail sale of hardware, paints and glass in specialized stores",,RAKEZ,
Plastics Engineering Consultancy,,71,711,7110,Architectural and engineering activities and related technical consultancy,,RAKEZ,
Plate Heat Exchangers Trading,102879.0,46,465,4659,Wholesale of other machinery and equipment,,RAKEZ,
Player Support Service Providers,,62,620,6209,Other information technology and computer service activities,,RAKEZ,
"Plumbing, heat and air-conditioning installation",102883.0,43,432,4321,Electrical installation,,RAKEZ,
Portal,102886.0,63,631,6312,Web portals,,RAKEZ,
Ports & Marine Guide Equipment Trading,102888.0,47,477,4773,Other retail sale of new goods in specialized stores,,RAKEZ,
Ports Engineering Consultancies,,71,711,7110,Architectural and engineering activities and related technical consultancy,,RAKEZ,
Post Production,102748.0,59,591,5912,"Motion picture, video and television programme post-production activities",,RAKEZ,
Potatoes Trading,102890.0,47,472,4721,Retail sale of food in specialized stores,,RAKEZ,
Power & Automatic Control Engineering Consultancy,,71,711,7110,Architectural and engineering activities and related technical consultancy,,RAKEZ,
"Power Enterprises Investment, Institution and Management",,66,663,6630,Fund management activities,,RAKEZ,
"Power Generation, Transmission & Distribution Equipment Trading",102891.0,46,465,4659,Wholesale of other machinery and equipment,,RAKEZ,
"Power, Oil and Gas Consultancy",,71,711,7110,Architectural and engineering activities and related technical consultancy,,RAKEZ,
Pre-Fabricated Houses Trading,102892.0,46,466,4663,"Wholesale of construction materials, hardware, plumbing and heating equipment and supplies",,RAKEZ,
Pre‐ Productions,,59,591,5911,"Motion picture, video and television programme production activities",,RAKEZ,
Precision Dies Trading,102893.0,46,465,4659,Wholesale of other machinery and equipment,,RAKEZ,
Price Comparison Websites,,63,631,6311,"Data processing, hosting and related activities",,RAKEZ,
Printing Equipment & Instruments Trading,102896.0,46,465,4659,Wholesale of other machinery and equipment,,RAKEZ,
Private Airplane Charter,,51,511,5110,Passenger air transport,,RAKEZ,
Production,,59,591,5911,"Motion picture, video and television programme production activities",,RAKEZ,
Production Consultancy Management,,70,702,7020,Management consultancy activities,,RAKEZ,
Production Event Consultancy Management,,70,702,7020,Management consultancy activities,,RAKEZ,
Production Management,,70,702,7020,Management consultancy activities,,RAKEZ,
Production Services,,59,591,5911,"Motion picture, video and television programme production activities",,RAKEZ,
Products and Services E-Trading,,47,479,4791,Retail sale via mail order houses or via Internet,,RAKEZ,
Products Design Consultancy,102897.0,74,741,7410,Specialized design activities,,RAKEZ,
Professional & Management Development Training,102899.0,85,854,8549,Other education n.e.c.,,RAKEZ,
Project Development Consultant,102900.0,70,702,7020,Management consultancy activities,,RAKEZ,
Project Management Consultancy,102902.0,70,702,7020,Management consultancy activities,,RAKEZ,
Projects Management Engineering&Technical Feasibility Studies Consultancy,102904.0,71,711,7110,Architectural and engineering activities and related technical consultancy,,RAKEZ,
Promotional/Marketing Material Services,,73,731,7310,Advertising,,RAKEZ,
Prop Shops,,64,649,6499,"Other financial service activities, except insurance and pension funding activities, n.e.c.",,RAKEZ,
Property management Services,,68,682,6820,Real estate activities on a fee or contract basis,,RAKEZ,
Protective Garments & Vests Trading,102906.0,46,464,4641,"Wholesale of textiles, clothing and footwear",,RAKEZ,
Public Relations Agency,102910.0,70,702,7020,Management consultancy activities,,RAKEZ,
Public Relations Management,102912.0,70,702,7020,Management consultancy activities,,RAKEZ,
Publications and media Materials E-Trading,102913.0,47,479,4791,Retail sale via mail order houses or via Internet,,RAKEZ,
Publishing Consultancy,102919.0,70,702,7020,Management consultancy activities,,RAKEZ,
Publishing Digitalization,102917.0,58,581,5819,Other publishing activities,,RAKEZ,
Publishing Representatives,,58,581,5819,Other publishing activities,,RAKEZ,
"Pumps, Engines, Valves & Spare Parts Trading",102928.0,46,465,4659,Wholesale of other machinery and equipment,,RAKEZ,
Quality & Standardization Consultants,102933.0,70,702,7020,Management consultancy activities,,RAKEZ,
Quality Assurance Specialist - Gaming,102935.0,62,620,6209,Other information technology and computer service activities,,RAKEZ,
Racing Cars Trading,102937.0,45,451,4510,Sale of motor vehicles,,RAKEZ,
Radio & TV Training Centre,,85,854,8549,Other education n.e.c.,,RAKEZ,
Radio Network-Satellite,,61,612,6120,Wireless telecommunications activities,,RAKEZ,
Radio Network-Terrestrial,,61,612,6120,Wireless telecommunications activities,,RAKEZ,
Radio Station-Satellite,,60,601,6010,Radio broadcasting,,RAKEZ,
Radio Station-Terrestrial,,60,601,6010,Radio broadcasting,,RAKEZ,
"Radio, T.V. Stations, Cinema & Theatre Equipment Trading",102941.0,46,465,4652,Wholesale of electronic and telecommunications equipment and parts,,RAKEZ,
Railway Development Engineering Consultancy,,71,711,7110,Architectural and engineering activities and related technical consultancy,,RAKEZ,
Raw-Materials Composition Engineering Consultancy,102947.0,71,711,7110,Architectural and engineering activities and related technical consultancy,,RAKEZ,
Raw Materials Trading,102949.0,46,466,4669,Wholesale of waste and scrap and other products n.e.c.,,RAKEZ,
Re‐printing,,58,581,5819,Other publishing activities,,RAKEZ,
Readymade Garments Trading,102951.0,47,477,4771,"Retail sale of clothing, footwear and leather articles in specialized stores",,RAKEZ,
Readymix Concrete Trading,102952.0,46,466,4663,"Wholesale of construction materials, hardware, plumbing and heating equipment and supplies",,RAKEZ,
Real Estate Consultancy,102955.0,68,682,6820,Real estate activities on a fee or contract basis,,RAKEZ,
Real Estate Development Construction,102958.0,41,410,4100,Construction of buildings,,RAKEZ,
"Real Estate Enterprises Investment, Development, Institution and Management",,66,663,6630,Fund management activities,,RAKEZ,
Real Estate Leasing Brokerage,102960.0,68,682,6820,Real estate activities on a fee or contract basis,,RAKEZ,
Real Estate Purchase and Sale Brokerage,102953.0,68,682,6820,Real estate activities on a fee or contract basis,,RAKEZ,
Recruitment Services,102976.0,78,781,7810,Activities of employment placement agencies,,RAKEZ,
Refined Oil Products Trading,102978.0,46,466,4661,"Wholesale of solid, liquid and gaseous fuels and related products",,RAKEZ,
Refrigeration & Cold Storage Equipment Trading,100144.0,46,465,4659,Wholesale of other machinery and equipment,,RAKEZ,
"Refrigerators, Washing Machines & Household Electrical Appliances Trading",102979.0,46,465,4659,Wholesale of other machinery and equipment,,RAKEZ,
Regional Liaison Office,102982.0,70,701,7010,Activities of head offices,,RAKEZ,
Reinforcement Steel Bars Trading,102985.0,46,466,4663,"Wholesale of construction materials, hardware, plumbing and heating equipment and supplies",,RAKEZ,
Renewable Energy Engineering Consultancy,102989.0,72,721,7210,Research and experimental development on natural sciences and engineering,,RAKEZ,
Representative Office,,70,701,7010,Activities of head offices,,RAKEZ,
Research and development in equipment and devices measurement and control,,72,721,7210,Research and experimental development on natural sciences and engineering,,RAKEZ,
Research and development in mixed reality and digital simulation,,72,721,7210,Research and experimental development on natural sciences and engineering,,RAKEZ,
Research and development in quantum computing,,72,721,7210,Research and experimental development on natural sciences and engineering,,RAKEZ,
Research and development in the field of basic and advanced agriculture,,72,721,7210,Research and experimental development on natural sciences and engineering,,RAKEZ,
Research and development in the field of multi-dimensional printing,,72,721,7210,Research and experimental development on natural sciences and engineering,,RAKEZ,
Research and development in the field of robots,,72,721,7210,Research and experimental development on natural sciences and engineering,,RAKEZ,
Research and development in the field of smart systems,,72,721,7210,Research and experimental development on natural sciences and engineering,,RAKEZ,
Research and development of phenomena monitoring devices,,72,721,7210,Research and experimental development on natural sciences and engineering,,RAKEZ,
Research and development to in the field of Cloud computing,,72,721,7210,Research and experimental development on natural sciences and engineering,,RAKEZ,
Research and Information Services,,73,732,7320,Market research and public opinion polling,,RAKEZ,
Resort,,55,551,5510,Short term accommodation activities,,RAKEZ,
Restaurant,,56,561,5610,Restaurants and mobile food service activities,,RAKEZ,
Restaurant & Mini Store,,56,561,5610,Restaurants and mobile food service activities,,RAKEZ,
Restaurants Management,,82,821,8211,Combined office administrative service activities,,RAKEZ,
Risk and damage evaluation,,66,662,6621,Risk and damage evaluation,,RAKEZ,
Road & Traffic Engineering Consultancy,,71,711,7110,Architectural and engineering activities and related technical consultancy,,RAKEZ,
Roastery,103460.0,10,107,1079,Manufacture of other food products n.e.c.,,RAKEZ,
Robotics & Smart Machines Trading,,47,474,4741,"Retail sale of computers, peripheral units, software and telecommunications equipment in specialized stores",,RAKEZ,
"Ropes, Sacks & Jute Bags Trading",,47,475,4752,"Retail sale of hardware, paints and glass in specialized stores",,RAKEZ,
Rubber Trading,,46,466,4669,Wholesale of waste and scrap and other products n.e.c.,,RAKEZ,
"Saddles & Animals, Birds Training Requisites Trading",,46,465,4659,Wholesale of other machinery and equipment,,RAKEZ,
Safety Consultancies,,70,702,7020,Management consultancy activities,,RAKEZ,
Sales Promotion,,73,731,7310,Advertising,,RAKEZ,
Sales Training,,85,854,8549,Other education n.e.c.,,RAKEZ,
Salt Trading,,46,463,4630,"Wholesale of food, beverages and tobacco",,RAKEZ,
Salted & Preserved Fish & Seafood Trading,,46,463,4630,"Wholesale of food, beverages and tobacco",,RAKEZ,
"Sand, Gravel & Stones Trading",,47,475,4752,"Retail sale of hardware, paints and glass in specialized stores",,RAKEZ,
Sandwich Shop,,56,562,5629,Other food service activities,,RAKEZ,
Sanitary Ware Trading,,47,475,4752,"Retail sale of hardware, paints and glass in specialized stores",,RAKEZ,
Satellite Receiving Equipment Trading,,46,465,4652,Wholesale of electronic and telecommunications equipment and parts,,RAKEZ,
Scaffolds Trading,,46,466,4663,"Wholesale of construction materials, hardware, plumbing and heating equipment and supplies",,RAKEZ,
Scales & Dry Measures Trading,,47,477,4773,Other retail sale of new goods in specialized stores,,RAKEZ,
"Schools, Hospitals & Laboratories Furniture Trading",,46,465,4659,Wholesale of other machinery and equipment,,RAKEZ,
Science & Technology Consultancy,,72,721,7210,Research and experimental development on natural sciences and engineering,,RAKEZ,
Scientific & Laboratory Equipment Trading,,46,465,4659,Wholesale of other machinery and equipment,,RAKEZ,
Scrap & Metal Waste Trading,,46,466,4669,Wholesale of waste and scrap and other products n.e.c.,,RAKEZ,
Scrap & Metal Waste Wholesale,,46,466,4669,Wholesale of waste and scrap and other products n.e.c.,,RAKEZ,
Sea Cargo Services,,52,522,5224,Cargo handling,,RAKEZ,
Sea Cleaning Equipment Trading,,46,465,4659,Wholesale of other machinery and equipment,,RAKEZ,
Search Engine Optimization,,63,631,6312,Web portals,,RAKEZ,
Secretarial & Office Work Training,,85,854,8549,Other education n.e.c.,,RAKEZ,
Security Control & Alarm Equipment Trading,,46,465,4659,Wholesale of other machinery and equipment,,RAKEZ,
"Security Devices, Equipment Trading",,46,465,4659,Wholesale of other machinery and equipment,,RAKEZ,
Seeds Trading,,46,462,4620,Wholesale of agricultural raw materials and live animals,,RAKEZ,
Services Broker,,46,461,4610,Wholesale on a fee or contract basis,,RAKEZ,
Services management oversight to the Real Estate,,68,682,6820,Real estate activities on a fee or contract basis,,RAKEZ,
Sewing & Embroidery Requisites Trading,,47,475,4751,Retail sale of textiles in specialized stores,,RAKEZ,
Sewing Machines & Spare Parts Trading,103297.0,46,465,4659,Wholesale of other machinery and equipment,,RAKEZ,
Ship & Boats Spare Parts & Components Trading,103296.0,46,465,4659,Wholesale of other machinery and equipment,,RAKEZ,
Ship Charter,,77,773,7730,"Renting and leasing of other machinery, equipment and tangible goods",,RAKEZ,
Ship Engineering Consultancy,,71,711,7110,Architectural and engineering activities and related technical consultancy,,RAKEZ,
Ship Rental Intermediator,,52,522,5229,Other transportation support activities,,RAKEZ,
Ships & Boats Trading,100436.0,46,465,4659,Wholesale of other machinery and equipment,,RAKEZ,
Ships Management and Operation,,52,522,5222,Service activities incidental to water transportation,,RAKEZ,
Shoe Trading,103295.0,47,477,4771,"Retail sale of clothing, footwear and leather articles in specialized stores",,RAKEZ,
Shop Fittings Trading,103294.0,47,477,4773,Other retail sale of new goods in specialized stores,,RAKEZ,
Simulation Equipment & Systems Trading & Maintenance,,47,477,4773,Other retail sale of new goods in specialized stores,,RAKEZ,
Simultaneous Translation Services,,74,749,7490,"Other professional, scientific and technical activities n.e.c.",,RAKEZ,
Single Family Office,,66,663,6630,Fund management activities,,RAKEZ,
Skiing Hall,,93,931,9319,Other sports activities,,RAKEZ,
Slippers & Sandals Trading,,47,477,4771,"Retail sale of clothing, footwear and leather articles in specialized stores",,RAKEZ,
Smelters & Furnaces Refractory Materials Trading,,46,469,4690,Non-specialized wholesale trade,,RAKEZ,
Smoking & Tobacco Heating Devices Trading,,46,465,4659,Wholesale of other machinery and equipment,,RAKEZ,
Snack Food Trading,103263.0,46,463,4630,"Wholesale of food, beverages and tobacco",,RAKEZ,
Soap & Hair Care Products Trading,103262.0,46,464,4649,Wholesale of other household goods,,RAKEZ,
Social & Behavioral Science Training,,85,854,8549,Other education n.e.c.,,RAKEZ,
Social Event Management,,88,889,8890,Other social work activities without accommodation,,RAKEZ,
Social Media,,63,631,6311,"Data processing, hosting and related activities",,RAKEZ,
Social Media Marketing,,73,731,7310,Advertising,,RAKEZ,
Social networking platform,,63,631,6311,"Data processing, hosting and related activities",,RAKEZ,
Soft Drinks & Carbonated Water Trading,103257.0,46,463,4630,"Wholesale of food, beverages and tobacco",,RAKEZ,
Software House,103256.0,62,620,6201,Computer programming activities,,RAKEZ,
Software Trading,103254.0,46,465,4651,"Wholesale of computers, computer peripheral equipment and software",,RAKEZ,
Solar Energy Systems & Components Trading,103251.0,46,465,4659,Wholesale of other machinery and equipment,,RAKEZ,
Sourcing & Procurement Consultant,103244.0,70,702,7020,Management consultancy activities,,RAKEZ,
Special Fabrics & Fibers for Construction Trading,103242.0,46,466,4663,"Wholesale of construction materials, hardware, plumbing and heating equipment and supplies",,RAKEZ,
Specialized Photographic Equipment & Processing Materials Trading,103239.0,46,465,4659,Wholesale of other machinery and equipment,,RAKEZ,
Specialized Professional Institute,103237.0,85,854,8549,Other education n.e.c.,,RAKEZ,
Specialty Marketing or Communications,103229.0,73,731,7310,Advertising,,RAKEZ,
Spectacles & Contact Lenses Trading,103231.0,46,464,4649,Wholesale of other household goods,,RAKEZ,
Spices Trading,103235.0,46,463,4630,"Wholesale of food, beverages and tobacco",,RAKEZ,
Spinning & Weaving Equipment & Spare Parts Trading,103217.0,46,465,4659,Wholesale of other machinery and equipment,,RAKEZ,
Sponge Mattresses Trading,103218.0,47,475,4759,"Retail sale of electrical household appliances, furniture, lighting equipment and other household articles in specialized stores",,RAKEZ,
Sport & Recreational Events Tickets E-TRADING,103223.0,47,479,4791,Retail sale via mail order houses or via Internet,,RAKEZ,
"Sport Enterprises Investment, Institution and Management",101987.0,66,663,6630,Fund management activities,,RAKEZ,
Sport Equipment & Articles Trading,103220.0,47,476,4763,Retail sale of sporting equipment in specialized stores,,RAKEZ,
Sport Research & Consultancies,103216.0,70,702,7020,Management consultancy activities,,RAKEZ,
Sports Academy,103219.0,85,854,8541,Sports and recreation education,,RAKEZ,
Sports Broker,103214.0,93,931,9319,Other sports activities,,RAKEZ,
Sports Consultancy and Studies,103216.0,70,702,7020,Management consultancy activities,,RAKEZ,
Sports Fields & Halls Equipment Trading,103211.0,47,476,4763,Retail sale of sporting equipment in specialized stores,,RAKEZ,
Sports Management and Promotion,103213.0,93,931,9319,Other sports activities,,RAKEZ,
Sports Services,103209.0,93,931,9319,Other sports activities,,RAKEZ,
Sports Wear Trading,103208.0,47,477,4771,"Retail sale of clothing, footwear and leather articles in specialized stores",,RAKEZ,
Stationery Trading,100447.0,46,464,4649,Wholesale of other household goods,,RAKEZ,
Statistical Analysis,,73,732,7320,Market research and public opinion polling,,RAKEZ,
Steel and Basic Steel Products Trading,103204.0,46,466,4662,Wholesale of metals and metal ores,,RAKEZ,
Sterilizers & Disinfectants Trading,103202.0,46,466,4661,"Wholesale of solid, liquid and gaseous fuels and related products",,RAKEZ,
Sticks & Umbrellas Trading,103097.0,46,464,4641,"Wholesale of textiles, clothing and footwear",,RAKEZ,
Still Photography,,74,742,7420,Photographic activities,,RAKEZ,
Structural Quantity Surveying Consultancy,,71,711,7110,Architectural and engineering activities and related technical consultancy,,RAKEZ,
Structural Wire Rope Systems Trading,103200.0,47,477,4773,Other retail sale of new goods in specialized stores,,RAKEZ,
Sugar Trading,100825.0,46,463,4630,"Wholesale of food, beverages and tobacco",,RAKEZ,
Suitcases & Travel Requisites Trading,103196.0,47,477,4771,"Retail sale of clothing, footwear and leather articles in specialized stores",,RAKEZ,
Sunglasses Trading,103195.0,46,464,4649,Wholesale of other household goods,,RAKEZ,
Supermarket,103194.0,47,471,4711,"Retail sale in non-specialized stores with food, beverages or tobacco predominating",,RAKEZ,
Surveying & Evaluating,103286.0,74,749,7490,"Other professional, scientific and technical activities n.e.c.",,RAKEZ,
Surveying Engineering Consultancy,100858.0,71,711,7110,Architectural and engineering activities and related technical consultancy,,RAKEZ,
Sweets & Candies Preparing,100684.0,56,563,5630,Beverage serving activities,,RAKEZ,
Swimming Pools Trading,103190.0,46,464,4649,Wholesale of other household goods,,RAKEZ,
System Integration (Satellite / IP Streaming),103281.0,61,611,6110,Wired telecommunications activities,,RAKEZ,
Talent Management,103188.0,70,702,7020,Management consultancy activities,,RAKEZ,
Tanks & Silos Trading,103184.0,47,475,4752,"Retail sale of hardware, paints and glass in specialized stores",,RAKEZ,
Tanned Leathers Trading,103183.0,46,464,4649,Wholesale of other household goods,,RAKEZ,
Tar & Asphalt Trading,103180.0,47,475,4752,"Retail sale of hardware, paints and glass in specialized stores",,RAKEZ,
Tax Consultancy,103177.0,69,692,6920,"Accounting, bookkeeping and auditing activities; tax consultancy",,RAKEZ,
Tea Trading,103268.0,46,463,4630,"Wholesale of food, beverages and tobacco",,RAKEZ,
Technical and Occupational Skills Training,103170.0,85,854,8549,Other education n.e.c.,,RAKEZ,
Technical Installations Consultancies,103171.0,70,702,7020,Management consultancy activities,,RAKEZ,
Technological Development Of Intemal Systems For Aircraft Minute,103274.0,72,721,7210,Research and experimental development on natural sciences and engineering,,RAKEZ,
Teeth Manufacturing and Compensation Lab,103275.0,32,325,3250,Manufacture of medical and dental instruments and supplies,,RAKEZ,
Telecommunications Equipment Trading,103166.0,46,465,4652,Wholesale of electronic and telecommunications equipment and parts,,RAKEZ,
Telecommunications Services,103168.0,61,611,6110,Wired telecommunications activities,,RAKEZ,
Telephones & Telecommunications Equipment Trading,103161.0,47,474,4741,"Retail sale of computers, peripheral units, software and telecommunications equipment in specialized stores",,RAKEZ,
"Tents, Awnings& Tarpaulins Trading",103158.0,47,475,4751,Retail sale of textiles in specialized stores,,RAKEZ,
Testing Center,,71,712,7120,Technical testing and analysis,,RAKEZ,
Textile Trading,103156.0,47,475,4751,Retail sale of textiles in specialized stores,,RAKEZ,
Themed Amusement Park,,93,932,9321,Activities of amusement parks and theme parks,,RAKEZ,
Threads & Yarns Trading,103152.0,46,464,4641,"Wholesale of textiles, clothing and footwear",,RAKEZ,
Three Star Hotel,103153.0,55,551,5510,Short term accommodation activities,,RAKEZ,
Tiles & Flooring Materials Trading,103150.0,46,466,4663,"Wholesale of construction materials, hardware, plumbing and heating equipment and supplies",,RAKEZ,
Timber Trading,103149.0,46,466,4663,"Wholesale of construction materials, hardware, plumbing and heating equipment and supplies",,RAKEZ,
Tourism & Recreation Consultants,103144.0,70,702,7020,Management consultancy activities,,RAKEZ,
"Tourist Enterprises Investment, Institution and Management",,66,663,6630,Fund management activities,,RAKEZ,
Tourist Guiding Services,103143.0,79,799,7990,Other reservation service and related activities,,RAKEZ,
Toys & Games Trading,,47,476,4764,Retail sale of games and toys in specialized stores,,RAKEZ,
Trade Energy Drinks- Wholesale,,46,463,4630,"Wholesale of food, beverages and tobacco",,RAKEZ,
Trade Marks Registration Agent,103142.0,69,691,6910,Legal activities,,RAKEZ,
Trading all kinds of ready-made curtains - Wholesale,,46,464,4641,"Wholesale of textiles, clothing and footwear",,RAKEZ,
Trading Crude Oil Abroad,,46,466,4669,Wholesale of waste and scrap and other products n.e.c.,,RAKEZ,
Trading Refined Oil Products Abroad,,46,466,4661,"Wholesale of solid, liquid and gaseous fuels and related products",,RAKEZ,
Trading systems and energy saving tools and accessories wholesale,,46,465,4659,Wholesale of other machinery and equipment,,RAKEZ,
Traffic Signs & Requisites Trading,103139.0,46,465,4659,Wholesale of other machinery and equipment,,RAKEZ,
Trailers Trading,103140.0,45,451,4510,Sale of motor vehicles,,RAKEZ,
Trains & Railways Construction & Fabrication Equipment Trading & Maintenance,103136.0,47,477,4773,Other retail sale of new goods in specialized stores,,RAKEZ,
Trains Spare Parts & Components Trading,103137.0,47,477,4773,Other retail sale of new goods in specialized stores,,RAKEZ,
Transactions Follow-up Services,,82,829,8299,Other business support service activities n.e.c.,,RAKEZ,
Transit Entertainment,,79,799,7990,Other reservation service and related activities,,RAKEZ,
Translation & Languages,103128.0,74,749,7490,"Other professional, scientific and technical activities n.e.c.",,RAKEZ,
Transport Consultancies,103124.0,52,522,5229,Other transportation support activities,,RAKEZ,
"Trees Seedlings, Ornamental Plants & Annual Flowers Trading",103118.0,46,462,4620,Wholesale of agricultural raw materials and live animals,,RAKEZ,
Trikke Scooters Trading,103117.0,45,454,4540,"Sale, maintenance and repair of motorcycles and related parts and accessories",,RAKEZ,
Tunnels & Bridges Engineering Consultancy,,71,711,7110,Architectural and engineering activities and related technical consultancy,,RAKEZ,
Turnkey Projects Contracting,103101.0,46,461,4610,Wholesale on a fee or contract basis,,RAKEZ,
Tutoring services,103102.0,85,854,8549,Other education n.e.c.,,RAKEZ,
TV / Radio – Representative Office,103103.0,70,701,7010,Activities of head offices,,RAKEZ,
TV / Radio – Sales and Marketing,103104.0,73,731,7310,Advertising,,RAKEZ,
TV Station-Satellite,103107.0,60,602,6020,Television programming and broadcasting activities,,RAKEZ,
TV Network Satellite,103108.0,60,602,6020,Television programming and broadcasting activities,,RAKEZ,
TV Network/Terrestrial,103109.0,60,602,6020,Television programming and broadcasting activities,,RAKEZ,
TV Station-Terrestrial,103110.0,60,602,6020,Television programming and broadcasting activities,,RAKEZ,
TV/ Radio – News Bureau,103111.0,63,639,6391,News agency activities,,RAKEZ,
TV/ Radio – Satellite Operator,103112.0,61,612,6120,Wireless telecommunications activities,,RAKEZ,
TV/ Radio – Teleport Operator,103113.0,61,611,6110,Wired telecommunications activities,,RAKEZ,
Two Star Hotel,103114.0,55,551,5510,Short term accommodation activities,,RAKEZ,
"Type Writers, Photocopiers & Spare Parts Trading",103115.0,47,474,4741,"Retail sale of computers, peripheral units, software and telecommunications equipment in specialized stores",,RAKEZ,
Tyres & Rims Trading,103093.0,45,453,4530,Sale of motor vehicle parts and accessories,,RAKEZ,
Underwear Trading,,46,464,4641,"Wholesale of textiles, clothing and footwear",,RAKEZ,
Uniforms Trading,103099.0,47,477,4771,"Retail sale of clothing, footwear and leather articles in specialized stores",,RAKEZ,
University Admission Services,103061.0,85,855,8550,Educational support activities,,RAKEZ,
Unmanned Aerial Vehicles (Drone) Trading,103065.0,47,477,4773,Other retail sale of new goods in specialized stores,,RAKEZ,
Upholstery Requisites & Materials Trading,103066.0,47,475,4752,"Retail sale of hardware, paints and glass in specialized stores",,RAKEZ,
Urban Planning Engineering Consultancy,103067.0,71,711,7110,Architectural and engineering activities and related technical consultancy,,RAKEZ,
Used Auto Spare Parts & Requisites Trading,103070.0,45,453,4530,Sale of motor vehicle parts and accessories,,RAKEZ,
Used Automobile Trading,103071.0,45,451,4510,Sale of motor vehicles,,RAKEZ,
Used Automobile Trading for Export,103072.0,45,451,4510,Sale of motor vehicles,,RAKEZ,
Used Building Machinery & Equipment Trading,103073.0,47,477,4774,Retail sale of second-hand goods,,RAKEZ,
Used Cloth & Personal Items Trading,103076.0,46,464,4641,"Wholesale of textiles, clothing and footwear",,RAKEZ,
Used Electrical & Electronic Appliances Trading,103078.0,47,477,4774,Retail sale of second-hand goods,,RAKEZ,
Used Furniture Trading,103079.0,47,477,4774,Retail sale of second-hand goods,,RAKEZ,
Used Heavy Equipment & Machinery Trading,103080.0,47,477,4774,Retail sale of second-hand goods,,RAKEZ,
Used Household Utensils Trading,103083.0,47,477,4774,Retail sale of second-hand goods,,RAKEZ,
Used Jewellery Trading,103084.0,47,477,4774,Retail sale of second-hand goods,,RAKEZ,
Used Motorcycles Trading,,45,454,4540,"Sale, maintenance and repair of motorcycles and related parts and accessories",,RAKEZ,
Used Tires Waste Trading,,46,466,4669,Wholesale of waste and scrap and other products n.e.c.,,RAKEZ,
Used Vehicles Trading,,45,451,4510,Sale of motor vehicles,,RAKEZ,
User Interface Design,,62,620,6201,Computer programming activities,,RAKEZ,
Vacation Homes Rental,,68,681,6810,Real estate activities with own or leased property,,RAKEZ,
Vegetables & Fruit Trading,103057.0,46,463,4630,"Wholesale of food, beverages and tobacco",,RAKEZ,
Vehicles E-Trading,,47,479,4791,Retail sale via mail order houses or via Internet,,RAKEZ,
Vending Machines Trading,103053.0,46,465,4659,Wholesale of other machinery and equipment,,RAKEZ,
Ventilators & Fans Trading,103052.0,46,465,4659,Wholesale of other machinery and equipment,,RAKEZ,
Vertical & Horizontal Transportation Systems Consultant,103051.0,71,711,7110,Architectural and engineering activities and related technical consultancy,,RAKEZ,
Veterinarian Clinic,103046.0,75,750,7500,Veterinary activities,,RAKEZ,
Veterinary Equipment & Instruments Trading,103042.0,46,465,4659,Wholesale of other machinery and equipment,,RAKEZ,
Veterinary Medicines Wholesale,103043.0,46,464,4649,Wholesale of other household goods,,RAKEZ,
Veterinary Research Center,,72,721,7210,Research and experimental development on natural sciences and engineering,,RAKEZ,
Video Games,,62,620,6201,Computer programming activities,,RAKEZ,
Video Games Consoles Trading,103041.0,46,464,4649,Wholesale of other household goods,,RAKEZ,
Virtual Reality and Augmented Reality Service Provider / Developer,,59,591,5912,"Motion picture, video and television programme post-production activities",,RAKEZ,
Visual Arts Training Center,,85,854,8542,Cultural education,,RAKEZ,
Visual Designing,,74,741,7410,Specialized design activities,,RAKEZ,
Wall Paper Trading,103035.0,46,466,4663,"Wholesale of construction materials, hardware, plumbing and heating equipment and supplies",,RAKEZ,
Waste Management & Recycling Consultancy,103032.0,70,702,7020,Management consultancy activities,,RAKEZ,
Waste Paper Trading,103022.0,46,466,4669,Wholesale of waste and scrap and other products n.e.c.,,RAKEZ,
Waste Plastic Trading,103023.0,46,466,4669,Wholesale of waste and scrap and other products n.e.c.,,RAKEZ,
Watches & Clocks & Spare Parts Trading,103024.0,46,465,4652,Wholesale of electronic and telecommunications equipment and parts,,RAKEZ,
Water Cooling & Heating Equipment Trading,103025.0,46,466,4663,"Wholesale of construction materials, hardware, plumbing and heating equipment and supplies",,RAKEZ,
Water Desalination Equipment Trading,103026.0,46,465,4659,Wholesale of other machinery and equipment,,RAKEZ,
Water Heaters Trading,103027.0,47,475,4752,"Retail sale of hardware, paints and glass in specialized stores",,RAKEZ,
Water Treatment & Purification Chemicals Trading,103028.0,46,466,4669,Wholesale of waste and scrap and other products n.e.c.,,RAKEZ,
Water Treatment Equipment Trading,103029.0,46,465,4659,Wholesale of other machinery and equipment,,RAKEZ,
"Water, Sewage & Irrigation Engineering Consultancy",103031.0,71,711,7110,Architectural and engineering activities and related technical consultancy,,RAKEZ,
Wax Candles Trading,103008.0,47,475,4759,"Retail sale of electrical household appliances, furniture, lighting equipment and other household articles in specialized stores",,RAKEZ,
Web Analytics,103012.0,63,631,6311,"Data processing, hosting and related activities",,RAKEZ,
Web-Design,103013.0,62,620,6201,Computer programming activities,,RAKEZ,
Web-hosting,103014.0,63,631,6311,"Data processing, hosting and related activities",,RAKEZ,
Well Drilling Equipment Trading,103021.0,47,477,4773,Other retail sale of new goods in specialized stores,,RAKEZ,
Wholesale of Artificial Stone Trading,,46,466,4663,"Wholesale of construction materials, hardware, plumbing and heating equipment and supplies",,RAKEZ,
Wholesale of Computer Systems And Software Trading,,46,465,4651,"Wholesale of computers, computer peripheral equipment and software",,RAKEZ,
Wholesale of Container and Bottle Caps Trading,,46,466,4669,Wholesale of waste and scrap and other products n.e.c.,,RAKEZ,
Wholesale of Houseware and Equipment Trading,,46,464,4649,Wholesale of other household goods,,RAKEZ,
Wholesale of Iron Main Products Trading,,46,466,4662,Wholesale of metals and metal ores,,RAKEZ,
Wholesale of Metal Boxes and Container Trading,,46,466,4669,Wholesale of waste and scrap and other products n.e.c.,,RAKEZ,
Wholesale of New Heavy Equipment and Machinery Selling,,46,465,4659,Wholesale of other machinery and equipment,,RAKEZ,
Wholesale of Non-ferrous Metal Main Products Trading,,46,466,4662,Wholesale of metals and metal ores,,RAKEZ,
Wholesale of Office Tools Trading,,46,465,4659,Wholesale of other machinery and equipment,,RAKEZ,
Wholesale of Oil Well Chemicals Trading,,46,466,4669,Wholesale of waste and scrap and other products n.e.c.,,RAKEZ,
Wholesale of Plastic Bags and Containers Trading,,46,466,4669,Wholesale of waste and scrap and other products n.e.c.,,RAKEZ,
Wholesale of Spice and Pepper Trading,103235.0,46,463,4630,"Wholesale of food, beverages and tobacco",,RAKEZ,
Wholesale of Sunglasses Trading,,46,464,4649,Wholesale of other household goods,,RAKEZ,
"Wholesale of Tents, Umbrellas Pavilions Trading",103097.0,46,465,4659,Wholesale of other machinery and equipment,,RAKEZ,
Wholesale of Trade Cutters ( Sheet Metal ) Fire Resistance,,46,466,4669,Wholesale of waste and scrap and other products n.e.c.,,RAKEZ,
Wireless Equipment & Instruments Trading,103004.0,46,465,4652,Wholesale of electronic and telecommunications equipment and parts,,RAKEZ,
Wires & Cables Trading,103003.0,47,475,4752,"Retail sale of hardware, paints and glass in specialized stores",,RAKEZ,
Wooden Products Trading,103001.0,46,466,4663,"Wholesale of construction materials, hardware, plumbing and heating equipment and supplies",,RAKEZ,
Wool & Animal Hair Trading,103000.0,46,462,4620,Wholesale of agricultural raw materials and live animals,,RAKEZ,
"Workshop Equipment, Machinery & Spare Parts Trading",102999.0,46,465,4659,Wholesale of other machinery and equipment,,RAKEZ,
Workshop Hardware & Tools Trading,102998.0,47,475,4752,"Retail sale of hardware, paints and glass in specialized stores",,RAKEZ,
Organic Fertilizers Manufacturing,103612,20,201,2012,Manufacture of fertilizers and nitrogen compounds,,Rakez,Draft
"Stones Cutting, Shaping and Finishing",100973,23,239,2396,"Cutting, shaping and finishing of stone",,Rakez,Draft
Toughened or Laminated Flat Glass Manufacturing,102247,23,231,2310,Manufacture of glass and glass products,,Rakez,Draft
Plastic Pipes & Fitting Manufacturing,103672,22,222,2220,Manufacture of plastics products,,Rakez,Draft
Medical & Surgical Requisites Manufacturing,102676,21,210,2100,"Manufacture of pharmaceuticals, medicinal chemical and botanical products",,Rakez,Draft
Disinfectant Booths Fabrication,101082,25,259,2592,Treatment and coating of metals; machining,,Rakez,Draft
Lime Manufacturing,102122,23,239,2399,Manufacture of other non-metallic mineral products n.e.c.,,Rakez,Draft
"Wholesale of Pumps, Motors and Valves and Outfit Trading",102697,46,466,4669,Wholesale of waste and scrap and other products n.e.c.,,Rakez,Draft
Wholesale of Electricity Transformers and Outfit Trading,103296,46,465,4659,Wholesale of other machinery and equipment,,Rakez,Draft
Wholesale tools and accessories extensions of computer networks,100806,46,465,4651,"Wholesale of computers, computer peripheral equipment and software",,Rakez,Draft
Consultancy of Aviation Engineering,100340,71,711,7110,Architectural and engineering activities and related technical consultancy,,Rakez,Draft
Administrative Training Services,100091,85,855,8550,Educational support activities,,Rakez,Draft
Dry Batteries Manufacturing,101149,27,272,2720,Manufacture of batteries and accumulators,,Rakez,Draft
Liquid Batteries Manufacturing,102125,27,272,2720,Manufacture of batteries and accumulators,,Rakez,Draft
Wine Manufacturing,101839,10,107,1079,Manufacture of other food products n.e.c.,,Rakez,Draft
Management Services,102181,70,701,7010,Activities of head offices,,Rakez,Draft
Gas and Petroleum Materials Storing,101618,52,521,5210,Warehousing and storage,,Rakez,Draft
Land and Real Estate Purchase and Sale,102060,68,682,6820,Real estate activities on a fee or contract basis,,Rakez,Draft
Project Management Services,102903,82,821,8211,Combined office administrative service activities,,Rakez,Draft
Regime and Weight Control Services,102981,86,869,8690,Other human health activities,,Rakez,Draft
Social Media Applications Development & Management,103261,62,620,6201,Computer programming activities,,Rakez,Draft
"Unmanned Aerial Vehicles (Drone) Exporting, Selling & Maintenance & Spare Parts",103065,47,477,4773,Other retail sale of new goods in specialized stores,,Rakez,Draft
"Wholesale of Buildings, Windows and Doors Metal Products Trading",100511,46,466,4663,"Wholesale of construction materials, hardware, plumbing and heating equipment and supplies",,Rakez,Draft
"Air-conditioning, Cooling, Heating and Ventilation Engineering Consultancy",100154,71,711,7110,Architectural and engineering activities and related technical consultancy,,Rakez,Draft
Wholesale of organic food Trading,100825,46,463,4630,"Wholesale of food, beverages and tobacco",,Rakez,Draft
Wholesale of Paints Trading,103268,46,463,4630,"Wholesale of food, beverages and tobacco",,Rakez,Draft
Technological Development Of delicate Internal Systems of Aircrafts,103273,71,711,7110,Architectural and engineering activities and related technical consultancy,,Rakez,Draft
Cars Tyres and Outfit Trading,100600,45,453,4530,Sale of motor vehicle parts and accessories,,Rakez,Draft
Petroleum and Chemical Engineering Consultancy,102683,71,711,7110,Architectural and engineering activities and related technical consultancy,,Rakez,Draft
Wholesale of Marine Equipment and Machinery Trading,102607,46,465,4659,Wholesale of other machinery and equipment,,Rakez,Draft
Wholesale of Plastic Products Trading,103023,46,466,4669,Wholesale of waste and scrap and other products n.e.c.,,Rakez,Draft
Wholesale of Restaurants and Kitchens Equipment and Outfit Trading,103296,46,465,4659,Wholesale of other machinery and equipment,,Rakez,Draft
Casting of Iron Castings,100608,24,243,2431,Casting of iron and steel,,Rakez,Draft
Polyurethane Ornamental Moldings Manufacturing,103675,22,222,2220,Manufacture of plastics products,,Rakez,Draft
Rubber Tyres Manufacturing,103646,22,221,2211,Manufacture of rubber tyres and tubes; retreading and rebuilding of rubber tyres,,Rakez,Draft
Offset Printing,100434,82,821,8219,"Photocopying, document preparation and other specialized office support activities",,Rakez,Draft
Plastic Bags Manufacturing,103661,22,222,2220,Manufacture of plastics products,,Rakez,Draft
Plastic Chips Manufacturing,103667,22,222,2220,Manufacture of plastics products,,Rakez,Draft
Disposable Plastic Cutlery Manufacturing,101093,22,222,2220,Manufacture of plastics products,,Rakez,Draft
Heavy Machines and Machinery Repairing and Maintenance,101778,33,331,3312,Repair of machinery,,Rakez,Draft
Fireproof Metal Doors Manufacturing,101457,25,251,2512,"Manufacture of tanks, reservoirs and containers of metal",,Rakez,Draft
Plastic Sheets Manufacturing,103673,22,222,2220,Manufacture of plastics products,,Rakez,Draft
Engraving Printing,101313,18,181,1812,Service activities related to printing,,Rakez,Draft
Filter Rods Manufacturing,101421,28,282,2829,Manufacture of other special-purpose machinery,,Rakez,Draft
Deodorants and Bath Salts Manufacturing,101021,20,202,2023,"Manufacture of soap and detergents, cleaning and polishing preparations, perfumes and toilet preparations",,Rakez,Draft
Crudes Plastics in Primary Forms Manufacturing,100943,20,201,2011,Manufacture of basic chemicals,,Rakez,Draft
Bread Manufacturing,100474,10,107,1071,Manufacture of bakery products,,Rakez,Draft
Butter Manufacturing,100533,10,105,1050,Manufacture of dairy products,,Rakez,Draft
Instant Coffee Preparation,101936,10,107,1079,Manufacture of other food products n.e.c.,,Rakez,Draft
Instant Tea Preparation,101937,10,107,1079,Manufacture of other food products n.e.c.,,Rakez,Draft
Carbonated Water Manufacturing,100568,11,110,1104,Manufacture of soft drinks; production of mineral waters and other bottled waters,,Rakez,Draft
Cereal Food Manufacturing,100638,10,106,1061,Manufacture of grain mill products,,Rakez,Draft
Cheese Balls Manufacturing,100650,10,105,1050,Manufacture of dairy products,,Rakez,Draft
Cheese Manufacturing,100651,10,105,1050,Manufacture of dairy products,,Rakez,Draft
Chemical Fertilizers Manufacturing,100657,20,201,2012,Manufacture of fertilizers and nitrogen compounds,,Rakez,Draft
Chemicals Blending,100663,20,201,2011,Manufacture of basic chemicals,,Rakez,Draft
Cocoa & Chocolate Candies Manufacturing,100684,10,107,1073,"Manufacture of cocoa, chocolate and sugar confectionery",,Rakez,Draft
Coffee Roasting & Packaging,100734,10,107,1079,Manufacture of other food products n.e.c.,,Rakez,Draft
Composed Industrial Chemicals Manufacturing,100786,20,201,2011,Manufacture of basic chemicals,,Rakez,Draft
Construction Chemicals Manufacturing,100834,20,202,2029,Manufacture of other chemical products n.e.c.,,Rakez,Draft
Cosmetics & Personal Care Preservatives Manufacturing,100907,20,202,2023,"Manufacture of soap and detergents, cleaning and polishing preparations, perfumes and toilet preparations",,Rakez,Draft
Cosmetics Manufacturing,100908,32,329,3290,Other manufacturing n.e.c.,,Rakez,Draft
Cream of Milk Manufacturing,100920,10,105,1050,Manufacture of dairy products,,Rakez,Draft
Crude Sugar Refining,100942,10,107,1072,Manufacture of sugar,,Rakez,Draft
Dairy Products Manufacturing & Packing,100979,10,105,1050,Manufacture of dairy products,,Rakez,Draft
Dates Drying & Packaging,100996,10,103,1030,Processing and preserving of fruit and vegetables,,Rakez,Draft
Dry Fruit & Vegetables Packaging,101152,10,103,1030,Processing and preserving of fruit and vegetables,,Rakez,Draft
Fish & Seafood Canning & Preserving,101465,10,102,1020,"Processing and preserving of fish, crustaceans and molluscs",,Rakez,Draft
Fish & Seafood Freezing,101466,10,102,1020,"Processing and preserving of fish, crustaceans and molluscs",,Rakez,Draft
Fish & Seafood Processing Vessels,101467,10,102,1020,"Processing and preserving of fish, crustaceans and molluscs",,Rakez,Draft
Flour Mills,101494,10,106,1061,Manufacture of grain mill products,,Rakez,Draft
Fodder Manufacturing,101503,10,108,1080,Manufacture of prepared animal feeds,,Rakez,Draft
Food Supplements Manufacturing,101521,10,107,1079,Manufacture of other food products n.e.c.,,Rakez,Draft
Foods Containing Homogenized Ingredients Manufacturing,101524,10,107,1079,Manufacture of other food products n.e.c.,,Rakez,Draft
Fruit & Vegetables Freezing,101564,10,103,1030,Processing and preserving of fruit and vegetables,,Rakez,Draft
Fruit Canning & Packaging,101566,10,103,1030,Processing and preserving of fruit and vegetables,,Rakez,Draft
Grain Mills,101702,10,106,1061,Manufacture of grain mill products,,Rakez,Draft
Grains Packaging,101704,10,106,1061,Manufacture of grain mill products,,Rakez,Draft
Fruit Flavored Drinks Manufacturing,101567,11,110,1104,Manufacture of soft drinks; production of mineral waters and other bottled waters,,Rakez,Draft
Fruit Juices Manufacturing,101570,10,103,1030,Processing and preserving of fruit and vegetables,,Rakez,Draft
Gas & Chemicals Production Systems Assembling,101616,28,282,2829,Manufacture of other special-purpose machinery,,Rakez,Draft
Gum Powder Manufacturing,101725,10,107,1079,Manufacture of other food products n.e.c.,,Rakez,Draft
Animal & Birds Feed Manufacturing,100205,10,108,1080,Manufacture of prepared animal feeds,,Rakez,Draft
Herbs Packaging,101783,10,107,1079,Manufacture of other food products n.e.c.,,Rakez,Draft
Honey & syrups Refilling,101801,10,107,1079,Manufacture of other food products n.e.c.,,Rakez,Draft
Hot Sauce Manufacturing,101811,10,107,1079,Manufacture of other food products n.e.c.,,Rakez,Draft
Animal Oil & Fat Manufacturing,100215,10,104,1040,Manufacture of vegetable and animal oils and fats,,Rakez,Draft
Baby Food Manufacturing,100352,10,107,1079,Manufacture of other food products n.e.c.,,Rakez,Draft
Ice Cream Manufacturing,101835,10,105,1050,Manufacture of dairy products,,Rakez,Draft
Ice Manufacturing,101839,10,107,1079,Manufacture of other food products n.e.c.,,Rakez,Draft
Batteries Distilled Water Manufacturing,100386,20,201,2011,Manufacture of basic chemicals,,Rakez,Draft
Biscuit Manufacturing,100416,10,107,1071,Manufacture of bakery products,,Rakez,Draft
Uniforms Manufacturing,103516,14,141,1410,"Manufacture of wearing apparel, except fur apparel",,Rakez,Draft
Unit Air-Conditioner Manufacturing,100143,28,281,2819,Manufacture of other general-purpose machinery,,Rakez,Draft
Synthetic Sponge Manufacturing,103280,22,222,2220,Manufacture of plastics products,,Rakez,Draft
Watches & Clocks Manufacturing,103853,26,265,2652,Manufacture of watches and clocks,,Rakez,Draft
Tailoring & Embroidery Requisites Manufacturing,101716,32,329,3290,Other manufacturing n.e.c.,,Rakez,Draft
Tanker Manufacturing,103185,29,292,2920,Manufacture of bodies (coachwork) for motor vehicles; manufacture of trailers and semi-trailers,,Rakez,Draft
Tanks Manufacturing,103185,25,259,2599,Manufacture of other fabricated metal products n.e.c.,,Rakez,Draft
Tar Manufacturing,103185,29,292,2920,Manufacture of bodies (coachwork) for motor vehicles; manufacture of trailers and semi-trailers,,Rakez,Draft
Water Filters Manufacturing,101421,28,282,2829,Manufacture of other special-purpose machinery,,Rakez,Draft
Water Treatment Equipment Assembling,101113,28,282,2829,Manufacture of other special-purpose machinery,,Rakez,Draft
Water Treatment Equipment Manufacturing,101296,28,282,2829,Manufacture of other special-purpose machinery,,Rakez,Draft
Telecommunications Equipment & Accessories Assembling,103169,26,263,2630,Manufacture of communication equipment,,Rakez,Draft
Telecommunications Equipment & Accessories Manufacturing,103277,26,263,2630,Manufacture of communication equipment,,Rakez,Draft
Telecommunications Wires Manufacturing,100314,27,273,2732,Manufacture of other electronic and electric wires and cables,,Rakez,Draft
"Tents, Awnings & Tarpaulin Manufacturing",103487,13,139,1392,"Manufacture of made-up textile articles, except apparel",,Rakez,Draft
Weighing Materials Manufacturing,103850,26,265,2651,"Manufacture of measuring, testing, navigating and control equipment",,Rakez,Draft
Welding Bars Manufacturing,103806,25,259,2599,Manufacture of other fabricated metal products n.e.c.,,Rakez,Draft
Tin Cans & Containers Manufacturing,103803,25,259,2599,Manufacture of other fabricated metal products n.e.c.,,Rakez,Draft
Tissues & Napkins Manufacturing,103574,17,170,1709,Manufacture of other articles of paper and paperboard,,Rakez,Draft
Tooth & Mouth Care Products Manufacturing,103343,20,202,2023,"Manufacture of soap and detergents, cleaning and polishing preparations, perfumes and toilet preparations",,Rakez,Draft
Wood Drying & Processing,103525,16,161,1610,Sawmilling and planing of wood,,Rakez,Draft
Wooden Boxes & Containers Manufacturing,103549,16,162,1629,"Manufacture of other products of wood; manufacture of articles of cork, straw and plaiting materials",,Rakez,Draft
Wooden Decor Products Manufacturing,103551,16,162,1629,"Manufacture of other products of wood; manufacture of articles of cork, straw and plaiting materials",,Rakez,Draft
Wooden Doors & Windows Manufacturing,103552,16,162,1629,"Manufacture of other products of wood; manufacture of articles of cork, straw and plaiting materials",,Rakez,Draft
Wooden Pallets Manufacturing,103553,16,162,1629,"Manufacture of other products of wood; manufacture of articles of cork, straw and plaiting materials",,Rakez,Draft
Wooden Ships & Boats Manufacturing,100506,30,301,3012,Building of pleasure and sporting boats,,Rakez,Draft
Wool Glass Manufacturing,103683,23,231,2310,Manufacture of glass and glass products,,Rakez,Draft
"Yarn, Textiles Dyeing & Processing",103476,13,131,1312,Weaving of textiles,,Rakez,Draft
Towels Manufacturing,103575,17,170,1709,Manufacture of other articles of paper and paperboard,,Rakez,Draft
Traffic Signs Manufacturing,103804,25,259,2599,Manufacture of other fabricated metal products n.e.c.,,Rakez,Draft
Trailers Manufacturing,103185,29,292,2920,Manufacture of bodies (coachwork) for motor vehicles; manufacture of trailers and semi-trailers,,Rakez,Draft
Transport Furniture Manufacturing,101793,31,310,3100,Manufacture of furniture,,Rakez,Draft
Trucks Tarp Covering Systems Manufacturing,100712,28,282,2829,Manufacture of other special-purpose machinery,,Rakez,Draft
Trunks Manufacturing,103805,25,259,2599,Manufacture of other fabricated metal products n.e.c.,,Rakez,Draft
Turbines Manufacturing,101301,28,281,2811,"Manufacture of engines and turbines, except aircraft, vehicle and cycle engines",,Rakez,Draft
Typewriter Manufacturing,100544,28,281,2817,Manufacture of office machinery and equipment (except computers and peripheral equipment),,Rakez,Draft
Umbrellas & Awnings Manufacturing,100486,32,329,3290,Other manufacturing n.e.c.,,Rakez,Draft
Valves Manufacturing,102503,28,281,2813,"Manufacture of other pumps, compressors, taps and valves",,Rakez,Draft
Vegetables & Legumes Canning & Packaging,103421,10,103,1030,Processing and preserving of fruit and vegetables,,Rakez,Draft
Vehicle Bodies Manufacturing,103185,29,292,2920,Manufacture of bodies (coachwork) for motor vehicles; manufacture of trailers and semi-trailers,,Rakez,Draft
Vehicle Liquids Bottling,103058,82,829,8292,Packaging activities,,Rakez,Draft
Vehicle Speed Limiter Assembling,102082,29,293,2930,Manufacture of parts and accessories for motor vehicles,,Rakez,Draft
Ventilation Equipment Manufacturing,103351,28,281,2819,Manufacture of other general-purpose machinery,,Rakez,Draft
Video Cassettes Manufacturing,103605,18,182,1820,Reproduction of recorded media,,Rakez,Draft
Wall Coating Materials Manufacturing,103703,23,239,2399,Manufacture of other non-metallic mineral products n.e.c.,,Rakez,Draft
Grinding & Scraping Requisites Manufacturing,101716,32,329,3290,Other manufacturing n.e.c.,,Rakez,Draft
Gum & Glue Manufacturing,101723,20,202,2029,Manufacture of other chemical products n.e.c.,,Rakez,Draft
Gypsum Manufacturing,101730,23,239,2399,Manufacture of other non-metallic mineral products n.e.c.,,Rakez,Draft
Gypsum Products Manufacturing,101730,23,239,2399,Manufacture of other non-metallic mineral products n.e.c.,,Rakez,Draft
Insulation Materials Manufacturing,101942,25,259,2599,Manufacture of other fabricated metal products n.e.c.,,Rakez,Draft
Interlock Tiles Manufacturing,101963,23,239,2395,"Manufacture of articles of concrete, cement and plaster",,Rakez,Draft
Iron & Steel Rolling,101995,24,241,2410,Manufacture of basic iron and steel,,Rakez,Draft
Iron & Steel Smelter,101996,24,241,2410,Manufacture of basic iron and steel,,Rakez,Draft
Kerb Stones Manufacturing,102027,23,239,2395,"Manufacture of articles of concrete, cement and plaster",,Rakez,Draft
Kitchen Appliances Manufacturing,102034,27,275,2750,Manufacture of domestic appliances,,Rakez,Draft
Kitchen Cabinets & Fixtures Manufacturing,102035,31,310,3100,Manufacture of furniture,,Rakez,Draft
Laboratory Diagnostics Reagents Manufacturing,102047,20,202,2029,Manufacture of other chemical products n.e.c.,,Rakez,Draft
Lighting Fitting & Fixtures Assembling,102120,27,274,2740,Manufacture of electric lighting equipment,,Rakez,Draft
lnk Mixing & Refilling,102135,20,202,2029,Manufacture of other chemical products n.e.c.,,Rakez,Draft
Locks & Keys Manufacturing,102144,25,259,2593,"Manufacture of cutlery, hand tools and general hardware",,Rakez,Draft
"Marble Cutting, Grinding & Polishing",102604,23,239,2396,"Cutting, shaping and finishing of stone",,Rakez,Draft
Marine Guide Equipment & Tools Assembling,102609,28,282,2829,Manufacture of other special-purpose machinery,,Rakez,Draft
Mats & Rugs Manufacturing,100590,13,139,1393,Manufacture of carpets and rugs,,Rakez,Draft
Mattresses & Cushions Making,100591,31,310,3100,Manufacture of furniture,,Rakez,Draft
Lace & Band Crochet Manufacturing,102049,13,139,1391,Manufacture of knitted and crocheted fabrics,,Rakez,Draft
Ladies' Garments Manufacturing,102053,14,141,1410,"Manufacture of wearing apparel, except fur apparel",,Rakez,Draft
Ladies' Underwears Manufacturing,102058,14,141,1410,"Manufacture of wearing apparel, except fur apparel",,Rakez,Draft
Lamp Base & Accessories Manufacturing,102059,27,274,2740,Manufacture of electric lighting equipment,,Rakez,Draft
Metal Utensils Manufacturing,103791,25,259,2599,Manufacture of other fabricated metal products n.e.c.,,Rakez,Draft
Metal Wires Manufacturing,103792,25,259,2599,Manufacture of other fabricated metal products n.e.c.,,Rakez,Draft
Metallic Caps & Seals Manufacturing,103793,25,259,2599,Manufacture of other fabricated metal products n.e.c.,,Rakez,Draft
Neon Signs Manufacturing,100644,27,274,2740,Manufacture of electric lighting equipment,,Rakez,Draft
Nets Manufacturing,103492,13,139,1394,"Manufacture of cordage, rope, twine and netting",,Rakez,Draft
Oilfield Drilling Equipment & Components Manufacturing,100841,28,281,2811,"Manufacture of engines and turbines, except aircraft, vehicle and cycle engines",,Rakez,Draft
Metal Blinds Manufacturing,100591,31,310,3100,Manufacture of furniture,,Rakez,Draft
Metal Buckets Manufacturing,103365,25,259,2599,Manufacture of other fabricated metal products n.e.c.,,Rakez,Draft
Metal Cabinets and Enclosures Manufacturing,103764,25,259,2599,Manufacture of other fabricated metal products n.e.c.,,Rakez,Draft
Mobile Concrete Mixers Manufacturing,103185,29,292,2920,Manufacture of bodies (coachwork) for motor vehicles; manufacture of trailers and semi-trailers,,Rakez,Draft
Non- Alcoholic Malt Beverage Manufacturing,103260,11,110,1104,Manufacture of soft drinks; production of mineral waters and other bottled waters,,Rakez,Draft
Optical Products Manufacturing,103867,26,267,2670,Manufacture of optical instruments and photographic equipment,,Rakez,Draft
Pickle Processing,103415,10,103,1030,Processing and preserving of fruit and vegetables,,Rakez,Draft
Potato Chips Manufacturing,103308,10,103,1030,Processing and preserving of fruit and vegetables,,Rakez,Draft
Poultry Products Manufacturing,103399,10,101,1010,Processing and preserving of meat,,Rakez,Draft
Sugar Cubes Manufacturing,102597,10,107,1072,Manufacture of sugar,,Rakez,Draft
Sugar Packaging,103442,10,107,1072,Manufacture of sugar,,Rakez,Draft
Tea Blending & Packaging,100428,10,107,1079,Manufacture of other food products n.e.c.,,Rakez,Draft
Yogurt Manufacturing,102994,10,105,1050,Manufacture of dairy products,,Rakez,Draft
Agarwood & Incense Manufacturing,100109,20,202,2029,Manufacture of other chemical products n.e.c.,,Rakez,Draft
"Bamboo ,Cane & Wicker Products Manufacturing",100368,16,162,1629,"Manufacture of other products of wood; manufacture of articles of cork, straw and plaiting materials",,Rakez,Draft
Barbed Wire Manufacturing,100376,25,259,2599,Manufacture of other fabricated metal products n.e.c.,,Rakez,Draft
Rice Husking & Polishing,103433,10,106,1061,Manufacture of grain mill products,,Rakez,Draft
Rose Water Bottling,101567,11,110,1104,Manufacture of soft drinks; production of mineral waters and other bottled waters,,Rakez,Draft
"Sauces, Spreads & Condiments Preparation",103453,10,107,1079,Manufacture of other food products n.e.c.,,Rakez,Draft
Test & Analysis Chemicals Manufacturing,103634,20,202,2029,Manufacture of other chemical products n.e.c.,,Rakez,Draft
Tomato Paste Manufacturing,103420,10,103,1030,Processing and preserving of fruit and vegetables,,Rakez,Draft
Agricultural Tractors Manufacturing,100130,28,282,2821,Manufacture of agricultural and forestry machinery,,Rakez,Draft
Air-Conditioning Units Assembling,100142,28,281,2819,Manufacture of other general-purpose machinery,,Rakez,Draft
Albums Manufacturing,100185,32,329,3290,Other manufacturing n.e.c.,,Rakez,Draft
Aluminium Smelter,100190,24,242,2420,Manufacture of basic precious and other non-ferrous metals,,Rakez,Draft
Aluminum Extrusion,100192,24,242,2420,Manufacture of basic precious and other non-ferrous metals,,Rakez,Draft
Bearings & Gears Manufacturing,100392,28,281,2814,"Manufacture of bearings, gears, gearing and driving elements",,Rakez,Draft
Blasting & Painting Rooms Manufacturing,100424,25,259,2599,Manufacture of other fabricated metal products n.e.c.,,Rakez,Draft
Bleaching Products Manufacturing,100427,20,202,2029,Manufacture of other chemical products n.e.c.,,Rakez,Draft
Boats Building,100437,30,301,3012,Building of pleasure and sporting boats,,Rakez,Draft
Boilers Manufacturing,100441,25,259,2599,Manufacture of other fabricated metal products n.e.c.,,Rakez,Draft
"Bolts, Nuts, Screws & Nails Manufacturing",100442,25,259,2593,"Manufacture of cutlery, hand tools and general hardware",,Rakez,Draft
Glass Bottles & Containers Manufacturing,101668,23,231,2310,Manufacture of glass and glass products,,Rakez,Draft
Vegetable Ghee Manufacturing,103429,10,104,1040,Manufacture of vegetable and animal oils and fats,,Rakez,Draft
Vegetable Oil Production & Refining,103426,10,104,1040,Manufacture of vegetable and animal oils and fats,,Rakez,Draft
Wig Making,101547,32,329,3290,Other manufacturing n.e.c.,,Rakez,Draft
Access Cradles Manufacturing,100007,28,281,2816,Manufacture of lifting and handling equipment,,Rakez,Draft
Adhesive & Paper Slitting,100085,20,202,2029,Manufacture of other chemical products n.e.c.,,Rakez,Draft
Adhesives Manufacturing,100086,20,202,2029,Manufacture of other chemical products n.e.c.,,Rakez,Draft
Aluminium Foils Manufacturing,100193,24,242,2420,Manufacture of basic precious and other non-ferrous metals,,Rakez,Draft
Aluminum powder Production,100195,24,242,2420,Manufacture of basic precious and other non-ferrous metals,,Rakez,Draft
Aluminum Rolling,100196,24,242,2420,Manufacture of basic precious and other non-ferrous metals,,Rakez,Draft
Amusement Centers Equipment Manufacturing,100202,32,324,3240,Manufacture of games and toys,,Rakez,Draft
Auto Accessories Manufacturing,100311,29,293,2930,Manufacture of parts and accessories for motor vehicles,,Rakez,Draft
Auto Electrical Wires Manufacturing,100314,27,273,2732,Manufacture of other electronic and electric wires and cables,,Rakez,Draft
Auto Irrigation Devices Manufacturing,100317,28,282,2821,Manufacture of agricultural and forestry machinery,,Rakez,Draft
Auto Tarpaulin Tailoring,100325,13,139,1392,"Manufacture of made-up textile articles, except apparel",,Rakez,Draft
Auto Upholstery Manufacturing,100326,31,310,3100,Manufacture of furniture,,Rakez,Draft
Oilfields Chemicals Manufacturing,102794,20,202,2029,Manufacture of other chemical products n.e.c.,,Rakez,Draft
Pasta & Macaroni Manufacturing,103328,10,107,1074,"Manufacture of macaroni, noodles, couscous and similar farinaceous products",,Rakez,Draft
Pastry & Sweets Manufacturing,102468,10,107,1071,Manufacture of bakery products,,Rakez,Draft
Petrochemical Manufacturing,103609,20,201,2011,Manufacture of basic chemicals,,Rakez,Draft
Soft Drinks Manufacturing,101567,11,110,1104,Manufacture of soft drinks; production of mineral waters and other bottled waters,,Rakez,Draft
Soup Manufacturing,103451,10,107,1079,Manufacture of other food products n.e.c.,,Rakez,Draft
Spices Packaging,103236,10,107,1079,Manufacture of other food products n.e.c.,,Rakez,Draft
Brake Pads Manufacturing,100466,29,293,2930,Manufacture of parts and accessories for motor vehicles,,Rakez,Draft
Bricks Manufacturing,100477,23,239,2392,Manufacture of clay building materials,,Rakez,Draft
Brooms & Cleaning Articles Manufacturing,100486,32,329,3290,Other manufacturing n.e.c.,,Rakez,Draft
Glass Sheets & Mirror Manufacturing,101674,23,231,2310,Manufacture of glass and glass products,,Rakez,Draft
Glassware Manufacturing,101678,23,231,2310,Manufacture of glass and glass products,,Rakez,Draft
Gloves Manufacturing,101681,14,141,1410,"Manufacture of wearing apparel, except fur apparel",,Rakez,Draft
Grease & Lubricants Blending,101708,19,192,1920,Manufacture of refined petroleum products,,Rakez,Draft
Grease & Lubricants Manufacturing,101708,19,192,1920,Manufacture of refined petroleum products,,Rakez,Draft
Antennas Manufacturing,100223,26,263,2630,Manufacture of communication equipment,,Rakez,Draft
Arabic Gown Manufacturing,100242,14,141,1410,"Manufacture of wearing apparel, except fur apparel",,Rakez,Draft
Automatic Gates & Barriers Manufacturing,100329,28,281,2819,Manufacture of other general-purpose machinery,,Rakez,Draft
Automobile Assembly,100331,29,291,2910,Manufacture of motor vehicles,,Rakez,Draft
Baby Care Products Manufacturing,100350,32,329,3290,Other manufacturing n.e.c.,,Rakez,Draft
Beauty and Personal Care Requisites Manufacturing,100394,32,329,3290,Other manufacturing n.e.c.,,Rakez,Draft
Bed Sheets & Household Linen Manufacturing,100398,13,139,1392,"Manufacture of made-up textile articles, except apparel",,Rakez,Draft
Bicycles Manufacturing,100404,30,309,3092,Manufacture of bicycles and invalid carriages,,Rakez,Draft
Building Metal Products Manufacturing,100501,25,251,2511,Manufacture of structural metal products,,Rakez,Draft
Building Stainless Steel Products Manufacturing,100508,25,251,2512,"Manufacture of tanks, reservoirs and containers of metal",,Rakez,Draft
"Hand Bags, Wallets & Belts Manufacturing",101740,15,151,1512,"Manufacture of luggage, handbags and the like, saddlery and harness",,Rakez,Draft
Hand Tools Manufacturing,101742,25,259,2593,"Manufacture of cutlery, hand tools and general hardware",,Rakez,Draft
"Handling, Loading & Lifting Equipment Manufacturing",101745,28,281,2816,Manufacture of lifting and handling equipment,,Rakez,Draft
Heat Elements Manufacturing,101768,27,279,2790,Manufacture of other electrical equipment,,Rakez,Draft
Home Furniture Manufacturing,101793,31,310,3100,Manufacture of furniture,,Rakez,Draft
Industrial Solvents Manufacturing,101881,20,201,2011,Manufacture of basic chemicals,,Rakez,Draft
Iron Mongry Manufacturing,101998,25,259,2593,"Manufacture of cutlery, hand tools and general hardware",,Rakez,Draft
Jackets & Overcoats Manufacturing,102011,14,141,1410,"Manufacture of wearing apparel, except fur apparel",,Rakez,Draft
Lathe Workshop,102074,25,259,2599,Manufacture of other fabricated metal products n.e.c.,,Rakez,Draft
Lifts Assembling,102111,28,281,2816,Manufacture of lifting and handling equipment,,Rakez,Draft
Lubricants & Grease Refilling,102152,49,492,4923,Freight transport by road,,Rakez,Draft
Mechanical Seals & Gaskets Manufacturing,102656,32,329,3290,Other manufacturing n.e.c.,,Rakez,Draft
Medals & Shields Manufacturing,102657,25,259,2599,Manufacture of other fabricated metal products n.e.c.,,Rakez,Draft
Metal Doors & Windows Manufacturing,103728,25,251,2512,"Manufacture of tanks, reservoirs and containers of metal",,Rakez,Draft
Metal Drums & Barrels Manufacturing,103777,25,259,2599,Manufacture of other fabricated metal products n.e.c.,,Rakez,Draft
Metal False Ceilings Manufacturing,103780,25,259,2599,Manufacture of other fabricated metal products n.e.c.,,Rakez,Draft
Metal Grating Manufacturing,103782,25,259,2599,Manufacture of other fabricated metal products n.e.c.,,Rakez,Draft
"Vegetable, Animal Oil & Fat Refilling",103430,10,104,1040,Manufacture of vegetable and animal oils and fats,,Rakez,Draft
Vegetables & Cheese Spring Rolls Manufacturing,103448,10,107,1075,Manufacture of prepared meals and dishes,,Rakez,Draft
"Vegetables, Legumes Canning & Packaging",103421,10,103,1030,Processing and preserving of fruit and vegetables,,Rakez,Draft
Vinegar Manufacturing,103455,10,107,1079,Manufacture of other food products n.e.c.,,Rakez,Draft
Water Treatment & Purification Chemicals Manufacturing,103635,20,202,2029,Manufacture of other chemical products n.e.c.,,Rakez,Draft
Melamine Impregnated Paper Sheets Manufacturing,102704,17,170,1701,"Manufacture of pulp, paper and paperboard",,Rakez,Draft
Men's Underwears Manufacturing,102710,14,141,1410,"Manufacture of wearing apparel, except fur apparel",,Rakez,Draft
Men's Garments Manufacturing,102713,14,141,1410,"Manufacture of wearing apparel, except fur apparel",,Rakez,Draft
Metal Panels Manufacturing Insulation,101943,25,259,2599,Manufacture of other fabricated metal products n.e.c.,,Rakez,Draft
Metal Partitions Manufacturing,100591,31,310,3100,Manufacture of furniture,,Rakez,Draft
Metal Products Coating,103784,25,259,2599,Manufacture of other fabricated metal products n.e.c.,,Rakez,Draft
Metal Products Coating With Precious Metals,103785,25,259,2599,Manufacture of other fabricated metal products n.e.c.,,Rakez,Draft
Metal Ropes Manufacturing,103789,25,259,2599,Manufacture of other fabricated metal products n.e.c.,,Rakez,Draft
Metal Sections & Profiles Manufacturing,103704,24,241,2410,Manufacture of basic iron and steel,,Rakez,Draft
Mosaic Tiles Manufacturing,103694,23,239,2395,"Manufacture of articles of concrete, cement and plaster",,Rakez,Draft
Motor Vehicles Spare Parts Manufacturing,100311,29,293,2930,Manufacture of parts and accessories for motor vehicles,,Rakez,Draft
Motorcycles Manufacturing,102433,30,309,3091,Manufacture of motorcycles,,Rakez,Draft
Multi-Dimensional Images Production (Hologram),102752,74,742,7420,Photographic activities,,Rakez,Draft
Non Electrical Measuring & Control Systems Manufacturing,102769,26,265,2651,"Manufacture of measuring, testing, navigating and control equipment",,Rakez,Draft
Non-Ferrous Metal Casting,103711,24,242,2420,Manufacture of basic precious and other non-ferrous metals,,Rakez,Draft
Non-Structural Non-Refractory Ceramic Ware Manufacturing,103693,23,239,2393,Manufacture of other porcelain and ceramic products,,Rakez,Draft
Spongy Pillow Manufacturing,103485,13,139,1392,"Manufacture of made-up textile articles, except apparel",,Rakez,Draft
Hoses Assembling,101806,28,282,2829,Manufacture of other special-purpose machinery,,Rakez,Draft
Ink and Printing Materials Manufacturing,101899,20,202,2029,Manufacture of other chemical products n.e.c.,,Rakez,Draft
"Architectural , Advertising & Decorative Models Manufacturing",100247,32,329,3290,Other manufacturing n.e.c.,,Rakez,Draft
Artificial Marble Manufacturing,100268,23,239,2399,Manufacture of other non-metallic mineral products n.e.c.,,Rakez,Draft
Asphalt & Paving Materials Manufacturing,100277,23,239,2399,Manufacture of other non-metallic mineral products n.e.c.,,Rakez,Draft
Audio Cassettes Manufacturing,100296,18,182,1820,Reproduction of recorded media,,Rakez,Draft
Off Road Karts Assembling,102596,30,309,3092,Manufacture of bicycles and invalid carriages,,Rakez,Draft
Office Furniture Manufacturing,101793,31,310,3100,Manufacture of furniture,,Rakez,Draft
Offset Printing Plates Manufacturing,103794,25,259,2599,Manufacture of other fabricated metal products n.e.c.,,Rakez,Draft
Oil & Gas Fields Equipment Manufacturing,101301,28,281,2811,"Manufacture of engines and turbines, except aircraft, vehicle and cycle engines",,Rakez,Draft
Engines Spare Parts Manufacturing,101301,28,281,2811,"Manufacture of engines and turbines, except aircraft, vehicle and cycle engines",,Rakez,Draft
Fire Extinguishing Materials Manufacturing,101439,20,202,2029,Manufacture of other chemical products n.e.c.,,Rakez,Draft
Fire Fighting & Safety Equipment Manufacturing,101442,32,329,3290,Other manufacturing n.e.c.,,Rakez,Draft
Fire Fighting Equipment Assembling,101444,28,281,2819,Manufacture of other general-purpose machinery,,Rakez,Draft
Fire Fighting Pipes Manufacturing,101445,24,241,2410,Manufacture of basic iron and steel,,Rakez,Draft
Fire Rate Ducts Manufacturing,101448,25,259,2599,Manufacture of other fabricated metal products n.e.c.,,Rakez,Draft
Fire Resistant & Retardant Materials Manufacturing,101449,23,239,2399,Manufacture of other non-metallic mineral products n.e.c.,,Rakez,Draft
Fire Resistant Doors Manufacturing,101451,25,251,2512,"Manufacture of tanks, reservoirs and containers of metal",,Rakez,Draft
Computer Assembling,100791,26,262,2620,Manufacture of computers and peripheral equipment,,Rakez,Draft
Fishing Cages Manufacturing,101476,25,259,2599,Manufacture of other fabricated metal products n.e.c.,,Rakez,Draft
Fishing Net Making,101477,13,139,1394,"Manufacture of cordage, rope, twine and netting",,Rakez,Draft
Flags Manufacturing,101483,13,139,1392,"Manufacture of made-up textile articles, except apparel",,Rakez,Draft
Flooring Materials & Mats Manufacturing,101492,22,222,2220,Manufacture of plastics products,,Rakez,Draft
Cloth Hangers Manufacturing,100715,32,329,3290,Other manufacturing n.e.c.,,Rakez,Draft
Cold Storage Compartment Manufacturing,100740,28,282,2829,Manufacture of other special-purpose machinery,,Rakez,Draft
Exhausts Manufacturing,101357,29,293,2930,Manufacture of parts and accessories for motor vehicles,,Rakez,Draft
Exhibition Stands Manufacturing,101359,25,259,2599,Manufacture of other fabricated metal products n.e.c.,,Rakez,Draft
Expanded Metal Components Manufacturing,101360,25,259,2599,Manufacture of other fabricated metal products n.e.c.,,Rakez,Draft
Fabrics & Textiles Embroidering,101373,13,139,1399,Manufacture of other textiles n.e.c.,,Rakez,Draft
"Fabrics, Textiles & Readymade Garments Screen Printing",101375,13,131,1313,Finishing of textiles,,Rakez,Draft
False Ceilings Manufacturing,101385,23,239,2399,Manufacture of other non-metallic mineral products n.e.c.,,Rakez,Draft
Fibre Glass Products Manufacturing,101409,23,231,2310,Manufacture of glass and glass products,,Rakez,Draft
Files & Box Files Manufacturing,101411,17,170,1702,Manufacture of corrugated paper and paperboard and of containers of paper and paperboard,,Rakez,Draft
Concrete Blocks Manufacturing,100819,23,239,2395,"Manufacture of articles of concrete, cement and plaster",,Rakez,Draft
Concrete Floating Structures Manufacturing,100821,23,239,2399,Manufacture of other non-metallic mineral products n.e.c.,,Rakez,Draft
Concrete Tiles Manufacturing,100822,23,239,2395,"Manufacture of articles of concrete, cement and plaster",,Rakez,Draft
Conductors & Cable Joints Manufacturing,100824,27,273,2732,Manufacture of other electronic and electric wires and cables,,Rakez,Draft
Construction Equipment & Machinery Assembling,100837,28,282,2829,Manufacture of other special-purpose machinery,,Rakez,Draft
Food Heating Burners Manufacturing,101514,27,275,2750,Manufacture of domestic appliances,,Rakez,Draft
Construction Equipment & Spare Parts Manufacturing,100841,28,281,2811,"Manufacture of engines and turbines, except aircraft, vehicle and cycle engines",,Rakez,Draft
Constructional Clay Products Manufacturing,100849,23,239,2392,Manufacture of clay building materials,,Rakez,Draft
Contact Lenses Manufacturing,100873,26,267,2670,Manufacture of optical instruments and photographic equipment,,Rakez,Draft
Conveyor & Transmission Belts Manufacturing,100885,28,281,2816,Manufacture of lifting and handling equipment,,Rakez,Draft
Cookers & Cook Stoves Manufacturing,100887,27,275,2750,Manufacture of domestic appliances,,Rakez,Draft
Furniture Upholstery,101583,95,952,9524,Repair of furniture and home furnishings,,Rakez,Draft
Gabions Manufacturing,101586,25,259,2599,Manufacture of other fabricated metal products n.e.c.,,Rakez,Draft
Coolants Manufacturing,100892,20,202,2029,Manufacture of other chemical products n.e.c.,,Rakez,Draft
Copper Rod Casting,100895,24,242,2420,Manufacture of basic precious and other non-ferrous metals,,Rakez,Draft
Core Paper Manufacturing,100898,17,170,1701,"Manufacture of pulp, paper and paperboard",,Rakez,Draft
Corrugated Carton Boxes & Container Manufacturing,100905,17,170,1702,Manufacture of corrugated paper and paperboard and of containers of paper and paperboard,,Rakez,Draft
Garbage Chutes Manufacturing,101609,25,259,2599,Manufacture of other fabricated metal products n.e.c.,,Rakez,Draft
Gas Cylinders Manufacturing,101619,25,259,2599,Manufacture of other fabricated metal products n.e.c.,,Rakez,Draft
Diving Equipment Assembling,101113,28,282,2829,Manufacture of other special-purpose machinery,,Rakez,Draft
Dolls Manufacturing,101130,32,324,3240,Manufacture of games and toys,,Rakez,Draft
Calculators Manufacturing,100544,28,281,2817,Manufacture of office machinery and equipment (except computers and peripheral equipment),,Rakez,Draft
Candles Manufacturing,100552,32,329,3290,Other manufacturing n.e.c.,,Rakez,Draft
Caps & Headwears Manufacturing,100554,14,141,1410,"Manufacture of wearing apparel, except fur apparel",,Rakez,Draft
Cards & Envelops Manufacturing,100573,17,170,1709,Manufacture of other articles of paper and paperboard,,Rakez,Draft
Cargo Containers Manufacturing,100574,25,259,2599,Manufacture of other fabricated metal products n.e.c.,,Rakez,Draft
Dry Ice Manufacturing,101154,20,201,2011,Manufacture of basic chemicals,,Rakez,Draft
Carpet Underline Padding Manufacturing,100588,13,139,1392,"Manufacture of made-up textile articles, except apparel",,Rakez,Draft
Carpets Manufacturing,100590,13,139,1393,Manufacture of carpets and rugs,,Rakez,Draft
Cast Iron Manufacturing,100605,24,241,2410,Manufacture of basic iron and steel,,Rakez,Draft
CD Manufacturing,100622,26,264,2640,Manufacture of consumer electronics,,Rakez,Draft
Cement Products Manufacturing,100625,23,239,2394,"Manufacture of cement, lime and plaster",,Rakez,Draft
Egg Incubators Manufacturing,101210,28,282,2829,Manufacture of other special-purpose machinery,,Rakez,Draft
Electric Lamps Manufacturing,101220,27,274,2740,Manufacture of electric lighting equipment,,Rakez,Draft
Electric Water Heaters Manufacturing,101226,27,275,2750,Manufacture of domestic appliances,,Rakez,Draft
Electrical Home Appliances Manufacturing,101237,27,275,2750,Manufacture of domestic appliances,,Rakez,Draft
Central Air-Conditioning Equipment Manufacturing,100627,28,281,2819,Manufacture of other general-purpose machinery,,Rakez,Draft
Central Air-Conditioning Requisites Manufacturing,100630,25,259,2599,Manufacture of other fabricated metal products n.e.c.,,Rakez,Draft
Ceramic Tiles manufacturing,100636,23,239,2393,Manufacture of other porcelain and ceramic products,,Rakez,Draft
Chains Manufacturing,100641,25,259,2599,Manufacture of other fabricated metal products n.e.c.,,Rakez,Draft
Electrical Measuring & Control Systems Manufacturing,101240,26,265,2651,"Manufacture of measuring, testing, navigating and control equipment",,Rakez,Draft
Electronic Appliances Assembling,101249,26,264,2640,Manufacture of consumer electronics,,Rakez,Draft
Chandeliers Manufacturing,100644,27,274,2740,Manufacture of electric lighting equipment,,Rakez,Draft
Children Wears Manufacturing,100678,14,141,1410,"Manufacture of wearing apparel, except fur apparel",,Rakez,Draft
Children's Underwears Manufacturing,100677,14,141,1410,"Manufacture of wearing apparel, except fur apparel",,Rakez,Draft
Clay Bricks Manufacturing,100702,23,239,2392,Manufacture of clay building materials,,Rakez,Draft
Electronic Precision Devices Manufacturing,101269,26,265,2651,"Manufacture of measuring, testing, navigating and control equipment",,Rakez,Draft
Electronic Printed Circuit Boards Assembling,101271,26,261,2610,Manufacture of electronic components and boards,,Rakez,Draft
Elevators & Escalators components Manufacturing,101278,28,281,2816,Manufacture of lifting and handling equipment,,Rakez,Draft
Energy Efficient Equipment Manufacturing,101296,28,282,2829,Manufacture of other special-purpose machinery,,Rakez,Draft
Pens & Writing Instruments Manufacturing,102846,32,329,3290,Other manufacturing n.e.c.,,Rakez,Draft
Perfumes Blending & Bottling,103058,82,829,8292,Packaging activities,,Rakez,Draft
Planters Manufacturing,100552,32,329,3290,Other manufacturing n.e.c.,,Rakez,Draft
Plastic Toys Manufacturing,101130,32,324,3240,Manufacture of games and toys,,Rakez,Draft
Plate Heat Exchangers Assembling,103349,28,281,2819,Manufacture of other general-purpose machinery,,Rakez,Draft
Plywood Manufacturing,103526,16,162,1621,Manufacture of veneer sheets and wood-based panels,,Rakez,Draft
Power Distribution Cables Manufacturing,101405,27,273,2732,Manufacture of other electronic and electric wires and cables,,Rakez,Draft
Power Distribution Equipment Manufacturing,101222,27,271,2710,"Manufacture of electric motors, generators, transformers and electricity distribution and control apparatus",,Rakez,Draft
Power Distribution Panels Manufacturing,101222,27,271,2710,"Manufacture of electric motors, generators, transformers and electricity distribution and control apparatus",,Rakez,Draft
Power Generators & Transformers Assembly,101222,27,271,2710,"Manufacture of electric motors, generators, transformers and electricity distribution and control apparatus",,Rakez,Draft
School & Hospital Furniture Manufacturing,101818,31,310,3100,Manufacture of furniture,,Rakez,Draft
Shoes Manufacturing,103523,15,152,1520,Manufacture of footwear,,Rakez,Draft
Shop Fixtures Manufacturing,101793,31,310,3100,Manufacture of furniture,,Rakez,Draft
Silos Manufacturing,103799,25,259,2599,Manufacture of other fabricated metal products n.e.c.,,Rakez,Draft
Soap & Hair Care Products Manufacturing,103342,20,202,2023,"Manufacture of soap and detergents, cleaning and polishing preparations, perfumes and toilet preparations",,Rakez,Draft
Socks Manufacturing,103515,14,141,1410,"Manufacture of wearing apparel, except fur apparel",,Rakez,Draft
Specialized Industrial Machinery & Equipment Manufacturing,103240,28,282,2829,Manufacture of other special-purpose machinery,,Rakez,Draft
Specialized Precision Equipment Manufacturing,103240,28,282,2829,Manufacture of other special-purpose machinery,,Rakez,Draft
Split Air-Conditioner Manufacturing,103350,28,281,2819,Manufacture of other general-purpose machinery,,Rakez,Draft
Sponge Mattresses Manufacturing,100591,31,310,3100,Manufacture of furniture,,Rakez,Draft
Sponge Products Manufacturing,103676,22,222,2220,Manufacture of plastics products,,Rakez,Draft
Sports Goods Manufacturing,102231,32,323,3230,Manufacture of sports goods,,Rakez,Draft
Sports Wears Manufacturing,103210,14,141,1410,"Manufacture of wearing apparel, except fur apparel",,Rakez,Draft
Purification Materials Manufacturing,103632,20,202,2029,Manufacture of other chemical products n.e.c.,,Rakez,Draft
Purification of Potable Water,102932,36,360,3600,"Water collection, treatment and supply",,Rakez,Draft
Radiator Manufacturing,100466,29,293,2930,Manufacture of parts and accessories for motor vehicles,,Rakez,Draft
Ready Mixed Concrete Manufacturing,103697,23,239,2395,"Manufacture of articles of concrete, cement and plaster",,Rakez,Draft
Refrigerated Trailers Manufacturing,103185,29,292,2920,Manufacture of bodies (coachwork) for motor vehicles; manufacture of trailers and semi-trailers,,Rakez,Draft
"Refrigerators, Freezers & Water Coolers Manufacturing",102466,27,275,2750,Manufacture of domestic appliances,,Rakez,Draft
Reinforcement Steel Fabrication,102986,25,251,2511,Manufacture of structural metal products,,Rakez,Draft
Remote Control Systems Manufacturing,101768,27,279,2790,Manufacture of other electrical equipment,,Rakez,Draft
Rigs & Oilfield Platforms Manufacturing,103722,25,251,2511,Manufacture of structural metal products,,Rakez,Draft
Ropes Manufacturing,103493,13,139,1394,"Manufacture of cordage, rope, twine and netting",,Rakez,Draft
Rubber Products Manufacturing,103650,22,221,2219,Manufacture of other rubber products,,Rakez,Draft
Sawing Discs & Cutting Blades Manufacturing,103752,25,259,2593,"Manufacture of cutlery, hand tools and general hardware",,Rakez,Draft
Sawmilling & Planning Of Wood,103524,16,161,1610,Sawmilling and planing of wood,,Rakez,Draft
Scaffolds & Ladders Manufacturing,103723,25,251,2511,Manufacture of structural metal products,,Rakez,Draft
Self Adhesive Labels Manufacturing,103573,17,170,1709,Manufacture of other articles of paper and paperboard,,Rakez,Draft
Sewing Machines & Accessories Manufacturing,103310,28,282,2826,"Manufacture of machinery for textile, apparel and leather production",,Rakez,Draft
Sewing Yarn Manufacturing,103494,13,139,1394,"Manufacture of cordage, rope, twine and netting",,Rakez,Draft
Spring Mattresses Manufacturing,100591,31,310,3100,Manufacture of furniture,,Rakez,Draft
Stained Glass Forming,103682,23,231,2310,Manufacture of glass and glass products,,Rakez,Draft
Stamps Manufacturing,100185,32,329,3290,Other manufacturing n.e.c.,,Rakez,Draft
Stationery Manufacturing,100552,32,329,3290,Other manufacturing n.e.c.,,Rakez,Draft
Steel & Alloy Products Cutting,103706,24,241,2410,Manufacture of basic iron and steel,,Rakez,Draft
Steel Bars Manufacturing,103707,24,241,2410,Manufacture of basic iron and steel,,Rakez,Draft
Steel Fabrication & Welding Workshop,103740,25,259,2592,Treatment and coating of metals; machining,,Rakez,Draft
Steel Hangars & Sheds Manufacturing,103725,25,251,2511,Manufacture of structural metal products,,Rakez,Draft
Steel Pipes & Fittings Manufacturing,103708,24,241,2410,Manufacture of basic iron and steel,,Rakez,Draft
Steel Tubes & Fittings Manufacturing,103709,24,241,2410,Manufacture of basic iron and steel,,Rakez,Draft
Steel Wool Manufacturing,103802,25,259,2599,Manufacture of other fabricated metal products n.e.c.,,Rakez,Draft
Structural Steel Coating & Treatment,103786,25,259,2599,Manufacture of other fabricated metal products n.e.c.,,Rakez,Draft
Structural Steel Manufacturing,103727,25,251,2511,Manufacture of structural metal products,,Rakez,Draft
Power Supply Wires Accessories Manufacturing,101940,27,273,2732,Manufacture of other electronic and electric wires and cables,,Rakez,Draft
Power Supply Wires Manufacturing,100314,27,273,2732,Manufacture of other electronic and electric wires and cables,,Rakez,Draft
Precision Dies Manufacturing,103795,25,259,2599,Manufacture of other fabricated metal products n.e.c.,,Rakez,Draft
Pre-Fabricated Building Manufacturing,103532,16,162,1622,Manufacture of builders’ carpentry and joinery,,Rakez,Draft
Pressure Vessels Manufacturing,103796,25,259,2599,Manufacture of other fabricated metal products n.e.c.,,Rakez,Draft
Printers Cartridges Assembly,101880,28,282,2829,Manufacture of other special-purpose machinery,,Rakez,Draft
"Juice, Ice Cream & Dry Mixes Processing",102026,10,107,1079,Manufacture of other food products n.e.c.,,Rakez,Draft
Medicinal Chemicals Manufacturing,102699,21,210,2100,"Manufacture of pharmaceuticals, medicinal chemical and botanical products",,Rakez,Draft
Mineral Water Bottling,103259,11,110,1104,Manufacture of soft drinks; production of mineral waters and other bottled waters,,Rakez,Draft
Safety Harness Fabrication,100715,32,329,3290,Other manufacturing n.e.c.,,Rakez,Draft
Salt Cubes Manufacturing,103702,23,239,2399,Manufacture of other non-metallic mineral products n.e.c.,,Rakez,Draft
Salt Packaging,103419,10,103,1030,Processing and preserving of fruit and vegetables,,Rakez,Draft
Salt Refining,103458,10,107,1079,Manufacture of other food products n.e.c.,,Rakez,Draft
Jam Manufacturing,102012,10,103,1030,Processing and preserving of fruit and vegetables,,Rakez,Draft
Liquid Pasteurized Egg Production,102127,10,107,1079,Manufacture of other food products n.e.c.,,Rakez,Draft
Mayonnaise Manufacturing,102641,10,107,1079,Manufacture of other food products n.e.c.,,Rakez,Draft
Meat Products Manufacturing,102647,10,101,1010,Processing and preserving of meat,,Rakez,Draft
Meat Storing & Freezing,102649,10,101,1010,Processing and preserving of meat,,Rakez,Draft
Natural (Organic) Food Manufacturing,103457,10,107,1079,Manufacture of other food products n.e.c.,,Rakez,Draft
Nuts Roasting & Packaging,103414,10,103,1030,Processing and preserving of fruit and vegetables,,Rakez,Draft
Packing & Packaging Machines Assembling,100837,28,282,2829,Manufacture of other special-purpose machinery,,Rakez,Draft
Packing & Packaging Materials Manufacturing,103560,17,170,1709,Manufacture of other articles of paper and paperboard,,Rakez,Draft
Paper Stationery Manufacturing,103571,17,170,1709,Manufacture of other articles of paper and paperboard,,Rakez,Draft
Perfumes Manufacturing,103336,20,202,2023,"Manufacture of soap and detergents, cleaning and polishing preparations, perfumes and toilet preparations",,Rakez,Draft
Suitcases Manufacturing,103291,15,151,1512,"Manufacture of luggage, handbags and the like, saddlery and harness",,Rakez,Draft
Paper Bags Manufacturing,103569,17,170,1702,Manufacture of corrugated paper and paperboard and of containers of paper and paperboard,,Rakez,Draft
Paper Boxes & Containers Manufacturing,103570,17,170,1702,Manufacture of corrugated paper and paperboard and of containers of paper and paperboard,,Rakez,Draft
Pillows & Cushions Manufacturing,103484,13,139,1392,"Manufacture of made-up textile articles, except apparel",,Rakez,Draft
Pipelines Coating,103660,22,222,2220,Manufacture of plastics products,,Rakez,Draft
Powder Detergents Manufacturing,103339,20,202,2023,"Manufacture of soap and detergents, cleaning and polishing preparations, perfumes and toilet preparations",,Rakez,Draft
Power Control Switchgear & Distribution Panels Assembling,101222,27,271,2710,"Manufacture of electric motors, generators, transformers and electricity distribution and control apparatus",,Rakez,Draft
Power Control Switchgears Manufacturing,101221,27,271,2710,"Manufacture of electric motors, generators, transformers and electricity distribution and control apparatus",,Rakez,Draft
Power Transformers Manufacturing,101222,27,271,2710,"Manufacture of electric motors, generators, transformers and electricity distribution and control apparatus",,Rakez,Draft
Precast Building Manufacturing,103695,23,239,2395,"Manufacture of articles of concrete, cement and plaster",,Rakez,Draft
Precast Concrete Tanks Fabrication,103696,23,239,2395,"Manufacture of articles of concrete, cement and plaster",,Rakez,Draft
Precious Stones Cutting & Polishing,101684,32,321,3211,Manufacture of jewellery and related articles,,Rakez,Draft
Printing Cylinders Manufacturing,103797,25,259,2599,Manufacture of other fabricated metal products n.e.c.,,Rakez,Draft
Products Coating,103787,25,259,2599,Manufacture of other fabricated metal products n.e.c.,,Rakez,Draft
Pumps Assembling,102503,28,281,2813,"Manufacture of other pumps, compressors, taps and valves",,Rakez,Draft
Pumps Manufacturing,102503,28,281,2813,"Manufacture of other pumps, compressors, taps and valves",,Rakez,Draft
"Reflective, Enamelled & Insulant Glass Production",103680,23,231,2310,Manufacture of glass and glass products,,Rakez,Draft
Sanitary Napkins Manufacturing,103572,17,170,1709,Manufacture of other articles of paper and paperboard,,Rakez,Draft
Solar Panels Assembling,101222,27,271,2710,"Manufacture of electric motors, generators, transformers and electricity distribution and control apparatus",,Rakez,Draft
Solar Panels Manufacturing,101221,27,271,2710,"Manufacture of electric motors, generators, transformers and electricity distribution and control apparatus",,Rakez,Draft
Special Purposes Fabrics & Fibers Manufacturing,103505,13,139,1399,Manufacture of other textiles n.e.c.,,Rakez,Draft
"Cotton, Wool Spinning & Weaving",100915,13,131,1311,Preparation and spinning of textile fibres,,Rakez,Draft
Crane Manufacturing,100918,28,281,2816,Manufacture of lifting and handling equipment,,Rakez,Draft
Crude Fibre Glass Manufacturing,100936,20,201,2011,Manufacture of basic chemicals,,Rakez,Draft
Cutlery Manufacturing,100967,25,259,2593,"Manufacture of cutlery, hand tools and general hardware",,Rakez,Draft
Cutting & Shearing Tools Manufacturing,100968,25,259,2593,"Manufacture of cutlery, hand tools and general hardware",,Rakez,Draft
Dairy Products Manufacturing,100978,10,105,1050,Manufacture of dairy products,,Rakez,Draft
"Cable Trays, Cross Arms & Accessories Manufacturing",100538,25,259,2599,Manufacture of other fabricated metal products n.e.c.,,Rakez,Draft
Detection Equipment Assembling,101040,26,265,2651,"Manufacture of measuring, testing, navigating and control equipment",,Rakez,Draft
Detergents & Disinfectants Manufacturing,101042,20,202,2023,"Manufacture of soap and detergents, cleaning and polishing preparations, perfumes and toilet preparations",,Rakez,Draft
Diapers Manufacturing,101055,17,170,1709,Manufacture of other articles of paper and paperboard,,Rakez,Draft
Security & Surveillance Systems Installation & Maintenance,100799,43,432,4321,Electrical installation,,Rakez,Draft
Artificial Plants & Flowers Making,100269,32,329,3290,Other manufacturing n.e.c.,,Rakez,Draft
Cutting and Sawmilling of Wood,100969,16,161,1610,Sawmilling and planing of wood,,Rakez,Draft
Gold & Precious Metal Casting,101683,24,242,2420,Manufacture of basic precious and other non-ferrous metals,,Rakez,Draft
Metal Sheets and Plates Manufacturing,103705,24,241,2410,Manufacture of basic iron and steel,,Rakez,Draft
Plastic Bottles & Containers Manufacturing,101887,22,222,2220,Manufacture of plastics products,,Rakez,Draft
Metal Ships Building,103969,30,301,3011,Building of ships and floating structures,,Rakez,Draft
Paint Manufacturing,103616,20,202,2022,"Manufacture of paints, varnishes and similar coatings, printing ink and mastics",,Rakez,Draft
Gold Refinery,101687,24,242,2420,Manufacture of basic precious and other non-ferrous metals,,Rakez,Draft
Aircrafts Manufacturing,100164,30,303,3030,Manufacture of air and spacecraft and related machinery,,Rakez,Draft
Pharmaceuticals Packaging,102859,82,829,8292,Packaging activities,,Rakez,Draft
Manufacture of optical magnifying instruments,103861,26,267,2670,Manufacture of optical instruments and photographic equipment,,Rakez,Draft
Green hydrogen Production,101715,20,201,2011,Manufacture of basic chemicals,,Rakez,Draft
Extracting & Drilling Equipment & Machinery Rental,101369,77,773,7730,"Renting and leasing of other machinery, equipment and tangible goods",,Rakez,Draft
Chemical Material Storehouse,100659,52,521,5210,Warehousing and storage,,Rakez,Draft
Technical Consultancy of Buildings and Engineering Models Execution,103171,71,711,7110,Architectural and engineering activities and related technical consultancy,,Rakez,Draft
Security Systems Testing and Checking Services,101910,71,712,7120,Technical testing and analysis,,Rakez,Draft
Conferences and Symposiums Organization and Management,100828,82,823,8230,Organization of conventions and trade shows,,Rakez,Draft
"Patent Registration, Fees and Models Agents",103142,69,691,6910,Legal activities,,Rakez,Draft
Plumbing And Sanitary Contracting,102882,43,432,4322,"Plumbing, heat and air-conditioning installation",,Rakez,Draft
Medical Treatment Facilitation Services,102696,82,829,8299,Other business support service activities n.e.c.,,Rakez,Draft
Sanitary Installation & Pipes Repairing,101247,43,432,4322,"Plumbing, heat and air-conditioning installation",,Rakez,Draft
Electrical Fittings & Fixtures Services,101234,43,432,4329,Other construction installation,,Rakez,Draft
Floor & Wall Tiling Works,101491,43,433,4330,Building completion and finishing,,Rakez,Draft
Tinging and Painting Works,101673,43,433,4330,Building completion and finishing,,Rakez,Draft
Parties and Events Organizing,100827,82,823,8230,Organization of conventions and trade shows,,Rakez,Draft
Recreational Services,102976,93,932,9329,Other amusement and recreation activities n.e.c.,,Rakez,Draft
Security Consultancies,101454,74,749,7490,"Other professional, scientific and technical activities n.e.c.",,Rakez,Draft
"Translation, Editing & Proofreading Services",103128,74,749,7490,"Other professional, scientific and technical activities n.e.c.",,Rakez,Draft
Wholesale of Natural Fertilizers and Agricultural Reclamation Material Trading,103028,46,466,4669,Wholesale of waste and scrap and other products n.e.c.,,Rakez,Draft
Wholesale of Rice Trading,101805,46,462,4620,Wholesale of agricultural raw materials and live animals,,Rakez,Draft
Wholesale of Electricity Equipment And Fittings Trading,101235,46,466,4663,"Wholesale of construction materials, hardware, plumbing and heating equipment and supplies",,Rakez,Draft
Economical Feasibility Consultancy and Studies,101193,70,702,7020,Management consultancy activities,,Rakez,Draft
Wholesale of Cultural Environmental and Hand Made Products Trading,103196,46,464,4649,Wholesale of other household goods,,Rakez,Draft
Wholesale of Fresh Foodstuff Trading,100735,46,463,4630,"Wholesale of food, beverages and tobacco",,Rakez,Draft
Information Technology Network Services,101895,62,620,6202,Computer consultancy and computer facilities management activities,,Rakez,Draft
Claims Analysis Engineering Consultancy,100698,71,711,7110,Architectural and engineering activities and related technical consultancy,,Rakez,Draft
Pipelines Testing Services,101543,71,712,7120,Technical testing and analysis,,Rakez,Draft
Documents Saving Services,101127,82,821,8219,"Photocopying, document preparation and other specialized office support activities",,Rakez,Draft
Public Relations Consultancy,102910,70,702,7020,Management consultancy activities,,Rakez,Draft
Computer Repair & Maintenance,100802,95,951,9511,Repair of computers and peripheral equipment,,Rakez,Draft
Wholesale of Dried Food Trading,103268,46,463,4630,"Wholesale of food, beverages and tobacco",,Rakez,Draft
Wholesale of Horse and Racing-camel Material and Outfit Trading,101805,46,462,4620,Wholesale of agricultural raw materials and live animals,,Rakez,Draft
Wholesale of Crude Plastic and Nylon Trading,100940,46,466,4669,Wholesale of waste and scrap and other products n.e.c.,,Rakez,Draft
Traffic and Means of Transportation Planning Engineering Consultancy,102947,71,711,7110,Architectural and engineering activities and related technical consultancy,,Rakez,Draft
Building Material Manufacturing Consultancy,100500,71,711,7110,Architectural and engineering activities and related technical consultancy,,Rakez,Draft
Cargo Containers Rental,100575,77,773,7730,"Renting and leasing of other machinery, equipment and tangible goods",,Rakez,Draft
Robots and Simulation Devices Manufacturing,101421,28,282,2829,Manufacture of other special-purpose machinery,,Rakez,Draft
Marine Machines and Equipments Repairing and Maintenance,102608,33,331,3319,Repair of other equipment,,Rakez,Draft
Mobile Phones Repairing,102736,95,951,9512,Repair of communication equipment,,Rakez,Draft
E-Commerce Through Websites,101165,47,479,4791,Retail sale via mail order houses or via Internet,,Rakez,Draft
Data Classification & Analysis Services,100985,63,631,6311,"Data processing, hosting and related activities",,Rakez,Draft
"Men Hairdressing, Trimming and Styling",101651,96,960,9602,Hairdressing and other beauty treatment,,Rakez,Draft
Installation of furniture Works,101923,43,433,4330,Building completion and finishing,,Rakez,Draft
Repair and maintenance of materials handling equipment,103271,33,331,3312,Repair of machinery,,Rakez,Draft
Digital Platforms & Services,101070,62,620,6202,Computer consultancy and computer facilities management activities,,Rakez,Draft
WEB3 Software Development Services,103256,62,620,6201,Computer programming activities,,Rakez,Draft
Sea Shipping Lines Agents,102610,52,522,5229,Other transportation support activities,,Rakez,Draft
Design Services,101032,74,741,7410,Specialized design activities,,Rakez,Draft
Aluminium Installation Works,100189,43,432,4329,Other construction installation,,Rakez,Draft
Glass Plates Installation Works,101673,43,433,4330,Building completion and finishing,,Rakez,Draft
Used Cooking Oils Trading,103077,46,466,4669,Wholesale of waste and scrap and other products n.e.c.,,Rakez,Draft
Retail sale of Dried Fruits and Vegetables,103293,47,472,4721,Retail sale of food in specialized stores,,Rakez,Draft
Retail sale of Fresh Fruits and Vegetables,103293,47,472,4721,Retail sale of food in specialized stores,,Rakez,Draft
False Ceiling And Light Partitions Installation,101383,43,433,4330,Building completion and finishing,,Rakez,Draft
Natural Gas and Oil Well Drilling (Outside UAE),103387,9,91,910,Support activities for petroleum and natural gas extraction,,Rakez,Draft
Aviation Training Institute,100347,85,854,8549,Other education n.e.c.,,Rakez,Draft
Medicine Manufacturing,102701,21,210,2100,"Manufacture of pharmaceuticals, medicinal chemical and botanical products",,Rakez,Draft
Marketing for Products and Services via Telephone,102630,73,731,7310,Advertising,,Rakez,Draft
Heavy Vehicles and Equipment Tyres and Outfit Trading,101779,45,453,4530,Sale of motor vehicle parts and accessories,,Rakez,Draft
Scaffolds Rental,100565,77,773,7730,"Renting and leasing of other machinery, equipment and tangible goods",,Rakez,Draft
Trade in services and tools for relaxation and massage,102851,96,960,9609,Other personal service activities n.e.c.,,Rakez,Draft
Pipe Networks And Specialized Connections Installations,103970,33,331,3311,Repair of fabricated metal products,,Rakez,Draft
Installation of industrial machinery and equipment,101925,33,332,3320,Installation of industrial machinery and equipment,,Rakez,Draft
Ready-made Food Catering Contracts (Meal Preparation),101344,56,562,5621,Event catering,,Rakez,Draft
Sports Events Marketing,103213,73,731,7310,Advertising,,Rakez,Draft
Claims Settlement Services,100700,66,662,6621,Risk and damage evaluation,,Rakez,Draft
Wholesale of birds -Trading,100415,46,462,4620,Wholesale of agricultural raw materials and live animals,,Rakez,Draft
Women Body Fitness Club,102705,93,931,9312,Activities of sports clubs,,Rakez,Draft
Men Body Fitness Club,102705,93,931,9312,Activities of sports clubs,,Rakez,Draft
Baby-Sitting Services,100356,88,889,8890,Other social work activities without accommodation,,Rakez,Draft
Medical and Surgical Equipment Manufacturing,102676,32,325,3250,"Manufactures medical and surgical instruments, apparatus, and equipment for healthcare applications.",,Rakez,Draft
3D Printing Manufacturing (Additive Manufacturing),103582,18,181,1811,Produces three-dimensional printed products using additive manufacturing technologies for various industries.,,Rakez,Draft
Precious and Semi-Precious Stones in the Worked State Production,103715,32,321,3211,Processes and manufactures worked precious and semi-precious stones for use in jewelry and decorative items.,,Rakez,Draft
Precious Metal Semi-Products Production,103715,24,242,2420,Produces semi-finished products made from precious metals for industrial and commercial use.,,Rakez,Draft
"Smelting, Rolling, Traction, and Extracting Basic Non-Ferrous Metals",100381,24,242,2420,"Engages in the smelting, rolling, and extraction of basic non-ferrous metals for manufacturing and industrial purposes.",,Rakez,Draft
Basic Precious Metals Production and Refining,103712,24,242,2420,Refines and produces basic precious metals through metallurgical processes for commercial distribution.,,Rakez,Draft
"Plastic Tubes, Pipes, Hoses and its Fittings Manufacturing",103672,22,222,2220,"Manufactures plastic tubes, pipes, hoses, and their associated fittings for industrial and construction applications.",,Rakez,Draft
Building Plastic Products Manufacturing,100507,22,222,2220,Produces plastic products specifically designed for building and construction purposes.,,Rakez,Draft
Sterilizers & Disinfectants Preparation,103202,20,202,2023,"Prepares and manufactures sterilizers and disinfectants for medical, industrial, and consumer use.",,Rakez,Draft
Carbon and Graphite Fibers and its Products Manufacturing,102271,20,203,2030,Manufactures carbon and graphite fibers along with related products for use in high-performance materials and industries.,,Rakez,Draft
Machinery and Equipment for Handling Hot Metals Manufacturing,103871,28,282,2823,Produces machinery and equipment designed for handling and processing hot metals in industrial settings.,,Rakez,Draft
"Welding Wire, Rods, Electrodes and Similar Products Manufacturing",103806,24,239,2399,"Manufactures welding wires, rods, electrodes, and similar products for metal joining and fabrication.",,Rakez,Draft
"Pens, Pencils and Others of All Kinds Manufacturing",103331,32,329,3290,"Produces writing instruments including pens, pencils, and other related stationery products.",,Rakez,Draft
Filter Rods Trading,102446,46,466,4660,Trades in filter rods used primarily in the tobacco industry for cigarette manufacturing.,,Rakez,Draft
Contracting transmission networks and distribution of water,103872,36,353,3530,Provides contracting services for the construction and maintenance of water transmission networks and distribution systems.,,Rakez,Draft
Equipment and Apparatuses Trading of E-games and Entertainment Halls,103873,93,932,9329,Trades equipment and apparatuses used in electronic gaming and entertainment halls.,,Rakez,Draft
Plastic Tableware Kitchenware and Toilet Articles Manufacturing,103657,22,222,2220,"Manufactures plastic tableware, kitchenware, and toilet articles for household and commercial use.",,Rakez,Draft
Electrical Conduits and Fittings Manufacturing,101235,27,273,2733,Produces electrical conduits and fittings for wiring and electrical installation systems.,,Rakez,Draft
Electronic Vape Products Manufacturing,101275,32,310,3100,Manufactures electronic vaping devices and related electronic smoking products.,,Rakez,Draft
Electronic Liquid Manufacturing,102125,20,202,2020,Produces electronic liquids used in vaping devices and electronic cigarettes.,,Rakez,Draft
Tyres Inner Tubes Manufacturing,102546,22,221,2211,Manufactures inner tubes specifically designed for use in tires across various vehicle types.,,Rakez,Draft
Malt Liquors Manufacturing,103260,11,108,1103,Produces malt-based alcoholic beverages through brewing and fermentation processes.,,Rakez,Draft
Consultancy of Electricity Engineering,101243,71,711,7110,"Provides expert consultancy services in the design, development, and optimization of electrical engineering projects.",,Rakez,Draft
Auto-storing Services,103874,52,521,5210,Offers automated storage and retrieval services utilizing mechanized systems for efficient inventory management.,,Rakez,Draft
Wholesale of Newspapers and Magazines Trading,103875,46,469,4690,Engages in the wholesale distribution and trading of newspapers and magazines to retailers and other businesses.,,Rakez,Draft
Wholesale of Mechanical Equipment Trading,102653,46,465,4659,"Supplies mechanical equipment on a wholesale basis to industrial, commercial, and institutional clients.",,Rakez,Draft
Photographic Commercial Photos Production,103876,74,742,7420,Produces commercial photographic images and related visual content for advertising and promotional purposes.,,Rakez,Draft
Power Plants Engineering Consultancy,101302,71,711,7110,"Delivers specialized engineering consultancy services for the planning, design, and operation of power plants.",,Rakez,Draft
Wholesale of Horses Trading,101805,46,462,4620,"Conducts wholesale trading of horses, including breeding stock and performance animals.",,Rakez,Draft
Typing and Documents Photocopying Services,103087,82,821,8219,Provides professional typing and document photocopying services for business and personal needs.,,Rakez,Draft
Metal Industries Consultancy,101515,70,702,7020,"Offers consultancy services focused on metal industry processes, technologies, and operational improvements.",,Rakez,Draft
Wholesale of Solar Power Equipment and Outfit Trading,103877,46,465,4659,Wholesale trades solar power equipment and related accessories for renewable energy applications.,,Rakez,Draft
Oil and Gas Transportation Consultancy,103878,52,522,5220,Provides consultancy services in the transportation logistics and infrastructure of oil and gas products.,,Rakez,Draft
Agricultural Projects Management,101879,70,702,7020,"Manages agricultural projects including planning, coordination, and implementation of farming operations.",,Rakez,Draft
Artificial Stone Manufacturing,100270,23,239,2399,"Manufactures artificial stone products used in construction, decoration, and architectural applications.",,Rakez,Draft
Working Materials Machines Tools Manufacturing,102589,28,282,2822,"Produces machines and tools designed for working materials such as metal, wood, or plastics.",,Rakez,Draft
Power Generators Manufacturing,103879,27,271,2710,"Manufactures power generators for residential, commercial, and industrial energy supply needs.",,Rakez,Draft
Lifting or Handling Works Trucks Manufacturing,101745,28,281,2816,"Produces trucks and vehicles designed for lifting, handling, and transporting heavy materials.",,Rakez,Draft
"Derricks, Cranes, Mobile Lifting Frames, Straddle Carriers and Similar Manufacturing",102109,28,281,2816,"Manufactures derricks, cranes, mobile lifting frames, straddle carriers, and similar heavy lifting equipment.",,Rakez,Draft
"Lifts, Escalators and Moving Walkways Manufacturing",101745,28,281,2816,"Produces lifts, escalators, and moving walkways for vertical and horizontal passenger transportation in buildings.",,Rakez,Draft
Calcium Carbonate Powder Manufacturing,103339,20,201,2011,Manufactures calcium carbonate powder for use in various industrial and commercial applications.,,Rakez,Draft
Grain Starch Manufacturing,101702,10,106,1062,"Produces grain starch used as a raw material in food, pharmaceutical, and industrial sectors.",,Rakez,Draft
Metal Industrial Frameworks Manufacturing,103779,25,251,2511,Fabricates metal industrial frameworks for construction and engineering projects.,,Rakez,Draft
Steel Bars Preparation,103880,25,259,2591,"Prepares steel bars through cutting, shaping, and finishing processes for construction and manufacturing uses.",,Rakez,Draft
Drainage Chambers Covers Manufacturing,103881,25,251,2511,Manufactures drainage chamber covers designed for infrastructure and municipal drainage systems.,,Rakez,Draft
Synthetic Rubber in Primary Forms Manufacturing,103882,20,201,2010,"Produces synthetic rubber in primary forms for use in manufacturing tires, seals, and other rubber products.",,Rakez,Draft
Other Activities Related to Primary Iron Products Manufacturing,102035,32,310,3100,"Engages in supplementary manufacturing activities related to primary iron products, including processing and finishing.",,Rakez,Draft
"Construction of Drilling Platforms, Floating or Submersible",100844,30,301,3011,"Constructs drilling platforms, both floating and submersible, for offshore oil and gas exploration.",,Rakez,Draft
Cleaning and Polishing Products Manufacturing,102313,20,202,2023,"Manufactures cleaning and polishing products for household, industrial, and commercial use.",,Rakez,Draft
Machining and Forming of Metals,103883,25,259,2592,Provides machining and metal forming services to produce precision metal components and parts.,,Rakez,Draft
Natural Gas Liquefaction,103884,35,352,3520,Operates facilities for the liquefaction of natural gas to facilitate storage and transportation.,,Rakez,Draft
Manufacture of protective safety equipment,103885,14,139,1399,Manufactures protective safety equipment designed to ensure personal and workplace safety.,,Rakez,Draft
Food Processing Machines and Equipment Manufacturing,101511,28,282,2825,Produces machines and equipment specifically designed for food processing applications.,,Rakez,Draft
"Plastic Doors, Windows, Frames, Shutters, and Similar Manufacturing",103719,22,222,2220,"Manufactures plastic doors, windows, frames, shutters, and similar building components.",,Rakez,Draft
Construction Metal Framework and Skeletons and Parts thereof Manufacturing,100830,25,251,2511,"Fabricates construction metal frameworks, skeletons, and related structural parts for building projects.",,Rakez,Draft
Fireproof Wooden Doors Manufacturing,101457,16,162,1622,Manufactures fireproof wooden doors designed to enhance building safety and fire resistance.,,Rakez,Draft
Moulding Boxes and Moulds - Except Ingot Moulds - Manufacturing,103743,25,259,2599,"Produces moulding boxes and moulds, excluding ingot moulds, for casting and manufacturing processes.",,Rakez,Draft
Paper and Carton Printing and Polishing,100572,18,181,1811,Provides printing and polishing services for paper and carton products to enhance appearance and durability.,,Rakez,Draft
Military Combat Vehicle Manufacturing,103886,30,304,3040,Manufactures military combat vehicles designed for defense and tactical operations.,,Rakez,Draft
Preparation Tobacco and Producing its Products Machinery Manufacturing,100686,28,282,2825,Produces machinery used in the preparation of tobacco and the manufacturing of tobacco products.,,Rakez,Draft
Compounds Basic Orgnal Chemical Manufacturing,100382,20,201,2011,Manufactures basic organic chemical compounds used as raw materials in various industrial applications.,,Rakez,Draft
Asphalt Paving Industry and asphalt products,100277,23,222,2220,Engages in the construction and production of asphalt pavements and related asphalt-based products.,,Rakez,Draft
Flavours & Fragrances Manufacturing,100081,20,202,2023,"Produces flavors and fragrances for use in food, beverages, cosmetics, and other consumer goods.",,Rakez,Draft
Frozen Coca Cubes Melting,103669,56,563,5630,Processes frozen coca cubes by controlled melting for further industrial or commercial use.,,Rakez,Draft
Synthetic or Artificial Staple Fibers Manufacturing,103638,20,203,2030,Manufactures synthetic or artificial staple fibers for use in textiles and other fabric-based products.,,Rakez,Draft
Vehicles Upholstery,103055,95,952,9524,Provides upholstery services and products specifically designed for vehicle interiors.,,Rakez,Draft
Basic Non-Ferrous Metals Products Manufacturing,100381,24,242,2420,Produces basic products made from non-ferrous metals for industrial and commercial purposes.,,Rakez,Draft
Labeling,102042,82,829,8292,"Offers labeling services including the design, production, and application of labels on various products.",,Rakez,Draft
Musical Instruments Manufacturing,103887,32,322,3220,"Manufactures musical instruments for professional, educational, and recreational use.",,Rakez,Draft
Sugar Candies Manufacturing,100684,10,107,1073,Produces sugar candies and confectionery products for retail and wholesale distribution.,,Rakez,Draft
Boats Upholstery,100439,95,952,9529,Provides upholstery services and materials tailored for boats and marine vessels.,,Rakez,Draft
"Prepared Farms Animals Feeds, it's Concentrates and Supplements Manufacturing",103464,10,108,1080,"Manufactures prepared feed, concentrates, and supplements for farm animals to support livestock nutrition.",,Rakez,Draft
Prepared Pets Feeds Manufacturing,103465,10,108,1080,Produces prepared feed specifically formulated for domestic pets to ensure balanced nutrition.,,Rakez,Draft
Automobile Outfitting,100336,29,292,2920,Offers automobile outfitting services including customization and installation of vehicle accessories.,,Rakez,Draft
Sesame Halva Manufacturing,102593,10,107,1079,"Manufactures sesame halva, a traditional confectionery product made primarily from sesame seeds and sweeteners.",,Rakez,Draft
Empty Gelatin Capsules Manufacturing,101513,32,310,3100,Produces empty gelatin capsules used in the pharmaceutical and nutraceutical industries for encapsulating medicines and supplements.,,Rakez,Draft
Clinker Manufacturing,102593,23,239,2394,"Manufactures clinker, an intermediate product used in the production of cement and construction materials.",,Rakez,Draft
"Fiber Optics Cables, Wires & Requisites Manufacturing",101407,27,273,2731,"Produces fiber optic cables, wires, and related components for telecommunications and data transmission.",,Rakez,Draft
Liquids Filtering or Purifying Machinery and Apparatus Manufacturing,102447,28,282,2829,Manufactures machinery and apparatus designed for filtering and purifying liquids in industrial and commercial settings.,,Rakez,Draft
Disposable Aluminium Plates & Containers Manufacturing,100194,25,251,2512,Produces disposable aluminum plates and containers for food service and packaging applications.,,Rakez,Draft
Cleanroom Systems Manufacturing,100711,28,282,2820,Manufactures specialized cleanroom systems designed to maintain controlled environments for industrial and scientific applications.,,Rakez,Draft
Electronic Gadgets Masking,101262,32,329,3290,Provides masking services for electronic gadgets to protect components during manufacturing and finishing processes.,,Rakez,Draft
Slippers & Sandals Manufacturing,103888,15,152,1520,Produces slippers and sandals for consumer footwear markets using various materials and designs.,,Rakez,Draft
Repackaging & Refilling,103889,82,829,8292,Engages in repackaging and refilling of products to prepare them for retail distribution or further processing.,,Rakez,Draft
Surfboards Manufacturing,103890,32,323,3230,Manufactures surfboards using materials and techniques suited for water sports and recreational use.,,Rakez,Draft
Paper Plates & Dishes Manufacturing,103798,17,162,1709,Produces disposable paper plates and dishes for food service and catering industries.,,Rakez,Draft
Artificial Limbs Manufacturing,100268,32,325,3250,Manufactures artificial limbs and prosthetic devices to assist individuals with physical disabilities.,,Rakez,Draft
"Barbed Wires, Chains and Mesh Manufacturing",100376,25,259,2599,"Produces barbed wire, chains, and mesh products for security, fencing, and industrial applications.",,Rakez,Draft
Charcoal Production & Packaging,103891,19,191,1910,Engages in the production and packaging of charcoal for fuel and heating purposes.,,Rakez,Draft
Deodorizing Rooms Preparations Manufacturing,100424,20,202,2023,Manufactures room deodorizing preparations designed to improve indoor air quality and ambiance.,,Rakez,Draft
Flour Products’ Prepared Mixes and Doughs Manufacturing,102456,10,106,1060,Produces prepared mixes and doughs based on flour products for commercial and consumer baking needs.,,Rakez,Draft
Production & Distribution Of Gas,101824,35,352,3520,"Engages in the production and distribution of gas for residential, commercial, and industrial use.",,Rakez,Draft
Screwing Tools and Requisites Manufacturing,103753,25,259,2593,"Manufactures screwing tools and related requisites used in construction, manufacturing, and maintenance.",,Rakez,Draft
Cigarettes Manufacturing,103892,12,120,1200,Produces cigarettes through the processing and manufacturing of tobacco products for consumer use.,,Rakez,Draft
Treated Tobacco Manufacturing,103893,12,120,1200,Manufactures treated tobacco products by processing raw tobacco for consumption or further production.,,Rakez,Draft
Rock Wool Manufacturing,103894,23,222,2220,Produces rock wool insulation materials used in construction for thermal and acoustic purposes.,,Rakez,Draft
Fish and Marine Mammal oils Extraction,101371,10,104,1040,"Extracts oils from fish and marine mammals for use in food, pharmaceuticals, and industrial applications.",,Rakez,Draft
"Tradeing, private cars for transport security",103895,,451,4510,Trades private cars specifically equipped or used for transport security services.,,Rakez,Draft
Wholesale of Work Material Trading,103896,46,466,4663,"Engages in wholesale trading of work materials, supplying equipment and supplies for various industries.",,Rakez,Draft
Engineering Projects Management Consultancy,101302,71,711,7110,"Provides consultancy services in managing engineering projects, including planning, execution, and oversight.",,Rakez,Draft
Retail sale of Travel and Entertainment Services E-trafficking,103897,47,479,4791,Engages in the retail sale and online distribution of travel and entertainment services to consumers.,,Rakez,Draft
Wholesale of Chemical Material Trading for Building Purposes,103898,46,466,4663,Conducts wholesale trading of chemical materials specifically used for building and construction purposes.,,Rakez,Draft
Electrical Fitting Contracting,101230,43,432,4321,Provides contracting services specializing in the installation and maintenance of electrical fittings.,,Rakez,Draft
Wholesale of Plastic Plates Trading,103899,46,464,4649,Operates wholesale distribution of plastic plates for various commercial and industrial applications.,,Rakez,Draft
Carpentry Works and Wood Grounds Installation,100585,43,432,4329,Performs carpentry services including the installation of wooden structures and groundworks.,,Rakez,Draft
Wholesale of House Pesticides Trading,103900,46,464,4649,Supplies and wholesales household pesticides for pest control and prevention.,,Rakez,Draft
"Main Roads, Streets and Related Works Contracting",103901,42,421,4210,"Undertakes contracting work for the construction and maintenance of main roads, streets, and related infrastructure.",,Rakez,Draft
Electrical Construction,101242,43,432,4320,"Provides comprehensive electrical construction services for residential, commercial, and industrial projects.",,Rakez,Draft
Piling & Foundation Contracting,101543,43,429,4290,Specializes in piling and foundation contracting services for building and civil engineering projects.,,Rakez,Draft
Industrial Grade Garnet Trading,101867,46,466,4660,Trades in industrial-grade garnet used for abrasive and filtration applications.,,Rakez,Draft
Abrasive & Minerals Trading,103902,46,466,4662,Engages in the wholesale trading of abrasives and mineral products for industrial use.,,Rakez,Draft
Buildings Maintenance,100844,81,803,8030,Offers maintenance and repair services for residential and commercial buildings.,,Rakez,Draft
Parts and Accessories of Aircraft and Spacecraft Manufacturing,102596,30,303,3030,Manufactures parts and accessories for aircraft and spacecraft for aerospace industries.,,Rakez,Draft
Constructional Projects Management,101879,70,702,7020,"Provides project management services for construction projects, overseeing planning and execution.",,Rakez,Draft
"Trading Cards Issuance, Sale and Substitution",103903,47,476,4764,"Issues, sells, and substitutes trading cards for commercial and financial transactions.",,Rakez,Draft
Wholesale of Electrical Distribution Boards Trading,103904,46,466,4663,Wholesales electrical distribution boards for use in electrical power systems and installations.,,Rakez,Draft
Buses and Trucks New Spare Parts Trading,100513,,453,4530,Trades in new spare parts for buses and trucks to support vehicle maintenance and repair.,,Rakez,Draft
Wholesale of Aluminium Sections and Extracts Trading,103296,46,466,4662,Distributes aluminium sections and extrusions on a wholesale basis for construction and manufacturing.,,Rakez,Draft
Wholesale of Electronic Valves And Pipes Trading,103905,46,466,4663,Wholesales electronic valves and pipes for industrial and commercial applications.,,Rakez,Draft
Wholesale of crew health and fittings for bathrooms Trading,103906,46,466,4663,Supplies wholesale crew health products and bathroom fittings for commercial and residential use.,,Rakez,Draft
Cars Used Spare Parts Trading,100601,,453,4530,Engages in the trading and distribution of used spare parts for automobiles.,,Rakez,Draft
Wholesale of Living Animals Trading,103907,46,462,4620,"Conducts wholesale trading of live animals for agricultural, commercial, or research purposes.",,Rakez,Draft
services and facilities of oil and gas fields of land and sea,103392,9,91,910,Provides specialized services and operational facilities for onshore and offshore oil and gas field activities.,,Rakez,Draft
Transaction Processing,101427,63,631,6311,Offers transaction processing services including data handling and financial transaction management.,,Rakez,Draft
Information Technology Management,101894,62,619,6202,Delivers comprehensive information technology management solutions to optimize business operations.,,Rakez,Draft
Document Management,102181,82,821,8219,"Provides document management services including storage, organization, and retrieval of physical and digital documents.",,Rakez,Draft
Operations Support,102670,82,829,8290,"Supports business operations through administrative, technical, and logistical assistance services.",,Rakez,Draft
Disaster Recovery Centre,100793,63,631,6311,Operates disaster recovery centers to ensure business continuity and data protection in emergency situations.,,Rakez,Draft
Electronic Card Wholesale,101250,46,465,4652,"Engages in the wholesale distribution of electronic cards used for identification, payment, or access control.",,Rakez,Draft
Construction of manned and unmanned military ships and their parts,103908,30,301,3011,Constructs both manned and unmanned military vessels along with their component parts.,,Rakez,Draft
Heavy Military Weapons Manufacturing,103909,25,252,2520,Manufactures heavy weaponry designed for military applications and defense purposes.,,Rakez,Draft
Manufacture of Military Equipment,102583,25,252,2520,Produces a range of military equipment including hardware and tactical devices for defense use.,,Rakez,Draft
Plating Machinery and Vehicles,103056,28,282,2829,"Manufactures plating machinery and vehicles, providing surface coating and finishing solutions.",,Rakez,Draft
Military Garments Trade,102951,46,464,4641,Trades in military garments including uniforms and protective clothing for defense personnel.,,Rakez,Draft
Trade of Military Equipment Spare Parts,103910,46,465,4659,Engages in the trade of spare parts specifically designed for military equipment maintenance and repair.,,Rakez,Draft
Military Tools and Supplies Trading,103911,46,465,4650,Trades military tools and supplies essential for defense operations and field activities.,,Rakez,Draft
Military Consultancy,100850,70,702,7020,"Provides expert consultancy services in military strategy, technology, and defense planning.",,Rakez,Draft
Manufacture of military ammunition and its parts,103912,25,252,2520,Manufactures military-grade ammunition and its component parts for defense applications.,,Rakez,Draft
Compressed ( Liquefied ) Natural Gas Wholesale,100789,46,466,4661,Conducts wholesale distribution of compressed and liquefied natural gas for industrial and commercial use.,,Rakez,Draft
"Distilling, rectifying and blending of spirits",100428,11,108,1101,"Engages in the distillation, rectification, and blending of spirits for beverage production.",,Rakez,Draft
Representation of Defence and Security Companies,100780,94,941,9410,Provides representation and advocacy services for defence and security companies in domestic and international markets.,,Rakez,Draft
Molasses Manufacturing,103441,10,107,1072,"Manufactures molasses as a byproduct of sugar refining for use in food, fermentation, and industrial applications.",,Rakez,Draft
Chocolate and Chocolate Confectionery Manufacturing,102308,10,107,1073,Produces chocolate and chocolate confectionery products for retail and wholesale distribution.,,Rakez,Draft
Strctural Non-Refractory Clay Building Products Manufacturing,103689,23,239,2392,Manufactures structural non-refractory clay building products used in construction and infrastructure projects.,,Rakez,Draft
Trade of Military Equipment,103913,46,465,4659,Engages in the wholesale and retail trade of military equipment and related defense materials.,,Rakez,Draft
Textile and Related Bleaching and Dyeing,103476,13,131,1313,Offers textile bleaching and dyeing services to enhance fabric quality and appearance for the textile industry.,,Rakez,Draft
Manufacture of Plating Products for Machinery and Vehicles,103311,25,243,2432,Manufactures plating products designed for use in machinery and vehicle components to improve durability and performance.,,Rakez,Draft
Military Drones Equipping and their parts,100403,30,303,3030,Equips military drones and supplies their parts for defense and surveillance operations.,,Rakez,Draft
Military Drones Repair and Maintenance and its parts,103914,33,331,3313,Provides repair and maintenance services for military drones and their components to ensure operational readiness.,,Rakez,Draft
Equipping Machinery and Vehicles for Military Use,103915,30,304,3040,Designs and equips machinery and vehicles specifically for military applications and defense purposes.,,Rakez,Draft
Hand and Machine Tools Interchangeable Tools Manufacturing,101742,28,282,2822,Manufactures interchangeable hand and machine tools for industrial and commercial use.,,Rakez,Draft
Wholesale of resin stainless thermal decomposition Trading,103916,46,466,4662,Engages in the wholesale trade of resin stainless materials and thermal decomposition products.,,Rakez,Draft
Medical and Surgical Dressing Materials Manufacturing,102676,32,325,3250,Produces medical and surgical dressing materials for use in healthcare and clinical settings.,,Rakez,Draft
"Medical, Surgical, Dental and Veterinary Furniture Manufacturing",103917,31,309,3099,"Manufactures specialized furniture for medical, surgical, dental, and veterinary environments.",,Rakez,Draft
Cements Prepared Additives Manufacturing,103626,23,239,2394,Produces additives prepared for use in cement manufacturing to enhance product performance.,,Rakez,Draft
AI Agent Orchestration & Automation Services,103178,63,619,6209,Provides orchestration and automation services for AI agents to optimize business processes.,,Rakez,Draft
Applied Generative AI Studio,101604,58,582,5820,Develops and applies generative AI technologies in a studio environment for creative and industrial solutions.,,Rakez,Draft
AI Copilots for Back-Office,102783,82,813,8130,Offers AI copilot solutions designed to support and automate back-office administrative functions.,,Rakez,Draft
Affective Computing (Vibe Coding) Lab,100723,72,721,7210,"Conducts research and development in affective computing, focusing on emotion recognition and vibe coding technologies.",,Rakez,Draft
Computer Vision Systems Integrator,100811,62,619,6202,Integrates computer vision systems into business operations to enhance automation and data analysis capabilities.,,Rakez,Draft
Speech & Language AI Services,103233,62,619,6209,Provides advanced speech and language artificial intelligence services for natural language processing and communication enhancement.,,Rakez,Draft
RPA & Intelligent Automation,103918,62,619,6209,Delivers robotic process automation and intelligent automation solutions to optimize business workflows and operational efficiency.,,Rakez,Draft
AI Safety & Red-Teaming Lab,103919,72,721,7210,Operates a specialized laboratory focused on AI safety testing and adversarial red-teaming to identify and mitigate risks in artificial intelligence systems.,,Rakez,Draft
Synthetic Data & Privacy AI,100134,72,721,7210,Develops synthetic data generation and privacy-focused AI technologies to support secure data usage and compliance.,,Rakez,Draft
Digital Twin Intelligence Studio,101071,58,582,5820,Creates digital twin intelligence platforms for simulating and analyzing real-world systems in a virtual environment.,,Rakez,Draft
Vibe Coding,100084,62,619,6201,Offers software development and coding services with an emphasis on innovative and dynamic programming approaches.,,Rakez,Draft
Cloud Architecture & FinOps,102064,62,619,6202,Provides cloud architecture design and financial operations management services to optimize cloud infrastructure and costs.,,Rakez,Draft
Data Engineering & Lakehouse Services,103920,63,631,6311,"Delivers data engineering solutions and lakehouse services for integrated data storage, processing, and analytics.",,Rakez,Draft
Edge & Serverless Compute Integrator,103921,62,619,6209,Integrates edge computing and serverless computing technologies to enhance distributed and scalable IT infrastructures.,,Rakez,Draft
Data Marketplace Operator,100989,63,639,6390,Operates a data marketplace platform facilitating the exchange and monetization of diverse data assets.,,Rakez,Draft
Privacy-Preserving Analytics,103012,73,732,7320,Provides analytics services that preserve data privacy while enabling actionable insights and decision-making.,,Rakez,Draft
Digital Provenance & Watermarking,101071,58,582,5820,Develops digital provenance and watermarking solutions to ensure authenticity and traceability of digital content.,,Rakez,Draft
MLOps & Model Observability,100498,70,702,7020,"Offers machine learning operations and model observability services to manage, monitor, and optimize AI models in production.",,Rakez,Draft
API Platform & Integration Hub,101268,63,631,6311,Provides API platform development and integration hub services to enable seamless connectivity between software applications.,,Rakez,Draft
Data Quality & Governance Advisory,101982,70,702,7020,Delivers advisory services on data quality management and governance frameworks to ensure data integrity and compliance.,,Rakez,Draft
Vector DB & Retrieval Services,103922,63,631,6311,Offers vector database solutions and retrieval services for efficient storage and querying of high-dimensional data.,,Rakez,Draft
Managed Detection & Response (MDR/XDR),101040,80,802,8020,"Provides managed detection and response services to monitor, detect, and respond to cybersecurity threats proactively.",,Rakez,Draft
Secure Software Supply Chain,103254,62,619,6202,Develops secure software supply chain solutions to protect software development and deployment processes from vulnerabilities.,,Rakez,Draft
Penetration Testing & Red Teaming,103923,71,712,7120,Conducts penetration testing and red teaming exercises to evaluate and strengthen organizational cybersecurity defenses.,,Rakez,Draft
Data Protection & Governance,100989,62,619,6202,Offers comprehensive data protection and governance services to safeguard sensitive information and ensure regulatory compliance.,,Rakez,Draft
Hardware Security & HSM Integration,102664,33,332,3320,Provides integration and implementation services for hardware security modules and related cryptographic hardware solutions.,,Rakez,Draft
Fraud & Abuse Intelligence,100267,80,803,8030,Delivers intelligence and analytics services focused on detecting and preventing fraud and abuse across various sectors.,,Rakez,Draft
Quantum Readiness Consulting,103924,70,702,7020,Offers consulting services to prepare organizations for the adoption and impact of quantum computing technologies.,,Rakez,Draft
Quantum-Safe Cryptography Services,103122,72,712,7120,Develops and implements cryptographic solutions designed to be secure against quantum computing threats.,,Rakez,Draft
Quantum Simulation & Optimization Lab,103925,72,721,7210,Conducts research and development in quantum simulation and optimization techniques for advanced computational applications.,,Rakez,Draft
Quantum Algorithm Design Studio,101032,72,721,7210,Designs and develops specialized quantum algorithms to support innovative computing solutions.,,Rakez,Draft
Billing & Revenue Operations,100411,82,821,8210,Manages billing processes and revenue operations to optimize financial performance for businesses.,,Rakez,Draft
RegTech Automation,103926,62,619,6190,Provides automated regulatory technology solutions to streamline compliance and reporting requirements.,,Rakez,Draft
Industrial IoT Systems Integrator,101868,33,332,3320,Integrates industrial Internet of Things systems to enhance operational efficiency and connectivity in manufacturing environments.,,Rakez,Draft
Smart Building Automation,103927,43,432,4321,Designs and installs smart building automation systems to improve energy management and occupant comfort.,,Rakez,Draft
Edge AI Vision Kits,100134,26,259,2599,Develops and supplies edge artificial intelligence vision kits for real-time image processing and analysis.,,Rakez,Draft
Bioinformatics & AI Drug Discovery Support,101148,72,712,7120,Supports drug discovery efforts by combining bioinformatics and artificial intelligence technologies.,,Rakez,Draft
Personalized Wellness Tech,103928,96,952,9529,Creates personalized wellness technology solutions tailored to individual health and lifestyle needs.,,Rakez,Draft
WaterTech Monitoring & Leak Intelligence,102665,71,712,7120,Offers water technology monitoring and leak detection services to optimize water usage and prevent losses.,,Rakez,Draft
Fleet Telematics & Route Optimization,101486,52,522,5220,Provides fleet telematics and route optimization services to improve transportation efficiency and reduce costs.,,Rakez,Draft
HD Mapping & Localization Services,101590,52,522,5221,Delivers high-definition mapping and localization services for navigation and autonomous vehicle applications.,,Rakez,Draft
EV Charging Network Software,103254,58,582,5820,Develops software platforms to manage and operate electric vehicle charging networks.,,Rakez,Draft
AI Content Studio (Responsible GenAI),101604,58,582,5820,Produces AI-generated content with a focus on responsible and ethical generative artificial intelligence practices.,,Rakez,Draft
Earth Observation Analytics,103012,63,639,6390,Analyzes earth observation data to provide insights for environmental monitoring and resource management.,,Rakez,Draft
Space-Data Fusion Platforms,103246,63,631,6310,Develops platforms that integrate and fuse space-derived data for enhanced situational awareness and decision-making.,,Rakez,Draft
PropTech & Digital Property Passports,103929,63,631,6310,Develops and provides digital property passports and PropTech solutions to enhance real estate management and transactions.,,Rakez,Draft
Construction Tech & BIM Automation,100842,71,711,7110,Offers construction technology services and Building Information Modeling automation to optimize building design and project workflows.,,Rakez,Draft
Adaptive Learning & Skills Platforms,101070,85,855,8550,Delivers adaptive learning platforms and skills development solutions tailored to individual educational needs and workforce training.,,Rakez,Draft
In-Store Intelligence & Queue AI,100134,63,619,6209,Provides in-store intelligence systems and AI-driven queue management to improve retail customer experience and operational efficiency.,,Rakez,Draft
Smart Warehousing & WMS+,101647,52,521,5210,Designs and implements smart warehousing solutions and advanced warehouse management systems to streamline inventory and logistics operations.,,Rakez,Draft
Trade Docs Digitization & eBL,102750,63,631,6311,Specializes in digitizing trade documents and electronic bill of lading services to facilitate secure and efficient international trade.,,Rakez,Draft
Innovation Lab / Venture Studio,103017,72,721,7210,Operates innovation labs and venture studios to incubate and accelerate new business ideas and technology startups.,,Rakez,Draft
Standards & Interoperability Consortium Ops,101098,94,949,9490,Manages standards development and interoperability consortium operations to promote industry collaboration and technology integration.,,Rakez,Draft
Brain–Computer Interface (BCI) Apps (Non-Medical),103930,62,619,6201,Develops non-medical brain–computer interface applications aimed at enhancing user interaction and cognitive experiences.,,Rakez,Draft
Haptics & Sensory Design Studio,101032,74,741,7410,Creates haptics and sensory design solutions to improve tactile feedback and immersive user interfaces across various industries.,,Rakez,Draft
CraftTech & Artisan Marketplaces,103931,47,478,4789,Operates craft technology platforms and artisan marketplaces to connect skilled artisans with consumers through digital channels.,,Rakez,Draft
Agent Safety Evaluation-as-a-Service,103181,66,662,6621,Provides agent safety evaluation services using advanced analytics to assess and improve workplace safety and compliance.,,Rakez,Draft
Multimodal AI Pipelines,103932,63,631,6310,Develops multimodal artificial intelligence pipelines integrating diverse data types to enhance machine learning model performance.,,Rakez,Draft
Agentic CRM Automations,103933,82,822,8220,Designs and implements agentic customer relationship management automations to optimize client engagement and service delivery.,,Rakez,Draft
Synthetic Voice Studio (Consent-Based),101604,58,582,5820,"Produces synthetic voice content based on user consent, offering customized voice solutions for various applications.",,Rakez,Draft
Code Intelligence & Test Generation,103934,62,619,6201,Provides code intelligence tools and automated test generation services to improve software development quality and efficiency.,,Rakez,Draft
Time-Series Data Platforms,101070,63,631,6311,"Develops and maintains time-series data platforms for collecting, storing, and analyzing sequential data across industries.",,Rakez,Draft
Feature Store as a Service,103360,63,631,6310,Offers feature store as a service solutions to manage and serve machine learning features for scalable AI model deployment.,,Rakez,Draft
Application Security Program Office,102783,82,813,8130,Establishes and manages application security programs to safeguard software systems against vulnerabilities and cyber threats.,,Rakez,Draft
IoT Security Hardening,103935,71,712,7120,Provides Internet of Things security hardening services to protect connected devices and networks from unauthorized access and attacks.,,Rakez,Draft
Quantum Randomness-as-a-Service,103360,63,631,6311,Provides quantum-generated random data services for secure and reliable digital applications.,,Rakez,Draft
Workforce Credentialing & Badging,103936,94,941,9412,Offers credentialing and digital badging solutions to verify workforce qualifications and skills.,,Rakez,Draft
Spatial Commerce Integrations,101163,63,631,6310,Develops and integrates spatial commerce technologies to enhance location-based retail and service experiences.,,Rakez,Draft
Computer Vision Safety Analytics,103937,71,712,7120,Utilizes computer vision analytics to monitor and improve workplace safety conditions.,,Rakez,Draft
Clinical Trial Ops Tech (Non-Interventional),100713,86,869,8690,Delivers technology solutions to support the operational management of non-interventional clinical trials.,,Rakez,Draft
Building Energy Intelligence,100267,71,702,7020,Implements intelligent systems to monitor and optimize energy consumption in buildings.,,Rakez,Draft
Micromobility Ops Platform,103938,77,750,7500,Operates a digital platform to manage and coordinate micromobility transportation services.,,Rakez,Draft
UGC Safety & Integrity Services,103939,80,802,8020,Provides safety and integrity monitoring services for user-generated content across digital platforms.,,Rakez,Draft
Maritime/Aviation AIS Analytics,102621,63,639,6390,Analyzes maritime and aviation Automatic Identification System (AIS) data to enhance navigation and safety.,,Rakez,Draft
Regenerative Agriculture MRV,103940,1,16,160,"Conducts measurement, reporting, and verification services for regenerative agriculture practices.",,Rakez,Draft
Smart Safety & Permits,103941,80,802,8020,Develops smart systems for managing safety compliance and permit issuance processes.,,Rakez,Draft
Simulation-Based Assessments,103942,71,712,7120,Designs and delivers simulation-based assessment tools for training and evaluation purposes.,,Rakez,Draft
Retail Media Network Tech,102756,73,731,7310,Creates technology platforms to support retail media networks and targeted advertising.,,Rakez,Draft
Cold Chain Intelligence,100641,63,619,6209,Provides intelligence solutions to monitor and optimize cold chain logistics and storage.,,Rakez,Draft
Open Innovation Challenge Ops,101759,70,702,7020,Manages operations for open innovation challenges to facilitate collaborative problem-solving.,,Rakez,Draft
Web portals - Web 3.0,103015,63,631,6312,Develops and maintains advanced web portals utilizing Web 3.0 technologies for decentralized applications.,,Rakez,Draft
Zero-Trust & Identity Access Services,100471,63,619,6209,Offers zero-trust security frameworks and identity access management services to protect digital assets.,,Rakez,Draft
Treasury Tech & Liquidity Planning,101756,66,661,6610,Provides treasury technology solutions and liquidity planning services for financial management.,,Rakez,Draft
Carbon MRV (Measurement/Reporting/Verification),100566,71,712,7120,"Delivers carbon measurement, reporting, and verification services to support environmental compliance.",,Rakez,Draft
Energy Optimization & DER Orchestration,103943,84,841,8413,Implements energy optimization and distributed energy resource orchestration solutions for efficient power management.,,Rakez,Draft
Social Automation & Brand Agents,103944,73,731,7310,Provides automated social media management and brand representation services to enhance corporate marketing strategies.,,Rakez,Draft
Omnichannel Commerce Platforms,101163,63,631,6312,Develops and operates integrated commerce platforms that enable seamless customer experiences across multiple sales channels.,,Rakez,Draft
WEB3 Software House,103256,62,619,6201,Designs and develops decentralized applications and software solutions based on blockchain technology.,,Rakez,Draft
Web3 Services,103016,63,631,6310,Offers consulting and technical services related to blockchain technology and decentralized digital assets.,,Rakez,Draft
Military Reality-based Training and its spare parts manufacturing,102112,30,304,3040,Manufactures military training simulators and spare parts designed for realistic operational training environments.,,Rakez,Draft
Retail Sale of SIM Card,103945,47,474,4741,Engages in the retail sale and distribution of SIM cards for mobile telecommunications.,,Rakez,Draft
Construction Metal structures Installation,100843,43,432,4329,"Installs metal structures used in construction projects, ensuring structural integrity and compliance with design specifications.",,Rakez,Draft
Unmanned Aircraft Manufacturing,100164,30,303,3030,"Manufactures unmanned aerial vehicles for commercial, industrial, or defense applications.",,Rakez,Draft
Military Aircrafts Spare Parts Trade,100171,46,465,4650,Trades in spare parts specifically designed for military aircraft maintenance and repair.,,Rakez,Draft
Bottled Waters Production,103259,11,108,1104,Produces and bottles purified water for commercial distribution and consumption.,,Rakez,Draft
Repair and maintenance of ships,103946,33,331,3315,"Provides repair and maintenance services for ships, including hull, engine, and onboard systems.",,Rakez,Draft
Plastic Pallets Manufacturing,103553,22,222,2220,Manufactures plastic pallets used for material handling and storage in logistics and warehousing.,,Rakez,Draft
Motor Vehicle Electrical Equipment Manufacturing,103947,27,268,2680,"Produces electrical components and equipment for motor vehicles, including wiring and electronic systems.",,Rakez,Draft
Buses Manufacturing,100515,29,291,2910,Manufactures buses for public and private transportation services.,,Rakez,Draft
Commercial Vehicles Manufacturing,103948,29,291,2910,Produces commercial vehicles designed for goods transport and industrial use.,,Rakez,Draft
"Motor Vehicles Bodies, Including Cabs Manufacturing",103949,29,292,2920,"Manufactures motor vehicle bodies and cabs, including custom and standard designs.",,Rakez,Draft
Motor Vehicles Bodies  Parts and Accessories Manufacturing,103325,29,292,2920,Produces parts and accessories for motor vehicle bodies to support assembly and repair needs.,,Rakez,Draft
CyberSecurity Software Development,103256,62,619,6201,Develops software solutions focused on protecting information systems from cyber threats and unauthorized access.,,Rakez,Draft
Data Encryption and Protection Services,100989,62,619,6209,Provides services specializing in data encryption and protection to ensure information security and privacy.,,Rakez,Draft
Predictive Analytics Services,101062,63,631,6311,Offers predictive analytics services that utilize data modeling to forecast trends and support decision-making.,,Rakez,Draft
Education Technology (EdTech) Development,100863,85,843,8430,Develops and provides software solutions and platforms aimed at enhancing educational delivery and learning experiences through technology.,,Rakez,Draft
Technology-Driven Logistics Solutions,102147,52,522,5220,Delivers innovative logistics services by integrating advanced technology to optimize transportation and supply chain operations.,,Rakez,Draft
Automated Order Processing Systems Development,101013,62,619,6201,Designs and implements automated systems to streamline and manage order processing workflows for businesses.,,Rakez,Draft
Real-Time Shipment Tracking Services,103054,52,522,5229,Offers services that enable real-time monitoring and tracking of shipments to improve supply chain visibility and efficiency.,,Rakez,Draft
Managed Security Services (MSS),102170,62,619,6202,"Provides outsourced security management services to monitor, detect, and respond to cybersecurity threats for organizations.",,Rakez,Draft
E-commerce Packaging Design,101163,74,741,7410,Designs and produces customized packaging solutions tailored specifically for e-commerce businesses to enhance product presentation and protection.,,Rakez,Draft
Penetration Testing and Ethical Hacking Services,103950,62,619,6209,Conducts authorized penetration testing and ethical hacking to identify and remediate security vulnerabilities in IT systems.,,Rakez,Draft
Endpoint Security Solutions,103951,58,582,5820,Develops and supplies security software and solutions focused on protecting endpoint devices from cyber threats.,,Rakez,Draft
Incident Response and Cyber Threat Intelligence Services,100988,62,619,6209,"Provides expert incident response and cyber threat intelligence services to detect, analyze, and mitigate cybersecurity incidents.",,Rakez,Draft
Identity and Access Management (IAM) Services,102181,62,619,6209,Offers identity and access management solutions to control and secure user authentication and authorization processes.,,Rakez,Draft
Supply Chain Optimization Services,101574,70,702,7020,Delivers consulting and technology services aimed at improving the efficiency and effectiveness of supply chain operations.,,Rakez,Draft
Cloud Security Services,103952,62,619,6202,Provides specialized security services designed to protect cloud computing environments and data assets.,,Rakez,Draft
Secure Network Architecture Design,101032,74,741,7410,Designs secure network architectures to safeguard organizational IT infrastructure against cyber threats.,,Rakez,Draft
Mobile Devices Security Solutions Provider,103953,62,619,6209,Develops and implements security solutions specifically targeting the protection of mobile devices and their data.,,Rakez,Draft
Development of Natural Language Processing (NLP) Applications,103261,62,619,6201,Creates applications utilizing natural language processing technologies to enable machines to understand and interpret human language.,,Rakez,Draft
Computer Vision Solutions,100792,62,619,6201,Develops computer vision technologies and applications that enable automated image and video analysis for various industries.,,Rakez,Draft
Intelligent Virtual Assistants Development,103256,62,619,6201,Designs and deploys intelligent virtual assistants that use artificial intelligence to interact with users and perform tasks.,,Rakez,Draft
Development of Fraud Detection and Prevention Systems,101047,62,619,6201,Develops systems that detect and prevent fraudulent activities by analyzing patterns and anomalies in data.,,Rakez,Draft
Speech Recognition Solutions,101172,58,582,5820,Provides speech recognition technologies and solutions that convert spoken language into text or commands for various applications.,,Rakez,Draft
Personalized Marketing Platforms Development & Operation,102631,73,722,7220,Develops and operates personalized marketing platforms that tailor promotional content and campaigns to individual consumer preferences.,,Rakez,Draft
AI in Human Resources (HR) Integration Services,101829,70,702,7020,Provides specialized integration services utilizing artificial intelligence to optimize human resources management processes.,,Rakez,Draft
E-commerce Supply Chain Consulting,101163,70,702,7020,Offers expert consulting on supply chain strategies and operations tailored for e-commerce businesses.,,Rakez,Draft
AI-Powered Cybersecurity Solutions,100134,62,619,6209,Develops and delivers cybersecurity solutions enhanced by artificial intelligence technologies to protect digital assets.,,Rakez,Draft
Privacy Compliance and Consulting,100785,70,702,7020,Provides advisory services to ensure organizational compliance with privacy laws and data protection regulations.,,Rakez,Draft
Automated Customer Support Services,102670,82,822,8220,Operates automated systems to deliver customer support services through artificial intelligence and machine learning.,,Rakez,Draft
Natural Gas and Oil Well Fortification and Barricade (Outside UAE),103387,9,91,910,Engages in the construction and installation of protective fortifications and barricades for natural gas and oil wells outside the UAE.,,Rakez,Draft
Mobile Learning Apps Development,103954,62,619,6201,Designs and develops mobile applications focused on delivering educational content and learning experiences.,,Rakez,Draft
Interactive Educational Content Development,100863,85,843,8430,Creates interactive educational materials and digital content to support learning and instruction.,,Rakez,Draft
Collaborative Learning Platforms,101070,85,855,8550,Develops and manages platforms that facilitate collaborative learning and knowledge sharing among users.,,Rakez,Draft
EdTech Consultancy Services,100850,70,702,7020,Provides consultancy services specializing in educational technology solutions and implementation strategies.,,Rakez,Draft
Language Learning Apps,102068,58,582,5820,Develops mobile and digital applications aimed at facilitating language acquisition and learning.,,Rakez,Draft
Online Learning Platforms,103955,85,854,8540,Operates online platforms that offer a variety of educational courses and learning resources.,,Rakez,Draft
Gamified Learning Platforms,101070,58,582,5820,Designs and delivers learning platforms that incorporate gamification elements to enhance user engagement.,,Rakez,Draft
E-Learning Content Creation,101064,58,582,5820,Produces and curates digital content specifically designed for e-learning environments and courses.,,Rakez,Draft
Virtual Classroom Solutions,101172,85,855,8550,Develops virtual classroom technologies that enable remote and interactive educational experiences.,,Rakez,Draft
Adaptive Learning Platforms,101070,58,582,5820,Creates adaptive learning platforms that personalize educational content based on learner performance and preferences.,,Rakez,Draft
Professional Development Courses,102899,85,854,8540,Offers professional development courses aimed at enhancing skills and competencies in various fields.,,Rakez,Draft
Virtual Reality (VR) in Education,100863,85,843,8430,Develops and implements virtual reality applications to enhance educational experiences and training programs.,,Rakez,Draft
Parent-Teacher Communication Apps Development,100776,62,619,6201,Designs and develops mobile applications to facilitate communication and engagement between parents and teachers.,,Rakez,Draft
Education Analytics and Reporting,100863,85,843,8430,Provides analytics and reporting services to assess and improve educational outcomes using data-driven insights.,,Rakez,Draft
Learning Management Systems (LMS),102181,58,582,5820,"Develops and provides software platforms for managing, delivering, and tracking educational courses and training programs.",,Rakez,Draft
Aerial shows by drones,100106,59,591,5910,Organizes and performs aerial entertainment shows using drone technology for public and private events.,,Rakez,Draft
Aerial photography by drones,100107,74,742,7420,"Conducts aerial photography services utilizing drones for commercial, industrial, and media purposes.",,Rakez,Draft
HealthTech Wearables and Biometric Devices Development,103956,26,266,2660,Designs and manufactures wearable health technology devices and biometric sensors for medical and fitness applications.,,Rakez,Draft
Robotic Process Automation (RPA) Services,103957,62,619,6190,Offers automation services that implement robotic process automation solutions to optimize business workflows.,,Rakez,Draft
Digital Health Record Management System Development,101073,62,619,6201,Develops digital systems for the secure management and storage of electronic health records.,,Rakez,Draft
Telehealth Platforms Development,103958,58,582,5820,Creates and maintains telehealth platforms that facilitate remote medical consultations and healthcare services.,,Rakez,Draft
AI-Powered Diagnostic Tools Development,103959,72,721,7210,Develops artificial intelligence-based diagnostic tools to assist healthcare professionals in disease detection and analysis.,,Rakez,Draft
Telemedicine App Development,103960,62,619,6201,Designs and develops mobile applications that enable remote medical consultations and telemedicine services.,,Rakez,Draft
Electrical Welding and Soldering Equipment Manufacturing,102422,27,268,2680,Manufactures electrical welding and soldering equipment for industrial and commercial use.,,Rakez,Draft
Services for District Cooling,101110,35,353,3530,Provides specialized services related to the operation and maintenance of district cooling systems for large-scale facilities.,,Rakez,Draft
Twines and Ropes of Textile Fibers or Strip and Like Manufacturing,103493,13,139,1394,Produces twines and ropes made from textile fibers or similar materials for industrial and commercial applications.,,Rakez,Draft
Yarns and Threads of All Kinds Spinning and Manufacturing,103152,13,131,1311,Engages in the spinning and manufacturing of various types of yarns and threads for textile production.,,Rakez,Draft
Fuel Oil and Refinery Gases Production,101573,19,192,1920,Produces fuel oils and refinery gases through the processing and refining of crude petroleum.,,Rakez,Draft
"Paper Cups , Dishes and Trays Manufacturing",103568,17,162,1709,"Manufactures disposable paper cups, dishes, and trays for food service and packaging industries.",,Rakez,Draft
Electromechanical Works Contracting,100492,43,432,4320,Undertakes contracting work involving the installation and maintenance of electromechanical systems in buildings and infrastructure.,,Rakez,Draft
Submain Sewerage Networks and Houses Connection Contracting,102932,37,360,3600,Executes contracting services for the installation and connection of submain sewerage networks and residential sewer connections.,,Rakez,Draft
Prefabricated buildings installation contracting,101885,43,432,4329,Provides contracting services for the installation and assembly of prefabricated buildings and modular structures.,,Rakez,Draft
Concrete Works,100820,43,429,4290,"Performs concrete works including mixing, pouring, and finishing for construction projects.",,Rakez,Draft
Electricity Distribution Intermediate,103961,35,351,3510,Acts as an intermediary entity in the distribution of electricity between generation sources and end consumers.,,Rakez,Draft
Turbines and Parts Thereof Manufacturing,103962,28,281,2811,Manufactures turbines and their components for use in various industrial and energy applications.,,Rakez,Draft
Mineral Insulating Materials Manufacturing,103560,23,222,2220,Produces mineral-based insulating materials for thermal and acoustic insulation purposes.,,Rakez,Draft
Potatoes Processing and Preserving,103416,10,103,1030,Processes and preserves potatoes into various packaged food products for consumer and industrial markets.,,Rakez,Draft
Industrial Potatoes Peeling,101876,10,103,1030,Provides industrial-scale peeling services for potatoes to support food processing operations.,,Rakez,Draft
Cold and Hot Beverages,101508,56,563,5630,Manufactures and distributes a range of cold and hot beverage products for retail and commercial consumption.,,Rakez,Draft
Developing Defence and surveillance Systems,103963,84,842,8422,Develops advanced defense and surveillance systems for military and security applications.,,Rakez,Draft
"Control System, Command and Control Trade",102643,26,265,2651,"Engages in the trade and distribution of control, command, and control systems for various industries.",,Rakez,Draft
"Aircraft Cabin Simulators Repair, Maintenance and Modification",100157,33,331,3315,"Provides repair, maintenance, and modification services for aircraft cabin simulators used in pilot training.",,Rakez,Draft
Plastic Closures Articles  Manufacturing,103672,22,222,2220,Manufactures plastic closure products such as caps and lids for packaging industries.,,Rakez,Draft
Fiberglass Tanks and Reservoirs Manufacturing,103184,22,222,2220,Produces fiberglass tanks and reservoirs for storage and industrial use.,,Rakez,Draft
Prepared Pigments and Colours Manufacturing,102592,20,202,2022,"Manufactures prepared pigments and colorants for use in paints, coatings, and related products.",,Rakez,Draft
Semi-Manufactures of Plastic Products Manufacturing,103659,22,222,2220,Produces semi-finished plastic products used as intermediate materials in manufacturing processes.,,Rakez,Draft
Other Activities Related to Manufacture of Plastics Products,103659,22,222,2220,Conducts various manufacturing activities related to plastic products not classified elsewhere.,,Rakez,Draft
Military Tools and Supplies Manufacture,103964,25,252,2520,Manufactures military tools and supplies for defense and armed forces applications.,,Rakez,Draft
Military Combat Vehicle Trade,103965,46,454,4540,"Trades military combat vehicles, including armored and tactical transport vehicles.",,Rakez,Draft
Trading of Photographic Equipment and Military Countermeasures,102865,46,465,4650,Trades photographic equipment alongside military countermeasure devices and technologies.,,Rakez,Draft
Trade of Sensors and Military Communication System,100775,46,465,4652,Trades sensors and military communication systems for defense and security sectors.,,Rakez,Draft
Military Autonomous Systems Trade,103966,84,842,8422,"Trades autonomous military systems, including unmanned vehicles and robotic platforms.",,Rakez,Draft
Trading spare parts for Photographic Equipment and Military Countermeasures,100839,46,465,4652,Trades spare parts for photographic equipment and military countermeasure devices.,,Rakez,Draft
"Trade of Missile Launch Control Devices, Warning and Test Equipment and Related Systems",103967,46,465,4652,"Trades missile launch control devices, warning systems, test equipment, and associated defense technologies.",,Rakez,Draft
Military Robotics & Control Systems Trade,102643,30,304,3040,Engages in the trade and distribution of military robotics and control systems for defense applications.,,Rakez,Draft
Military Aircrafts Manufacturing,103968,30,303,3030,Manufactures military aircraft and related aerospace components for defense and security purposes.,,Rakez,Draft
Knitted and Crocheted Fabrics Processing and Manufacturing,102185,13,139,1391,Processes and produces knitted and crocheted fabrics for use in textile and apparel industries.,,Rakez,Draft
Herb Infusions Manufacturing,102520,11,108,1080,"Manufactures herb infusions, including herbal teas and extracts, for consumer and medicinal use.",,Rakez,Draft
Advanced Agriculture For the grains crop and oilseeds,100093,1,11,111,Provides advanced agricultural services and technologies focused on the cultivation of grains and oilseeds.,,Rakez,Draft
