activity name,activity code,division,group,class,isic description,activity description,jurisdiction,status
Academic tutoring services,100006.0,85,854,8549,Other education n.e.c.,,SHAMS,
"Accounting, bookkeeping and auditing activities; tax consultancy",100010.0,69,692,6920,"Accounting, bookkeeping and auditing activities; tax consultancy",,SHAMS,
"Acquiring film, video tape and DVD distribution rights",100015.0,59,591,5913,"Motion picture, video and television programme distribution activities",,SHAMS,
Acting and Related Arts Training,100016.0,85,854,8542,Cultural education,,SHAMS,
"Activities auxiliary to financial service activities, except insurance and pension funding",100017.0,66,661,6610,"Activities auxiliary to financial service activities, except insurance and pension funding",,SHAMS,
Activities auxiliary to insurance and pension funding,100018.0,66,662,6620,Activities auxiliary to insurance and pension funding,,SHAMS,
"Activities carried on by agents and agencies on behalf of individuals usually involving the obtaining of engagements in motion picture, theatrical production or other entertainment or sports attractions and the placement of books, plays, artworks, photographs etc., with publishers, producers etc.",100019.0,74,749,7490,"Other professional, scientific and technical activities n.e.c.",,SHAMS,
"Activities involved in or closely related to insurance and pension funding (except claims adjusting and activities of insurance agents):
 • Salvage administration
 • Actuarial services",100020.0,66,662,6629,Other activities auxiliary to insurance and pension funding,,SHAMS,
"Activities of agencies primarily engaged in selling travel, tour, transportation and accommodation services to the general public and commercial clients",100021.0,79,791,7911,Travel agency activities,,SHAMS,
"Activities of associations of specialists engaged in cultural activities, such as associations of writers, painters, performers of various kinds, journalists etc.",100023.0,94,941,9412,Activities of professional membership organizations,,SHAMS,
Activities of assuming all or part of the risk associated with existing insurance policies originally underwritten by other insurance carriers,100024.0,65,652,6520,Reinsurance,,SHAMS,
Activities of auctioning houses (retail),100025.0,47,477,4774,Retail sale of second-hand goods,,SHAMS,
Activities of business and employers,100026.0,94,941,9411,Activities of business and employers membership organizations,,SHAMS,
Activities of business and employers membership organizations,100026.0,94,941,9411,Activities of business and employers membership organizations,,SHAMS,
Activities of call centres,100027.0,82,822,8220,Activities of call centres,,SHAMS,
"Activities of casting agencies and bureaus, such as theatrical casting agencies",100028.0,78,781,7810,Activities of employment placement agencies,,SHAMS,
Activities of cine-clubs,100030.0,59,591,5914,Motion picture projection activities,,SHAMS,
Activities of collection agencies and credit bureaus,100031.0,82,829,8291,Activities of collection agencies and credit bureaus,,SHAMS,
Activities of commercial art galleries,100032.0,90,900,9000,"Creative, arts and entertainment activities",,SHAMS,
Activities of commission agents and all other wholesalers who trade on behalf and on the account of others,100033.0,46,461,4610,Wholesale on a fee or contract basis,,SHAMS,
"Activities of consultants other than architecture, engineering and management consultants",100034.0,74,749,7490,"Other professional, scientific and technical activities n.e.c.",,SHAMS,
Activities of customs agents,100035.0,52,522,5229,Other transportation support activities,,SHAMS,
Activities of employment placement agencies,100036.0,78,781,7810,Activities of employment placement agencies,,SHAMS,
Activities of food service contractors (e.g. for transportation companies),100038.0,56,562,5629,Other food service activities,,SHAMS,
Activities of graphic designers,100039.0,74,741,7410,Specialized design activities,,SHAMS,
Activities of head offices,100040.0,70,701,7010,Activities of head offices,,SHAMS,
Activities of holding companies,100041.0,64,642,6420,Activities of holding companies,,SHAMS,
"Activities of inbound call centres, answering calls from clients by using human operators, automatic call distribution, computer telephone integration, interactive voice response systems or similar methods to receive orders, provide product information, deal with customer requests for assistance or address customer complaints",100042.0,82,822,8220,Activities of call centres,,SHAMS,
Activities of independent auctioneers,100043.0,82,829,8299,Other business support service activities n.e.c.,,SHAMS,
Activities of independent journalists,100044.0,90,900,9000,"Creative, arts and entertainment activities",,SHAMS,
"Activities of individual own-account sportsmen and athletes, referees, judges, timekeepers etc.",100045.0,93,931,9319,Other sports activities,,SHAMS,
"Activities of individual writers, for all subjects including fictional writing, technical writing etc.",100046.0,90,900,9000,"Creative, arts and entertainment activities",,SHAMS,
Activities of insurance agents and brokers,100047.0,66,662,6622,Activities of insurance agents and brokers,,SHAMS,
"Activities of insurance agents and brokers (insurance intermediaries) in selling, negotiating or soliciting of annuities and insurance and reinsurance policies",100047.0,66,662,6622,Activities of insurance agents and brokers,,SHAMS,
Activities of interior decorators,100048.0,74,741,7410,Specialized design activities,,SHAMS,
Activities of learned societies,100049.0,94,949,9499,Activities of other membership organizations n.e.c.,,SHAMS,
Activities of millwrights,100050.0,33,332,3320,Installation of industrial machinery and equipment,,SHAMS,
Activities of mortgage advisers and brokers,100051.0,66,661,6619,Other activities auxiliary to financial service activities,,SHAMS,
"Activities of motion picture film laboratories and activities of special laboratories for animated films:
 • Developing and processing motion picture film
 • Reproduction of motion picture film for theatrical distribution",100052.0,59,591,5912,"Motion picture, video and television programme post-production activities",,SHAMS,
Activities of mountain guides,100053.0,93,931,9319,Other sports activities,,SHAMS,
Activities of non-store auctions (retail),100054.0,47,479,4791,Retail sale via mail order houses or via Internet,,SHAMS,
Activities of on-line employment placement agencies,100036.0,78,781,7810,Activities of employment placement agencies,,SHAMS,
Activities of opticians,100055.0,47,477,4773,Other retail sale of new goods in specialized stores,,SHAMS,
"Activities of organizations whose members’ interests centre chiefly on a particular scientific discipline, professional practice or technical field, such as medical associations, legal associations, accounting associations, engineering associations, architects associations etc.",100057.0,94,941,9412,Activities of professional membership organizations,,SHAMS,
"Activities of organizations whose members’ interests centre on the development and prosperity of enterprises in a particular line of business or trade, including farming, or on the economic growth and climate of a particular geographical area without regard for the line of business.",100058.0,94,941,9411,Activities of business and employers membership organizations,,SHAMS,
Activities of other membership organizations,100059.0,94,949,9499,Activities of other membership organizations n.e.c.,,SHAMS,
Activities of other membership organizations n.e.c.,100059.0,94,949,9499,Activities of other membership organizations n.e.c.,,SHAMS,
"Activities of outbound call centers using similar methods to sell or market goods or services to potential customers, undertake market research or public opinion polling and similar activities for clients",100060.0,82,822,8220,Activities of call centres,,SHAMS,
Activities of photojournalists,100061.0,74,742,7420,Photographic activities,,SHAMS,
"Activities of producers or entrepreneurs of arts live events, with or without facilities",100062.0,90,900,9000,"Creative, arts and entertainment activities",,SHAMS,
"Activities of producers or promoters of sports events, with or without facilities",100064.0,93,931,9319,Other sports activities,,SHAMS,
Activities of professional membership organizations,100065.0,94,941,9412,Activities of professional membership organizations,,SHAMS,
Activities of quantity surveyors,100066.0,74,749,7490,"Other professional, scientific and technical activities n.e.c.",,SHAMS,
Activities of racing garages,100067.0,93,931,9319,Other sports activities,,SHAMS,
"Activities of radio networks, i.e. assembling and transmitting aural programming to the affiliates or subscribers via over-the-air broadcasts, cable or satellite",100068.0,60,601,6010,Radio broadcasting,,SHAMS,
"Activities of sculptors, painters, cartoonists, engravers, etchers etc.",100070.0,90,900,9000,"Creative, arts and entertainment activities",,SHAMS,
Activities of sea-freight forwarders and air-cargo agents,100071.0,52,522,5229,Other transportation support activities,,SHAMS,
Activities of sports clubs,100072.0,93,931,9312,Activities of sports clubs,,SHAMS,
Activities of sports leagues and regulating bodies,100073.0,93,931,9319,Other sports activities,,SHAMS,
Activities of stock footage film libraries etc.,100074.0,59,591,5912,"Motion picture, video and television programme post-production activities",,SHAMS,
"Activities of those involved in bringing sellers and buyers together or undertaking commercial transactions on behalf of a principal, including on the internet",100075.0,46,461,4610,Wholesale on a fee or contract basis,,SHAMS,
Activities of wholesale auctioneering houses,100078.0,46,461,4610,Wholesale on a fee or contract basis,,SHAMS,
Activities related to promotion of sporting events,100079.0,93,931,9319,Other sports activities,,SHAMS,
Address bar coding services,100084.0,82,829,8299,Other business support service activities n.e.c.,,SHAMS,
Administration of loyalty programmes,100088.0,82,829,8299,Other business support service activities n.e.c.,,SHAMS,
Advertising,100096.0,73,731,7310,Advertising,,SHAMS,
Advertising Agency,100096.0,73,731,7310,Advertising,,SHAMS,
"Advice and help to businesses and public services in planning, organization, efficiency and control, management information etc.",100103.0,70,702,7020,Management consultancy activities,,SHAMS,
Advisory activities and representation on behalf of clients before tax authorities,100104.0,69,692,6920,"Accounting, bookkeeping and auditing activities; tax consultancy",,SHAMS,
Agronomy consulting,100132.0,74,749,7490,"Other professional, scientific and technical activities n.e.c.",,SHAMS,
Air Photography,100148.0,74,742,7420,Photographic activities,,SHAMS,
Alternative Energy activities,100187.0,72,721,7210,Research and experimental development on natural sciences and engineering,,SHAMS,
Alternative Energy Consultancy,100187.0,72,721,7210,Research and experimental development on natural sciences and engineering,,SHAMS,
Application service provisioning,100232.0,63,631,6311,"Data processing, hosting and related activities",,SHAMS,
"Appraisal activities other than for real estate and insurance (for antiques, jewellery, etc.)",100234.0,74,749,7490,"Other professional, scientific and technical activities n.e.c.",,SHAMS,
Architectural and engineering activities and related technical consultancy,100248.0,71,711,7110,Architectural and engineering activities and related technical consultancy,,SHAMS,
"Architectural consulting activities:
 • Building design and drafting
 • Town and city planning and landscape architecture",100249.0,71,711,7110,Architectural and engineering activities and related technical consultancy,,SHAMS,
"Arranging and assembling tours that are sold through travel agencies or directly by tour operators. the tours may include any or all of the following:
 • Transportation
 • Accommodation
 • Food
 • Visits to museums, historical or cultural sites, theatrical, musical or sporting events.",100256.0,79,791,7912,Tour operator activities,,SHAMS,
"Arranging or organizing of transport operations by rail, road, sea or air",100257.0,52,522,5229,Other transportation support activities,,SHAMS,
Art consulting,100258.0,90,900,9000,"Creative, arts and entertainment activities",,SHAMS,
Art instruction,100261.0,85,854,8542,Cultural education,,SHAMS,
Art production,100262.0,90,900,9000,"Creative, arts and entertainment activities",,SHAMS,
Art Production Services Contracts,100263.0,90,900,9000,"Creative, arts and entertainment activities",,SHAMS,
Artificial Intelligence Developing Services,100266.0,72,721,7210,Research and experimental development on social sciences and humanities,,SHAMS,
Artistic Production Contracting Services,100272.0,59,591,5913,"Motion picture, video and television programme distribution activities",,SHAMS,
Artistic work including preparation of litho stones and prepared woodblocks,100274.0,18,181,1812,Service activities related to printing,,SHAMS,
Artwork for cosmetic Craft,100275.0,32,329,3290,Other manufacturing n.e.c.,,SHAMS,
Assembly of self-standing furniture,100280.0,95,952,9524,Repair of furniture and home furnishings,,SHAMS,
"Assessing insurance claims
 • Claims adjusting
 • Risk assessing
 • Risk and damage evaluation
 • Average and loss adjusting",100281.0,66,662,6621,Risk and damage evaluation,,SHAMS,
"Associations for the pursuit of a cultural or recreational activity or hobby (other than sports or games), e.g. poetry, literature and book clubs, historical clubs, gardening clubs, film and photo clubs, music and art clubs, craft and collectors’ clubs, social clubs, carnival clubs etc.",100286.0,94,949,9499,Activities of other membership organizations n.e.c.,,SHAMS,
"Associations of youth, young persons’ associations, student associations and fraternities etc.",100287.0,94,949,9499,Activities of other membership organizations n.e.c.,,SHAMS,
Audio Recorded Media Distribution,100297.0,59,592,5920,Sound recording and music publishing activities,,SHAMS,
Audio Recordings Publication,100300.0,58,581,5811,Book publishing,,SHAMS,
Audio Studios Services,100301.0,59,592,5920,Sound recording and music publishing activities,,SHAMS,
"Audio Visual, Recording Equipment & Accessories Trading",100302.0,46,465,4652,Wholesale of electronic and telecommunications equipment and parts,,SHAMS,
Automobile associations,100332.0,45,451,4510,Sale of motor vehicles,,SHAMS,
Aviation consultancy,100340.0,52,522,5229,Other transportation support activities,,SHAMS,
Bar code imprinting services,100375.0,82,829,8299,Other business support service activities n.e.c.,,SHAMS,
Bill auditing and freight rate information,100407.0,74,749,7490,"Other professional, scientific and technical activities n.e.c.",,SHAMS,
"Binding of printed sheets, e.g. into books, brochures, magazines, catalogues etc., byfolding, assembling, stitching, glueing, collating, basting, adhesive binding, trimming, gold stamping",100412.0,18,181,1812,Service activities related to printing,,SHAMS,
Blogging Services,100431.0,63,639,6391,Web portals,,SHAMS,
Blueprinting,100434.0,82,821,8219,"Photocopying, document preparation and other specialized office support activities",,SHAMS,
Book publishing,100444.0,58,581,5811,Book publishing,,SHAMS,
Bottle cleaning,100458.0,81,812,8129,Other building and industrial cleaning activities,,SHAMS,
Branding and Corporate Identity,100471.0,73,732,7320,Market research and public opinion polling,,SHAMS,
"Broadcasting audio signals through radio broadcasting studios and facilities for the transmission of aural programming to the public, to affiliates or to subscribers",100481.0,60,601,6010,Radio broadcasting,,SHAMS,
Business & applications follow up services,100516.0,82,829,8299,Other business support service activities n.e.c.,,SHAMS,
"Business brokerage activities, i.e. arranging for the purchase and sale of small and medium-sized businesses, including professional practices, but not including real estate brokerage",100519.0,74,749,7490,"Other professional, scientific and technical activities n.e.c.",,SHAMS,
Business support service activities n.e.c.,100528.0,82,829,8290,Business support service activities n.e.c.,,SHAMS,
Businessman services,100530.0,82,829,8299,Other business support service activities n.e.c.,,SHAMS,
Cafeterias,100542.0,56,561,5610,Restaurants and mobile food service activities,,SHAMS,
"Camps, sports instruction",100551.0,85,854,8541,Sports and recreation education,,SHAMS,
Card game instruction (such as bridge),100569.0,85,854,8541,Sports and recreation education,,SHAMS,
Cargo freight consultancy,100577.0,70,702,7020,Management consultancy activities,,SHAMS,
Cargo handling,100578.0,52,522,5224,Cargo handling,,SHAMS,
Cartoons Production,100603.0,59,591,5913,"Motion picture, video and television programme production activities",,SHAMS,
Centralized administrative offices,100634.0,70,701,7010,Activities of head offices,,SHAMS,
"Certification of products, including consumer goods, motor vehicles, aircraft, pressurized containers, nuclear plants etc.",100640.0,71,712,7120,Technical testing and analysis,,SHAMS,
Chemical industries consultancy,100658.0,71,711,7110,Architectural and engineering activities and related technical consultancy,,SHAMS,
Choreography,100685.0,90,900,9000,"Creative, arts and entertainment activities",,SHAMS,
Cinematic Studios Services,100690.0,59,591,5911,"Motion picture, video and television programme production activities",,SHAMS,
Civil engineering consultancy,100695.0,71,711,7110,Architectural and engineering activities and related technical consultancy,,SHAMS,
Cleaning activities,100703.0,81,812,8129,Other building and industrial cleaning activities,,SHAMS,
Cleaning of industrial machinery,100706.0,81,812,8129,Other building and industrial cleaning activities,,SHAMS,
Cleaning of the inside of road and sea tankers,100708.0,81,812,8129,Other building and industrial cleaning activities,,SHAMS,
"Cleaning of trains, buses, planes, etc.",100709.0,81,812,8129,Other building and industrial cleaning activities,,SHAMS,
Cloud Computing Services,100723.0,63,639,6391,"Data processing, hosting and related activities",,SHAMS,
"Collection of payments for claims and remittance of payments collected to the clients, such as bill or debt collection services",100751.0,82,829,8291,Activities of collection agencies and credit bureaus,,SHAMS,
College board preparation,100757.0,85,854,8549,Other education n.e.c.,,SHAMS,
Combined facilities support activities,100760.0,81,811,8110,Combined facilities support activities,,SHAMS,
"Commercial and consumer photograph production:
 • Portrait photography for passports, schools, weddings etc.
 • Photography for commercials, publishers, fashion, real estate or tourism purposes
 • Aerial photography
 • Videotaping of events: weddings, meetings etc.",100763.0,74,742,7420,Photographic activities,,SHAMS,
Commercial brokerage services,100766.0,46,461,4610,Wholesale on a fee or contract basis,,SHAMS,
Commercial Brokers,100766.0,46,461,4610,Wholesale on a fee or contract basis,,SHAMS,
Commercial Publications Editing,100772.0,58,581,5811,Book publishing,,SHAMS,
Communication consultancy,100776.0,70,702,7020,Management consultancy activities,,SHAMS,
"Compiling of information, such as credit and employment histories on individuals and credit histories on businesses and providing the information to financial institutions, retailers and others who have a need to evaluate the creditworthiness of these persons and businesses",100783.0,82,829,8291,Activities of collection agencies and credit bureaus,,SHAMS,
Compliance consultancy,100785.0,66,661,6619,Other activities auxiliary to financial service activities,,SHAMS,
Composition and Typesetting,100787.0,18,181,1811,Service activities related to printing,,SHAMS,
"Composition, typesetting, phototypesetting, pre-press data input including scanning and optical character recognition, electronic make-up",100787.0,18,181,1812,Service activities related to printing,,SHAMS,
Computer consultancy and computer facilities management activities,100792.0,62,620,6202,Computer consultancy and computer facilities management activities,,SHAMS,
Computer disaster recovery,100793.0,62,620,6209,Other information technology and computer service activities,,SHAMS,
Computer programming activities,100801.0,62,620,6201,Computer programming activities,,SHAMS,
"Computer programming, consultancy and related activities",100801.0,62,620,6200,"Computer programming, consultancy and related activities",,SHAMS,
Computer System Housing Services,100807.0,63,639,6391,"Data processing, hosting and related activities",,SHAMS,
Computer Systems and Software Designing,100810.0,62,620,6202,Computer programming activities,,SHAMS,
Computer training,100813.0,85,854,8549,Other education n.e.c.,,SHAMS,
Concept & design consultancy,100816.0,62,620,6202,Computer consultancy and computer facilities management activities,,SHAMS,
"Concession operation of coin-operated personal service machines (photo booths, weighing machines, machines for checking blood pressure, coin-operated lockers etc.)",100817.0,96,960,9609,Other personal service activities n.e.c.,,SHAMS,
"Conducting marketing campaigns and other advertising services aimed at attracting and retaining customers:
 • Promotion of products
 • Point-of-sale marketing
 • Direct mail advertising
 • Marketing consulting",100823.0,73,731,7310,Advertising,,SHAMS,
"Connecting of electric appliances and household equipment, including baseboard heating",100829.0,43,432,4321,Electrical installation,,SHAMS,
Consultancy and Studies and Researches in Literature and Arts,100855.0,72,722,7220,Research and experimental development on social sciences and humanities,,SHAMS,
Consulting and advertising studies,100862.0,73,731,7310,Advertising,,SHAMS,
Consulting and research and development in the field of technology education,100863.0,72,721,7210,Research and experimental development on natural sciences and engineering,,SHAMS,
Content Rights Management,100879.0,74,749,7490,"Other professional, scientific and technical activities n.e.c.",,SHAMS,
Copying of Computer Software,100896.0,18,181,1811,Reproduction of recorded media,,SHAMS,
Corporate Content Provider,100900.0,58,581,5819,Other publishing activities,,SHAMS,
Corporate offices,100901.0,70,701,7010,Activities of head offices,,SHAMS,
Corporate services provider,100781.0,70,701,7010,Activities of head offices,,SHAMS,
Corporate services provider,100781.0,70,701,7010,Activities of head offices,,SHAMS,
Costume Design,100911.0,74,741,7410,Specialized design activities,,SHAMS,
Courier activities,100917.0,53,532,5320,Courier activities,,SHAMS,
"Creation and realization of advertising campaigns:
 • Creating and placing advertising in newspapers, periodicals, radio, television, the internet and other media
 • Creating and placing of outdoor advertising, e.g. billboards, panels, bulletins and frames, window dressing, showroom design, car and bus carding etc.
 • Media representation, i.e. sale of time and space for various media soliciting advertising
 • Aerial advertising
 • Distribution or delivery of advertising material or samples
 • Provision of advertising space on billboards etc.
 • Creation of stands and other display structures and sites",100923.0,73,731,7310,Advertising,,SHAMS,
"Creation of a complete television channel programme, from purchased programme components (e.g. movies, documentaries etc.), self produced programme components (e.g. local news, live reports) or a combination thereof",100924.0,60,602,6020,Television programming and broadcasting activities,,SHAMS,
Creative Agency Activities,100926.0,90,900,9000,"Creative, arts and entertainment activities",,SHAMS,
"Creative, arts and entertainment activities",100928.0,90,900,9000,"Creative, arts and entertainment activities",,SHAMS,
Cultural education,100949.0,85,854,8542,Cultural education,,SHAMS,
"Customizing of software, i.e. modifying and configuring an existing application so that it is functional within the clients’ information system environment",100962.0,62,620,6201,Computer programming activities,,SHAMS,
Cyber risk management services,100975.0,62,620,6202,Computer consultancy and computer facilities management activities,,SHAMS,
Cyber Security Architecture,100976.0,62,620,6202,Computer programming activities,,SHAMS,
Cyber security consultancy,100977.0,62,620,6202,Computer consultancy and computer facilities management activities,,SHAMS,
Dance instruction and dance studios,100982.0,85,854,8542,Cultural education,,SHAMS,
Data broadcasting integrated with radio broadcasting,100983.0,60,601,6010,Radio broadcasting,,SHAMS,
Data broadcasting integrated with television broadcasting,100984.0,60,602,6020,Television programming and broadcasting activities,,SHAMS,
Data Classification & Analysis Services,100985.0,63,631,6311,"Data processing, hosting and related activities",,SHAMS,
"Data processing activities:
 • Complete processing of data supplied by clients
 • Generation of specialized reports from data supplied by clients",100990.0,63,631,6311,"Data processing, hosting and related activities",,SHAMS,
"Data processing, hosting and related activities",100991.0,63,631,6311,"Data processing, hosting and related activities",,SHAMS,
"Data processing, hosting and related activities; web portals",100991.0,63,631,6310,"Data processing, hosting and related activities; web portals",,SHAMS,
"Delivery of visual, aural or textual programming received from cable networks, local television stations or radio networks to consumers via direct-to-home satellite systems (the units classified here do not generally originate programming material.)",101014.0,61,613,6130,Satellite telecommunications activities,,SHAMS,
Design & Artwork Services,101027.0,18,181,1812,Service activities related to printing,,SHAMS,
Design & Production Of Prototypes,101028.0,74,741,7410,Specialized design activities,,SHAMS,
Design and production of social networking programs,101029.0,62,620,6202,Computer programming activities,,SHAMS,
"Design of accounting methods or procedures, cost accounting programmes, budgetary control procedures",101030.0,70,702,7020,Management consultancy activities,,SHAMS,
"Design of printing products e.g. sketches, layouts, dummies etc.",101031.0,18,181,1812,Service activities related to printing,,SHAMS,
"Design, Production and installation of billboards",101035.0,73,731,7310,Advertising,,SHAMS,
"Design, Scenery, Motion Graphics and Lighting",101036.0,90,900,9000,"Creative, arts and entertainment activities",,SHAMS,
Designing the databases,101037.0,62,620,6202,Computer programming activities,,SHAMS,
"Designing the structure and content of, and/or writing the computer code necessary to create and implement:
 • Systems software (including updates and patches)
 • Software applications (including updates and patches)
 • Databases
 • Web pages",101038.0,62,620,6201,Computer programming activities,,SHAMS,
"Development of building projects for own operation, i.e. for renting of space in these buildings",101050.0,41,410,4100,Construction of buildings,,SHAMS,
Digital and Interactive Game Development,101063.0,62,620,6201,Computer programming activities,,SHAMS,
Digital content management,101065.0,70,702,7020,Management consultancy activities,,SHAMS,
Digital content services,101064.0,62,620,6202,Computer consultancy and computer facilities management activities,,SHAMS,
Digital marketing,101066.0,73,731,7310,Advertising,,SHAMS,
Digital media management,101068.0,73,731,7310,Advertising,,SHAMS,
"Digital Newspaper Publishing, News Agency, Specialty Communication and PR",101069.0,58,581,5813,"Publishing of newspapers, journals and periodicals",,SHAMS,
Direct marketing,101075.0,73,731,7310,Advertising,,SHAMS,
Direct sale via television and radio,101076.0,47,479,4791,Retail sale via mail order houses or via Internet,,SHAMS,
"Direct selling of fuel (heating oil, fire wood etc.), delivered directly to the customers premises",101077.0,47,479,4799,"Other retail sale not in stores, stalls or markets",,SHAMS,
Disinfecting and exterminating activities,101083.0,81,812,8129,Other building and industrial cleaning activities,,SHAMS,
Dismantling large-scale machinery and equipment,101088.0,33,332,3320,Installation of industrial machinery and equipment,,SHAMS,
"Dismantling of automobiles, computers, televisions and other equipment to obtain and re-sell usable parts",101090.0,38,383,3830,Materials recovery,,SHAMS,
"Distributing film, video tapes, DVDs and similar productions to motion picture theatres, television networks and stations and exhibitors",101101.0,59,591,5913,"Motion picture, video and television programme distribution activities",,SHAMS,
Distribution and delivery of mail and parcels,101103.0,53,532,5320,Courier activities,,SHAMS,
District and regional offices,101109.0,70,701,7010,Activities of head offices,,SHAMS,
Document editing or proofreading,101117.0,82,821,8219,"Photocopying, document preparation and other specialized office support activities",,SHAMS,
Document preparation,101118.0,82,821,8219,"Photocopying, document preparation and other specialized office support activities",,SHAMS,
Documentary Filming,101121.0,59,591,5913,"Motion picture, video and television programme production activities",,SHAMS,
Documentary Films Photography,101122.0,59,591,5911,"Motion picture, video and television programme production activities",,SHAMS,
Drama schools (except academic),101137.0,85,854,8542,Cultural education,,SHAMS,
Duct work installation,101157.0,43,432,4329,Other construction installation,,SHAMS,
Duplicating,101158.0,82,821,8219,"Photocopying, document preparation and other specialized office support activities",,SHAMS,
E Guide and Building E Complexes,101160.0,63,639,6391,"Data processing, hosting and related activities",,SHAMS,
E-books publishing,101162.0,58,581,5811,Book publishing,,SHAMS,
E-gaming services & solutions,101172.0,61,619,6190,Other telecommunications activities,,SHAMS,
E-Sports & Gaming activities,101174.0,61,619,6190,Other telecommunications activities,,SHAMS,
E-sports Data & Analytics Services,101175.0,63,631,6311,"Data processing, hosting and related activities",,SHAMS,
Economic advisory,101192.0,66,661,6619,Other activities auxiliary to financial service activities,,SHAMS,
Education consultancy,101197.0,85,855,8550,Educational support activities,,SHAMS,
Education that is not definable by level,101201.0,85,854,8549,Other education n.e.c.,,SHAMS,
Educational support activities,101200.0,85,855,8550,Educational support activities,,SHAMS,
"Elaboration of projects using air conditioning, refrigeration, sanitary and pollution control engineering, acoustical engineering etc.",101214.0,71,711,7110,Architectural and engineering activities and related technical consultancy,,SHAMS,
Electrical installation,101238.0,43,432,4321,Electrical installation,,SHAMS,
"Electrical, plumbing and other construction installation activities",101242.0,43,432,4321,Electrical installation,,SHAMS,
Electronic Chips Designing and Programing,101254.0,62,620,6202,Computer programming activities,,SHAMS,
Electronic Directory,101259.0,63,639,6391,"Data processing, hosting and related activities",,SHAMS,
Electronic Equipment and Devices Systems and Software Designing,101261.0,62,620,6202,Computer programming activities,,SHAMS,
Electronic Integration,101268.0,61,611,6110,Wired telecommunications activities,,SHAMS,
Electronic publishing and software implementation & Training,101272.0,85,855,8550,Educational support activities,,SHAMS,
Engineering consultancy,101302.0,71,711,7110,Architectural and engineering activities and related technical consultancy,,SHAMS,
Engineering consultancy of ship building,101305.0,71,711,7110,Architectural and engineering activities and related technical consultancy,,SHAMS,
"Engineering design (i.e. applying physical laws and principles of engineering in the design of machines, materials, instruments, structures, processes and systems) and consulting activities for:
 • Machinery, industrial processes and industrial plant
 • Projects involving civil engineering, hydraulic engineering, traffic engineering
 • Water management projects
 • Projects elaboration and realization relative to electrical and electronic engineering, mining engineering, chemical engineering, mechanical, industrial and systems engineering, safety engineering
 • Project management activities related to construction",101306.0,74,741,7410,Specialized design activities,,SHAMS,
Engraving or etching of cylinders for gravure,101312.0,18,181,1812,Service activities related to printing,,SHAMS,
Entertainment Services and Contracting,101317.0,90,900,9000,"Creative, arts and entertainment activities",,SHAMS,
Environmental consulting,101326.0,70,702,7020,Management consultancy activities,,SHAMS,
Environmental engineering Consultancy,101327.0,71,711,7110,Architectural and engineering activities and related technical consultancy,,SHAMS,
Equipment trading of e-games and entertainment halls,101338.0,46,464,4649,Wholesale of other household goods,,SHAMS,
"Esearch and experimental development on natural science and engineering:
 • Research and development on natural sciences
 • Research and development on engineering and technology
 • Research and development on medical sciences
 • Research and development on biotechnology
 • Research and development on agricultural sciences
 • Interdisciplinary research and development, predominantly on natural sciences and engineering",101341.0,72,721,7210,Research and experimental development on natural sciences and engineering,,SHAMS,
Event catering,101344.0,56,562,5621,Event catering,,SHAMS,
Event catering,101344.0,56,562,5621,Event catering,,SHAMS,
Event catering and other food service activities,101344.0,56,562,5621,Event catering,,SHAMS,
Event organizing,101346.0,90,900,9000,"Creative, arts and entertainment activities",,SHAMS,
Events Production,101347.0,90,900,9000,"Creative, arts and entertainment activities",,SHAMS,
Examination of accounts and certification of their accuracy,101352.0,69,692,6920,"Accounting, bookkeeping and auditing activities; tax consultancy",,SHAMS,
Exhibition Organizing,101358.0,82,829,8299,Organization of conventions and trade shows,,SHAMS,
"Exterior cleaning of buildings of all types, including offices, factories, shops, institutions and other business and professional premises and multiunit residential buildings",100490.0,81,812,8129,Other building and industrial cleaning activities,,SHAMS,
Facilities management services,101380.0,82,821,8211,Combined office administrative service activities,,SHAMS,
Fashion design consultancy,101390.0,74,741,7410,Specialized design activities,,SHAMS,
"Fashion design related to textiles, wearing apparel, shoes, jewelry, furniture and other interior decoration and other fashion goods as well as other personal or household goods",101391.0,74,741,7410,Specialized design activities,,SHAMS,
Fast-food restaurants,101393.0,56,561,5610,Restaurants and mobile food service activities,,SHAMS,
Festival Organization and Management,101403.0,82,823,8230,Organization of conventions and trade shows,,SHAMS,
"Film processing:
 • Developing, printing and enlarging from client-taken negatives or cine-films
 • Film developing and photo printing laboratories
 • One hour photo shops (not part of camera stores)
 • Mounting of slides
 • Copying and restoring or transparency retouching in connection with photographs",101416.0,74,742,7420,Photographic activities,,SHAMS,
Film-making Training,101415.0,59,591,5911,"Motion picture, video and television programme production activities",,SHAMS,
Films Production,101418.0,59,591,5911,"Motion picture, video and television programme production activities",,SHAMS,
Films Production Supportive Services,101419.0,59,592,5920,Sound recording and music publishing activities,,SHAMS,
Financial advisory and financial analysis,101422.0,66,661,6619,Other activities auxiliary to financial service activities,,SHAMS,
Financial leasing,101425.0,64,649,6491,Financial leasing,,SHAMS,
"Financial service activities primarily concerned with making loans by institutions not involved in monetary intermediation, where the granting of credit can take a variety of forms, such as loans, mortgages, credit cards etc., providing the following types of services:
 • Granting of consumer credit
 • International trade financing
 • Provision of long-term finance to industry by industrial banks
 • Money lending outside the banking system
 • Credit granting for house purchase by specialized non-depository institutions
 • Pawnshops and pawnbrokers",101426.0,64,649,6492,Other credit granting,,SHAMS,
"Financial transaction processing and settlement activities, including for credit card transactions",101427.0,66,661,6619,Other activities auxiliary to financial service activities,,SHAMS,
Fine arts schools (except academic),101432.0,85,854,8542,Cultural education,,SHAMS,
Fitting of heels,101479.0,95,952,9523,Repair of footwear and leather goods,,SHAMS,
Food preparation in market stalls,101516.0,56,561,5610,Restaurants and mobile food service activities,,SHAMS,
Forwarding of freight,101542.0,52,522,5229,Other transportation support activities,,SHAMS,
Fundraising organization services on a contract or fee basis,101579.0,63,639,6399,Other information service activities n.e.c.,,SHAMS,
Games Publishing,101587.0,58,582,5820,Software publishing,,SHAMS,
Gaming Industry Research Services,101599.0,72,721,7210,Research and experimental development on social sciences and humanities,,SHAMS,
Gaming Localization Services,101590.0,62,620,6202,Computer programming activities,,SHAMS,
Gaming Publisher,101587.0,58,581,5811,Software publishing,,SHAMS,
Gaming Streaming Social Media Platform,101603.0,60,601,6010,Television programming and broadcasting activities,,SHAMS,
Genealogical organizations,101628.0,96,960,9609,Other personal service activities n.e.c.,,SHAMS,
"General (non-specialized) cleaning of all types of buildings, such as:
 • Offices
 • Houses or apartments
 • Factories
 • Shops
 • Institutions",101629.0,81,812,8121,General cleaning of buildings,,SHAMS,
General (non-specialized) cleaning of other business and professional premises and multiunit residential buildings these activities cover mostly interior cleaning although they may include the cleaning of associated exterior areas such as windows or passageways.,101629.0,81,812,8121,General cleaning of buildings,,SHAMS,
General cleaning of buildings,100490.0,81,812,8121,General cleaning of buildings,,SHAMS,
General facilities and services engineering consultancy,101637.0,81,811,8110,Combined facilities support activities,,SHAMS,
General time-share provision of mainframe facilities to clients,101645.0,63,631,6311,"Data processing, hosting and related activities",,SHAMS,
General Trading,101646.0,46,469,4690,Non-specialized wholesale trade,,SHAMS,
"Geodetic surveying activities:
 • Land and boundary surveying activities
 • Hydrologic surveying activities
 • Subsurface surveying activities
 • Cartographic and spatial information activities",101654.0,71,711,7110,Architectural and engineering activities and related technical consultancy,,SHAMS,
"Geophysical, geologic and seismic surveying",101658.0,71,711,7110,Architectural and engineering activities and related technical consultancy,,SHAMS,
Gifts trading,101664.0,46,464,4649,Wholesale of other household goods,,SHAMS,
Global Television Networks Programs Rebroadcasting Services,101680.0,60,602,6020,Television programming and broadcasting activities,,SHAMS,
"Goods-handling operations, e.g. temporary crating for the sole purpose of protecting the goods during transit, uncrating, sampling, weighing of goods",101692.0,52,522,5229,Other transportation support activities,,SHAMS,
Grant giving activities by membership organizations or others,101705.0,94,949,9499,Activities of other membership organizations n.e.c.,,SHAMS,
Gymnastics instruction,101727.0,85,854,8541,Sports and recreation education,,SHAMS,
Head offices,101751.0,70,701,7010,Activities of head offices,,SHAMS,
Health management consulting services,101762.0,70,702,7020,Management consultancy activities,,SHAMS,
Holograms production,101791.0,18,181,1812,Service activities related to printing,,SHAMS,
Home delivery services,101792.0,53,532,5320,Courier activities,,SHAMS,
Hospitality and tourism training services,101808.0,85,854,8549,Other education n.e.c.,,SHAMS,
Hospitality management consultancy,101809.0,70,702,7020,Management consultancy activities,,SHAMS,
Hospitality services,101810.0,56,562,5621,Event catering,,SHAMS,
Human resources consultancy,101829.0,70,702,7020,Management consultancy activities,,SHAMS,
Ice cream truck vendors,101838.0,56,561,5610,Restaurants and mobile food service activities,,SHAMS,
Immigration consultancy,101850.0,70,702,7020,Management consultancy activities,,SHAMS,
"Industrial design, i.e. creating and developing designs and specifications that optimize the use, value and appearance of products, including the determination of the materials, construction, mechanism, shape, colour and surface finishes of the product, taking into consideration human characteristics and needs, safety, market appeal and efficiency in production, distribution, use and maintenance",101868.0,74,741,7410,Specialized design activities,,SHAMS,
Information search services on a contract or fee basis,101891.0,63,639,6399,Other information service activities n.e.c.,,SHAMS,
Information Technology Consultants,101894.0,62,620,6202,Computer consultancy and computer facilities management activities,,SHAMS,
Innovation and artificial intelligence research and consultancies,101904.0,70,702,7020,Management consultancy activities,,SHAMS,
Installation (setting-up) of personal computers,101911.0,62,620,6209,Other information technology and computer service activities,,SHAMS,
"Installation in buildings or other construction projects of:
  • Elevators, escalators
  • Automated and revolving doors
  • Lightning conductors
  • Vacuum cleaning systems
  • Thermal, sound or vibration insulation",101916.0,43,432,4321,Electrical installation,,SHAMS,
"Installation in buildings or other construction projects of:
  • Heating systems (electric, gas and oil)
  • Furnaces, cooling towers
  • Non-electric solar energy collectors
  • Plumbing and sanitary equipment
  • Ventilation, refrigeration or air-conditioning equipment and ducts
  • Gas fittings
  • Steam piping
  • Fire sprinkler systems
  • Lawn sprinkler systems",101917.0,43,432,4321,Electrical installation,,SHAMS,
Installation of bowling alley equipment,101918.0,33,332,3320,Installation of industrial machinery and equipment,,SHAMS,
Installation of industrial machinery and equipment,101925.0,33,332,3320,Installation of industrial machinery and equipment,,SHAMS,
Installation of industrial machinery in industrial plant,101926.0,33,332,3320,Installation of industrial machinery and equipment,,SHAMS,
Installation of industrial process control equipment,101927.0,33,332,3320,Installation of industrial machinery and equipment,,SHAMS,
"Installation of other industrial equipment, e.g.:
  • Communications equipment
  • Mainframe and similar computers
  • Irradiation and electromedical equipment etc.",101930.0,33,332,3320,Installation of industrial machinery and equipment,,SHAMS,
"Installation of:
  • Electrical wiring and fittings
  • Telecommunications wiring
  • Computer network and cable television wiring, including fibre optic
  • Satellite dishes
  • Lighting systems
  • Fire alarms
  • Burglar alarm systems
  • Street lighting and electrical signals
  • Airport runway lighting",101934.0,43,432,4321,Electrical installation,,SHAMS,
Insurance,101944.0,65,651,6510,Insurance,,SHAMS,
Intellectual property services,101953.0,77,774,7740,"Leasing of intellectual property and similar products, except copyrighted works",,SHAMS,
Interactive services,101955.0,63,631,6311,"Data processing, hosting and related activities",,SHAMS,
Interactive Services,101955.0,63,631,6311,"Data processing, hosting and related activities",,SHAMS,
"Interdisciplinary research and development, predominantly on social sciences and humanities",101957.0,72,722,7220,Research and experimental development on social sciences and humanities,,SHAMS,
Internet Content Provider,101973.0,63,639,6391,"Data processing, hosting and related activities",,SHAMS,
Internet retail auctions,101975.0,47,479,4791,Retail sale via mail order houses or via Internet,,SHAMS,
"Investigation into collective opinions of the public about political, economic and social issues and statistical analysis thereof",101979.0,73,732,7320,Market research and public opinion polling,,SHAMS,
"Investigation into market potential, acceptance and familiarity of products and buying habits of consumers for the purpose of sales promotion and development of new products, including statistical analyses of the results",101980.0,73,732,7320,Market research and public opinion polling,,SHAMS,
Investment advisory services,101982.0,66,661,6619,Other activities auxiliary to financial service activities,,SHAMS,
"Is class includes the activities of holding companies, i.e. units that hold the assets (owning controlling-levels of equity) of a group of subsidiary corporations and whose principal activity is owning the group. the holding companies in this class do not provide any other service to the businesses in which the equity is held, i.e. they do not administer or manage other units.",102002.0,64,642,6420,Activities of holding companies,,SHAMS,
Issue and procurement of transport documents and waybills,102005.0,52,522,5229,Other transportation support activities,,SHAMS,
IT security management,102010.0,62,620,6209,Other information technology and computer service activities,,SHAMS,
Landscape care and maintenance service activities,102063.0,81,813,8130,Landscape care and maintenance service activities,,SHAMS,
Language instruction and conversational skills instruction,102066.0,85,854,8549,Other education n.e.c.,,SHAMS,
Laser Shows Presentation,102071.0,90,900,9000,"Creative, arts and entertainment activities",,SHAMS,
Lawn mowers however operated,102079.0,46,465,4653,"Wholesale of agricultural machinery, equipment and supplies",,SHAMS,
Learning centres offering remedial courses,102083.0,85,854,8549,Other education n.e.c.,,SHAMS,
"Leasing of intellectual property and similar products, except copyrighted works",102085.0,77,774,7740,"Leasing of intellectual property and similar products, except copyrighted works",,SHAMS,
"Leasing of intellectual property products (except copyrighted works, such as books or software)",102085.0,77,774,7740,"Leasing of intellectual property and similar products, except copyrighted works",,SHAMS,
Leasing where the term approximately covers the expected life of the asset and the lessee acquires substantially all the benefits of its use and takes all the risks associated with its ownership. the ownership of the asset may or may not eventually be transferred. such leases cover all or virtually all costs including interest.,102087.0,64,649,6491,Financial leasing,,SHAMS,
Letter or resume writing,102099.0,82,821,8219,"Photocopying, document preparation and other specialized office support activities",,SHAMS,
Life insurance,102103.0,65,651,6511,Life insurance,,SHAMS,
Lifeguard training,102107.0,85,854,8549,Other education n.e.c.,,SHAMS,
Lifestyle consultancy,102108.0,96,960,9609,Other personal service activities n.e.c.,,SHAMS,
Lifestyle development consultancy,102108.0,96,960,9609,Other personal service activities n.e.c.,,SHAMS,
Light Archiving,102115.0,63,639,6391,"Data processing, hosting and related activities",,SHAMS,
Loading and unloading of freight railway cars,102136.0,52,522,5224,Cargo handling,,SHAMS,
Loading and unloading of goods or passengers’ luggage irrespective of the mode of transport used for transportation,102137.0,52,522,5224,Cargo handling,,SHAMS,
Lobbying activities,102140.0,74,749,7490,"Other professional, scientific and technical activities n.e.c.",,SHAMS,
"Logistics activities, i.e. planning, designing and supporting operations of transportation, warehousing and distribution",102147.0,52,522,5229,Other transportation support activities,,SHAMS,
Logistics consultancy,102148.0,70,702,7020,Management consultancy activities,,SHAMS,
Machine rigging,102158.0,33,332,3320,Installation of industrial machinery and equipment,,SHAMS,
Mail presorting services,102163.0,82,829,8299,Other business support service activities n.e.c.,,SHAMS,
Maintaining and operating paging as well as cellular and other wireless telecommunications networks.,102164.0,61,612,6120,Wireless telecommunications activities,,SHAMS,
Maintenance of land in order to keep it in good ecological condition,102169.0,81,813,8130,Landscape care and maintenance service activities,,SHAMS,
Management consultancy activities,102177.0,70,702,7020,Management consultancy activities,,SHAMS,
Managing & Operating a Casting Agency,102182.0,78,781,7810,Activities of employment placement agencies,,SHAMS,
Managing & Operating a Modelling Agency,102183.0,78,781,7810,Activities of employment placement agencies,,SHAMS,
"Managing Operations of facilities for indoor or outdoor sports events (open, closed or covered, with or without spectator seating): 
• Supervision of Racetracks for auto 
• Supervision of Football, hockey, cricket, baseball, jai-alai stadiums
• Supervision of Swimming pools and stadiums
• Supervision of Track and field stadiums
• Supervision of Winter sports arenas and stadiums
• Supervision of Ice-hockey arenas
• Supervision of Boxing arenas
• Supervision of Golf courses
• Supervision of Bowling lanes
• Supervision of Fitness centers",102181.0,93,931,9311,Operation of sports facilities,,SHAMS,
"Managing operations of sports clubs:
• Supervision of Football clubs
• Supervision of Bowling clubs
• Supervision of Swimming clubs
• Supervision of Golf clubs
• Supervision of Boxing clubs
• Supervision of Body-building clubs
• Supervision of Winter sports clubs
• Supervision of Chess clubs
• Supervision of Track and field clubs
• Supervision of Shooting clubs, etc.",102182.0,93,931,9312,Activities of sports clubs,,SHAMS,
Managing operations of sports facilities,102182.0,93,931,9311,Operation of sports facilities,,SHAMS,
Managing organization and operation of outdoor or indoor sports events for professionals or amateurs by organizations with own facilities this class includes managing and providing the staff to operate these facilities.,102183.0,93,931,9311,Operation of sports facilities,,SHAMS,
Marine services consultancy,102606.0,71,711,7110,Architectural and engineering activities and related technical consultancy,,SHAMS,
Market research and public opinion polling,102624.0,73,732,7320,Market research and public opinion polling,,SHAMS,
Marketing & Selling events tickets,102625.0,79,799,7990,Other reservation service and related activities,,SHAMS,
Marketing festivals and art events,102628.0,90,900,9000,"Creative, arts and entertainment activities",,SHAMS,
"Marketing Consultancy, Media Buying and Web Development",102629.0,73,731,7310,Market research and public opinion polling,,SHAMS,
Marketing Services Via Social Media,102633.0,62,620,6202,Computer consultancy and computer facilities management activities,,SHAMS,
"Marketing, public relations & communication consultancy",102634.0,70,702,7020,Management consultancy activities,,SHAMS,
Martial arts instruction,102636.0,85,854,8541,Sports and recreation education,,SHAMS,
Mass Media Engineering Consultancy,102637.0,70,702,7020,Management consultancy activities,,SHAMS,
Media archiving,102659.0,59,591,5913,"Motion picture, video and television programme distribution activities",,SHAMS,
"Media consultancy:
• Broadcasting
• Press
• News
• TV & Radio
• Production
• Post-Production",102658.0,70,702,7020,Management consultancy activities,,SHAMS,
Media content production,102661.0,59,591,5911,"Motion picture, video and television programme production activities",,SHAMS,
Media equipment rental,102662.0,77,773,7730,"Renting and leasing of other machinery, equipment and tangible goods",,SHAMS,
Media Facilities,102663.0,59,591,5911,"Motion picture, video and television programme production activities",,SHAMS,
Media Hardware Equipment and System Integration services,102664.0,62,620,6201,Computer programming activities,,SHAMS,
Media monitoring,102665.0,73,732,7320,Market research and public opinion polling,,SHAMS,
Media Monitoring Services,102665.0,73,731,7310,Market research and public opinion polling,,SHAMS,
Media Production and Translation Services,102666.0,74,749,7490,"Other professional, scientific and technical activities n.e.c.",,SHAMS,
"Media Production Services, Media and Marketing Consultancy",102658.0,70,702,7020,Management consultancy activities,,SHAMS,
Media representation,102667.0,73,731,7310,Advertising,,SHAMS,
Media support services,102670.0,59,591,5911,"Motion picture, video and television programme production activities",,SHAMS,
Media Training,102671.0,73,732,7320,Market research and public opinion polling,,SHAMS,
Metaverse Services Provider,102724.0,62,620,6202,Computer consultancy and computer facilities management activities,,SHAMS,
Microfilming of documents,102726.0,74,742,7420,Photographic activities,,SHAMS,
Mobile food carts,,56,561,5610,Restaurants and mobile food service activities,,SHAMS,
"Motion picture or videotape projection in cinemas, in the open air or in other projection facilities",102744.0,59,591,5914,Motion picture projection activities,,SHAMS,
Motion picture projection activities,102744.0,59,591,5914,Motion picture projection activities,,SHAMS,
Motion Picture Studio,,59,591,5913,"Motion picture, video and television programme production activities",,SHAMS,
"Motion picture, video and television programme activities",102746.0,59,591,5910,"Motion picture, video and television programme activities",,SHAMS,
"Motion picture, video and television programme distribution activities",102747.0,59,591,5913,"Motion picture, video and television programme distribution activities",,SHAMS,
"Motion picture, video and television programme post-production activities",102748.0,59,591,5912,"Motion picture, video and television programme post-production activities",,SHAMS,
"Motion picture, video and television programme production activities",102745.0,59,591,5911,"Motion picture, video and television programme production activities",,SHAMS,
Multi dimensional printing services,103577.0,18,181,1811,Service activities related to printing,,SHAMS,
Multimedia development,,59,591,5911,"Motion picture, video and television programme production activities",,SHAMS,
Music Band,,90,900,9000,"Creative, arts and entertainment activities",,SHAMS,
Music consultancy,102753.0,70,702,7020,Management consultancy activities,,SHAMS,
Music production & recordings,,59,592,5920,Sound recording and music publishing activities,,SHAMS,
Music promotion & management,,59,592,5920,Sound recording and music publishing activities,,SHAMS,
"Music publishing, i.e. activities of:
 • Acquiring and registering copyrights for musical compositions
 • Promoting, authorizing and using these compositions in recordings, radio, television, motion pictures, live performances, print and other media
 • Distributing sound recordings to wholesalers, retailers or directly to the public.",,59,592,5920,Sound recording and music publishing activities,,SHAMS,
Music training,,90,900,9000,"Creative, arts and entertainment activities",,SHAMS,
Network Websites Contents Entering and Supplying,102757.0,63,639,6391,"Data processing, hosting and related activities",,SHAMS,
Network Websites Designing,102758.0,62,620,6202,Computer programming activities,,SHAMS,
News agency activities,102762.0,63,639,6391,News agency activities,,SHAMS,
"News clipping services, press clipping services, etc.",102763.0,63,639,6399,Other information service activities n.e.c.,,SHAMS,
News services through websites,,63,639,6391,News agency activities,,SHAMS,
"News syndicate and news agency activities furnishing news, pictures and features to the media",102764.0,63,639,6391,News agency activities,,SHAMS,
Non-life insurance,102772.0,65,651,6512,Non-life insurance,,SHAMS,
Non-specialized wholesale trade,,46,469,4690,Non-specialized wholesale trade,,SHAMS,
On-line publishing of statistics or other information,102797.0,58,581,5811,Other publishing activities,,SHAMS,
Online advertising,102799.0,73,731,7310,Advertising,,SHAMS,
Online Gaming Services,102800.0,61,611,6110,Other telecommunications activities,,SHAMS,
Online Marketing Services,,73,731,7310,Advertising,,SHAMS,
Online news services,,61,619,6190,Other telecommunications activities,,SHAMS,
"Online Training, Project Management Services, Online Store for Consumer Products",,82,829,8299,Combined office administrative service activities,,SHAMS,
Operating & managing cinemas,,82,821,8211,Combined office administrative service activities,,SHAMS,
Operating TV & Radio Broadcasting Stations except content managment,,60,602,6020,Television programming and broadcasting activities,,SHAMS,
"Operating, maintaining or providing access to facilities for the transmission of voice, data, text, sound and video using a satellite telecommunications infrastructure",,61,611,6110,Wired telecommunications activities,,SHAMS,
"Operating, maintaining or providing access to facilities for the transmission of voice, data, text, sound and video using a wired telecommunications infrastructure, including:
 • Operating and maintaining switching and transmission facilities to provide point-top oint communications via landlines, microwave or a combination of landlines and satellite linkups
 • Operating of cable distribution systems (e.g. for distribution of data and television signals)
 • Furnishing telegraph and other non-vocal communications using own facilities the transmission facilities that carry out these activities, may be based on a single technology or a combination of technologies.",,61,611,6110,Wired telecommunications activities,,SHAMS,
"Operating, maintaining or providing access to facilities for the transmission of voice, data, text, sound, and video using a wireless telecommunications infrastructure",,61,611,6110,Wired telecommunications activities,,SHAMS,
"Operation of canteens or cafeterias (e.g. for factories, offices, hospitals or schools) on a concession basis",,56,562,5629,Other food service activities,,SHAMS,
Operation of concert and theatre halls and other arts facilities,,90,900,9000,"Creative, arts and entertainment activities",,SHAMS,
Operation of food concessions at sports and similar facilities,,56,562,5629,Other food service activities,,SHAMS,
"Operation of other websites that act as portals to the internet, such as media sites providing periodically updated content",,63,631,6312,Web portals,,SHAMS,
Operation of police laboratories,,86,869,8690,Other human health activities,,SHAMS,
Operation of residential mobile home sites,,55,552,5520,"Camping grounds, recreational vehicle parks and trailer parks",,SHAMS,
Operation of satellite terminal stations and associated facilities operationally connected with one or more terrestrial communications systems and capable of transmitting telecommunications to or receiving telecommunications from satellite systems,,61,619,6190,Other telecommunications activities,,SHAMS,
Operation of satellite terminal stations and associated facilities operationally connected with one or more terrestrial communications systems and capable of transmitting telecommunications to or receiving telecommunications from satellite systems,,61,619,6190,Other telecommunications activities,,SHAMS,
Operation of sport fishing and hunting preserves,,91,910,9103,Botanical and zoological gardens and nature reserves activities,,SHAMS,
Operation of web sites that use a search engine to generate and maintain extensive databases of internet addresses and content in an easily searchable format,,63,631,6312,Web portals,,SHAMS,
Organazing Digital Gaming events,,93,931,9319,Other sports activities,,SHAMS,
Organazing Sports & Entertainment Games,,93,931,9311,Operation of sports facilities,,SHAMS,
Organization of conventions and trade shows,102803.0,82,823,8230,Organization of conventions and trade shows,,SHAMS,
Organization of group and individual consignments (including pickup and delivery of goods and grouping of consignments),,52,522,5229,Other transportation support activities,,SHAMS,
"Organization, promotion and/or management of events, such as business and trade shows, conventions, conferences and meetings, whether or not including the management and provision of the staff to operate the facilities in which these events take place",,82,823,8230,Organization of conventions and trade shows,,SHAMS,
Organizing E-Sports Events,,93,931,9319,Other sports activities,,SHAMS,
Organizing exhibitions of art works,,82,823,8230,Organization of conventions and trade shows,,SHAMS,
Other activities auxiliary to financial service activities,102804.0,66,661,6619,Other activities auxiliary to financial service activities,,SHAMS,
Other activities auxiliary to insurance and pension funding,,66,662,6629,Other activities auxiliary to insurance and pension funding,,SHAMS,
Other building and industrial cleaning activities,,81,812,8129,Other building and industrial cleaning activities,,SHAMS,
"Other building and industrial cleaning activities, n.e.c.",,81,812,8129,Other building and industrial cleaning activities,,SHAMS,
Other business support service activities n.e.c.,,82,829,8299,Other business support service activities n.e.c.,,SHAMS,
Other construction installation,,43,432,4321,Electrical installation,,SHAMS,
Other credit granting,,64,649,6492,Other credit granting,,SHAMS,
Other education,,85,854,8540,Other education,,SHAMS,
Other education n.e.c.,,85,854,8549,Other education n.e.c.,,SHAMS,
"Other financial service activities primarily concerned with distributing funds other than by making loans:
 • Factoring activities
 • Writing of swaps, options and other hedging arrangements
 • Activities of viatical settlement companies",,64,649,6499,"Other financial service activities, except insurance and pension funding activities, n.e.c.",,SHAMS,
"Other financial service activities, except insurance and pension funding activities",102805.0,64,649,6490,"Other financial service activities, except insurance and pension funding activities",,SHAMS,
"Other financial service activities, except insurance and pension funding activities, n.e.c.",102805.0,64,649,6490,"Other financial service activities, except insurance and pension funding activities",,SHAMS,
Other food service activities,,56,562,5629,Other food service activities,,SHAMS,
"Other graphic activities such as die-sinking or die-stamping, braille copying, punching and drilling, embossing, varnishing and laminating, collating and insetting, creasing",103593.0,18,181,1812,Service activities related to printing,,SHAMS,
Other human resources provision,102806.0,78,783,7830,Other human resources provision,,SHAMS,
Other information service activities,102807.0,63,639,6390,Other information service activities,,SHAMS,
Other information service activities n.e.c.,102807.0,63,639,6399,Other information service activities n.e.c.,,SHAMS,
Other information technology and computer service activities,102808.0,62,620,6209,Other information technology and computer service activities,,SHAMS,
Other personal service activities,,96,960,9609,Other personal service activities n.e.c.,,SHAMS,
Other personal service activities n.e.c.,,96,960,9609,Other personal service activities n.e.c.,,SHAMS,
Other production activties,103398.0,10,101,1010,Processing and preserving of meat,,SHAMS,
"Other professional, scientific and technical activities n.e.c.",,74,749,7490,"Other professional, scientific and technical activities n.e.c.",,SHAMS,
Other publishing activities,102809.0,58,581,5819,Other publishing activities,,SHAMS,
Other reservation service and related activities,102811.0,79,799,7990,Other reservation service and related activities,,SHAMS,
Other retail sale in non-specialized stores,,47,471,4719,Other retail sale in non-specialized stores,,SHAMS,
"Other retail sale not in stores, stalls or markets",,47,479,4799,"Other retail sale not in stores, stalls or markets",,SHAMS,
Other retail sale of new goods in specialized stores,,47,477,4773,Other retail sale of new goods in specialized stores,,SHAMS,
Other specialized wholesale,,46,466,4660,Other specialized wholesale,,SHAMS,
Other sports activities,,93,931,9319,Other sports activities,,SHAMS,
Other support activities typically provided to businesses not elsewhere classified,,82,829,8299,Other business support service activities n.e.c.,,SHAMS,
Other technical consulting,,74,749,7490,"Other professional, scientific and technical activities n.e.c.",,SHAMS,
Other telecommunications activities,,61,619,6190,Other telecommunications activities,,SHAMS,
Other transportation support activities,,52,522,5229,Other transportation support activities,,SHAMS,
"Own-account investment activities, such as by venture capital companies, investment clubs etc.",,64,649,6499,"Other financial service activities, except insurance and pension funding activities, n.e.c.",,SHAMS,
Packaging activities,102812.0,82,829,8292,Packaging activities,,SHAMS,
"Packaging activities on a fee or contract basis, whether or not these involve an automated process:
 • Bottling of liquids, including beverages and food
 • Packaging of solids (blister packaging, foil-covered etc.)
 • Security packaging of pharmaceutical preparations
 • Labeling, stamping and imprinting
 • Parcel-packing and gift-wrapping",102813.0,82,829,8292,Packaging activities,,SHAMS,
"Packaging activities, Printing Services",102812.0,18,181,1811,Service activities related to printing,,SHAMS,
Parking meter coin collection services,102834.0,82,829,8299,Other business support service activities n.e.c.,,SHAMS,
Parties and Occasions Photographing,,74,742,7420,Photographic activities,,SHAMS,
Patent brokerage activities (arranging for the purchase and sale of patents),102841.0,74,749,7490,"Other professional, scientific and technical activities n.e.c.",,SHAMS,
"Performance of physical, chemical and other analytical testing of all types of materials and products (see below for exceptions):
 • Acoustics and vibration testing
 • Testing of composition and purity of minerals etc.
 • Testing activities in the field of food hygiene, including veterinary testing and control in relation to food production
 • Testing of physical characteristics and performance of materials, such as strength, thickness, durability, radioactivity etc.
 • Qualification and reliability testing
 • Performance testing of complete machinery: motors, automobiles, electronic equipment etc.
 • Radiographic testing of welds and joints
 • Failure analysis
 • Testing and measuring of environmental indicators: air and water pollution etc.",,71,712,7120,Technical testing and analysis,,SHAMS,
Performing Art training,,85,854,8542,Cultural education,,SHAMS,
Performing arts management,,90,900,9000,"Creative, arts and entertainment activities",,SHAMS,
Performing arts schools (except academic),,85,854,8542,Cultural education,,SHAMS,
Periodic road-safety testing of motor vehicles,,71,712,7120,Technical testing and analysis,,SHAMS,
"Personnel search, selection referral and placement activities, including executive placement and search activities",102847.0,78,781,7810,Activities of employment placement agencies,,SHAMS,
"Pet care services such as boarding, grooming, sitting and training pets",102851.0,96,960,9609,Other personal service activities n.e.c.,,SHAMS,
Photocopying,102861.0,82,821,8219,"Photocopying, document preparation and other specialized office support activities",,SHAMS,
Photographic activities,102864.0,74,742,7420,Photographic activities,,SHAMS,
Photography for construction projects,,74,742,7420,Photographic activities,,SHAMS,
Photography schools (except commercial),102870.0,85,854,8542,Cultural education,,SHAMS,
Photography training,102872.0,85,854,8549,Other education n.e.c.,,SHAMS,
Piano teachers and other music instruction,103307.0,85,854,8542,Cultural education,,SHAMS,
Piano-tuning,103301.0,95,952,9529,Repair of other personal and household goods,,SHAMS,
"Pickup, sorting, transport and delivery (domestic or international) of letter-post and (mail-type) parcels and packages by firms not operating under a universal service obligation. one or more modes of transport may be involved and the activity may be carried out with either self-owned (private) transport or via public transport.",103303.0,53,532,5320,Courier activities,,SHAMS,
Pizza delivery,103300.0,56,561,5610,Restaurants and mobile food service activities,,SHAMS,
"Planning and designing of computer systems that integrate computer hardware, software and communication technologies.",,62,620,6202,Computer consultancy and computer facilities management activities,,SHAMS,
"Planting, care and maintenance of:
 • Parks and gardens for:
 1. Private and public housing
 2. Public and semi-public buildings (schools, hospitals, administrative buildings,
  church buildings etc.)
 3. Municipal grounds (parks, green areas, cemeteries etc.)
 4. Highway greenery (roads, train lines and tramlines, waterways, ports)
 5. Industrial and commercial buildings
 • Greenery for:
 1. Buildings (roof gardens, façade greenery, indoor gardens)
 2. Sports grounds (e.g. football fields, golf courses etc.), play grounds, lawns for sunbathing and other recreational parks
 3. Stationary and flowing water (basins, alternating wet areas, ponds, swimming pools, ditches, watercourses, plant sewage systems)
 • Plants for protection against noise, wind, erosion, visibility and dazzling",103193.0,81,813,8130,Landscape care and maintenance service activities,,SHAMS,
Plate processes direct to plate (also photopolymer plates),102880.0,18,181,1812,Service activities related to printing,,SHAMS,
Plate-making services including imagesetting and plate-setting (for the printing processes letterpress and offset),102881.0,18,181,1812,Service activities related to printing,,SHAMS,
"Plumbing, heat and air-conditioning installation",102883.0,43,432,4322,"Plumbing, heat and air-conditioning installation",,SHAMS,
Pop Arts Shows,,90,900,9000,"Creative, arts and entertainment activities",,SHAMS,
"Porters, valet car parkers etc.",102887.0,96,960,9609,Other personal service activities n.e.c.,,SHAMS,
"Post-production activities such as:
 • Editing, titling, subtitling, credits
 • Closed captioning
 • Computer-produced graphics, animation and special effects
 • Film/tape transfers",102748.0,59,591,5912,"Motion picture, video and television programme post-production activities",,SHAMS,
Preparation of personal and business income tax returns,,69,692,6920,"Accounting, bookkeeping and auditing activities; tax consultancy",,SHAMS,
Preparation of plates and dies for relief stamping or printing,103594.0,18,181,1812,Service activities related to printing,,SHAMS,
Preparation or auditing of financial accounts,,69,692,6920,"Accounting, bookkeeping and auditing activities; tax consultancy",,SHAMS,
Press Material Preparation and Distribution,,63,639,6399,Other information service activities n.e.c.,,SHAMS,
Printing,103578.0,18,181,1811,Printing,,SHAMS,
Printing and service activities related to printing,103576.0,18,181,1810,Printing and service activities related to printing,,SHAMS,
"Printing directly onto textiles, plastic, glass, metal, wood and ceramics (except silkscreen printing on textiles and wearing apparel) the material printed is typically copyrighted.",102895.0,18,181,1811,Printing,,SHAMS,
Printing Equipment & Instruments Trading,102896.0,46,461,4610,Wholesale of other machinery and equipment,,SHAMS,
"Printing of newspapers, magazines and other periodicals, books and brochures, music and music manuscripts, maps, atlases, posters, advertising catalogues, prospectuses and other printed advertising, postage stamps, taxation stamps, documents of title, cheques and other security papers, diaries, calendars, business forms and other commercial printed matter, personal stationery and other printed matter by letterpress, offset, photogravure, flexographic and other printing presses, duplication machines, computer printers, embossers etc., including quick printing. the material printed is typically copyrighted",103583.0,18,181,1811,Printing,,SHAMS,
"Printing on labels or tags (lithographic, gravure printing, flexographic printing, other)",103588.0,18,181,1811,Printing,,SHAMS,
"Printing,Advertising Agencies And Event Organizing",,90,900,9000,"Creative, arts and entertainment activities",,SHAMS,
Procurement consulting,,70,702,7020,Management consultancy activities,,SHAMS,
Production models by the three-dimensional imaging,,32,329,3290,Other manufacturing n.e.c.,,SHAMS,
Production of cartoons,,59,591,5911,"Motion picture, video and television programme production activities",,SHAMS,
"Production of live theatrical presentations, concerts and opera or dance productions
 and other stage productions:
 • Activities of groups, circuses or companies, orchestras or bands
 • Activities of individual artists such as authors, actors, directors, musicians, lecturers or speakers, stage-set designers and builders etc.",102133.0,90,900,9000,"Creative, arts and entertainment activities",,SHAMS,
"Production of motion pictures, videos, television programmes or television commercials",,59,591,5911,"Motion picture, video and television programme production activities",,SHAMS,
"Production of original (sound) master recordings, such as tapes, CDs",,59,592,5920,Sound recording and music publishing activities,,SHAMS,
Production of proofs,103595.0,18,181,1812,Service activities related to printing,,SHAMS,
Production of reprographic products,103596.0,18,181,1812,Service activities related to printing,,SHAMS,
Professional examination review courses,,85,854,8549,Other education n.e.c.,,SHAMS,
"Professional sports instructors, teachers, coaches",,85,854,8541,Sports and recreation education,,SHAMS,
Programming of video-on-demand channels,,60,602,6020,Television programming and broadcasting activities,,SHAMS,
Project Management and Information Technology Consultancy and Service Providers,102901.0,70,702,7020,Management consultancy activities,,SHAMS,
Project management services,102903.0,82,821,8211,Combined office administrative service activities,,SHAMS,
"Providing verbatim reporting and stenotype recording of live legal proceedings and transcribing subsequent recorded materials, such as:
 • Court reporting or stenotype recording services
 • Public stenography services",,82,821,8219,"Photocopying, document preparation and other specialized office support activities",,SHAMS,
"Provision of a combination of day-to-day office administrative services, such as reception, financial planning, billing and record keeping, personnel and physical distribution (mail services) and logistics for others on a contract or fee basis.",102907.0,82,821,8211,Combined office administrative service activities,,SHAMS,
"Provision of a combination of support services within a client’s facility, such as general interior cleaning, maintenance, trash disposal, guard and security, mail routing, reception, laundry and related services to support operations within facilities. units classified here provide operating staff to carry out these support activities, but are not involved with or responsible for the core business or activities of the client.",,81,811,8110,Combined facilities support activities,,SHAMS,
Provision of data entry services,,63,631,6311,"Data processing, hosting and related activities",,SHAMS,
Provision of human resources for client businesses this provision of human resources is typically done on a long-term or permanent basis and the units classified here may perform a wide range of human resource and personnel management duties associated with this provision.,,78,783,7830,Other human resources provision,,SHAMS,
"Provision of infrastructure for hosting, data processing services and related activities",,63,639,6391,"Data processing, hosting and related activities",,SHAMS,
"Provision of insurance services other than life insurance:
 • Accident and fire insurance
 • Health insurance
 • Travel insurance
 • Property insurance
 • Motor, marine, aviation and transport insurance
 • Pecuniary loss and liability insurance",,65,651,6512,Non-life insurance,,SHAMS,
Provision of internet access by the operator of the satellite infrastructure,,61,613,6130,Satellite telecommunications activities,,SHAMS,
Provision of internet access by the operator of the wired infrastructure,,61,611,6110,Wired telecommunications activities,,SHAMS,
Provision of internet access by the operator of the wireless infrastructure,,61,612,6120,Wireless telecommunications activities,,SHAMS,
Provision of mailbox rental and other mailing activities (except direct mail advertising),,82,821,8219,"Photocopying, document preparation and other specialized office support activities",,SHAMS,
"Provision of non-instructional services that support educational processes or systems:
 • Educational consulting
 • Educational guidance counseling services
 • Educational testing evaluation services
 • Educational testing services
 • Organization of student exchange programs",,85,855,8550,Educational support activities,,SHAMS,
"Provision of on-site management and operation of clients’ computer systems and/or data processing facilities, as well as related support services",,62,620,6202,Computer consultancy and computer facilities management activities,,SHAMS,
"Provision of other travel-related reservation services:
 • Reservations for transportation, hotels, restaurants, car rentals, entertainment and sport etc.",,79,799,7990,Other reservation service and related activities,,SHAMS,
"Provision of telecommunications services over existing telecom connections:
 • Voip (voice over internet protocol) provision",,61,619,6190,Other telecommunications activities,,SHAMS,
Provision of telephone and internet access in facilities open to the public,,61,619,6190,Other telecommunications activities,,SHAMS,
Provision of time-share exchange services,,79,799,7990,Other reservation service and related activities,,SHAMS,
"Provision of visitor assistance services:
 • Provision of travel information to visitors
 • Activities of tourist guides",,79,799,7990,Other reservation service and related activities,,SHAMS,
Public relation services,102910.0,70,702,7020,Management consultancy activities,,SHAMS,
Public relations consultancy,102910.0,70,702,7020,Management consultancy activities,,SHAMS,
Public speaking training,,85,854,8549,Other education n.e.c.,,SHAMS,
Publications and media Materials E-Trading,102913.0,47,471,4711,Retail sale via mail order houses or via Internet,,SHAMS,
Publications of brochures & leaflets,102915.0,58,581,5811,Book publishing,,SHAMS,
Publicity,102916.0,73,731,7310,Advertising,,SHAMS,
"Publishing (including on-line) of:
 • Catalogs
 • Photos, engravings and postcards
 • Greeting cards
 • Forms
 • Posters, reproduction of works of art
 • Advertising material
 • Other printed matter",102917.0,58,581,5819,Other publishing activities,,SHAMS,
Publishing and Advertising,102918.0,73,731,7310,Advertising,,SHAMS,
"Publishing of atlases, maps and charts",102921.0,58,581,5811,Book publishing,,SHAMS,
Publishing of audio books,102920.0,58,581,5811,Book publishing,,SHAMS,
"Publishing of books, brochures, leaflets and similar publications, including publishing of dictionaries and encyclopedias",102922.0,58,581,5811,Book publishing,,SHAMS,
"Publishing of books, periodicals and other publishing activities",102922.0,58,581,5811,Book publishing,,SHAMS,
Publishing of directories and mailing lists,102923.0,58,581,5812,Publishing of directories and mailing lists,,SHAMS,
Publishing of encyclopedias etc. on CD-ROM,102924.0,58,581,5811,Book publishing,,SHAMS,
Publishing of mailing lists,102925.0,58,581,5812,Publishing of directories and mailing lists,,SHAMS,
Publishing of music and sheet books,102926.0,59,592,5920,Sound recording and music publishing activities,,SHAMS,
"Publishing of newspapers, including advertising newspapers",102927.0,58,581,5813,"Publishing of newspapers, journals and periodicals",,SHAMS,
"Publishing of newspapers, journals and periodicals",102927.0,58,581,5813,"Publishing of newspapers, journals and periodicals",,SHAMS,
"Publishing of other directories and compilations, such as case law, pharmaceutical compendia etc.",,58,581,5812,Publishing of directories and mailing lists,,SHAMS,
"Publishing of periodicals and other journals, including publishing of radio and television schedules publishing can be done in print or electronic form, including on the internet.",,58,581,5813,"Publishing of newspapers, journals and periodicals",,SHAMS,
"Publishing of ready-made (non-customized) software:
 • Operating systems
 • Business and other applications
 • Computer games for all platforms",,58,582,5820,Software publishing,,SHAMS,
Publishing of telephone books,,58,581,5812,Publishing of directories and mailing lists,,SHAMS,
"Publishing, Advertising and Training",,58,581,5811,Other publishing activities,,SHAMS,
"Publishing, Consultancy and Authoring Services",,58,581,5811,Other publishing activities,,SHAMS,
"Publishing, Consultancy, Event Organizing",,90,900,9000,"Creative, arts and entertainment activities",,SHAMS,
"Publishing, Event Organizing and Translating Services",,58,581,5811,Other publishing activities,,SHAMS,
Purchasing access and network capacity from owners and operators of networks and providing telecommunications services using this capacity to businesses and households,102929.0,61,611,6110,Wired telecommunications activities,,SHAMS,
Purchasing access and network capacity from owners and operators of networks and providing wireless telecommunications services (except satellite) using this capacity to businesses and households,102930.0,61,611,6110,Wired telecommunications activities,,SHAMS,
"Quality, standardization and measuring consultancy",102936.0,70,702,7020,Management consultancy activities,,SHAMS,
Radio & tv broadcast consultancy,,59,591,5911,"Motion picture, video and television programme production activities",,SHAMS,
Radio broadcasting,102940.0,60,601,6010,Radio broadcasting,,SHAMS,
Radio broadcasting activities over the internet (internet radio stations),102940.0,60,601,6010,Radio broadcasting,,SHAMS,
Radio Programs and Audio Recordings Production,,59,592,5920,Sound recording and music publishing activities,,SHAMS,
"Radio, Television and Journalism Training",,85,854,8549,Other education n.e.c.,,SHAMS,
Real estate consultancy,102955.0,68,682,6820,Real estate activities on a fee or contract basis,,SHAMS,
Real Estate Development,102957.0,64,649,6499,"Other financial service activities, except insurance and pension funding activities, n.e.c.",,SHAMS,
"Real-time (i.e. simultaneous) closed captioning of live television performances of meetings, conferences",102972.0,82,829,8299,Other business support service activities n.e.c.,,SHAMS,
"Receiving royalties or licensing fees for the use of:
 • Patented entities
 • Trademarks or service marks
 • Brand names
 • Mineral exploration and evaluation
 • Franchise agreements""",102974.0,77,774,7740,"Leasing of intellectual property and similar products, except copyrighted works",,SHAMS,
Recording of commercial transactions from businesses or others,,69,692,6920,"Accounting, bookkeeping and auditing activities; tax consultancy",,SHAMS,
Reinsurance,102987.0,65,652,6520,Reinsurance,,SHAMS,
Renting and leasing of motor vehicles,,77,771,7710,Renting and leasing of motor vehicles,,SHAMS,
"Renting and leasing of other machinery, equipment and tangible goods",,77,773,7730,"Renting and leasing of other machinery, equipment and tangible goods",,SHAMS,
Renting and leasing of other personal and household goods,,77,772,7729,Renting and leasing of other personal and household goods,,SHAMS,
Renting and leasing of personal and household goods,,77,772,7720,Renting and leasing of personal and household goods,,SHAMS,
Renting and leasing of recreational and sports goods,,77,772,7721,Renting and leasing of recreational and sports goods,,SHAMS,
"Renting and operational leasing of agricultural and forestry machinery and equipment without operator:
 • Renting of products produced by class 2821, such as agricultural tractors etc.",,77,773,7730,"Renting and leasing of other machinery, equipment and tangible goods",,SHAMS,
"Renting and operational leasing of air transport equipment without operator:
 • Airplanes
 • Hot-air balloons",,77,773,7730,"Renting and leasing of other machinery, equipment and tangible goods",,SHAMS,
"Renting and operational leasing of construction and civil-engineering machinery and equipment without operator:
 • Crane lorries
 • Scaffolds and work platforms, without erection and dismantling",,77,773,7730,"Renting and leasing of other machinery, equipment and tangible goods",,SHAMS,
"Renting and operational leasing of land-transport equipment (other than motor vehicles) without drivers:
 • Motorcycles, caravans and campers etc.
 • Railroad vehicles",,77,773,7730,"Renting and leasing of other machinery, equipment and tangible goods",,SHAMS,
"Renting and operational leasing of office machinery and equipment without operator:
 • Computers and computer peripheral equipment
 • Duplicating machines, typewriters and word-processing machines
 • Accounting machinery and equipment: cash registers, electronic calculators etc.
 • Office furniture",,77,773,7730,"Renting and leasing of other machinery, equipment and tangible goods",,SHAMS,
"Renting and operational leasing of the following types of vehicles:
 • Passenger cars (without drivers)
 • Trucks, utility trailers and recreational vehicles",,77,773,7730,"Renting and leasing of other machinery, equipment and tangible goods",,SHAMS,
"Renting and operational leasing of water-transport equipment without operator:
 • Commercial boats and ships",,77,773,7730,"Renting and leasing of other machinery, equipment and tangible goods",,SHAMS,
"Renting and operational leasing, without operator, of other machinery and equipment that are generally used as capital goods by industries:
 • Engines and turbines
 • Machine tools
 • Mining and oilfield equipment
 • Professional radio, television and communication equipment
 • Motion picture production equipment
 • Measuring and controlling equipment
 • Other scientific, commercial and industrial machinery",,77,773,7730,"Renting and leasing of other machinery, equipment and tangible goods",,SHAMS,
Renting instant photography equipment,,77,773,7730,"Renting and leasing of other machinery, equipment and tangible goods",,SHAMS,
Renting of accommodation or office containers,,77,773,7730,"Renting and leasing of other machinery, equipment and tangible goods",,SHAMS,
"Renting of all kinds of household or personal goods, to households or industries (except recreational and sports equipment):
 • Textiles, wearing apparel and footwear
 • Furniture, pottery and glass, kitchen and tableware, electrical appliances and house wares
 • Jewellery, musical instruments, scenery and costumes
 • Books, journals and magazines
 • Machinery and equipment used by amateurs or as a hobby e.g. tools for home repairs
 • Flowers and plants
 • Electronic equipment for household use",,77,772,7729,Renting and leasing of other personal and household goods,,SHAMS,
"Renting of animals (e.g. herds, race horses)",,77,773,7730,"Renting and leasing of other machinery, equipment and tangible goods",,SHAMS,
Renting of containers,,77,773,7730,"Renting and leasing of other machinery, equipment and tangible goods",,SHAMS,
Renting of pallets,,77,773,7730,"Renting and leasing of other machinery, equipment and tangible goods",,SHAMS,
"Renting of recreational and sports equipment:
 • Pleasure boats, canoes, sailboats,
 • Bicycles
 • Beach chairs and umbrellas
 • Other sports equipment
 • Skis",,77,772,7721,Renting and leasing of recreational and sports goods,,SHAMS,
Renting of video tapes and disks,,77,772,7722,Renting of video tapes and disks,,SHAMS,
"Renting of video tapes, records, CDs, DVDs etc.",,77,772,7722,Renting of video tapes and disks,,SHAMS,
Renting Photo booths,,77,773,7730,"Renting and leasing of other machinery, equipment and tangible goods",,SHAMS,
Repair and alteration of clothing,,95,952,9529,Repair of other personal and household goods,,SHAMS,
Repair and alteration of jewellery,,95,952,9529,Repair of other personal and household goods,,SHAMS,
"Repair and maintenance of communications equipment such as:
 • Cordless telephones
 • Cellular phones
 • Carrier equipment modems
 • Fax machines
 • Communications transmission equipment (e.g. routers, bridges, modems)
 • Two-way radios
 • Commercial tv and video cameras",,95,951,9512,Repair of communication equipment,,SHAMS,
"Repair and maintenance of consumer electronics:
 • Television, radio receivers
 • Video cassette recorders (VCR)
 • CD players
 • Household-type video cameras",,95,952,9521,Repair of consumer electronics,,SHAMS,
"Repair and maintenance of footwear:
 • Shoes, boots etc.",,95,952,9523,Repair of footwear and leather goods,,SHAMS,
"Repair and maintenance of irradiation, electromedical and electrotherapeutic equipment such as:
  • Magnetic resonance imaging equipment
  • Medical ultrasound equipment
  • Pacemakers
  • Hearing aids
  • Electrocardiographs
  • Electromedical endoscopic equipment
  • Irradiation apparatus",,33,331,3313,Repair of electronic and optical equipment,,SHAMS,
"Repair and maintenance of leather goods:
 • Luggage and the like",,95,952,9523,Repair of footwear and leather goods,,SHAMS,
"Repair and maintenance of optical instruments and equipment, if the use is mainly commercial, such as:
  • Binoculars
  • Microscopes (except electron and proton microscopes)
  • Telescopes
  • Prisms and lenses (except ophthalmic)
  • Photographic equipment",,33,331,3313,Repair of electronic and optical equipment,,SHAMS,
"Repair and maintenance of the measuring, testing, navigating and control equipment such as:
  • Aircraft engine instruments
  • Automotive emissions testing equipment
  • Meteorological instruments
  • Physical, electrical and chemical properties testing and inspection equipment
  • Surveying instruments
  • Radiation detection and monitoring instruments",,33,331,3313,Repair of electronic and optical equipment,,SHAMS,
"Repair and maintenance of:
 • Computer terminals like automatic teller machines (atm’s); point-of-sale (pos) terminals, not mechanically operated
 • Hand-held computers (pda’s)",,95,951,9511,Repair of computers and peripheral equipment,,SHAMS,
"Repair and maintenance of:
 • Desktop computers
 • Laptop computers
 • Magnetic disk drives, flash drives and other storage devices
 • Optical disk drives (CD-RW, CD-ROM, DVD-ROM, DVD-RW)
 • Printers
 • Monitors
 • Keyboards
 • Mice, joysticks and trackball accessories
 • Internal and external computer modems
 • Dedicated computer terminals
 • Computer servers
 • Scanners, including bar code scanners
 • Smart card readers
 • Virtual reality helmets
 • Computer projectors",,95,951,9511,Repair of computers and peripheral equipment,,SHAMS,
"Repair and servicing of home and garden equipment
 • Lawnmowers, edgers, snowand leafblowers, trimmers, etc.",,95,952,9522,Repair of household appliances and home and garden equipment,,SHAMS,
"Repair and servicing of household appliances
 • Refrigerators, stoves, washing machines, clothes dryers, room air conditioners, etc.",,95,952,9522,Repair of household appliances and home and garden equipment,,SHAMS,
Repair of bicycles,100406.0,95,952,9529,Repair of other personal and household goods,,SHAMS,
Repair of books,,95,952,9529,Repair of other personal and household goods,,SHAMS,
Repair of communication equipment,,95,951,9512,Repair of communication equipment,,SHAMS,
Repair of computers and communication equipment,,95,951,9510,Repair of computers and communication equipment,,SHAMS,
Repair of computers and peripheral equipment,,95,951,9511,Repair of computers and peripheral equipment,,SHAMS,
Repair of consumer electronics,,95,952,9521,Repair of consumer electronics,,SHAMS,
Repair of electronic and optical equipment,,33,331,3313,Repair of electronic and optical equipment,,SHAMS,
"Repair of fabricated metal products, machinery and equipment",,33,331,3311,Repair of fabricated metal products,,SHAMS,
Repair of footwear and leather goods,,95,952,9523,Repair of footwear and leather goods,,SHAMS,
Repair of furniture and home furnishings,,95,952,9524,Repair of furniture and home furnishings,,SHAMS,
Repair of household appliances and home and garden equipment,,95,952,9522,Repair of household appliances and home and garden equipment,,SHAMS,
Repair of musical instruments,,95,952,9529,Repair of other personal and household goods,,SHAMS,
Repair of other personal and household goods,,95,952,9529,Repair of other personal and household goods,,SHAMS,
Repair of other personal and household goods,,95,952,9529,Repair of other personal and household goods,,SHAMS,
Repair of personal and household goods,,95,952,9520,Repair of personal and household goods,,SHAMS,
Repair of sporting goods (except sporting guns),,95,952,9529,Repair of other personal and household goods,,SHAMS,
Repair of toys and similar articles,,95,952,9529,Repair of other personal and household goods,,SHAMS,
"Repair of watches, clocks and their parts such as watchcases and housings of all materials; movements, chronometers, etc.",,95,952,9529,Repair of other personal and household goods,,SHAMS,
Repossession services,,82,829,8299,Other business support service activities n.e.c.,,SHAMS,
"Reproduction from master copies of gramophone records, compact discs and tapes with music or other sound recordings",103600.0,18,182,1820,Reproduction of recorded media,,SHAMS,
"Reproduction from master copies of records, compact discs and tapes with motion pictures and other video recordings",103601.0,18,182,1820,Reproduction of recorded media,,SHAMS,
Reproduction from master copies of software and data on discs and tapes,103602.0,18,182,1820,Reproduction of recorded media,,SHAMS,
Reproduction of recorded media,103603.0,18,182,1820,Reproduction of recorded media,,SHAMS,
Reproduction Software and Data on Discs and Tapes,103590.0,18,181,1811,Printing,,SHAMS,
Research and development on humanities,,72,722,7220,Research and experimental development on social sciences and humanities,,SHAMS,
Research and development on social sciences,,72,722,7220,Research and experimental development on social sciences and humanities,,SHAMS,
Research and experimental development on natural sciences and engineering,,72,721,7210,Research and experimental development on natural sciences and engineering,,SHAMS,
Research and experimental development on social sciences and humanities,,72,722,7220,Research and experimental development on social sciences and humanities,,SHAMS,
Restaurants,,56,561,5610,Restaurants and mobile food service activities,,SHAMS,
Restaurants and mobile food service activities,,56,561,5610,Restaurants and mobile food service activities,,SHAMS,
Retail sale by (non-store) commission agents,,47,479,4799,"Other retail sale not in stores, stalls or markets",,SHAMS,
Retail sale in non-specialized stores,,47,471,4710,Retail sale in non-specialized stores,,SHAMS,
Retail sale in non-specialized stores with food or beverages predominating,,47,471,4711,"Retail sale in non-specialized stores with food, beverages or tobacco predominating",,SHAMS,
"Retail sale of a large variety of goods of which, however, food products and beverages should be predominant, such as:
 • Retail sale activities of department stores carrying a general line of goods, including wearing apparel, furniture, appliances, hardware, cosmetics, jewellery, toys, sports goods etc.",,47,471,4719,Other retail sale in non-specialized stores,,SHAMS,
"Retail sale of a large variety of goods of which, however, food products and beverages should be predominant, such as:
 • Retail sale activities of general stores that have, apart from their main sales of food products and beverages, several other types of goods such as wearing apparel, furniture, appliances, hardware, cosmetics etc.",,47,471,4719,Other retail sale in non-specialized stores,,SHAMS,
Retail sale of antiques,,47,477,4774,Retail sale of second-hand goods,,SHAMS,
Retail sale of any kind of product by mail order,,47,479,4791,Retail sale via mail order houses or via Internet,,SHAMS,
Retail sale of any kind of product over the internet,,47,479,4791,Retail sale via mail order houses or via Internet,,SHAMS,
"Retail sale of any kind of product:
 • By direct sales or door-to-door sales persons
 • Through vending machines etc.",,47,479,4799,"Other retail sale not in stores, stalls or markets",,SHAMS,
"Retail sale of any the following types of goods:
 • Fresh or preserved fruit and vegetables
 • Dairy products and eggs
 • Meat and meat products (including poultry)
 • Fish, other seafood and products thereof
 • Bakery products
 • Sugar confectionery
 • Other food products",,47,472,4721,Retail sale of food in specialized stores,,SHAMS,
Retail sale of articles for lighting,,47,475,4759,"Retail sale of electrical household appliances, furniture, lighting equipment and other household articles in specialized stores",,SHAMS,
Retail sale of articles of clothing,,47,477,4771,"Retail sale of clothing, footwear and leather articles in specialized stores",,SHAMS,
Retail sale of articles of fur,,47,477,4771,"Retail sale of clothing, footwear and leather articles in specialized stores",,SHAMS,
Retail sale of audio and video equipment in specialized stores,,47,474,4742,Retail sale of audio and video equipment in specialized stores,,SHAMS,
"Retail sale of basic materials for rug, tapestry or embroidery making",,47,475,4751,Retail sale of textiles in specialized stores,,SHAMS,
"Retail sale of beverages (not for consumption on the premises):
 • Non-alcoholic beverages",,47,472,4722,Retail sale of beverages in specialized stores,,SHAMS,
Retail sale of beverages in specialized stores,,47,472,4722,Retail sale of beverages in specialized stores,,SHAMS,
Retail sale of blank tapes and discs,,47,476,4762,Retail sale of music and video recordings in specialized stores,,SHAMS,
Retail sale of books of all kinds,,47,476,4761,"Retail sale of books, newspapers and stationary in specialized stores",,SHAMS,
"Retail sale of books, newspapers and stationary in specialized stores",,47,476,4761,"Retail sale of books, newspapers and stationary in specialized stores",,SHAMS,
Retail sale of carpets and rugs,,47,475,4753,"Retail sale of carpets, rugs, wall and floor coverings in specialized stores",,SHAMS,
"Retail sale of carpets, rugs, wall and floor coverings in specialized stores",,47,475,4753,"Retail sale of carpets, rugs, wall and floor coverings in specialized stores",,SHAMS,
Retail sale of CD and DVD players and recorders,,47,474,4742,Retail sale of audio and video equipment in specialized stores,,SHAMS,
Retail sale of cleaning materials,,47,477,4773,Other retail sale of new goods in specialized stores,,SHAMS,
"Retail sale of clothing accessories such as gloves, ties, braces etc.",,47,477,4771,"Retail sale of clothing, footwear and leather articles in specialized stores",,SHAMS,
"Retail sale of clothing, footwear and leather articles in specialized stores",,47,477,4771,"Retail sale of clothing, footwear and leather articles in specialized stores",,SHAMS,
Retail sale of computer peripheral equipment,,47,474,4741,"Retail sale of computers, peripheral units, software and telecommunications equipment in specialized stores",,SHAMS,
Retail sale of computers,,47,474,4741,"Retail sale of computers, peripheral units, software and telecommunications equipment in specialized stores",,SHAMS,
"Retail sale of computers, peripheral units, software and telecommunications equipment in specialized stores",,47,474,4741,"Retail sale of computers, peripheral units, software and telecommunications equipment in specialized stores",,SHAMS,
Retail sale of cultural and recreation goods in specialized stores,,47,476,4761,"Retail sale of books, newspapers and stationary in specialized stores",,SHAMS,
Retail sale of curtains and net curtains,,47,475,4753,"Retail sale of carpets, rugs, wall and floor coverings in specialized stores",,SHAMS,
Retail sale of do-it-yourself material and equipment,,47,475,4752,"Retail sale of hardware, paints and glass in specialized stores",,SHAMS,
"Retail sale of electrical household appliances, furniture, lighting equipment and other household articles in specialized stores",,47,475,4759,"Retail sale of electrical household appliances, furniture, lighting equipment and other household articles in specialized stores",,SHAMS,
Retail sale of fabrics,,47,475,4751,Retail sale of textiles in specialized stores,,SHAMS,
Retail sale of flat glass,,47,475,4752,"Retail sale of hardware, paints and glass in specialized stores",,SHAMS,
"Retail sale of flowers, plants, seeds, fertilizers and pet food",,47,477,4773,Other retail sale of new goods in specialized stores,,SHAMS,
Retail sale of food and beverages in specialized stores,,47,472,4720,"Retail sale of food, beverages and tobacco in specialized stores",,SHAMS,
Retail sale of food and beverages via stalls or markets,,47,478,4781,"Retail sale via stalls and markets of food, beverages and tobacco products",,SHAMS,
Retail sale of food in specialized stores,,47,472,4721,Retail sale of food in specialized stores,,SHAMS,
Retail sale of footwear,,47,477,4771,"Retail sale of clothing, footwear and leather articles in specialized stores",,SHAMS,
Retail sale of games and toys in specialized stores,,47,476,4764,Retail sale of games and toys in specialized stores,,SHAMS,
"Retail sale of games and toys, made of all materials",,47,476,4764,Retail sale of games and toys in specialized stores,,SHAMS,
"Retail sale of haberdashery: needles, sewing thread etc.",,47,475,4751,Retail sale of textiles in specialized stores,,SHAMS,
Retail sale of hardware,,47,475,4752,"Retail sale of hardware, paints and glass in specialized stores",,SHAMS,
"Retail sale of hardware, paints and glass in specialized stores",,47,475,4752,"Retail sale of hardware, paints and glass in specialized stores",,SHAMS,
Retail sale of household appliances,,47,475,4759,"Retail sale of electrical household appliances, furniture, lighting equipment and other household articles in specialized stores",,SHAMS,
Retail sale of household articles and equipment n.e.c.,,47,475,4759,"Retail sale of electrical household appliances, furniture, lighting equipment and other household articles in specialized stores",,SHAMS,
Retail sale of household furniture,,47,475,4759,"Retail sale of electrical household appliances, furniture, lighting equipment and other household articles in specialized stores",,SHAMS,
"Retail sale of household utensils and cutlery, crockery, glassware, china and pottery",,47,475,4759,"Retail sale of electrical household appliances, furniture, lighting equipment and other household articles in specialized stores",,SHAMS,
Retail sale of information and communications equipment in specialized stores,,47,474,4741,"Retail sale of computers, peripheral units, software and telecommunications equipment in specialized stores",,SHAMS,
Retail sale of knitting yarn,,47,475,4751,Retail sale of textiles in specialized stores,,SHAMS,
"Retail sale of lawnmowers, however operated",,47,475,4752,"Retail sale of hardware, paints and glass in specialized stores",,SHAMS,
Retail sale of leather goods,,47,477,4771,"Retail sale of clothing, footwear and leather articles in specialized stores",,SHAMS,
Retail sale of medical and orthopedic goods,,47,477,4772,"Retail sale of pharmaceutical and medical goods, cosmetic and toilet articles in specialized stores",,SHAMS,
Retail sale of music and video recordings in specialized stores,,47,476,4762,Retail sale of music and video recordings in specialized stores,,SHAMS,
Retail sale of musical instruments and scores,,47,475,4759,"Retail sale of electrical household appliances, furniture, lighting equipment and other household articles in specialized stores",,SHAMS,
"Retail sale of musical records, audio tapes, compact discs and cassettes",,47,476,4762,Retail sale of music and video recordings in specialized stores,,SHAMS,
Retail sale of newspapers and stationery,,47,476,4761,"Retail sale of books, newspapers and stationary in specialized stores",,SHAMS,
"Retail sale of non-customized software, including video games",,47,474,4741,"Retail sale of computers, peripheral units, software and telecommunications equipment in specialized stores",,SHAMS,
Retail sale of non-food products n.e.c.,,47,477,4773,Other retail sale of new goods in specialized stores,,SHAMS,
"Retail sale of office supplies such as pens, pencils, paper etc.",,47,476,4761,"Retail sale of books, newspapers and stationary in specialized stores",,SHAMS,
"Retail sale of other building material such as bricks, wood, sanitary equipment",,47,475,4752,"Retail sale of hardware, paints and glass in specialized stores",,SHAMS,
Retail sale of other goods in specialized stores,,47,477,4770,Retail sale of other goods in specialized stores,,SHAMS,
"Retail sale of other goods via stalls or markets, such as:
 • Carpets and rugs
 • Books
 • Games and toys
 • Household appliances and consumer electronics
 • Music and video recordings",,47,478,4789,Retail sale via stalls and markets of other goods,,SHAMS,
Retail sale of other household equipment in specialized stores,,47,475,4759,"Retail sale of electrical household appliances, furniture, lighting equipment and other household articles in specialized stores",,SHAMS,
Retail sale of other second-hand goods,,47,477,4774,Retail sale of second-hand goods,,SHAMS,
"Retail sale of paints, varnishes and lacquers",,47,475,4752,"Retail sale of hardware, paints and glass in specialized stores",,SHAMS,
Retail sale of perfumery and cosmetic articles,,47,477,4772,"Retail sale of pharmaceutical and medical goods, cosmetic and toilet articles in specialized stores",,SHAMS,
"Retail sale of pharmaceutical and medical goods, cosmetic and toilet articles in specialized stores",,47,477,4772,"Retail sale of pharmaceutical and medical goods, cosmetic and toilet articles in specialized stores",,SHAMS,
Retail sale of pharmaceuticals,,47,477,4772,"Retail sale of pharmaceutical and medical goods, cosmetic and toilet articles in specialized stores",,SHAMS,
"Retail sale of photographic, optical and precision equipment",,47,477,4773,Other retail sale of new goods in specialized stores,,SHAMS,
Retail sale of radio and television equipment,,47,474,4742,Retail sale of audio and video equipment in specialized stores,,SHAMS,
Retail sale of saunas,,47,475,4752,"Retail sale of hardware, paints and glass in specialized stores",,SHAMS,
Retail sale of second-hand books,,47,477,4774,Retail sale of second-hand goods,,SHAMS,
Retail sale of second-hand goods,,47,477,4774,Retail sale of second-hand goods,,SHAMS,
"Retail sale of security systems, such as locking devices, safes, and vaults, without installation or maintenance services",,47,475,4759,"Retail sale of electrical household appliances, furniture, lighting equipment and other household articles in specialized stores",,SHAMS,
Retail sale of souvenirs and craftwork,,47,477,4773,Other retail sale of new goods in specialized stores,,SHAMS,
Retail sale of sporting equipment in specialized stores,,47,476,4763,Retail sale of sporting equipment in specialized stores,,SHAMS,
"Retail sale of sports goods, fishing gear, camping goods, boats and bicycles",,47,476,4763,Retail sale of sporting equipment in specialized stores,,SHAMS,
Retail sale of stamps and coins,,47,477,4773,Other retail sale of new goods in specialized stores,,SHAMS,
Retail sale of stereo equipment,,47,474,4742,Retail sale of audio and video equipment in specialized stores,,SHAMS,
Retail sale of telecommunication equipment,,47,474,4741,"Retail sale of computers, peripheral units, software and telecommunications equipment in specialized stores",,SHAMS,
Retail sale of textiles,,47,475,4751,Retail sale of textiles in specialized stores,,SHAMS,
Retail sale of textiles in specialized stores,,47,475,4751,Retail sale of textiles in specialized stores,,SHAMS,
"Retail sale of textiles, clothing and footwear via stalls or markets",,47,478,4782,"Retail sale via stalls and markets of textiles, clothing and footwear",,SHAMS,
Retail sale of travel accessories of leather and leather substitutes,,47,477,4771,"Retail sale of clothing, footwear and leather articles in specialized stores",,SHAMS,
Retail sale of umbrellas,103201.0,47,477,4771,"Retail sale of clothing, footwear and leather articles in specialized stores",,SHAMS,
Retail sale of video game consoles,,47,474,4741,"Retail sale of computers, peripheral units, software and telecommunications equipment in specialized stores",,SHAMS,
Retail sale of video tapes and DVDs,,47,476,4762,Retail sale of music and video recordings in specialized stores,,SHAMS,
Retail sale of wallpaper and floor coverings,,47,475,4753,"Retail sale of carpets, rugs, wall and floor coverings in specialized stores",,SHAMS,
"Retail sale of wooden, cork and wickerwork goods",,47,475,4759,"Retail sale of electrical household appliances, furniture, lighting equipment and other household articles in specialized stores",,SHAMS,
Retail sale via mail order houses or via Internet,,47,479,4791,Retail sale via mail order houses or via Internet,,SHAMS,
Retail sale via stalls and markets,,47,478,4781,"Retail sale via stalls and markets of food, beverages and tobacco products",,SHAMS,
Retail sale via stalls and markets of food and beverages,,47,478,4781,"Retail sale via stalls and markets of food, beverages and tobacco products",,SHAMS,
Retail sale via stalls and markets of other goods,,47,478,4789,Retail sale via stalls and markets of other goods,,SHAMS,
"Retail sale via stalls and markets of textiles, clothing and footwear",,47,478,4782,"Retail sale via stalls and markets of textiles, clothing and footwear",,SHAMS,
"Retail trade not in stores, stalls or markets",,47,479,4799,"Other retail sale not in stores, stalls or markets",,SHAMS,
"Reupholstering, refinishing, repairing and restoring of furniture and home furnishings including office furniture",,95,952,9524,Repair of furniture and home furnishings,,SHAMS,
"Riding instruction, academies or schools",,85,854,8541,Sports and recreation education,,SHAMS,
Risk and damage evaluation,,66,662,6629,Other activities auxiliary to insurance and pension funding,,SHAMS,
"Rovision of specialized telecommunications applications, such as satellite tracking, communications telemetry, and radar station operations",,61,619,6190,Other telecommunications activities,,SHAMS,
Safety and prevention against fire engineering consultancy,,70,702,7020,Management consultancy activities,,SHAMS,
Sale of motor vehicle parts and accessories,,45,453,4530,Sale of motor vehicle parts and accessories,,SHAMS,
Sales promotion,,73,731,7310,Advertising,,SHAMS,
Satellite telecommunications activities,,61,613,6130,Satellite telecommunications activities,,SHAMS,
Secretarial support services,,82,821,8219,"Photocopying, document preparation and other specialized office support activities",,SHAMS,
Security and safety advisory,,81,811,8110,Combined facilities support activities,,SHAMS,
Security consulting,,74,749,7490,"Other professional, scientific and technical activities n.e.c.",,SHAMS,
Security systems consultancy,,62,620,6209,Other information technology and computer service activities,,SHAMS,
Service activities related to printing,103598.0,18,181,1812,Service activities related to printing,,SHAMS,
Services Broker,,46,461,4610,Wholesale on a fee or contract basis,,SHAMS,
Settling insurance claims,,66,662,6621,Risk and damage evaluation,,SHAMS,
Social Events Management,,88,889,8890,Other social work activities without accommodation,,SHAMS,
Social Media Applications Development & Management,103261.0,62,620,6201,Computer programming activities,,SHAMS,
Social media consultancy,103262.0,73,731,7310,Advertising,,SHAMS,
Social media services,,73,731,7310,Advertising,,SHAMS,
Software installation,103252.0,62,620,6209,Other information technology and computer service activities,,SHAMS,
Software publishing,103253.0,58,582,5820,Software publishing,,SHAMS,
Sound recording and music publishing activities,,59,592,5920,Sound recording and music publishing activities,,SHAMS,
"Sound recording service activities in a studio or elsewhere, including the production of taped (i.e. non-live) radio programming, audio for film, television etc.",,59,592,5920,Sound recording and music publishing activities,,SHAMS,
Special effects and trick photography,,59,591,5911,"Motion picture, video and television programme production activities",,SHAMS,
Special Effects Production,103243.0,59,591,5913,"Motion picture, video and television programme production activities",,SHAMS,
"Specialized cleaning activities for buildings such as window cleaning, chimney cleaning and cleaning of fireplaces, stoves, furnaces, incinerators, boilers, ventilation ducts and exhaust units",,81,812,8129,Other building and industrial cleaning activities,,SHAMS,
Specialized design activities,,74,741,7410,Specialized design activities,,SHAMS,
"Specialized hosting activities such as:
 • Web hosting
 • Streaming services
 • Application hosting",103241.0,63,631,6311,"Data processing, hosting and related activities",,SHAMS,
Specialized works of art cinema,103228.0,59,591,5914,Motion picture projection activities,,SHAMS,
Specialty communication & PR,103229.0,73,732,7320,Market research and public opinion polling,,SHAMS,
Speed reading instruction,103234.0,85,854,8549,Other education n.e.c.,,SHAMS,
Sports activities,,93,931,9310,Sports activities,,SHAMS,
Sports and recreation education,,85,854,8541,Sports and recreation education,,SHAMS,
Sports consultancy,103216.0,70,702,7020,Management consultancy activities,,SHAMS,
Sports Events Marketing,103213.0,73,731,7310,Advertising,,SHAMS,
"Sports instruction (baseball, basketball, cricket, football, etc)",103219.0,85,854,8541,Sports and recreation education,,SHAMS,
Stevedoring,103203.0,52,522,5224,Cargo handling,,SHAMS,
Strategy advisory services,,70,702,7020,Management consultancy activities,,SHAMS,
Street sweeping and snow and ice removal,,81,812,8129,Other building and industrial cleaning activities,,SHAMS,
"Subdividing real estate into lots, without land improvement",,68,682,6820,Real estate activities on a fee or contract basis,,SHAMS,
Subsidiary management offices,103197.0,70,701,7010,Activities of head offices,,SHAMS,
"Such agents involved in the sale of:
 • Agricultural raw materials, live animals, textile raw materials and semi-finished goods
 • Fuels, ores, metals and industrial chemicals, including fertilizers
 • Food and beverages
 • Textiles, clothing, fur, footwear and leather goods
 • Timber and building materials
 • Machinery, including office machinery and computers, industrial equipment, ships and aircraft
 • Furniture, household goods and hardware",103199.0,46,462,4620,Wholesale of agricultural raw materials and live animals,,SHAMS,
"Supplying workers to clients’ businesses for limited periods of time to temporarily replace or supplement the working force of the client, where the individuals provided are employees of the temporary help service unit",103290.0,78,782,7820,Temporary employment agency activities,,SHAMS,
Support activities for sport or recreational hunting and fishing,,93,931,9310,Sports activities,,SHAMS,
Support activities for transportation,,52,522,5220,Support activities for transportation,,SHAMS,
Survival training,103191.0,85,854,8549,Other education n.e.c.,,SHAMS,
Sustainable Mobility Consultancy,103289.0,52,522,5229,Other transportation support activities,,SHAMS,
Swimming instruction,103192.0,85,854,8541,Sports and recreation education,,SHAMS,
Swimming pool cleaning and maintenance services,103193.0,81,812,8129,Other building and industrial cleaning activities,,SHAMS,
"T.V Programs, Commercials & Visual Materials Production",103282.0,59,591,5913,"Motion picture, video and television programme production activities",,SHAMS,
Take-out eating places,103187.0,56,561,5610,Restaurants and mobile food service activities,,SHAMS,
Talent Management,103188.0,70,702,7020,Management consultancy activities,,SHAMS,
Technical testing and analysis,103172.0,71,712,7120,Technical testing and analysis,,SHAMS,
Technological Projects Management,103266.0,62,620,6202,Other information technology and computer service activities,,SHAMS,
Telecommunications resellers (i.e. purchasing and reselling network capacity without providing additional services),103167.0,61,619,6190,Other telecommunications activities,,SHAMS,
Telecommunications services,103168.0,61,611,6110,Wired telecommunications activities,,SHAMS,
Telephone based information services,103165.0,63,639,6399,Other information service activities n.e.c.,,SHAMS,
Television programming and broadcasting activities,103163.0,60,602,6020,Television programming and broadcasting activities,,SHAMS,
Television Sketches and Effects Photography,,59,591,5911,"Motion picture, video and television programme production activities",,SHAMS,
Television Studios Services,,60,602,6020,Television programming and broadcasting activities,,SHAMS,
Temporary employment agency activities,,78,782,7820,Temporary employment agency activities,,SHAMS,
"Testing with use of models or mock-ups (e.g. of aircraft, ships, dams etc.)",,71,712,7120,Technical testing and analysis,,SHAMS,
Theatres and Cinemas Management,103155.0,82,821,8211,Combined office administrative service activities,,SHAMS,
Theatrical Production,102133.0,59,591,5913,"Motion picture, video and television programme production activities",,SHAMS,
"Ticket sales activities for theatrical, sports and other amusement and entertainment events",103151.0,79,799,7990,Other reservation service and related activities,,SHAMS,
Tour operator activities,103148.0,79,791,7912,Tour operator activities,,SHAMS,
Tourism promotion activities,103145.0,79,799,7990,Other reservation service and related activities,,SHAMS,
Trade Marks Registration Agent,103142.0,69,691,6910,Legal activities,,SHAMS,
Training & Consultancy,,70,702,7020,Management consultancy activities,,SHAMS,
Training consultancy,,85,855,8550,Educational support activities,,SHAMS,
"Transcription of documents, and other secretarial services",103138.0,82,821,8219,"Photocopying, document preparation and other specialized office support activities",,SHAMS,
Translation and interpretation activities,103133.0,74,749,7490,"Other professional, scientific and technical activities n.e.c.",,SHAMS,
"Translation services, movies and television programs",103130.0,74,749,7490,"Other professional, scientific and technical activities n.e.c.",,SHAMS,
Travel agency activities,103119.0,79,791,7911,Travel agency activities,,SHAMS,
Travel agency and tour operator activities,103119.0,79,791,7911,Travel agency activities,,SHAMS,
"Typing, word processing, or desktop publishing",103088.0,82,821,8219,"Photocopying, document preparation and other specialized office support activities",,SHAMS,
"Underwriting annuities and life insurance policies, disability income insurance policies, and accidental death and dismemberment insurance policies (with or without a substantial savings element).",,65,651,6511,Life insurance,,SHAMS,
Visual Recorded Media Distribution,103036.0,59,591,5913,"Motion picture, video and television programme distribution activities",,SHAMS,
"Volume, Noise and Oscillation Control Consultancy",103038.0,71,711,7110,Architectural and engineering activities and related technical consultancy,,SHAMS,
Waste Management Consultancy,103033.0,70,702,7020,Management consultancy activities,,SHAMS,
Weather forecasting activities,103010.0,74,749,7490,"Other professional, scientific and technical activities n.e.c.",,SHAMS,
Web hosting,103014.0,63,639,6391,"Data processing, hosting and related activities",,SHAMS,
Web portals,103015.0,63,631,6312,Web portals,,SHAMS,
"Wholesale and retail sale of all kinds of parts, components, supplies, tools and accessories
 for motor vehicles, such as:
 • Rubber tires and inner tubes for tires
 • Spark plugs, batteries, lighting equipment and electrical parts",,45,453,4530,Sale of motor vehicle parts and accessories,,SHAMS,
Wholesale of a variety of goods without any particular specialization,,46,469,4690,Non-specialized wholesale trade,,SHAMS,
"Wholesale of agricultural machinery and equipment:
 • Ploughs, manure spreaders, seeders
 • Harvesters
 • Threshers
 • Milking machines
 • Poultry-keeping machines, bee-keeping machines
 • Tractors used in agriculture and forestry",,46,465,4653,"Wholesale of agricultural machinery, equipment and supplies",,SHAMS,
"Wholesale of agricultural machinery, equipment and supplies",,46,465,4653,"Wholesale of agricultural machinery, equipment and supplies",,SHAMS,
"Wholesale of agricultural material, waste, residues and by-products used for animal feed",,46,462,4620,Wholesale of agricultural raw materials and live animals,,SHAMS,
Wholesale of agricultural raw materials and live animals,,46,462,4620,Wholesale of agricultural raw materials and live animals,,SHAMS,
Wholesale of bakery products,,46,463,4630,"Wholesale of food, beverages and tobacco",,SHAMS,
Wholesale of beverages,,46,463,4630,"Wholesale of food, beverages and tobacco",,SHAMS,
Wholesale of bicycles and their parts and accessories,,46,464,4649,Wholesale of other household goods,,SHAMS,
"Wholesale of blank audio and video tapes and diskettes, magnetic and optical disks (CDs, DVDs)",,46,465,4652,Wholesale of electronic and telecommunications equipment and parts,,SHAMS,
Wholesale of china and glassware,,46,464,4649,Wholesale of other household goods,,SHAMS,
"Wholesale of clothing accessories such as gloves, ties and braces",,46,464,4641,"Wholesale of textiles, clothing and footwear",,SHAMS,
"Wholesale of clothing, including sports clothes",,46,464,4641,"Wholesale of textiles, clothing and footwear",,SHAMS,
"Wholesale of coffee, tea, cocoa and spices",100737.0,46,463,4630,"Wholesale of food, beverages and tobacco",,SHAMS,
Wholesale of computer-controlled machine tools,,46,465,4659,Wholesale of other machinery and equipment,,SHAMS,
Wholesale of computer-controlled machinery for the textile industry and of computer controlled sewing and knitting machines,,46,465,4659,Wholesale of other machinery and equipment,,SHAMS,
Wholesale of computers and computer peripheral equipment,,46,465,4651,"Wholesale of computers, computer peripheral equipment and software",,SHAMS,
"Wholesale of computers, computer peripheral equipment and software",,46,465,4651,"Wholesale of computers, computer peripheral equipment and software",,SHAMS,
"Wholesale of construction materials, hardware, plumbing and heating equipment and supplies",,46,466,4663,"Wholesale of construction materials, hardware, plumbing and heating equipment and supplies",,SHAMS,
"Wholesale of construction materials:
 • Sand, gravel",,46,466,4663,"Wholesale of construction materials, hardware, plumbing and heating equipment and supplies",,SHAMS,
"Wholesale of consumer electronics:
 • Radio and TV equipment
 • CD and DVD players and recorders
 • Stereo equipment
 • Video game consoles",,46,464,4649,Wholesale of other household goods,,SHAMS,
Wholesale of cutlery,,46,464,4649,Wholesale of other household goods,,SHAMS,
Wholesale of dairy products,,46,463,4630,"Wholesale of food, beverages and tobacco",,SHAMS,
Wholesale of edible oils and fats of animal or vegetable origin,,46,463,4630,"Wholesale of food, beverages and tobacco",,SHAMS,
Wholesale of eggs and egg products,,46,463,4630,"Wholesale of food, beverages and tobacco",,SHAMS,
Wholesale of electronic and telecommunications equipment and parts,,46,465,4652,Wholesale of electronic and telecommunications equipment and parts,,SHAMS,
Wholesale of electronic valves and tubes,,46,465,4652,Wholesale of electronic and telecommunications equipment and parts,,SHAMS,
Wholesale of fabrics,,46,464,4641,"Wholesale of textiles, clothing and footwear",,SHAMS,
Wholesale of feed for pet animals,,46,463,4630,"Wholesale of food, beverages and tobacco",,SHAMS,
Wholesale of ferrous and non-ferrous metal ores,,46,466,4662,Wholesale of metals and metal ores,,SHAMS,
Wholesale of ferrous and non-ferrous metals in primary forms,,46,466,4662,Wholesale of metals and metal ores,,SHAMS,
Wholesale of ferrous and non-ferrous semi-finished metal products n.e.c.,,46,466,4662,Wholesale of metals and metal ores,,SHAMS,
Wholesale of fishery products,,46,463,4630,"Wholesale of food, beverages and tobacco",,SHAMS,
Wholesale of fittings and fixtures,101480.0,46,466,4663,"Wholesale of construction materials, hardware, plumbing and heating equipment and supplies",,SHAMS,
Wholesale of flat glass,,46,466,4663,"Wholesale of construction materials, hardware, plumbing and heating equipment and supplies",,SHAMS,
Wholesale of flowers and plants,,46,462,4620,Wholesale of agricultural raw materials and live animals,,SHAMS,
Wholesale of food and beverages,,46,463,4630,"Wholesale of food, beverages and tobacco",,SHAMS,
Wholesale of footwear,,46,464,4641,"Wholesale of textiles, clothing and footwear",,SHAMS,
Wholesale of fruit and vegetables,,46,463,4630,"Wholesale of food, beverages and tobacco",,SHAMS,
Wholesale of fur articles,,46,464,4641,"Wholesale of textiles, clothing and footwear",,SHAMS,
Wholesale of gold and other precious metals,,46,466,4662,Wholesale of metals and metal ores,,SHAMS,
"Wholesale of Gold, Precious Metals and Precious Stones",,46,466,4662,Wholesale of metals and metal ores,,SHAMS,
Wholesale of grains and seeds,,46,461,4610,Wholesale of agricultural raw materials and live animals,,SHAMS,
"Wholesale of haberdashery: needles, sewing thread etc.",,46,464,4641,"Wholesale of textiles, clothing and footwear",,SHAMS,
Wholesale of hardware and locks,,46,466,4663,"Wholesale of construction materials, hardware, plumbing and heating equipment and supplies",,SHAMS,
Wholesale of hides and skins,,46,462,4620,Wholesale of agricultural raw materials and live animals,,SHAMS,
Wholesale of hot water heaters,,46,466,4663,"Wholesale of construction materials, hardware, plumbing and heating equipment and supplies",,SHAMS,
Wholesale of household appliances,,46,464,4649,Wholesale of other household goods,,SHAMS,
Wholesale of household furniture,,46,464,4649,Wholesale of other household goods,,SHAMS,
Wholesale of household goods,,46,464,4640,Wholesale of household goods,,SHAMS,
Wholesale of household linen etc,,46,464,4641,"Wholesale of textiles, clothing and footwear",,SHAMS,
Wholesale of leather,,46,462,4620,Wholesale of agricultural raw materials and live animals,,SHAMS,
Wholesale of leather goods and travel accessories,,46,464,4649,Wholesale of other household goods,,SHAMS,
Wholesale of lighting equipment,,46,464,4649,Wholesale of other household goods,,SHAMS,
Wholesale of live animals,,46,461,4610,Wholesale of agricultural raw materials and live animals,,SHAMS,
Wholesale of machine tools of any type and for any material,,46,465,4659,Wholesale of other machinery and equipment,,SHAMS,
"Wholesale of machinery, equipment and supplies",,46,465,4650,"Wholesale of machinery, equipment and supplies",,SHAMS,
Wholesale of measuring instruments and equipment,,46,465,4659,Wholesale of other machinery and equipment,,SHAMS,
Wholesale of meat and meat products,,46,463,4630,"Wholesale of food, beverages and tobacco",,SHAMS,
"Wholesale of metal and non-metal waste and scrap and materials for recycling, including collecting, sorting, separating, stripping of used goods such as cars in order to obtain reusable parts, packing and repacking, storage and delivery, but without a real transformation process. additionally, the purchased and sold waste has a remaining value.",,46,466,4669,Wholesale of waste and scrap and other products n.e.c.,,SHAMS,
Wholesale of metals and metal ores except gold and other precious metals,,46,466,4662,Wholesale of metals and metal ores,,SHAMS,
Wholesale of microchips and integrated circuits,,46,465,4652,Wholesale of electronic and telecommunications equipment and parts,,SHAMS,
"Wholesale of musical instruments, games and toys, sports goods",,46,464,4649,Wholesale of other household goods,,SHAMS,
Wholesale of office furniture,,46,465,4659,Wholesale of other machinery and equipment,,SHAMS,
"Wholesale of office machinery and equipment, except computers and computer peripheral equipment",,46,465,4659,Wholesale of other machinery and equipment,,SHAMS,
Wholesale of oleaginous fruits,,46,462,4620,Wholesale of agricultural raw materials and live animals,,SHAMS,
"Wholesale of other electrical material such as electrical motors, transformers",,46,465,4659,Wholesale of other machinery and equipment,,SHAMS,
Wholesale of other household goods,,46,464,4649,Wholesale of other household goods,,SHAMS,
Wholesale of other machinery and equipment,,46,465,4659,Wholesale of other machinery and equipment,,SHAMS,
"Wholesale of other machinery n.e.c. for use in industry, trade and navigation and other services",,46,465,4659,Wholesale of other machinery and equipment,,SHAMS,
Wholesale of paint and varnish,,46,466,4663,"Wholesale of construction materials, hardware, plumbing and heating equipment and supplies",,SHAMS,
Wholesale of paper in bulk,,46,466,4669,Wholesale of waste and scrap and other products n.e.c.,,SHAMS,
"Wholesale of perfumery cosmetics, beauty products and soaps",,46,464,4649,Wholesale of other household goods,,SHAMS,
Wholesale of personal requisites,,46,464,4649,Wholesale of other household goods,,SHAMS,
Wholesale of pharmaceutical and medical goods,,46,464,4649,Wholesale of other household goods,,SHAMS,
Wholesale of Photographic and Optic Apparatuses Trading,,46,461,4610,Wholesale of other machinery and equipment,,SHAMS,
"Wholesale of photographic and optical goods (e.g. sunglasses, binoculars, magnifying glasses)",,46,464,4649,Wholesale of other household goods,,SHAMS,
Wholesale of Photographic Films and Material Trading,,46,461,4610,Wholesale of other household goods,,SHAMS,
Wholesale of plastic materials,,46,466,4669,Wholesale of waste and scrap and other products n.e.c.,,SHAMS,
"Wholesale of plastic materials, rubber, textile fibres, paper in bulk",,46,466,4669,Wholesale of waste and scrap and other products n.e.c.,,SHAMS,
Wholesale of precious stones,,46,466,4669,Wholesale of waste and scrap and other products n.e.c.,,SHAMS,
Wholesale of printed circuits,,46,465,4652,Wholesale of electronic and telecommunications equipment and parts,,SHAMS,
Wholesale of production-line robots,,46,465,4659,Wholesale of other machinery and equipment,,SHAMS,
Wholesale of products of primary processing of wood,,46,466,4663,"Wholesale of construction materials, hardware, plumbing and heating equipment and supplies",,SHAMS,
"Wholesale of recorded audio and video tapes, CDs, DVDs",,46,464,4649,Wholesale of other household goods,,SHAMS,
Wholesale of rubber,,46,466,4669,Wholesale of waste and scrap and other products n.e.c.,,SHAMS,
"Wholesale of sanitary equipment:
 • Baths, washbasins, toilets and other sanitary porcelain",,46,466,4663,"Wholesale of construction materials, hardware, plumbing and heating equipment and supplies",,SHAMS,
"Wholesale of sanitary installation equipment: tubes, pipes, fittings, taps, t-pieces, connections, rubber pipes etc.",,46,466,4663,"Wholesale of construction materials, hardware, plumbing and heating equipment and supplies",,SHAMS,
Wholesale of semiconductor devices,,46,465,4652,Wholesale of electronic and telecommunications equipment and parts,,SHAMS,
Wholesale of software,,46,465,4651,"Wholesale of computers, computer peripheral equipment and software",,SHAMS,
Wholesale of Specialized Photography Equipment Tools and Outfit Trading,,46,461,4610,Wholesale of other machinery and equipment,,SHAMS,
"Wholesale of stationery, books, magazines and newspapers",,46,464,4649,Wholesale of other household goods,,SHAMS,
"Wholesale of sugar, chocolate and sugar confectionery",100825.0,46,463,4630,"Wholesale of food, beverages and tobacco",,SHAMS,
Wholesale of telephone and communications equipment,,46,465,4652,Wholesale of electronic and telecommunications equipment and parts,,SHAMS,
Wholesale of textile fibres etc.,,46,466,4669,Wholesale of waste and scrap and other products n.e.c.,,SHAMS,
"Wholesale of textiles, clothing and footwear",,46,464,4641,"Wholesale of textiles, clothing and footwear",,SHAMS,
"Wholesale of tools such as hammers, saws, screwdrivers and other hand tools",,46,466,4663,"Wholesale of construction materials, hardware, plumbing and heating equipment and supplies",,SHAMS,
"Wholesale of transport equipment except motor vehicles, motorcycles and bicycles",,46,465,4659,Wholesale of other machinery and equipment,,SHAMS,
Wholesale of umbrellas,103097.0,46,464,4641,"Wholesale of textiles, clothing and footwear",,SHAMS,
Wholesale of wallpaper and floor coverings,103035.0,46,466,4663,"Wholesale of construction materials, hardware, plumbing and heating equipment and supplies",,SHAMS,
"Wholesale of watches, clocks and jewellery",,46,465,4652,Wholesale of electronic and telecommunications equipment and parts,,SHAMS,
Wholesale of wires and switches and other installation equipment for industrial use,,46,465,4659,Wholesale of other machinery and equipment,,SHAMS,
Wholesale of wood in the rough,,46,466,4663,"Wholesale of construction materials, hardware, plumbing and heating equipment and supplies",,SHAMS,
"Wholesale of woodenware, wickerwork and corkware etc.",,46,464,4649,Wholesale of other household goods,,SHAMS,
Wholesale of yarn,,46,464,4641,"Wholesale of textiles, clothing and footwear",,SHAMS,
Wholesale on a fee or contract basis,,46,461,4610,Wholesale on a fee or contract basis,,SHAMS,
Wired telecommunications activities,103005.0,61,611,6110,Wired telecommunications activities,,SHAMS,
Wireless telecommunications activities,,61,612,6120,Wireless telecommunications activities,,SHAMS,
Yoga instruction,102995.0,85,854,8541,Sports and recreation education,,SHAMS,
"Cutting, shaping and finishing of stone",100973,23,239,2396,"Cutting, shaping and finishing of stone",,SHAMS,Draft
Industrial installations inspection consultancy,101872,71,712,7120,Technical testing and analysis,,SHAMS,Draft
"Medical and laboratories equipments and apparatuses installation, maintenance and repairing",102679,33,331,3319,Repair of other equipment,,SHAMS,Draft
Collection of recyclable materials,100752,38,381,3811,Collection of non-hazardous waste,,SHAMS,Draft
Remediation activities and other waste management services,100276,39,390,3900,Remediation activities and other waste management services,,SHAMS,Draft
Electric cars trading,101218,45,451,4510,Sale of motor vehicles,,SHAMS,Draft
New automobile trading for export,102761,45,451,4510,Sale of motor vehicles,,SHAMS,Draft
"Sale, maintenance and repair of motorcycles and related parts and accessories",102168,45,454,4540,"Sale, maintenance and repair of motorcycles and related parts and accessories",,SHAMS,Draft
"Trucks, equipment and machinery batteries trading",100594,45,453,4530,Sale of motor vehicle parts and accessories,,SHAMS,Draft
Cars accessories trading,100592,45,453,4530,Sale of motor vehicle parts and accessories,,SHAMS,Draft
Cars additional parts trading,100592,45,453,4530,Sale of motor vehicle parts and accessories,,SHAMS,Draft
Scooters trading,103117,45,454,4540,"Sale, maintenance and repair of motorcycles and related parts and accessories",,SHAMS,Draft
Atural herbs trading,102755,46,463,4630,"Wholesale of food, beverages and tobacco",,SHAMS,Draft
Wholesale of plants and trees saplings trading,101785,46,462,4620,Wholesale of agricultural raw materials and live animals,,SHAMS,Draft
Wholesale trade in soil stabilizers,101805,46,462,4620,Wholesale of agricultural raw materials and live animals,,SHAMS,Draft
Wholesale of parks equipment trading,100328,46,465,4659,Wholesale of other machinery and equipment,,SHAMS,Draft
Baby food trading,100353,46,463,4630,"Wholesale of food, beverages and tobacco",,SHAMS,Draft
Canned and preserved food trading,100553,46,463,4630,"Wholesale of food, beverages and tobacco",,SHAMS,Draft
Flavors & fragrances trading,100081,46,463,4630,"Wholesale of food, beverages and tobacco",,SHAMS,Draft
Wholesale of frozen foodstuff trading,100735,46,463,4630,"Wholesale of food, beverages and tobacco",,SHAMS,Draft
Wholesale of organic food trading,100825,46,463,4630,"Wholesale of food, beverages and tobacco",,SHAMS,Draft
Flavours & fragrances trading,100081,46,463,4630,"Wholesale of food, beverages and tobacco",,SHAMS,Draft
Wax candles trading,103008,47,475,4759,"Retail sale of electrical household appliances, furniture, lighting equipment and other household articles in specialized stores",,SHAMS,Draft
Ace masks & gloves trading,101376,47,477,4771,"Retail sale of clothing, footwear and leather articles in specialized stores",,SHAMS,Draft
"Authentic antiques, artefacts and artworks trading",100308,46,464,4649,Wholesale of other household goods,,SHAMS,Draft
Heavy equipment and machinery spare parts trading,101774,46,465,4659,Wholesale of other machinery and equipment,,SHAMS,Draft
"Refrigerators , washing machines & household electrical appliances trading",102979,46,465,4659,Wholesale of other machinery and equipment,,SHAMS,Draft
Wholesale of shipment containers trading,102999,46,465,4659,Wholesale of other machinery and equipment,,SHAMS,Draft
Wholesale of false ceiling trading,101384,46,466,4663,"Wholesale of construction materials, hardware, plumbing and heating equipment and supplies",,SHAMS,Draft
"Wholesale of building sand, pebbles and stones trading",103184,46,466,4663,"Wholesale of construction materials, hardware, plumbing and heating equipment and supplies",,SHAMS,Draft
Wholesale of glass and mirror trading,103184,46,466,4663,"Wholesale of construction materials, hardware, plumbing and heating equipment and supplies",,SHAMS,Draft
Wire and cable trade - wholesale,101997,46,466,4662,Wholesale of metals and metal ores,,SHAMS,Draft
Wholesale of décor and partition material trading,101007,46,466,4663,"Wholesale of construction materials, hardware, plumbing and heating equipment and supplies",,SHAMS,Draft
"Wholesale of accessories and supplies animals, birds",103235,46,463,4630,"Wholesale of food, beverages and tobacco",,SHAMS,Draft
Wholesale of cosmetics equipment and tools,103196,46,464,4649,Wholesale of other household goods,,SHAMS,Draft
Wholesale of spare parts trading of machines and motors,103296,46,465,4659,Wholesale of other machinery and equipment,,SHAMS,Draft
Terilization equipment and devices trading,102686,46,465,4659,Wholesale of other machinery and equipment,,SHAMS,Draft
Lubricants & grease trading,102153,46,466,4661,"Wholesale of solid, liquid and gaseous fuels and related products",,SHAMS,Draft
Wholesale of crystal products trading,100948,46,464,4649,Wholesale of other household goods,,SHAMS,Draft
Central ventilators & air filters trading,100633,47,477,4773,Other retail sale of new goods in specialized stores,,SHAMS,Draft
Engines & machinery spare parts trading,101310,46,465,4659,Wholesale of other machinery and equipment,,SHAMS,Draft
Water treatment equipment trading,103029,46,465,4659,Wholesale of other machinery and equipment,,SHAMS,Draft
Construction equipment & machinery trading,100840,47,477,4773,Other retail sale of new goods in specialized stores,,SHAMS,Draft
Wholesale of fertilizers and agrochemical products,100656,46,466,4669,Wholesale of waste and scrap and other products n.e.c.,,SHAMS,Draft
Waste paper trading,103022,46,466,4669,Wholesale of waste and scrap and other products n.e.c.,,SHAMS,Draft
Light fitting & fixtures trading,102116,47,475,4759,"Retail sale of electrical household appliances, furniture, lighting equipment and other household articles in specialized stores",,SHAMS,Draft
Detergents trading,101045,46,466,4669,Wholesale of waste and scrap and other products n.e.c.,,SHAMS,Draft
"E-trading of jewellery, pearls, and precious stones",101182,47,479,4791,Retail sale via mail order houses or via Internet,,SHAMS,Draft
E-commerce through websites,101165,47,479,4791,Retail sale via mail order houses or via Internet,,SHAMS,Draft
Self storage services,101647,52,521,5210,Warehousing and storage,,SHAMS,Draft
Cargo packaging,100580,52,522,5224,Cargo handling,,SHAMS,Draft
Transport consultancies,103124,52,522,5229,Other transportation support activities,,SHAMS,Draft
Distribution and delivery of mail and parcels postal service,101105,53,532,5320,Courier activities,,SHAMS,Draft
Journalism/Content Writing,102023,90,900,9000,"Creative, arts and entertainment activities",,SHAMS,Draft
Virtual reality and augmented reality service provider/developer,101601,59,591,5912,"Motion picture, video and television programme production activities",,SHAMS,Draft
"It consultancy, it services",102007,62,620,6202,Computer consultancy and computer facilities management activities,,SHAMS,Draft
It consultancy and marketing consultancy,102007,70,702,7020,Management consultancy activities,,SHAMS,Draft
"E-commerce, it consultancy, business consultancy",101166,62,620,6202,Computer consultancy and computer facilities management activities,,SHAMS,Draft
Data entering,100987,63,631,6311,"Data processing, hosting and related activities",,SHAMS,Draft
Insurance consultancies,101946,66,662,6622,Activities of insurance agents and brokers,,SHAMS,Draft
Brokerage in commodities listed in foreign markets,100484,66,661,6612,Security and commodity contracts brokerage,,SHAMS,Draft
Financial consultation and financial analysis,101422,66,661,6619,Other activities auxiliary to financial service activities,,SHAMS,Draft
Tax agent service,103178,69,692,6920,"Accounting, bookkeeping and auditing activities; tax consultancy",,SHAMS,Draft
Government tourist liaison office,101700,70,701,7010,Activities of head offices,,SHAMS,Draft
Parliamentary consultancy,102835,70,702,7020,Management consultancy activities,,SHAMS,Draft
Products design services,102898,71,711,7110,Architectural and engineering activities and related technical consultancy,,SHAMS,Draft
Building inspection services,100497,71,712,7120,Technical testing and analysis,,SHAMS,Draft
Marketing for products and services via telephone,102630,73,731,7310,Advertising,,SHAMS,Draft
Distribution of advertising materials &amp; samples,101106,73,731,7310,Advertising,,SHAMS,Draft
Jewellery designing,102018,74,741,7410,Specialized design activities,,SHAMS,Draft
Literary agency and author representation services,102129,74,749,7490,"Other professional, scientific and technical activities n.e.c.",,SHAMS,Draft
Educational & recreational tours organizing,101202,79,791,7912,Tour operator activities,,SHAMS,Draft
Documents saving services,101127,82,821,8219,"Photocopying, document preparation and other specialized office support activities",,SHAMS,Draft
"Legal consultants, business consultancy and debts collection services",102094,82,829,8291,Activities of collection agencies and credit bureaus,,SHAMS,Draft
"Legal consultancy, market research",102094,69,691,6910,Legal activities,,SHAMS,Draft
Legal consultants,102094,69,691,6910,Legal activities,,SHAMS,Draft
Corporate training,100904,85,854,8549,Other education n.e.c.,,SHAMS,Draft
Health and lifestyle coaching and consultancy,101753,70,702,7020,Management consultancy activities,,SHAMS,Draft
Remote medical consultancy,101061,86,869,8690,Other human health activities,,SHAMS,Draft
Social work activities without accommodation for the elderly and disabled,101001,88,881,8810,Social work activities without accommodation for the elderly and disabled,,SHAMS,Draft
Day-care activities for the elderly or for handicapped adults,101001,88,881,8810,Social work activities without accommodation for the elderly and disabled,,SHAMS,Draft
Other social work activities without accommodation,100666,88,889,8890,Other social work activities without accommodation,,SHAMS,Draft
Welfare and guidance activities for children and adolescents,100666,88,889,8890,Other social work activities without accommodation,,SHAMS,Draft
"Child day-care activities, including for handicapped children",100666,88,889,8890,Other social work activities without accommodation,,SHAMS,Draft
Restoring of works of art such as paintings etc.,102628,90,900,9000,"Creative, arts and entertainment activities",,SHAMS,Draft
Design and ; production of prototypes,101028,74,741,7410,Specialized design activities,,SHAMS,Draft
Legal consultancy and intellectual property services,102094,69,691,6910,Legal activities,,SHAMS,Draft
"Legal consultants, corporate services provider",102094,69,691,6910,Legal activities,,SHAMS,Draft
Social networking platform,101847,63,631,6311,"Data processing, hosting and related activities",,SHAMS,Draft
Pet relocation service,101628,96,960,9609,Other personal service activities n.e.c.,,SHAMS,Draft
Corporate social responsibilitity intiatives preparation,100903,82,829,8299,Other business support service activities n.e.c.,,SHAMS,Draft
Abrasive and minerals trading,100830,46,466,4662,Engages in the wholesale trading and distribution of abrasives and mineral products for industrial and commercial applications.,,SHAMS,Draft
Trading of carbon credits,100566,66,661,6612,Facilitates the buying and selling of carbon credits to support environmental sustainability and regulatory compliance.,,SHAMS,Draft
Short-term rental management,103975,55,551,5510,Manages the operations and leasing of short-term rental properties for residential or commercial use.,,SHAMS,Draft
It services and education services,101197,85,843,8430,Provides information technology services alongside educational programs and training in IT-related fields.,,SHAMS,Draft
Visual merchandising services,102716,73,731,7310,Offers professional visual merchandising solutions to enhance retail display and customer engagement.,,SHAMS,Draft
not found,102265,55,559,5590,Activity not specified or recognized; no description available.,,SHAMS,Draft
