activity name,activity code,division,group,class,isic description,activity description,jurisdiction,status
3 D printing Training,100003.0,85,854,8549,Other education n.e.c.,,SPC,
Academic tutoring services,100006.0,85,854,8549,Other education n.e.c.,,SPC,
Accounting & Bookkeeping,100010.0,69,692,6920,"Accounting, bookkeeping and auditing activities; tax consultancy",,SPC,
Accounting & Office Machinery Rental,100011.0,77,773,7730,"Renting and leasing of other machinery, equipment and tangible goods",,SPC,
"Accounting, bookkeeping and auditing activities; tax consultancy",100010.0,69,692,6920,"Accounting, bookkeeping and auditing activities; tax consultancy",,SPC,
"Accounting, bookkeeping and auditing activities; tax consultancy",100010.0,69,692,6920,"Accounting, bookkeeping and auditing activities; tax consultancy",,SPC,
"Acquiring film, video tape and DVD distribution rights",100015.0,59,591,5913,"Motion picture, video and television programme distribution activities",,SPC,
Acting and Related Arts Training,100016.0,85,854,8542,Cultural education,,SPC,
"Activities Auxiliary To Financial Service Activities, Except Insurance And Pension Funding",100017.0,66,661,6610,"Activities auxiliary to financial service activities, except insurance and pension funding",,SPC,
"Activities carried on by agents and agencies on behalf of individuals usually involving the obtaining of engagements in motion picture, theatrical production or other entertainment or sports attractions and the placement of books, plays, artworks, photographs etc., with publishers, producers etc.",100019.0,74,749,7490,"Other professional, scientific and technical activities n.e.c.",,SPC,
"Activities of agencies primarily engaged in selling travel, tour, transportation and accommodation services to the general public and commercial clients",100021.0,79,791,7911,Travel agency activities,,SPC,
"Activities of associations of specialists engaged in cultural activities, such as associations of writers, painters, performers of various kinds, journalists etc.",100023.0,94,941,9412,Activities of professional membership organizations,,SPC,
Activities of business and employers membership organizations,100026.0,94,941,9411,Activities of business and employers membership organizations,,SPC,
Activities of call centres,100027.0,82,822,8220,Activities of call centres,,SPC,
"Activities of casting agencies and bureaus, such as theatrical casting agencies",100028.0,78,781,7810,Activities of employment placement agencies,,SPC,
"Activities of chambers of commerce, guilds and similar organizations",100029.0,94,941,9412,Activities of professional membership organizations,,SPC,
Activities of cine clubs,100030.0,59,591,5914,Motion picture projection activities,,SPC,
Activities of commercial art galleries,100032.0,90,900,9000,"Creative, arts and entertainment activities",,SPC,
Activities of commission agents and all other wholesalers who trade on behalf and on the account of others,100033.0,46,461,4610,Wholesale on a fee or contract basis,,SPC,
"Activities of consultants other than architecture, engineering and management consultants",100034.0,74,749,7490,"Other professional, scientific and technical activities n.e.c.",,SPC,
Activities of customs agents,100035.0,52,522,5229,Other transportation support activities,,SPC,
Activities of employment placement agencies,100036.0,78,781,7810,Activities of employment placement agencies,,SPC,
Activities of federations of such associations,100037.0,94,941,9411,Activities of business and employers membership organizations,,SPC,
Activities of graphic designers,100039.0,74,741,7410,Specialized design activities,,SPC,
Activities of head offices,100040.0,70,701,7010,Activities of head offices,,SPC,
Activities of head offices,100040.0,70,701,7010,Activities of head offices,,SPC,
Activities of holding companies,100041.0,64,642,6420,Activities of holding companies,,SPC,
"Activities of inbound call centres, answering calls from clients by using human operators, automatic call distribution, computer telephone integration, interactive voice response systems or similar methods to receive orders, provide product information, deal with customer requests for assistance or address customer complaints",100042.0,82,822,8220,Activities of call centres,,SPC,
Activities of independent journalists,100044.0,90,900,9000,"Creative, arts and entertainment activities",,SPC,
"Activities of individual own-account sportsmen and athletes, referees, judges, timekeepers etc.",100045.0,93,931,9319,Other sports activities,,SPC,
"Activities of individual writers, for all subjects including fictional writing, technical writing etc.",100046.0,90,900,9000,"Creative, arts and entertainment activities",,SPC,
Activities of interior decorators,100048.0,74,741,7410,Specialized design activities,,SPC,
Activities of learned societies,100049.0,94,949,9499,Activities of other membership organizations n.e.c.,,SPC,
Activities of millwrights,100050.0,33,332,3320,Installation of industrial machinery and equipment,,SPC,
"Activities of motion picture film laboratories, including developing and processing films and reproducing them for theatrical distribution.",100052.0,59,591,5912,"Motion picture, video and television programme production activities",,SPC,
Activities of mountain guides,100053.0,93,931,9319,Other sports activities,,SPC,
Activities of on-line employment placement agencies,100036.0,78,781,7810,Activities of employment placement agencies,,SPC,
Activities of opticians,100055.0,47,477,4773,Other retail sale of new goods in specialized stores,,SPC,
"Activities of organizations not directly affiliated to a political party furthering a public cause or issue by means of public education, political influence, fund-raising etc.: • Environmental and ecological movements • Organizations supporting community and educational facilities n.e.c. • Organizations for the protection and betterment of special groups, e.g. minority groups • Associations for patriotic purposes, including war veterans’ associations",100056.0,94,941,9411,Activities of business and employers membership organizations,,SPC,
"Activities of organizations whose members’ interests centre chiefly on a particular scientific discipline, professional practice or technical field, such as medical associations, legal associations, accounting associations, engineering associations, architects associations etc.",100057.0,94,941,9412,Activities of professional membership organizations,,SPC,
"Activities of organizations whose members’ interests centre on the development and prosperity of enterprises in a particular line of business or trade, including farming, or on the economic growth and climate of a particular geographical area without regard for the line of business.",100058.0,94,941,9411,Activities of business and employers membership organizations,,SPC,
"Activities of outbound call centers using similar methods to sell or market goods or services to potential customers, undertake market research or public opinion polling and similar activities for clients",100060.0,82,822,8220,Activities of call centres,,SPC,
Activities of photojournalists,100061.0,74,742,7420,Photographic activities,,SPC,
"Activities of producers or entrepreneurs of arts live events, with or without facilities",100062.0,90,900,9000,"Creative, arts and entertainment activities",,SPC,
"activities of producers or entrepreneurs of live events other than arts or sports events, with or without facilities",100063.0,93,932,9329,Other amusement and recreation activities n.e.c.,,SPC,
"Activities of producers or promoters of sports events, with or without facilities",100064.0,93,931,9319,Other sports activities,,SPC,
Activities of quantity surveyors,100066.0,74,749,7490,"Other professional, scientific and technical activities n.e.c.",,SPC,
"Activities of racing stables, kennels and garages",100067.0,93,931,9319,Other sports activities,,SPC,
"Activities of radio networks, i.e. assembling and transmitting aural programming to the affiliates or subscribers via over-the-air broadcasts, cable or satellite",100068.0,60,601,6010,Radio broadcasting,,SPC,
"Activities of recreation parks, beaches, including renting of facilities such as bathhouses, lockers, chairs etc.",100069.0,93,932,9329,Other amusement and recreation activities n.e.c.,,SPC,
"Activities of sculptors, painters, cartoonists, engravers, etchers etc.",100070.0,90,900,9000,"Creative, arts and entertainment activities",,SPC,
Activities of sea freight forwarders and air cargo agents,100071.0,52,522,5229,Other transportation support activities,,SPC,
Activities of sports clubs,100072.0,93,931,9312,Activities of sports clubs,,SPC,
Activities of sports leagues and regulating bodies,100073.0,93,931,9319,Other sports activities,,SPC,
Activities of stock footage film libraries etc.,100074.0,59,591,5912,"Motion picture, video and television programme production activities",,SPC,
"Activities of those involved in bringing sellers and buyers together or undertaking commercial transactions on behalf of a principal, including on the internet",100075.0,46,461,4610,Wholesale on a fee or contract basis,,SPC,
Activities related to promotion of sporting events,100079.0,93,931,9319,Other sports activities,,SPC,
Address bar coding services,100084.0,82,829,8299,Other business support service activities n.e.c.,,SPC,
Adhesives Trading,100087.0,46,466,4669,Wholesale of waste and scrap and other products n.e.c.,,SPC,
Administration of loyalty programmes,100088.0,82,829,8299,Other business support service activities n.e.c.,,SPC,
Administrative Consultancy and Studies,100089.0,70,702,7020,Management consultancy activities,,SPC,
Administrative services for businessmen,100090.0,82,821,8211,Combined office administrative service activities,,SPC,
Administrative Training Services,100091.0,85,855,8550,Educational support activities,,SPC,
Advertisement Agency,100096.0,73,731,7310,Advertising,,SPC,
Advertisement Material and Samples Distribution,100097.0,73,731,7310,Advertising,,SPC,
Advertisements Designing and Production,100096.0,73,731,7310,Advertising,,SPC,
Advertising,100096.0,73,731,7310,Advertising,,SPC,
Advertising Agency,100096.0,73,731,7310,Advertising,,SPC,
Advertising Requisites Trading; Gifts Trading,100099.0,46,464,4649,Wholesale of other household goods,,SPC,
Advertising Researches &amp; Consultancies,100100.0,73,731,7310,Advertising,,SPC,
Advertising Services Via Websites,100101.0,73,731,7310,Advertising,,SPC,
"Advice and help to businesses and public services in planning, organization, efficiency and control, management information etc.",100103.0,70,702,7020,Management consultancy activities,,SPC,
Advisory activities and representation on behalf of clients before tax authorities,100104.0,69,692,6920,"Accounting, bookkeeping and auditing activities; tax consultancy",,SPC,
Advisory and Membership Frameworks and Digitization Management Consultancy,100105.0,94,941,9411,Activities of business and employers membership organizations,,SPC,
Agarwood & Incense Trading,100110.0,46,464,4649,Wholesale of other household goods,,SPC,
"Agents involved in the sale of agricultural raw materials, live animals, textiles, fuels, ores, metals, industrial chemicals, food and beverages, clothing, timber, machinery, furniture, and household goods.",100112.0,46,461,4610,Wholesale on a fee or contract basis,,SPC,
Agricultural Equipment & Machinery Rental,100119.0,77,773,7730,"Renting and leasing of other machinery, equipment and tangible goods",,SPC,
Agricultural Equipment &amp; Accessories Trading,100118.0,46,465,4653,"Wholesale of agricultural machinery, equipment and supplies",,SPC,
Agricultural Equipment &amp; Machinery Spare Parts Trading,100120.0,46,465,4653,"Wholesale of agricultural machinery, equipment and supplies",,SPC,
Agricultural Research &amp; Consultancy,100127.0,74,749,7490,"Other professional, scientific and technical activities n.e.c.",,SPC,
Agricultural Tools Trading,100128.0,47,475,4752,"Retail sale of hardware, paints and glass in specialized stores",,SPC,
Agricultural Tractors & Machinery Trading,100129.0,47,477,4773,Other retail sale of new goods in specialized stores,,SPC,
Agronomy consulting,100132.0,74,749,7490,"Other professional, scientific and technical activities n.e.c.",,SPC,
Air Condition Trading,100141.0,46,465,4659,Wholesale of other machinery and equipment,,SPC,
"Air-Condition, Refrigeration Spare Parts & Components Trading",100144.0,46,465,4659,Wholesale of other machinery and equipment,,SPC,
"Air-conditioning, Cooling, Heating and Ventilation Engineering Consultancy",100154.0,71,711,7110,Architectural and engineering activities and related technical consultancy,,SPC,
Aircraft Scrap and Used Spare Parts Trading,100165.0,46,466,4669,Wholesale of waste and scrap and other products n.e.c.,,SPC,
Aircraft Spare Parts and Components Trading,100167.0,47,477,4773,Other retail sale of new goods in specialized stores,,SPC,
Animal & Poultry Farms Equipment Trading,100207.0,46,465,4659,Wholesale of other machinery and equipment,,SPC,
Animation & Illustration,100221.0,90,900,9000,"Creative, arts and entertainment activities",,SPC,
Anti rust treatment,100226.0,45,452,4520,Maintenance and repair of motor vehicles,,SPC,
Antiques &amp; Rare Collections Repair,100227.0,95,952,9529,Repair of other personal and household goods,,SPC,
Antiques Museum,100228.0,91,910,9102,Museums activities and operation of historical sites and buildings,,SPC,
"Application in buildings or other construction projects of interior and exterior plaster or stucco, including related lathing materials",100231.0,43,433,4330,Building completion and finishing,,SPC,
Application service provisioning,100232.0,63,631,6311,"Data processing, hosting and related activities",,SPC,
"Appraisal activities other than for real estate and insurance (for antiques, jewellery, etc.)",100234.0,74,749,7490,"Other professional, scientific and technical activities n.e.c.",,SPC,
Aquariums & Display Cases Trading,100235.0,47,477,4773,Other retail sale of new goods in specialized stores,,SPC,
Arab Wear Trading,100239.0,47,477,4771,"Retail sale of clothing, footwear and leather articles in specialized stores",,SPC,
Architectural and engineering activities and related technical consultancy,100248.0,71,711,7110,Architectural and engineering activities and related technical consultancy,,SPC,
Architectural consulting activities: • Building design and drafting • Town and city planning and landscape architecture,100249.0,71,711,7110,Architectural and engineering activities and related technical consultancy,,SPC,
"Arranging and assembling tours that are sold through travel agencies or directly by tour operators. the tours may include any or all of the following: • Transportation • Accommodation • Food • Visits to museums, historical or cultural sites, theatrical, musical or sporting events.",100256.0,79,791,7912,Tour operator activities,,SPC,
Art consulting,100258.0,90,900,9000,"Creative, arts and entertainment activities",,SPC,
Art Gallery,100259.0,90,900,9000,"Creative, arts and entertainment activities",,SPC,
Art instruction,100261.0,85,854,8542,Cultural education,,SPC,
Art production,100262.0,90,900,9000,"Creative, arts and entertainment activities",,SPC,
Artificial Intelligence Developing Services,100266.0,72,722,7220,Research and experimental development on social sciences and humanities,,SPC,
Artificial Intelligence Training,100267.0,85,854,8549,Other education n.e.c.,,SPC,
Artistic Production Contracting Services,100272.0,59,591,5913,"Motion picture, video and television programme distribution activities",,SPC,
Artistic Talent Contracting,100273.0,90,900,9000,"Creative, arts and entertainment activities",,SPC,
Artistic work including preparation of litho stones and prepared woodblocks,100274.0,18,181,1812,Service activities related to printing,,SPC,
Assembly of self-standing furniture,100280.0,95,952,9524,Repair of furniture and home furnishings,,SPC,
Associations for the purpose of social acquaintanceship,100285.0,94,949,9499,"Activities of organizations not directly affiliated to a political party furthering a public cause or issue by means of public education, political influence, fund-raising etc.:  • Environmental and ecological movements  • Organizations supporting community and educational facilities n.e.c.  • Organizations for the protection and betterment of special groups, e.g. minority groups  • Associations for patriotic purposes, including war veterans’ associations",,SPC,
"Associations for the pursuit of a cultural or recreational activity or hobby (other than sports or games), e.g. poetry, literature and book clubs, historical clubs, gardening clubs, film and photo clubs, music and art clubs, craft and collectors’ clubs, social clubs, carnival clubs etc.",100286.0,94,949,9499,"Activities of organizations not directly affiliated to a political party furthering a public cause or issue by means of public education, political influence, fund-raising etc.:  • Environmental and ecological movements  • Organizations supporting community and educational facilities n.e.c.  • Organizations for the protection and betterment of special groups, e.g. minority groups  • Associations for patriotic purposes, including war veterans’ associations",,SPC,
"Associations of youth, young persons’ associations, student associations and fraternities etc.",100287.0,94,949,9499,"Activities of organizations not directly affiliated to a political party furthering a public cause or issue by means of public education, political influence, fund-raising etc.:  • Environmental and ecological movements  • Organizations supporting community and educational facilities n.e.c.  • Organizations for the protection and betterment of special groups, e.g. minority groups  • Associations for patriotic purposes, including war veterans’ associations",,SPC,
"Astronomy, Earthquakes &amp; Meteorology Monitoring Equipment Trading",100290.0,46,464,4649,Wholesale of other household goods,,SPC,
Audio Recordings Wholesale,100299.0,46,465,4652,Wholesale of electronic and telecommunications equipment and parts,,SPC,
"Audio-Visual, Recording Equipment &amp; Accessories Trading",100302.0,46,465,4652,Wholesale of electronic and telecommunications equipment and parts,,SPC,
Auditing Of Accounts,100305.0,69,692,6920,"Accounting, bookkeeping and auditing activities; tax consultancy",,SPC,
"Auditing, Reviewing &amp;Testing Cyber Risks",100306.0,62,620,6202,Computer consultancy and computer facilities management activities,,SPC,
"Authentic Antiques, Artefacts &amp; Artworks Trading",100308.0,46,464,4649,Wholesale of other household goods,,SPC,
"Authentic Antiques, Artefacts and Artworks Trading",100308.0,46,464,4649,Wholesale of other household goods,,SPC,
Auto Service Broker,100323.0,52,522,5229,Other transportation support activities,,SPC,
Auto Spare Parts &amp; components Trading,100324.0,45,453,4530,Sale of motor vehicle parts and accessories,,SPC,
Auto Washing Equipment Trading,100328.0,46,465,4659,Wholesale of other machinery and equipment,,SPC,
Automatic Gates & Barriers & Components Trading,100328.0,46,465,4659,Wholesale of other machinery and equipment,,SPC,
Automobile associations,100332.0,94,949,9499,"Activities of organizations not directly affiliated to a political party furthering a public cause or issue by means of public education, political influence, fund-raising etc.:  • Environmental and ecological movements  • Organizations supporting community and educational facilities n.e.c.  • Organizations for the protection and betterment of special groups, e.g. minority groups  • Associations for patriotic purposes, including war veterans’ associations",,SPC,
Automobile Engineering Services,100334.0,71,711,7110,Architectural and engineering activities and related technical consultancy,,SPC,
Aviation Business Brokerage,100337.0,52,522,5229,Other transportation support activities,,SPC,
Aviation consultancy,100340.0,52,522,5229,Other transportation support activities,,SPC,
Aviation Projects Engineering Management and Technical Feasibility Studies Services,100345.0,71,711,7110,Architectural and engineering activities and related technical consultancy,,SPC,
Aviation Training Services,100347.0,85,854,8549,Other education n.e.c.,,SPC,
Award Rendering Program,100348.0,72,722,7220,Research and experimental development on social sciences and humanities,,SPC,
Baby Care Requisites Trading,100351.0,46,464,4649,Wholesale of other household goods,,SPC,
Baby Food Trading,100353.0,46,463,4630,"Wholesale of food, beverages and tobacco",,SPC,
Baby Wear Trading,100355.0,46,464,4641,"Wholesale of textiles, clothing and footwear",,SPC,
Baggage Wrapping,100358.0,52,522,5229,Other transportation support activities,,SPC,
Bakeries & Flour Mills Equipment Trading,100362.0,46,465,4659,Wholesale of other machinery and equipment,,SPC,
"Bamboo, Cane & Wicker Products Trading",100369.0,47,475,4759,"Retail sale of electrical household appliances, furniture, lighting equipment and other household articles in specialized stores",,SPC,
Banking &amp; Finance Training,100372.0,85,854,8549,Other education n.e.c.,,SPC,
Banking Consultant,100374.0,66,661,6619,Other activities auxiliary to financial service activities,,SPC,
Bar code imprinting services,100375.0,82,829,8299,Other business support service activities n.e.c.,,SPC,
Barcode Services,100377.0,82,829,8299,Other business support service activities n.e.c.,,SPC,
Basic Non Ferrous Metal Products Trading,100381.0,46,466,4662,Wholesale of metals and metal ores,,SPC,
Basic Steel Products Trading,100383.0,46,466,4662,Wholesale of metals and metal ores,,SPC,
Beauty & Personal Care Requisites Trading,100395.0,46,464,4649,Wholesale of other household goods,,SPC,
Beverage serving activities,100400.0,56,563,5630,Beverage serving activities,,SPC,
Bicycles &amp; Spare Parts Trading,100403.0,46,464,4649,Wholesale of other household goods,,SPC,
Bill auditing and freight rate information,100407.0,74,749,7490,"Other professional, scientific and technical activities n.e.c.",,SPC,
Billboards Advertising,100408.0,73,731,7310,Advertising,,SPC,
Billing Services Provider,100411.0,69,692,6920,"Accounting, bookkeeping and auditing activities; tax consultancy",,SPC,
"Binding of printed sheets, e.g. into books,byfolding, assembling, stitching, glueing, collating, basting, adhesive binding, trimming, gold stamping",100412.0,18,181,1812,Service activities related to printing,,SPC,
Blank Cassette Trading,100419.0,46,465,4652,Wholesale of electronic and telecommunications equipment and parts,,SPC,
"Blankets, Towels &amp; Linens Trading",100420.0,46,464,4641,"Wholesale of textiles, clothing and footwear",,SPC,
Blast freezing,100422.0,52,521,5210,Warehousing and storage,,SPC,
Blast Furnaces & Smelters Trading,100423.0,46,465,4659,Wholesale of other machinery and equipment,,SPC,
Blogging Services,100431.0,63,631,6312,Web portals,,SPC,
Blueprinting,100434.0,82,821,8219,"Photocopying, document preparation and other specialized office support activities",,SPC,
"Bolts, Nuts, Screws & Nails Trading",100443.0,46,466,4663,"Wholesale of construction materials, hardware, plumbing and heating equipment and supplies",,SPC,
Book publishing,100444.0,58,581,5811,Book publishing,,SPC,
Book publishing,100444.0,58,581,5811,Book publishing,,SPC,
"Books &amp; Stationary Trading, Printing, Books Printing &amp; Binding",100447.0,46,464,4649,Wholesale of other household goods,,SPC,
Books and Stationery Trading,100447.0,46,464,4649,Wholesale of other household goods,,SPC,
Books Publishing,100444.0,58,581,5811,Book publishing,,SPC,
Books Publishing (Distribution),100444.0,58,581,5811,Book publishing,,SPC,
Books Publishing & Translation,100449.0,58,581,5819,Other publishing activities,,SPC,
Books Publishing and Events Organizing,100450.0,58,581,5811,Book publishing,,SPC,
"Books Publishing, Education, Education Training and Education Services",100451.0,85,855,8550,Educational support activities,,SPC,
"Books Publishing, Events Organizing",100450.0,58,581,5811,Book publishing,,SPC,
"Books Publishing, Events Organizing, Gift Items",100450.0,58,581,5811,Book publishing,,SPC,
"Books Publishing, Marketing Consultancy",100452.0,73,732,7320,Market research and public opinion polling,,SPC,
Books Trading and Book-Seller,100453.0,47,476,4761,"Retail sale of books, newspapers and stationary in specialized stores",,SPC,
"Books Trading and Book-Seller, Selling Stationery, Toys and Games",100447.0,47,476,4764,Retail sale of games and toys in specialized stores,,SPC,
"Books, Stationary and Toys Trading",100447.0,47,476,4764,Retail sale of games and toys in specialized stores,,SPC,
Botanical and zoological gardens and nature reserves activities,100457.0,91,910,9103,Botanical and zoological gardens and nature reserves activities,,SPC,
Bottle cleaning,100458.0,81,812,8129,Other building and industrial cleaning activities,,SPC,
Branding Services,100472.0,73,732,7320,Market research and public opinion polling,,SPC,
Bread &amp; Bakery Products Trading,100473.0,46,463,4630,"Wholesale of food, beverages and tobacco",,SPC,
Bricks Making Equipment Trading,100476.0,46,465,4659,Wholesale of other machinery and equipment,,SPC,
Bricks Trading,100478.0,46,466,4663,"Wholesale of construction materials, hardware, plumbing and heating equipment and supplies",,SPC,
"Broadcasting audio signals through radio broadcasting studios and facilities for the transmission of aural programming to the public, to affiliates or to subscribers",100481.0,60,601,6010,Radio broadcasting,,SPC,
Brokerage for ship and aircraft space,100483.0,52,522,5229,Other transportation support activities,,SPC,
Brokerage In Commodities Listed In Foreign Markets,100484.0,66,661,6612,Security and commodity contracts brokerage,,SPC,
Building &amp; Construction Materials Trading,100488.0,46,466,4663,"Wholesale of construction materials, hardware, plumbing and heating equipment and supplies",,SPC,
Building &amp; Construction Materials Wholesale Trading,100488.0,46,466,4663,"Wholesale of construction materials, hardware, plumbing and heating equipment and supplies",,SPC,
Building Cleaning Equipment Trading,100489.0,46,465,4659,Wholesale of other machinery and equipment,,SPC,
Building completion and finishing,100491.0,43,433,4330,Building completion and finishing,,SPC,
Building Engineering Consultancy with 3D Printing Technology,100494.0,71,711,7110,Architectural and engineering activities and related technical consultancy,,SPC,
Building Hardware &amp; Tools Trading,100496.0,47,475,4752,"Retail sale of hardware, paints and glass in specialized stores",,SPC,
Building Maquette & Model Making Technical Services,100498.0,71,711,7110,Architectural and engineering activities and related technical consultancy,,SPC,
Building Maquettes & Models Requisites Trading,100499.0,47,475,4752,"Retail sale of hardware, paints and glass in specialized stores",,SPC,
Building Material Manufacturing Consultancy,100500.0,71,711,7110,Architectural and engineering activities and related technical consultancy,,SPC,
Building Metal Products Trading,100502.0,47,475,4752,"Retail sale of hardware, paints and glass in specialized stores",,SPC,
Buses and Trucks Trading,100513.0,45,451,4510,Sale of motor vehicles,,SPC,
"Business brokerage activities, i.e. arranging for the purchase and sale of small and medium-sized businesses, including professional practices, but not including real estate brokerage",100519.0,74,749,7490,"Other professional, scientific and technical activities n.e.c.",,SPC,
"Business Consultancy, Management Consultancy, Documents Clearing Services",100522.0,82,829,8299,Other business support service activities n.e.c.,,SPC,
Business Incubator,100525.0,70,702,7020,Management consultancy activities,,SPC,
Businessman services,100530.0,82,829,8299,Other business support service activities n.e.c.,,SPC,
Buying & Selling Rare Books & Manuscripts,100536.0,46,464,4649,Wholesale of other household goods,,SPC,
Cafeterias,100542.0,56,561,5610,Restaurants and mobile food service activities,,SPC,
Calculators &amp; Spare Parts Trading,100543.0,47,474,4741,"Retail sale of computers, peripheral units, software and telecommunications equipment in specialized stores",,SPC,
Call Centers Services,100027.0,82,822,8220,Activities of call centres,,SPC,
Calligraphers and Painters,100547.0,74,741,7410,Specialized design activities,,SPC,
Camping Requisites Trading,100550.0,47,476,4763,Retail sale of sporting equipment in specialized stores,,SPC,
"Camps, sports instruction",100551.0,85,854,8541,Sports and recreation education,,SPC,
Canned & Preserved Food Trading,100553.0,46,463,4630,"Wholesale of food, beverages and tobacco",,SPC,
Canned and Preserved Food Trading,100553.0,46,463,4630,"Wholesale of food, beverages and tobacco",,SPC,
Caps &amp; Lids Trading,100555.0,46,469,4690,Non-specialized wholesale trade,,SPC,
Car Covering Services,100556.0,82,829,8299,Other business support service activities n.e.c.,,SPC,
Car Guarantee Extension Services,100558.0,52,522,5229,Other transportation support activities,,SPC,
Car Parking Systems & Equipment Trading,100559.0,47,477,4773,Other retail sale of new goods in specialized stores,,SPC,
Carbon Control Systems Trading,100566.0,46,465,4659,Wholesale of other machinery and equipment,,SPC,
Card game instruction (such as bridge),100569.0,85,854,8541,Sports and recreation education,,SPC,
Cargo Containers Rental,100575.0,77,773,7730,"Renting and leasing of other machinery, equipment and tangible goods",,SPC,
Cargo Containers Trading,100576.0,46,465,4659,Wholesale of other machinery and equipment,,SPC,
Cargo freight consultancy,100577.0,70,702,7020,Management consultancy activities,,SPC,
Cargo handling,100578.0,52,522,5224,Cargo handling,,SPC,
Cargo Packaging,100580.0,52,522,5224,Cargo handling,,SPC,
"Carpet and rug shampooing and drapery and curtain cleaning, whether on clients’ premises or not",100586.0,96,960,9601,Washing and (dry-) cleaning of textile and fur products,,SPC,
Carpets Trading,100591.0,46,464,4649,Wholesale of other household goods,,SPC,
Cars Accessories Trading,100592.0,45,453,4530,Sale of motor vehicle parts and accessories,,SPC,
Cars Additional Parts Trading,100592.0,45,453,4530,Sale of motor vehicle parts and accessories,,SPC,
Cars Trading for Specialized Purposes,100599.0,45,451,4510,Sale of motor vehicles,,SPC,
Cartoons Production,100603.0,59,591,5911,"Motion picture, video and television programme production activities",,SPC,
Cement &amp; Gypsum Trading,100624.0,46,466,4663,"Wholesale of construction materials, hardware, plumbing and heating equipment and supplies",,SPC,
Cement Products Trading,100626.0,46,466,4663,"Wholesale of construction materials, hardware, plumbing and heating equipment and supplies",,SPC,
Central Station Linking Services,100632.0,80,802,8020,Security systems service activities,,SPC,
Central Ventilators & Air Filters Trading,100633.0,47,477,4773,Other retail sale of new goods in specialized stores,,SPC,
Centralized administrative offices,100634.0,70,701,7010,Activities of head offices,,SPC,
Ceramic & Chinaware Trading,100635.0,46,464,4649,Wholesale of other household goods,,SPC,
Chandeliers Trading,100645.0,46,464,4649,Wholesale of other household goods,,SPC,
Charcoal & Firewood Trading,100646.0,46,466,4661,"Wholesale of solid, liquid and gaseous fuels and related products",,SPC,
Cheerleading instruction,100649.0,85,854,8541,Sports and recreation education,,SPC,
Chemical Fertilizers Trading,100656.0,46,466,4669,Wholesale of waste and scrap and other products n.e.c.,,SPC,
Chemical industries consultancy,100658.0,71,711,7110,Architectural and engineering activities and related technical consultancy,,SPC,
"Child day-care activities, including for handicapped children",100666.0,88,889,8890,Other social work activities without accommodation,,SPC,
"Children Books Publishing, Education Services",100670.0,58,581,5811,Book publishing,,SPC,
Children Carts Rental,100671.0,77,772,7729,Renting and leasing of other personal and household goods,,SPC,
Children Games & Baby Care Requisites Rental,100673.0,77,772,7721,Renting and leasing of recreational and sports goods,,SPC,
Choreography,100685.0,90,900,9000,"Creative, arts and entertainment activities",,SPC,
City Cleaning Equipment Trading,100692.0,46,465,4659,Wholesale of other machinery and equipment,,SPC,
Civil Engineering Consultancy,100695.0,71,711,7110,Architectural and engineering activities and related technical consultancy,,SPC,
Classic Cars Trading,100701.0,45,451,4510,Sale of motor vehicles,,SPC,
Cleaning of industrial machinery,100706.0,81,812,8129,Other building and industrial cleaning activities,,SPC,
Cleaning of new buildings after construction,100707.0,43,433,4330,Building completion and finishing,,SPC,
Cleaning of the inside of road and sea tankers,100708.0,81,812,8129,Other building and industrial cleaning activities,,SPC,
"Cleaning of trains, buses, planes, etc.",100709.0,81,812,8129,Other building and industrial cleaning activities,,SPC,
Cleanroom Systems Trading,100711.0,47,477,4773,Other retail sale of new goods in specialized stores,,SPC,
Cloth Hangers Trading,100716.0,47,475,4759,"Retail sale of electrical household appliances, furniture, lighting equipment and other household articles in specialized stores",,SPC,
Cloud Computing Services,100723.0,63,631,6311,"Data processing, hosting and related activities",,SPC,
Coastal Engineering Consultancies,100731.0,71,711,7110,Architectural and engineering activities and related technical consultancy,,SPC,
coffee shops,100736.0,56,563,5630,Beverage serving activities,,SPC,
Coffee Trading,100735.0,46,463,4630,"Wholesale of food, beverages and tobacco",,SPC,
Collateral Management Services,100741.0,66,661,6619,Other activities auxiliary to financial service activities,,SPC,
Collecting of waste ships oil,100744.0,38,381,3812,Collection of hazardous waste,,SPC,
Collection Agencies And Credit Bureaus,100745.0,82,829,8291,Activities of collection agencies and credit bureaus,,SPC,
collection of letter-mail and parcels from public letter-boxes or from post offices,100749.0,53,531,5310,Postal activities,,SPC,
"Collection of payments for claims and remittance of payments collected to the clients, such as bill or debt collection services",100751.0,82,829,8291,Activities of collection agencies and credit bureaus,,SPC,
collection of recyclable materials,100752.0,38,381,3811,Collection of non-hazardous waste,,SPC,
College board preparation,100757.0,85,854,8549,Other education n.e.c.,,SPC,
Color Separation Services,100758.0,90,900,9000,"Creative, arts and entertainment activities",,SPC,
Combined facilities support activities,100760.0,81,811,8110,Combined facilities support activities,,SPC,
Combined office administrative service activities,100761.0,82,821,8211,Combined office administrative service activities,,SPC,
Combined office administrative service activities,100761.0,82,821,8211,Combined office administrative service activities,,SPC,
Commercial and consumer photograph production,100763.0,74,742,7420,Photographic activities,,SPC,
Commercial brokerage services,100766.0,46,461,4610,Wholesale on a fee or contract basis,,SPC,
Commercial Brokers,100766.0,46,461,4610,Wholesale on a fee or contract basis,,SPC,
Commercial Information Services,100770.0,70,702,7020,Management consultancy activities,,SPC,
Commercial Photographs Production,100771.0,74,742,7420,Photographic activities,,SPC,
Commercial Publications Editing,100772.0,58,581,5811,Book publishing,,SPC,
Commodities Designing Consultancy,100774.0,74,741,7410,Specialized design activities,,SPC,
Communication consultancy,100776.0,70,702,7020,Management consultancy activities,,SPC,
Communications Engineering Consultancy,100777.0,71,711,7110,Architectural and engineering activities and related technical consultancy,,SPC,
Companies Representation,100780.0,70,701,7010,Activities of head offices,,SPC,
Compliance Consultancy,100785.0,66,661,6619,Other activities auxiliary to financial service activities,,SPC,
Composition and Typesetting,100787.0,18,181,1812,Service activities related to printing,,SPC,
"Composition, typesetting, phototypesetting, pre-press data input including scanning and optical character recognition, electronic make-up",100787.0,18,181,1812,Service activities related to printing,,SPC,
Computer &amp; Data Processing Requisites Trading,100790.0,47,474,4741,"Retail sale of computers, peripheral units, software and telecommunications equipment in specialized stores",,SPC,
Computer consultancy and computer facilities management activities,100792.0,62,620,6202,Computer consultancy and computer facilities management activities,,SPC,
Computer disaster recovery,100793.0,62,620,6209,Other information technology and computer service activities,,SPC,
Computer Electric Accessories Trading,100794.0,47,474,4741,"Retail sale of computers, peripheral units, software and telecommunications equipment in specialized stores",,SPC,
Computer Equipment Requisites Trading,100796.0,47,474,4741,"Retail sale of computers, peripheral units, software and telecommunications equipment in specialized stores",,SPC,
Computer programming activities,100801.0,62,620,6201,Computer programming activities,,SPC,
"Computer programming, consultancy and related activities",100801.0,62,620,6200,"Computer programming, consultancy and related activities",,SPC,
Computer repair training,100803.0,85,852,8522,Technical and vocational secondary education,,SPC,
Computer System Housing Services,100807.0,63,631,6311,"Data processing, hosting and related activities",,SPC,
Computer Systems &amp; Communication Equipment Software Trading,100809.0,47,474,4741,"Retail sale of computers, peripheral units, software and telecommunications equipment in specialized stores",,SPC,
Computer Systems and Software Designing,100810.0,62,620,6201,Computer programming activities,,SPC,
Computer Systems Consultancies,100811.0,62,620,6202,Computer consultancy and computer facilities management activities,,SPC,
Computer training,100813.0,85,854,8549,Other education n.e.c.,,SPC,
Concept and design consultancy,100816.0,62,620,6202,Computer consultancy and computer facilities management activities,,SPC,
"Concession operation of coin-operated personal service machines (photo booths, weighing machines, machines for checking blood pressure, coin-operated lockers etc.)",100817.0,96,960,9609,Other personal service activities n.e.c.,,SPC,
Concierge Services,100818.0,81,811,8110,Combined facilities support activities,,SPC,
"Conducting marketing campaigns and services to attract and retain customers, including product promotion, point-of-sale marketing, direct mail advertising, and marketing consulting.",100823.0,73,731,7310,Advertising,,SPC,
Confectionery &amp; Chocolate Trading,100825.0,46,463,4630,"Wholesale of food, beverages and tobacco",,SPC,
Conferences & Seminars Organizing,100827.0,82,823,8230,Organization of conventions and trade shows,,SPC,
Construction Engineering Services,100836.0,71,711,7110,Architectural and engineering activities and related technical consultancy,,SPC,
Construction Equipment & Machinery Rental,100838.0,77,773,7730,"Renting and leasing of other machinery, equipment and tangible goods",,SPC,
Construction Equipment &amp; Machinery Spare Parts Trading,100839.0,47,477,4773,Other retail sale of new goods in specialized stores,,SPC,
Construction Equipment &amp; Machinery Trading,100840.0,47,477,4773,Other retail sale of new goods in specialized stores,,SPC,
Construction of Buildings,100844.0,41,410,4100,Construction of buildings,,SPC,
"Construction of civil engineering constructions for: • Long-distance pipelines, communication and power lines • Urban pipelines, urban communication and power lines; ancillary urban works • Water main and line construction • Irrigation systems (canals) • Reservoirs",100845.0,42,422,4220,Construction of utility projects,,SPC,
Construction of utility projects,100846.0,42,422,4220,Construction of utility projects,,SPC,
"Construction of: • Sewer systems, including repair • Sewage disposal plants • Pumping stations • Power plants",100847.0,42,422,4220,Construction of utility projects,,SPC,
Consultancy,100850.0,74,749,7490,"Other professional, scientific and technical activities n.e.c.",,SPC,
Consultancy and Studies and Researches in Archeology,100851.0,71,711,7110,Architectural and engineering activities and related technical consultancy,,SPC,
Consultancy and Studies and Researches in Economics,100852.0,72,722,7220,Research and experimental development on social sciences and humanities,,SPC,
Consultancy and Studies and Researches in Linguistics,100854.0,72,722,7220,Research and experimental development on social sciences and humanities,,SPC,
Consultancy and Studies and Researches in Literature and Arts,100855.0,72,722,7220,Research and experimental development on social sciences and humanities,,SPC,
Consultancy and Studies and Researches in Sociology,100857.0,72,722,7220,Research and experimental development on social sciences and humanities,,SPC,
Consulting and advertising studies,100862.0,73,731,7310,Advertising,,SPC,
Consulting and research and development in the field of technology education,100863.0,72,721,7210,Research and experimental development on natural sciences and engineering,,SPC,
Consulting cultural,100864.0,74,749,7490,"Other professional, scientific and technical activities n.e.c.",,SPC,
Consulting Engineering in Management Information Systems,100866.0,71,711,7110,Architectural and engineering activities and related technical consultancy,,SPC,
Consulting in animal behavior,100209.0,75,750,7500,Veterinary activities,,SPC,
Consulting technical equipment and technical,100870.0,70,702,7020,Management consultancy activities,,SPC,
Consumer associations,100871.0,94,941,9411,Activities of business and employers membership organizations,,SPC,
Converting Industries Equipment & Machinery Rental,100884.0,77,773,7730,"Renting and leasing of other machinery, equipment and tangible goods",,SPC,
Cookers & Cook Stoves Trading,100888.0,47,475,4759,"Retail sale of electrical household appliances, furniture, lighting equipment and other household articles in specialized stores",,SPC,
Cooking and Household Training Services,100889.0,85,854,8549,Other education n.e.c.,,SPC,
Cooking Consultant,100890.0,70,702,7020,Management consultancy activities,,SPC,
Coordination of natural and artificial flowers,100894.0,96,960,9609,Other personal service activities n.e.c.,,SPC,
Copying of Computer Software,100896.0,18,182,1820,Reproduction of recorded media,,SPC,
Corporate offices,100901.0,70,701,7010,Activities of head offices,,SPC,
Corporate services provider,100781.0,70,701,7010,Activities of head offices,,SPC,
Corporate Social Responsibilitity Intiatives Preparation,100903.0,82,829,8299,Other business support service activities n.e.c.,,SPC,
Corporate Training,100904.0,85,854,8549,Other education n.e.c.,,SPC,
"Cosmetic and Beauty, Health and Personal Care, Food Supplements Trading",100906.0,46,463,4630,"Wholesale of food, beverages and tobacco",,SPC,
Cosmetology and barber schools,100909.0,85,852,8522,Technical and vocational secondary education,,SPC,
Cost Control and Risk Management Services,100910.0,70,702,7020,Management consultancy activities,,SPC,
"Costumes, Shoes & Personal Items Rental",100913.0,77,772,7729,Renting and leasing of other personal and household goods,,SPC,
Cotton & Natural Fibers Trading,100914.0,46,462,4620,Wholesale of agricultural raw materials and live animals,,SPC,
Courier activities,100917.0,53,532,5320,Courier activities,,SPC,
Crane Rails & Fixing Accessories Trading,100919.0,47,475,4752,"Retail sale of hardware, paints and glass in specialized stores",,SPC,
"Creation and execution of advertising campaigns, including placements in various media (newspapers, radio, TV, online), outdoor advertising (billboards, panels), media representation, aerial advertising, distribution of materials, and display structures.",100923.0,73,731,7310,Advertising,,SPC,
"Creation of a complete television channel program using purchased components (e.g., movies, documentaries) and self-produced content (e.g., local news, live reports).",100924.0,60,602,6020,Television programming and broadcasting activities,,SPC,
"Creative, arts and entertainment activities",100928.0,90,900,9000,"Creative, arts and entertainment activities",,SPC,
Credit Review Services,100933.0,66,661,6619,Other activities auxiliary to financial service activities,,SPC,
Cultural education,100949.0,85,854,8542,Cultural education,,SPC,
Curtains & Upholstery Fabrics Trading,100955.0,46,464,4641,"Wholesale of textiles, clothing and footwear",,SPC,
Customer Care Center,100961.0,82,829,8299,Other business support service activities n.e.c.,,SPC,
"Customizing of software, i.e. modifying and configuring an existing application so that it is functional within the clients’ information system environment",100962.0,62,620,6201,Computer programming activities,,SPC,
Customs Consultant,100965.0,52,522,5229,Other transportation support activities,,SPC,
Cutlery & Silverware Trading,100966.0,46,464,4649,Wholesale of other household goods,,SPC,
cutting of and writing on metals by means of laser beams,100970.0,25,259,2592,Treatment and coating of metals; machining,,SPC,
"Cutting, shaping and finishing of stone",100973.0,23,239,2396,"Cutting, shaping and finishing of stone",,SPC,
Cyber risk management services,100975.0,62,620,6202,Computer consultancy and computer facilities management activities,,SPC,
Cyber Security Architecture,100976.0,62,620,6201,Computer programming activities,,SPC,
Cyber security consultancy,100977.0,62,620,6202,Computer consultancy and computer facilities management activities,,SPC,
Dance instruction and dance studios,100982.0,85,854,8542,Cultural education,,SPC,
Data broadcasting integrated with radio broadcasting,100983.0,60,601,6010,Radio broadcasting,,SPC,
Data broadcasting integrated with television broadcasting,100984.0,60,602,6020,Television programming and broadcasting activities,,SPC,
Data Classification &amp; Analysis Services,100985.0,63,631,6311,"Data processing, hosting and related activities",,SPC,
Data Collection from One or More Sources,100986.0,63,631,6311,"Data processing, hosting and related activities",,SPC,
Data Entering,100987.0,63,631,6311,"Data processing, hosting and related activities",,SPC,
Data Entry Services,100987.0,63,631,6311,"Data processing, hosting and related activities",,SPC,
Data processing activities: • Complete processing of data supplied by clients • Generation of specialized reports from data supplied by clients,100990.0,63,631,6311,"Data processing, hosting and related activities",,SPC,
"Data processing, hosting and related activities",100991.0,63,631,6311,"Data processing, hosting and related activities",,SPC,
"Data processing, hosting and related activities; web portals",100991.0,63,631,6310,"Data processing, hosting and related activities; web portals",,SPC,
Datacenter Colocation Services,100994.0,63,631,6311,"Data processing, hosting and related activities",,SPC,
Dates Seller,100998.0,47,478,4781,"Retail sale via stalls and markets of food, beverages and tobacco products",,SPC,
Dates Trading,100999.0,47,472,4721,Retail sale of food in specialized stores,,SPC,
Day-care activities for the elderly or for handicapped adults,101001.0,88,881,8810,Social work activities without accommodation for the elderly and disabled,,SPC,
Debt Collecting,101002.0,82,829,8291,Activities of collection agencies and credit bureaus,,SPC,
Decoration Materials &amp; Partitions Trading,101010.0,46,466,4663,"Wholesale of construction materials, hardware, plumbing and heating equipment and supplies",,SPC,
Decorative Sculptures Making,101012.0,90,900,9000,"Creative, arts and entertainment activities",,SPC,
Design &amp; Production Of Prototypes,101028.0,74,741,7410,Specialized design activities,,SPC,
Design and Artwork Services,101027.0,18,181,1812,Service activities related to printing,,SPC,
Design and production of social networking programs,101029.0,62,620,6201,Computer programming activities,,SPC,
"Design of accounting methods or procedures, cost accounting programmes, budgetary control procedures",101030.0,70,702,7020,Management consultancy activities,,SPC,
"Design of printing products e.g. sketches, layouts, dummies etc.",101031.0,18,181,1812,Service activities related to printing,,SPC,
Design Services,101032.0,74,741,7410,Specialized design activities,,SPC,
Design Studio And Fit Out,101033.0,71,711,7110,Architectural and engineering activities and related technical consultancy,,SPC,
"Design, production and installation of billboards",101035.0,73,731,7310,Advertising,,SPC,
"Design, Scenery, Motion Graphics and Lighting",101036.0,90,900,9000,"Creative, arts and entertainment activities",,SPC,
Designing the databases,101037.0,62,620,6201,Computer programming activities,,SPC,
"Designing the structure and content of, and/or writing the computer code necessary to create and implement: • Systems software (including updates and patches) • Software applications (including updates and patches) • Databases • Web pages",101038.0,62,620,6201,Computer programming activities,,SPC,
Detergents Trading,101045.0,46,466,4669,Wholesale of waste and scrap and other products n.e.c.,,SPC,
Diaper supply services,101054.0,96,960,9601,Washing and (dry-) cleaning of textile and fur products,,SPC,
Digital content management,101065.0,70,702,7020,Management consultancy activities,,SPC,
Digital content services,101064.0,62,620,6202,Computer consultancy and computer facilities management activities,,SPC,
Digital marketing,101066.0,73,731,7310,Advertising,,SPC,
Digital media management,101068.0,73,731,7310,Advertising,,SPC,
"Digital Newspaper Publishing, News Agency, Specialty Communication and PR",101069.0,58,581,5813,"Publishing of newspapers, journals and periodicals",,SPC,
Digital Wallet for Electronic Payments,101074.0,64,649,6491,Financial leasing,,SPC,
Digital Wallet for Electronic Payments,101074.0,64,649,6491,Financial leasing,,SPC,
Direct marketing,101075.0,73,731,7310,Advertising,,SPC,
"Direct sale via television, radio and telephone",101076.0,47,479,4791,Retail sale via mail order houses or via Internet,,SPC,
Disinfecting and exterminating activities,101083.0,81,812,8129,Other building and industrial cleaning activities,,SPC,
Disinfecting Booths & Equipment Rental,101084.0,77,773,7730,"Renting and leasing of other machinery, equipment and tangible goods",,SPC,
Disinfecting Booths & Equipment Trading,101085.0,46,465,4659,Wholesale of other machinery and equipment,,SPC,
Disinfection & Sterilization Services,101086.0,81,812,8129,Other building and industrial cleaning activities,,SPC,
Dismantling large-scale machinery and equipment,101088.0,33,332,3320,Installation of industrial machinery and equipment,,SPC,
"Dismantling of automobiles, computers, televisions and other equipment to obtain and re-sell usable parts",101090.0,46,466,4669,Wholesale of waste and scrap and other products n.e.c.,,SPC,
"Dissemination of information, representation before government agencies, public relations and labour negotiations of business and employer organizations",101097.0,94,941,9412,Activities of professional membership organizations,,SPC,
"Dissemination of information, the establishment and supervision of standards of practice, representation before government agencies and public relations of professional organizations",101098.0,94,941,9412,Activities of professional membership organizations,,SPC,
"Distributing film, video tapes, DVDs and similar productions to motion picture theatres, television networks and stations and exhibitors",101101.0,59,591,5913,"Motion picture, video and television programme distribution activities",,SPC,
Distribution and delivery of mail and parcels Courier Service,101104.0,53,532,5320,Courier activities,,SPC,
Distribution and delivery of mail and parcels Postal Service,101105.0,53,532,5320,Courier activities,,SPC,
Distribution Of Advertising Materials &amp; Samples,101106.0,73,731,7310,Advertising,,SPC,
District and regional offices,101109.0,70,701,7010,Activities of head offices,,SPC,
Diving Services,101116.0,74,749,7490,"Other professional, scientific and technical activities n.e.c.",,SPC,
Document Editing & Proofreading,101117.0,74,749,7490,"Other professional, scientific and technical activities n.e.c.",,SPC,
Document editing or proofreading,101117.0,82,821,8219,"Photocopying, document preparation and other specialized office support activities",,SPC,
Document preparation,101118.0,82,821,8219,"Photocopying, document preparation and other specialized office support activities",,SPC,
Document Verification Followup Services,101119.0,82,829,8299,Other business support service activities n.e.c.,,SPC,
Documentary Filming,101121.0,59,591,5911,"Motion picture, video and television programme production activities",,SPC,
"documentation and information activities of libraries of all kinds, reading, listening and viewing rooms, public archives providing service to the general public or to a special clientele, such as students, scientists, staff, members as well as operation of government archives: organization of a collection, whether specialized or not cataloguing collections lending and storage of books, maps, periodicals, films, records, tapes, works of art etc. retrieval activities in order to comply with information requests etc.",101123.0,91,910,9101,"Libraries, archives, museums and other cultural activities",,SPC,
Documents & Data Verification Services,101124.0,80,802,8020,Security systems service activities,,SPC,
Documents Clearing Services,101126.0,82,829,8299,Other business support service activities n.e.c.,,SPC,
Documents Copying Services,101127.0,82,821,8219,"Photocopying, document preparation and other specialized office support activities",,SPC,
Documents Destroying Services,101126.0,82,821,8219,"Photocopying, document preparation and other specialized office support activities",,SPC,
Documents Saving Services,101127.0,82,821,8219,"Photocopying, document preparation and other specialized office support activities",,SPC,
Documents Storage Services,101129.0,82,821,8219,"Photocopying, document preparation and other specialized office support activities",,SPC,
Domestic Kitchen & Fixture Trading,101131.0,47,475,4759,"Retail sale of electrical household appliances, furniture, lighting equipment and other household articles in specialized stores",,SPC,
Drama schools (except academic),101137.0,85,854,8542,Cultural education,,SPC,
Dried Vegetables &amp; Fruit Trading,101141.0,46,463,4630,"Wholesale of food, beverages and tobacco",,SPC,
"Drilling, Stock &amp; Production Engineering Services",101144.0,71,711,7110,Architectural and engineering activities and related technical consultancy,,SPC,
Dry Batteries Trading,101150.0,46,465,4652,Wholesale of electronic and telecommunications equipment and parts,,SPC,
Dry Ice Trading,101155.0,46,464,4649,Wholesale of other household goods,,SPC,
Duplicating,101158.0,82,821,8219,"Photocopying, document preparation and other specialized office support activities",,SPC,
E Guide and Building E Complexes,101160.0,63,631,6311,"Data processing, hosting and related activities",,SPC,
E-books publishing,101162.0,58,581,5811,Book publishing,,SPC,
E-Commerce Through Social Media,101164.0,47,479,4791,Retail sale via mail order houses or via Internet,,SPC,
"E-commerce, IT Consultancy, Business Consultancy",101166.0,62,620,6202,Computer consultancy and computer facilities management activities,,SPC,
E-gaming services &amp; solutions,101172.0,61,619,6190,Other telecommunications activities,,SPC,
E-sports Data &amp; Analytics Services,101175.0,63,631,6311,"Data processing, hosting and related activities",,SPC,
"E-Trading of Jewellery, Pearls, and Precious Stones",101182.0,47,479,4791,Retail sale via mail order houses or via Internet,,SPC,
Economic advisory,101192.0,66,661,6619,Other activities auxiliary to financial service activities,,SPC,
Economical Feasibility Consultancy and Studies,101193.0,70,702,7020,Management consultancy activities,,SPC,
Education and Training Computer Software,101196.0,62,620,6201,Computer programming activities,,SPC,
Education consultancy,101197.0,85,855,8550,Educational support activities,,SPC,
"Education Services , Education Support Services",101197.0,85,855,8550,Educational support activities,,SPC,
Educational & Recreational Tours Organizing,101202.0,79,791,7912,Tour operator activities,,SPC,
Educational Aids Trading,101203.0,46,464,4649,Wholesale of other household goods,,SPC,
"Educational Books Publishing, E-books Publishing",101162.0,58,581,5811,Book publishing,,SPC,
Educational support activities,101200.0,85,855,8550,Educational support activities,,SPC,
Educational Technologies Research &amp; Development,101208.0,72,722,7220,Research and experimental development on social sciences and humanities,,SPC,
"Elaboration of projects using air conditioning, refrigeration, sanitary and pollution control engineering, acoustical engineering etc.",101214.0,71,711,7110,Architectural and engineering activities and related technical consultancy,,SPC,
Electric Cars Trading,101218.0,45,451,4510,Sale of motor vehicles,,SPC,
Electric Scooters Rental,101223.0,77,773,7730,"Renting and leasing of other machinery, equipment and tangible goods",,SPC,
Electric Vehicles Charging Stations & Systems & Spare Parts Trading,101224.0,46,465,4652,Wholesale of electronic and telecommunications equipment and parts,,SPC,
Electric Vehicles Charging Stations Management and Operation,101225.0,52,522,5221,Service activities incidental to land transportation,,SPC,
Electrical & Electronic Appliances Rental,101228.0,77,772,7729,Renting and leasing of other personal and household goods,,SPC,
Electrical & Electronic Appliances Spare Parts Trading.,101229.0,46,465,4652,Wholesale of electronic and telecommunications equipment and parts,,SPC,
Electrical Fittings Trading,101235.0,46,466,4663,"Wholesale of construction materials, hardware, plumbing and heating equipment and supplies",,SPC,
Electrical installation,101238.0,43,432,4321,Electrical installation,,SPC,
Electrical Network & Distribution Engineering Services,101241.0,71,711,7110,Architectural and engineering activities and related technical consultancy,,SPC,
"Electrical, plumbing and other construction installation activities",101242.0,43,432,4320,"Electrical, plumbing and other construction installation activities",,SPC,
Electromechanical Equipment Installation and Maintenance,101247.0,43,432,4322,"Plumbing, heat and air-conditioning installation",,SPC,
Electronic Cards Trading,101250.0,46,465,4652,Wholesale of electronic and telecommunications equipment and parts,,SPC,
Electronic Chips Designing and Programing,101254.0,62,620,6201,Computer programming activities,,SPC,
Electronic Cigarettes & Accessories Trading,101256.0,46,463,4630,"Wholesale of food, beverages and tobacco",,SPC,
Electronic Cigarettes & Accessories Trading,101256.0,46,463,4630,"Wholesale of food, beverages and tobacco",,SPC,
Electronic cigarettes trade and their supplies – wholesale,101257.0,46,463,4630,"Wholesale of food, beverages and tobacco",,SPC,
Electronic Devices Engineering Consultancy,101258.0,71,711,7110,Architectural and engineering activities and related technical consultancy,,SPC,
Electronic Directory,101259.0,63,631,6311,"Data processing, hosting and related activities",,SPC,
Electronic Engineering Services,101260.0,71,711,7110,Architectural and engineering activities and related technical consultancy,,SPC,
Electronic Equipment and Devices Systems and Software Designing,101261.0,62,620,6201,Computer programming activities,,SPC,
Electronic Gadgets Masking Services,101262.0,82,829,8292,Packaging activities,,SPC,
Electronic Games Arcade,101263.0,93,932,9329,Other amusement and recreation activities n.e.c.,,SPC,
Electronic Integration,101268.0,61,611,6110,Wired telecommunications activities,,SPC,
Electronic Precision Instruments Trading,101270.0,46,465,4652,Wholesale of electronic and telecommunications equipment and parts,,SPC,
"Electronic publishing and software implementation, Training & Education",101272.0,85,855,8550,Educational support activities,,SPC,
Elevators and Escalators Installation and Repair,101280.0,43,432,4329,Other construction installation,,SPC,
Emergency Collection Trading,101284.0,47,477,4772,"Retail sale of pharmaceutical and medical goods, cosmetic and toilet articles in specialized stores",,SPC,
Employers & Workers Guidance Center,101285.0,82,829,8299,Other business support service activities n.e.c.,,SPC,
Employment Brokerage Office Services,101286.0,78,783,7830,Other human resources provision,,SPC,
Encryption Equipment Trading,101290.0,47,474,4741,"Retail sale of computers, peripheral units, software and telecommunications equipment in specialized stores",,SPC,
Encryption Software Trading,101291.0,47,474,4741,"Retail sale of computers, peripheral units, software and telecommunications equipment in specialized stores",,SPC,
Energy Projects and green buildings Consultancy,101297.0,70,702,7020,Management consultancy activities,,SPC,
Engineering consultancy,101302.0,71,711,7110,Architectural and engineering activities and related technical consultancy,,SPC,
Engineering Consultancy in illumination and External Lighting for Buildings,101303.0,71,711,7110,Architectural and engineering activities and related technical consultancy,,SPC,
Engineering consultancy of ship building,101305.0,71,711,7110,Architectural and engineering activities and related technical consultancy,,SPC,
"Engineering design and consulting services involving machinery, industrial processes, civil engineering, hydraulic engineering, traffic engineering, water management, electrical and electronic engineering, mining, chemical, mechanical, and safety engineering, along with project management for construction.",101307.0,71,711,7110,Architectural and engineering activities and related technical consultancy,,SPC,
Engineering Designing Instruments Trading,101308.0,47,477,4773,Other retail sale of new goods in specialized stores,,SPC,
Engines & Machinery Spare Parts Trading.,101310.0,46,465,4659,Wholesale of other machinery and equipment,,SPC,
Engraving or etching of cylinders for gravure,101312.0,18,181,1812,Service activities related to printing,,SPC,
Entrepreneurship Training,101320.0,85,854,8549,Other education n.e.c.,,SPC,
Environmental Consultancy and Studies and Researches,101325.0,72,721,7210,Research and experimental development on natural sciences and engineering,,SPC,
Environmental consulting,101326.0,70,702,7020,Management consultancy activities,,SPC,
Equipment trading of e-games and entertainment halls,101338.0,46,464,4649,Wholesale of other household goods,,SPC,
"Equipment Trading Radio, Television, Wholesale",101339.0,46,465,4652,Wholesale of electronic and telecommunications equipment and parts,,SPC,
Event catering,101344.0,56,562,5621,Event catering,,SPC,
Event organizing,101346.0,90,900,9000,"Creative, arts and entertainment activities",,SPC,
Events Organizing & Managing,101350.0,82,823,8230,Organization of conventions and trade shows,,SPC,
Examination of accounts and certification of their accuracy,101352.0,69,692,6920,"Accounting, bookkeeping and auditing activities; tax consultancy",,SPC,
Exhibition Organizing,101358.0,82,823,8230,Organization of conventions and trade shows,,SPC,
Extended Warranty Management,101365.0,82,829,8299,Other business support service activities n.e.c.,,SPC,
"Exterior cleaning of buildings of all types, including offices, factories, shops, institutions and other business and professional premises and multiunit residential buildings",100490.0,81,812,8129,Other building and industrial cleaning activities,,SPC,
External Advertisement,101367.0,73,731,7310,Advertising,,SPC,
Extracting & Drilling Equipment & Machinery Rental,101369.0,77,773,7730,"Renting and leasing of other machinery, equipment and tangible goods",,SPC,
Face Masks &amp; Gloves Trading,101376.0,47,477,4771,"Retail sale of clothing, footwear and leather articles in specialized stores",,SPC,
Facilities management services,101380.0,82,821,8211,Combined office administrative service activities,,SPC,
Facilities Resources Planning Consultancy,101381.0,70,702,7020,Management consultancy activities,,SPC,
False Ceiling Trading,101384.0,46,466,4663,"Wholesale of construction materials, hardware, plumbing and heating equipment and supplies",,SPC,
Farm Animals &amp; Birds Tracking,101388.0,61,619,6190,Other telecommunications activities,,SPC,
Fashion design consultancy,101390.0,74,741,7410,Specialized design activities,,SPC,
"Fashion design related to textiles, wearing apparel, shoes, furniture and other interior decoration and other fashion goods as well as other personal or household goods.",101391.0,74,741,7410,Specialized design activities,,SPC,
Fashion Shows Organizing,101392.0,82,823,8230,Organization of conventions and trade shows,,SPC,
Fast-food restaurants,101393.0,56,561,5610,Restaurants and mobile food service activities,,SPC,
Fencing &amp; Barbed Wire Trading,101397.0,47,475,4752,"Retail sale of hardware, paints and glass in specialized stores",,SPC,
Fiber Glass Products Trading,101404.0,46,466,4663,"Wholesale of construction materials, hardware, plumbing and heating equipment and supplies",,SPC,
Fiber Optic Products & Requisites Trading,101406.0,47,477,4773,Other retail sale of new goods in specialized stores,,SPC,
Film making Training,101415.0,85,854,8549,Other education n.e.c.,,SPC,
Film processing,101416.0,74,742,7420,Photographic activities,,SPC,
Filters & Purification Devices Trading,101420.0,46,465,4659,Wholesale of other machinery and equipment,,SPC,
Financial Advisory And Financial Analysis,101422.0,66,661,6619,Other activities auxiliary to financial service activities,,SPC,
Financial consultancy,101422.0,66,661,6619,Other activities auxiliary to financial service activities,,SPC,
Financial Consultation &amp; Financial Analysis,101422.0,66,661,6619,Other activities auxiliary to financial service activities,,SPC,
Financial Instruments Quotation Services,101423.0,66,661,6619,Other activities auxiliary to financial service activities,,SPC,
Financing Broker,101428.0,66,661,6619,Other activities auxiliary to financial service activities,,SPC,
Fine Arts Consultancy,101430.0,70,702,7020,Management consultancy activities,,SPC,
Fine arts schools (except academic),101432.0,85,854,8542,Cultural education,,SPC,
Fire Causes Inspection,101438.0,71,712,7120,Technical testing and analysis,,SPC,
Fire Extinguishing Materials Trading,101440.0,46,466,4669,Wholesale of waste and scrap and other products n.e.c.,,SPC,
Fire Fighting & Safety Equipment Trading,101443.0,47,477,4773,Other retail sale of new goods in specialized stores,,SPC,
Fire Safety &amp; Protection Engineering Services,101453.0,74,749,7490,"Other professional, scientific and technical activities n.e.c.",,SPC,
Fire Safety Consultancy,101454.0,74,749,7490,"Other professional, scientific and technical activities n.e.c.",,SPC,
Fireworks Shows,101459.0,90,900,9000,"Creative, arts and entertainment activities",,SPC,
Fish & Meat Wastes Trading,101464.0,46,462,4620,Wholesale of agricultural raw materials and live animals,,SPC,
Fishing Tackles Trading,101478.0,46,464,4649,Wholesale of other household goods,,SPC,
Fitting of heels,101479.0,95,952,9523,Repair of footwear and leather goods,,SPC,
Flags &amp; Flagpoles Trading,101482.0,46,464,4649,Wholesale of other household goods,,SPC,
Flavours &amp; Fragrances Trading,100081.0,46,463,4630,"Wholesale of food, beverages and tobacco",,SPC,
Flavours &amp; Fragrances Trading .,100081.0,46,463,4630,"Wholesale of food, beverages and tobacco",,SPC,
Flour Trading,101496.0,46,463,4630,"Wholesale of food, beverages and tobacco",,SPC,
Fly Ash Trading,101499.0,46,466,4663,"Wholesale of construction materials, hardware, plumbing and heating equipment and supplies",,SPC,
Fodder Trading,101505.0,46,462,4620,Wholesale of agricultural raw materials and live animals,,SPC,
Folk Goods Seller,101506.0,47,478,4781,"Retail sale via stalls and markets of food, beverages and tobacco products",,SPC,
Folklore Dance Performance,101507.0,90,900,9000,"Creative, arts and entertainment activities",,SPC,
Food and Dairy Consultant,101509.0,70,702,7020,Management consultancy activities,,SPC,
Food Consultant,101509.0,70,702,7020,Management consultancy activities,,SPC,
Food delivery,101512.0,56,561,5610,Restaurants and mobile food service activities,,SPC,
Food preparation in market stalls,101516.0,56,561,5610,Restaurants and mobile food service activities,,SPC,
Food Safety Consulting,101517.0,70,702,7020,Management consultancy activities,,SPC,
Food Supplements Trading,101522.0,46,463,4630,"Wholesale of food, beverages and tobacco",,SPC,
Foodstuff & Beverages Trading,101508.0,46,463,4630,"Wholesale of food, beverages and tobacco",,SPC,
Foreign Securities Promotion,101536.0,73,731,7310,Advertising,,SPC,
Forensic Medicine Consultancy,101538.0,70,702,7020,Management consultancy activities,,SPC,
Forfaiting Services,101539.0,64,649,6499,"Other financial service activities, except insurance and pension funding activities, n.e.c.",,SPC,
Forwarding of freight,101542.0,52,522,5229,Other transportation support activities,,SPC,
Franking Machines Trading,101548.0,47,477,4773,Other retail sale of new goods in specialized stores,,SPC,
Freelancers’ Services,101549.0,78,782,7820,Temporary employment agency activities,,SPC,
Freight Broker,101552.0,52,522,5229,Other transportation support activities,,SPC,
Fresh Fish & Marine Animals Trading,101462.0,46,463,4630,"Wholesale of food, beverages and tobacco",,SPC,
"Fresh, Chilled &amp; Frozen Meat Trading",101556.0,46,463,4630,"Wholesale of food, beverages and tobacco",,SPC,
Frozen Fish & Seafood Trading,101560.0,46,463,4630,"Wholesale of food, beverages and tobacco",,SPC,
Frozen Poultry Trading,101562.0,46,463,4630,"Wholesale of food, beverages and tobacco",,SPC,
Fundraising organization services on a contract or fee basis,101579.0,66,661,6619,Other activities auxiliary to financial service activities,,SPC,
Furniture Rental,101582.0,77,772,7729,Renting and leasing of other personal and household goods,,SPC,
Games Publishing,101587.0,58,582,5820,Software publishing,,SPC,
Gaming Content Production,101595.0,59,591,5911,"Motion picture, video and television programme production activities",,SPC,
Gaming Industry Research Services,101599.0,72,722,7220,Research and experimental development on social sciences and humanities,,SPC,
Gaming Localization Services,101590.0,62,620,6201,Computer programming activities,,SPC,
Gaming Production Service Providers,101601.0,59,591,5912,"Motion picture, video and television programme production activities",,SPC,
Gaming Publisher,101587.0,58,582,5820,Software publishing,,SPC,
Gaming Streaming Social Media Platform,101603.0,60,602,6020,Television programming and broadcasting activities,,SPC,
Gaming Team Management,101605.0,93,931,9319,Other sports activities,,SPC,
Garbage & Waste Collection Containers Trading,101608.0,47,475,4752,"Retail sale of hardware, paints and glass in specialized stores",,SPC,
Garden Equipment Trading,101612.0,46,464,4649,Wholesale of other household goods,,SPC,
Garments Accessories Trading,101613.0,47,477,4771,"Retail sale of clothing, footwear and leather articles in specialized stores",,SPC,
"General (non-specialized) cleaning of all types of buildings, such as: • Offices • Houses or apartments • Factories • Shops • Institutions",101629.0,81,812,8121,General cleaning of buildings,,SPC,
General (non-specialized) cleaning of other business and professional premises and multiunit residential buildings these activities cover mostly interior cleaning although they may include the cleaning of associated exterior areas such as windows or passageways.,101629.0,81,812,8121,General cleaning of buildings,,SPC,
General Books Publishing,101630.0,58,581,5811,Book publishing,,SPC,
"General Books Publishing and Distribution, Consultancy, Online Marketing Services",101631.0,73,731,7310,Advertising,,SPC,
"General Books Publishing and Distribution, Online Marketing Services, E-commerce",101631.0,47,479,4791,Retail sale via mail order houses or via Internet,,SPC,
"General Books Publishing, Translation Services, Graphic Design",101632.0,58,581,5811,Book publishing,,SPC,
General cleaning of buildings,100490.0,81,812,8121,General cleaning of buildings,,SPC,
"General counselling and advising, preparation of legal documents: • Articles of incorporation, partnership agreements or similar documents in connection with company formation",101635.0,69,691,6910,Legal activities,,SPC,
General facilities and services engineering consultancy,101637.0,81,811,8110,Combined facilities support activities,,SPC,
General Investments Management & Operation,101639.0,64,649,6499,"Other financial service activities, except insurance and pension funding activities, n.e.c.",,SPC,
General secondary education,101642.0,85,852,8521,General secondary education,,SPC,
General time-share provision of mainframe facilities to clients,101645.0,63,631,6311,"Data processing, hosting and related activities",,SPC,
General Trading,101646.0,46,469,4690,Non-specialized wholesale trade,,SPC,
Geodetic surveying activities: Land &amp; boundary surveying activities • Hydrologic surveying activities • Subsurface surveying activities • Cartographic &amp; spatial information activities,101654.0,71,711,7110,Architectural and engineering activities and related technical consultancy,,SPC,
Geographical Maps Drawing,101655.0,71,711,7110,Architectural and engineering activities and related technical consultancy,,SPC,
Geophysical & Geological Studies & Services,101656.0,72,721,7210,Research and experimental development on natural sciences and engineering,,SPC,
"Geophysical, geologic and seismic surveying",101658.0,71,711,7110,Architectural and engineering activities and related technical consultancy,,SPC,
Ghee & Vegetable Oil Trading,101661.0,47,472,4721,Retail sale of food in specialized stores,,SPC,
Gift Wrapping Services,101662.0,82,829,8292,Packaging activities,,SPC,
Gifts trading,101664.0,46,464,4649,Wholesale of other household goods,,SPC,
Glass & Mirrors Trading,101665.0,46,466,4663,"Wholesale of construction materials, hardware, plumbing and heating equipment and supplies",,SPC,
Glass and Aluminum Installation and Maintenance,101667.0,43,433,4330,Building completion and finishing,,SPC,
Glass Bottles Trading,101669.0,46,464,4649,Wholesale of other household goods,,SPC,
"Goods handling operations, e.g. temporary crating for the sole purpose of protecting the goods during transit, uncrating, sampling, weighing of goods",101692.0,52,522,5229,Other transportation support activities,,SPC,
Goods Land Shipment Services,101693.0,52,522,5221,Service activities incidental to land transportation,,SPC,
Goods Loading and Offloading Services,101695.0,52,522,5224,Cargo handling,,SPC,
Goods Packaging Services,101697.0,52,522,5224,Cargo handling,,SPC,
Goods Wholesalers,101698.0,46,469,4690,Non-specialized wholesale trade,,SPC,
Government Tourist Liaison Office,101700.0,70,701,7010,Activities of head offices,,SPC,
Government Transactions Center,101701.0,82,829,8299,Other business support service activities n.e.c.,,SPC,
Grant giving activities by membership organizations or others,101705.0,94,949,9499,"Activities of organizations not directly affiliated to a political party furthering a public cause or issue by means of public education, political influence, fund-raising etc.:  • Environmental and ecological movements  • Organizations supporting community and educational facilities n.e.c.  • Organizations for the protection and betterment of special groups, e.g. minority groups  • Associations for patriotic purposes, including war veterans’ associations",,SPC,
Grease Traps Trading,101710.0,47,475,4752,"Retail sale of hardware, paints and glass in specialized stores",,SPC,
Green Buildings Construction materials Trading,101711.0,47,475,4752,"Retail sale of hardware, paints and glass in specialized stores",,SPC,
Gum &amp; Glue Trading,101724.0,46,466,4669,Wholesale of waste and scrap and other products n.e.c.,,SPC,
Gymnastics instruction,101727.0,85,854,8541,Sports and recreation education,,SPC,
Gypsum Products Trading,101731.0,46,466,4663,"Wholesale of construction materials, hardware, plumbing and heating equipment and supplies",,SPC,
Hair Care Products Consultancy,101733.0,70,702,7020,Management consultancy activities,,SPC,
Hairdressing and other beauty treatment,101736.0,96,960,9602,Hairdressing and other beauty treatment,,SPC,
Handbags &amp; Leather Products Trading,101743.0,46,464,4649,Wholesale of other household goods,,SPC,
"Handling, Loading &amp; Lifting Equipment Trading",101746.0,46,465,4659,Wholesale of other machinery and equipment,,SPC,
Head offices,101751.0,70,701,7010,Activities of head offices,,SPC,
Health and Lifestyle Coaching and Consultancy,101753.0,70,702,7020,Management consultancy activities,,SPC,
Health Consultancy and Planning,101756.0,70,702,7020,Management consultancy activities,,SPC,
Health management consulting services,101762.0,70,702,7020,Management consultancy activities,,SPC,
Heavy & Light Machinery & Equipment Rental,101771.0,77,773,7730,"Renting and leasing of other machinery, equipment and tangible goods",,SPC,
Heavy Duty Machinery Engineering Services,101773.0,71,711,7110,Architectural and engineering activities and related technical consultancy,,SPC,
Heavy Equipment &amp; Machinery Spare Parts Trading,101774.0,46,465,4659,Wholesale of other machinery and equipment,,SPC,
Heavy Equipment and Machinery Spare Parts Trading,101774.0,46,465,4659,Wholesale of other machinery and equipment,,SPC,
Heritage Consulting,101784.0,70,702,7020,Management consultancy activities,,SPC,
Home delivery services,101792.0,53,532,5320,Courier activities,,SPC,
Honey &amp; Apiary Accessories Trading,101800.0,46,463,4630,"Wholesale of food, beverages and tobacco",,SPC,
Horse Equestrian Equipment & Requisites Trading,101804.0,47,476,4763,Retail sale of sporting equipment in specialized stores,,SPC,
Hospitality and tourism training services,101808.0,85,854,8549,Other education n.e.c.,,SPC,
Hospitality management consultancy,101809.0,70,702,7020,Management consultancy activities,,SPC,
Hospitality services,101810.0,56,562,5621,Event catering,,SPC,
Hotel Consultancy,101814.0,70,702,7020,Management consultancy activities,,SPC,
Household Utensils Trading,101825.0,46,464,4649,Wholesale of other household goods,,SPC,
Human resources consultancy,101829.0,70,702,7020,Management consultancy activities,,SPC,
"Human Resources Consultancy, On Demand Labor Supply Services, Permanent Recruitment Services",101829.0,70,702,7020,Management consultancy activities,,SPC,
"Human Resources Consultancy, Training Consultancy",101829.0,70,702,7020,Management consultancy activities,,SPC,
Hydraulic Engineering Services,101831.0,71,711,7110,Architectural and engineering activities and related technical consultancy,,SPC,
Ice Cream Trading,101837.0,46,463,4630,"Wholesale of food, beverages and tobacco",,SPC,
Ice Trading,101842.0,46,463,4630,"Wholesale of food, beverages and tobacco",,SPC,
Ignition Materials Trading,101845.0,47,477,4773,Other retail sale of new goods in specialized stores,,SPC,
Imitation Jewellery Trading,101849.0,46,464,4649,Wholesale of other household goods,,SPC,
Immigration consultancy,101850.0,70,702,7020,Management consultancy activities,,SPC,
Immigration Services,101850.0,70,702,7020,Management consultancy activities,,SPC,
"Immigration Services , Human Resources Consultancy, Insurance Broker Services",101851.0,66,662,6622,Activities of insurance agents and brokers,,SPC,
Import and export of books,101853.0,46,464,4649,Wholesale of other household goods,,SPC,
"Import/Export Printing &; Publishing Related, Books Trading &; Book-seller and Stationery",101854.0,18,181,1811,Printing,,SPC,
"Import/Export Printing and Publishing related, Art Production and Distribution",101855.0,18,181,1812,Service activities related to printing,,SPC,
In Bound Tour Operator,101858.0,79,791,7912,Tour operator activities,,SPC,
Industrial design,101868.0,74,741,7410,Specialized design activities,,SPC,
Industrial Installations Inspection Consultancy,101872.0,71,712,7120,Technical testing and analysis,,SPC,
Industrial Kitchen & Catering Equipment Trading,101874.0,46,465,4659,Wholesale of other machinery and equipment,,SPC,
Industrial Plant Equipment &amp; Spare Parts Trading,101877.0,46,465,4659,Wholesale of other machinery and equipment,,SPC,
Industrial Sponge Trading,101883.0,47,475,4752,"Retail sale of hardware, paints and glass in specialized stores",,SPC,
Information Helpline Directory,101889.0,82,822,8220,Activities of call centres,,SPC,
Information search services on a contract or fee basis,101891.0,63,639,6399,Other information service activities n.e.c.,,SPC,
Information Technology Consultants,101894.0,62,620,6202,Computer consultancy and computer facilities management activities,,SPC,
Information Technology Network Services,101895.0,62,620,6202,Computer consultancy and computer facilities management activities,,SPC,
Ink & Printing Materials Trading,101900.0,46,466,4669,Wholesale of waste and scrap and other products n.e.c.,,SPC,
Innovation and artificial intelligence research and consultancies,101904.0,70,702,7020,Management consultancy activities,,SPC,
Insecticides Trading,101907.0,47,477,4773,Other retail sale of new goods in specialized stores,,SPC,
"Inspection, Testing Equipment & Devices Trading",101909.0,47,477,4773,Other retail sale of new goods in specialized stores,,SPC,
Installation (setting-up) of personal computers,101911.0,62,620,6209,Other information technology and computer service activities,,SPC,
Installation of bowling alley equipment,101918.0,33,332,3320,Installation of industrial machinery and equipment,,SPC,
"Installation of doors (except automated and revolving), windows, door and window frames, of wood or other materials",101920.0,43,433,4330,Building completion and finishing,,SPC,
"Installation of electrical wiring and fitings, fibre optic, telecommunications wiring, computer networks, satellite dishes, lighting systems, fire alarms, burglar alarms, street lighting.",101921.0,43,432,4321,Electrical installation,,SPC,
"Installation of fitted kitchens, staircases, shop fittings and the like",101922.0,43,433,4330,Building completion and finishing,,SPC,
Installation of furniture,101923.0,43,433,4330,Building completion and finishing,,SPC,
"Installation of glass, mirrors, etc.",101924.0,43,433,4330,Building completion and finishing,,SPC,
"Installation of heating systems, furnaces, cooling towers, solar energy collectors, plumbing, ventilation, refrigeration, air conditioning, gas fittings, steam piping, fire sprinklers, and lawn sprinklers in buildings/ construction projects.",101917.0,43,432,4322,"Plumbing, heat and air-conditioning installation",,SPC,
Installation of industrial machinery and equipment,101925.0,33,332,3320,Installation of industrial machinery and equipment,,SPC,
Installation of industrial machinery in industrial plant,101926.0,33,332,3320,Installation of industrial machinery and equipment,,SPC,
Installation of industrial process control equipment,101927.0,33,332,3320,Installation of industrial machinery and equipment,,SPC,
"Installation of other industrial equipment, e.g.: • Communications equipment • Mainframe and similar computers • Irradiation and electromedical equipment etc.",101930.0,33,332,3320,Installation of industrial machinery and equipment,,SPC,
installation of parts and accessories not as part of the manufacturing process,101931.0,45,452,4520,Maintenance and repair of motor vehicles,,SPC,
"installing, repairing, rebuilding, and adjusting mechanical or electronic locking devices,",101935.0,80,802,8020,Security systems service activities,,SPC,
Instruction for chefs hoteliers and restaurateurs,101938.0,85,852,8522,Technical and vocational secondary education,,SPC,
Instruction for tourist guides,101939.0,85,852,8522,Technical and vocational secondary education,,SPC,
Insulation & Protection Materials Trading,101941.0,46,466,4663,"Wholesale of construction materials, hardware, plumbing and heating equipment and supplies",,SPC,
Insurance Consultancies,101946.0,66,662,6622,Activities of insurance agents and brokers,,SPC,
Intellectual Property Registration Agent,101951.0,69,691,6910,Legal activities,,SPC,
Intellectual property services,101953.0,77,774,7740,"Leasing of intellectual property and similar products, except copyrighted works",,SPC,
Interactive services,101955.0,63,631,6311,"Data processing, hosting and related activities",,SPC,
"Interdisciplinary research and development, predominantly on social sciences and humanities",101957.0,72,722,7220,Research and experimental development on social sciences and humanities,,SPC,
Interior and exterior painting of buildings,101958.0,43,433,4330,Building completion and finishing,,SPC,
"Interior completion such as ceilings, wooden wall coverings, movable partitions, etc.",101959.0,43,433,4330,Building completion and finishing,,SPC,
Interior Design Engineering Consultancy,101962.0,71,711,7110,Architectural and engineering activities and related technical consultancy,,SPC,
"Interior installation of shops, mobile homes, boats etc.",101960.0,43,433,4330,Building completion and finishing,,SPC,
Internet Consultancy,101972.0,62,620,6202,Computer consultancy and computer facilities management activities,,SPC,
Internet Content Provider,101973.0,63,631,6311,"Data processing, hosting and related activities",,SPC,
"Investigation into collective opinions of the public about political, economic and social issues and statistical analysis thereof",101979.0,73,732,7320,Market research and public opinion polling,,SPC,
"Investigation into market potential, acceptance and familiarity of products and buying habits of consumers for the purpose of sales promotion and development of new products, including statistical analyses of the results",101980.0,73,732,7320,Market research and public opinion polling,,SPC,
Investment advisory services,101982.0,66,661,6619,Other activities auxiliary to financial service activities,,SPC,
Investment In Agricultural Enterprises & Management,100117.0,64,649,6499,"Other financial service activities, except insurance and pension funding activities, n.e.c.",,SPC,
Investment In Commercial Enterprises & Management,100768.0,64,649,6499,"Other financial service activities, except insurance and pension funding activities, n.e.c.",,SPC,
Investment In Educational Enterprises & Management,101199.0,64,649,6499,"Other financial service activities, except insurance and pension funding activities, n.e.c.",,SPC,
Investment In Energy Enterprises & Management,101983.0,64,649,6499,"Other financial service activities, except insurance and pension funding activities, n.e.c.",,SPC,
Investment In Health Enterprises & Development,101764.0,64,649,6499,"Other financial service activities, except insurance and pension funding activities, n.e.c.",,SPC,
Investment In Industrial Enterprises & Management,101870.0,64,649,6499,"Other financial service activities, except insurance and pension funding activities, n.e.c.",,SPC,
Investment In Oil & Natural Gas Projects,101984.0,64,649,6499,"Other financial service activities, except insurance and pension funding activities, n.e.c.",,SPC,
Investment In Retail Trade Enterprises & Management,101986.0,64,649,6499,"Other financial service activities, except insurance and pension funding activities, n.e.c.",,SPC,
Investment In Sport Enterprises & Management,101987.0,64,649,6499,"Other financial service activities, except insurance and pension funding activities, n.e.c.",,SPC,
Investment In Technological Enterprises & Management,101988.0,64,649,6499,"Other financial service activities, except insurance and pension funding activities, n.e.c.",,SPC,
Investment In Tourist Enterprises & Management,101989.0,64,649,6499,"Other financial service activities, except insurance and pension funding activities, n.e.c.",,SPC,
Investment In Water Enterprises & Development,101990.0,64,649,6499,"Other financial service activities, except insurance and pension funding activities, n.e.c.",,SPC,
Investment Management,101991.0,64,649,6499,"Other financial service activities, except insurance and pension funding activities, n.e.c.",,SPC,
Investments consultancy,101982.0,66,661,6619,Other activities auxiliary to financial service activities,,SPC,
Invitation and Greeting Cards Trading,101992.0,47,476,4761,"Retail sale of books, newspapers and stationary in specialized stores",,SPC,
Ironmongery Trading,101999.0,46,466,4663,"Wholesale of construction materials, hardware, plumbing and heating equipment and supplies",,SPC,
Irrigation Equipment & Requisites Trading,102000.0,46,465,4653,"Wholesale of agricultural machinery, equipment and supplies",,SPC,
Islamic Economics Researches & Studies,102004.0,72,722,7220,Research and experimental development on social sciences and humanities,,SPC,
IT Consultancy and Marketing Consultancy,102007.0,70,702,7020,Management consultancy activities,,SPC,
"IT Consultancy, IT Services",102007.0,62,620,6202,Computer consultancy and computer facilities management activities,,SPC,
It Infrastructure,102008.0,63,631,6311,"Data processing, hosting and related activities",,SPC,
IT security management,102010.0,62,620,6209,Other information technology and computer service activities,,SPC,
"IT Services, Information Technology Consultants",102007.0,62,620,6202,Computer consultancy and computer facilities management activities,,SPC,
Jewellery Designing,102018.0,74,741,7410,Specialized design activities,,SPC,
Jewellery Trading,102016.0,46,464,4649,Wholesale of other household goods,,SPC,
Journalism/Content Writing,102023.0,90,900,9000,"Creative, arts and entertainment activities",,SPC,
Juice Trading,102025.0,46,463,4630,"Wholesale of food, beverages and tobacco",,SPC,
Kids Rides &amp; Games Trading,102032.0,47,476,4764,Retail sale of games and toys in specialized stores,,SPC,
Labeling Services,102042.0,82,829,8292,Packaging activities,,SPC,
Labor Recruitment Brokerage Office Services,102043.0,78,781,7810,Activities of employment placement agencies,,SPC,
Laboratories Tools & Requisites Trading,102045.0,47,477,4773,Other retail sale of new goods in specialized stores,,SPC,
Ladies Garment Trading,102052.0,47,477,4771,"Retail sale of clothing, footwear and leather articles in specialized stores",,SPC,
Landscape care and maintenance service activities,102063.0,81,813,8130,Landscape care and maintenance service activities,,SPC,
Language instruction and conversational skills instruction,102066.0,85,854,8549,Other education n.e.c.,,SPC,
"Laundering and dry cleaning of all clothing and textiles, including fur, using mechanical equipment, hand methods, or self-service machines for public or commercial clients.",102075.0,96,960,9601,Washing and (dry-) cleaning of textile and fur products,,SPC,
Laundry & Dry Cleaning Equipment Trading,102076.0,47,477,4773,Other retail sale of new goods in specialized stores,,SPC,
Lawn mowers however operated,102079.0,46,465,4653,"Wholesale of agricultural machinery, equipment and supplies",,SPC,
"Laying and fitting wall and floor coverings in buildings, including ceramic, concrete, stone tiles, parquet, carpets, linoleum, terrazzo, marble, granite, slate, and wallpaper.",100491.0,43,433,4330,Building completion and finishing,,SPC,
Leadership and Coaching Programmes,102081.0,94,941,9412,Activities of professional membership organizations,,SPC,
Learning centres offering remedial courses,102083.0,85,854,8549,Other education n.e.c.,,SPC,
"Leasing of intellectual property and similar products, except copyrighted works",102085.0,77,774,7740,"Leasing of intellectual property and similar products, except copyrighted works",,SPC,
"Leasing of intellectual property products (except copyrighted works, such as books or software)",102085.0,77,774,7740,"Leasing of intellectual property and similar products, except copyrighted works",,SPC,
Legal activities,102093.0,69,691,6910,Legal activities,,SPC,
Legal activities,102093.0,69,691,6910,Legal activities,,SPC,
Legal Consultancy and Intellectual Property Services,102094.0,69,691,6910,Legal activities,,SPC,
"Legal Consultancy, Market Research",102094.0,69,691,6910,Legal activities,,SPC,
Legal Consultancy; Corporate Services,102094.0,69,691,6910,Legal activities,,SPC,
Legal Consultants,102094.0,69,691,6910,Legal activities,,SPC,
"Legal Consultants, Business Consultancy and Debts Collection Services",102094.0,82,829,8291,Activities of collection agencies and credit bureaus,,SPC,
"Legal Consultants, Corporate Services Provider",102094.0,69,691,6910,Legal activities,,SPC,
Legal Notifications Services,102095.0,53,532,5320,Courier activities,,SPC,
Legal Translation,102096.0,74,749,7490,"Other professional, scientific and technical activities n.e.c.",,SPC,
Leisure & Sport Equipment Rental,102097.0,77,772,7721,Renting and leasing of recreational and sports goods,,SPC,
Letter or resume writing,102099.0,82,821,8219,"Photocopying, document preparation and other specialized office support activities",,SPC,
"Libraries, archives, museums and other cultural activities",102102.0,91,910,9100,"Libraries, archives, museums and other cultural activities",,SPC,
Life insurance,102103.0,65,651,6511,Life insurance,,SPC,
Lifeguard Services,102106.0,74,749,7490,"Other professional, scientific and technical activities n.e.c.",,SPC,
Lifeguard training,102107.0,85,854,8549,Other education n.e.c.,,SPC,
Lifestyle consultancy,102108.0,96,960,9609,Other personal service activities n.e.c.,,SPC,
Lifestyle development consultancy,102108.0,96,960,9609,Other personal service activities n.e.c.,,SPC,
"Lifts, Escalators & Spare Parts Trading",102112.0,46,465,4659,Wholesale of other machinery and equipment,,SPC,
Light Archiving,102115.0,63,631,6311,"Data processing, hosting and related activities",,SPC,
Light Fitting & Fixtures Trading,102116.0,47,475,4759,"Retail sale of electrical household appliances, furniture, lighting equipment and other household articles in specialized stores",,SPC,
Light Fittings and Fixtures Wholesale,102116.0,46,464,4649,Wholesale of other household goods,,SPC,
Lighting Equipment & Requisites Trading,102119.0,46,465,4659,Wholesale of other machinery and equipment,,SPC,
Lighting Poles Trading,102121.0,46,466,4663,"Wholesale of construction materials, hardware, plumbing and heating equipment and supplies",,SPC,
Literary Agency and Author Representation Services,102129.0,74,749,7490,"Other professional, scientific and technical activities n.e.c.",,SPC,
Literature Festivals,102131.0,90,900,9000,"Creative, arts and entertainment activities",,SPC,
Loading and unloading of freight railway cars,102136.0,52,522,5224,Cargo handling,,SPC,
Loading and unloading of goods or passengers’ luggage irrespective of the mode of transport used for transportation,102137.0,52,522,5224,Cargo handling,,SPC,
Loans & Overdues Rescheduling Services,102139.0,66,661,6619,Other activities auxiliary to financial service activities,,SPC,
Lobbying activities,102140.0,74,749,7490,"Other professional, scientific and technical activities n.e.c.",,SPC,
Locks & Keys Trading,102145.0,47,475,4752,"Retail sale of hardware, paints and glass in specialized stores",,SPC,
"Logistics &amp; Transportation services, Consultancy, Logistics Consultancy",102148.0,70,702,7020,Management consultancy activities,,SPC,
"logistics activities, i.e. planning, designing and supporting operations of transportation, warehousing and distribution",102147.0,52,522,5229,Other transportation support activities,,SPC,
"Logistics and Transportation Services, Shipping Services",102147.0,50,501,5011,Sea and coastal passenger water transport,,SPC,
Logistics consultancy,102148.0,70,702,7020,Management consultancy activities,,SPC,
Loyalty Card Services,102150.0,82,829,8299,Other business support service activities n.e.c.,,SPC,
Machine rigging,102158.0,33,332,3320,Installation of industrial machinery and equipment,,SPC,
Magnetic Technology Equipment Trading,102162.0,46,465,4659,Wholesale of other machinery and equipment,,SPC,
Mail presorting services,102163.0,82,829,8299,Other business support service activities n.e.c.,,SPC,
Maintaining and operating paging as well as cellular and other wireless telecommunications networks.,102164.0,61,612,6120,Wireless telecommunications activities,,SPC,
Maintenance and repair of motor vehicles,102167.0,45,452,4520,Maintenance and repair of motor vehicles,,SPC,
"Maintenance and repair of motor vehicles: • Mechanical repairs • Electrical repairs • Electronic injection systems repair • Ordinary servicing • Bodywork repair • Repair of motor vehicle parts • Washing, polishing, etc. • Spraying and painting • Repair of screens and windows • Repair of motor vehicle seats",102167.0,45,452,4520,Maintenance and repair of motor vehicles,,SPC,
Maintenance and repair of motorcycles,102168.0,45,454,4540,"Sale, maintenance and repair of motorcycles and related parts and accessories",,SPC,
Maintenance of land in order to keep it in good ecological condition,102169.0,81,813,8130,Landscape care and maintenance service activities,,SPC,
Managed Cyber Security Services Provider,102170.0,62,620,6202,Computer consultancy and computer facilities management activities,,SPC,
Management and operation of Artificial Intelligence robotic systems,102174.0,62,620,6209,Other information technology and computer service activities,,SPC,
Management Consultancies and Training Consultancy,102177.0,70,702,7020,Management consultancy activities,,SPC,
Management consultancy activities,102177.0,70,702,7020,Management consultancy activities,,SPC,
Management Services,102181.0,70,701,7010,Activities of head offices,,SPC,
Managing &amp; Operating a Casting Agency,102182.0,78,781,7810,Activities of employment placement agencies,,SPC,
Managing &amp; Operating a Modelling Agency,102183.0,78,781,7810,Activities of employment placement agencies,,SPC,
Managing and operating of self- kitchens,102184.0,82,821,8211,Combined office administrative service activities,,SPC,
Managing Office,102180.0,70,701,7010,Activities of head offices,,SPC,
"Manufacture of articles of concrete, cement and plaster",102208.0,23,239,2395,"Manufacture of articles of concrete, cement and plaster",,SPC,
"Manufacture of cement, lime and plaster",102281.0,23,239,2394,"Manufacture of cement, lime and plaster",,SPC,
"Manufacture of chairs and seats for offices, workrooms, hotels, restaurants, public and domestic premises",102295.0,31,310,3100,Manufacture of furniture,,SPC,
Manufacture of clay building materials,102312.0,23,239,2392,Manufacture of clay building materials,,SPC,
Manufacture of Furniture,102473.0,31,310,3100,Manufacture of furniture,,SPC,
Manufacture of Games and Toys,102477.0,32,324,3240,Manufacture of games and toys,,SPC,
Manufacture of metal-forming machinery and machine tools,,28,282,2822,Manufacture of metal-forming machinery and machine tools,,SPC,
Manufacture of other fabricated metal products; metalworking service activities,103729.0,25,259,2590,Manufacture of other fabricated metal products; metalworking service activities,,SPC,
Manufacture of other food products,,10,107,1070,Manufacture of other food products,,SPC,
Manufacture of other non-metallic mineral products n.e.c.,103698.0,23,239,2399,Manufacture of other non-metallic mineral products n.e.c.,,SPC,
Manufacture of other porcelain and ceramic products,103691.0,23,239,2393,Manufacture of other porcelain and ceramic products,,SPC,
"manufacture of padlocks, locks, keys, hinges and the like, hardware for buildings, furniture, vehicles etc.",103746.0,25,259,2593,"Manufacture of cutlery, hand tools and general hardware",,SPC,
manufacture of stamping or pressing machine tools,,28,282,2822,Manufacture of metal-forming machinery and machine tools,,SPC,
"manufacture of stationary machines for nailing, stapling, glueing or otherwise assem-bling wood, cork, bone, hard rubber or plastics etc.",,28,282,2822,Manufacture of metal-forming machinery and machine tools,,SPC,
"Manufacture of structural metal products, tanks, reservoirs and steam generators",103185.0,25,251,2510,"Manufacture of structural metal products, tanks, reservoirs and steam generators",,SPC,
Manufacturing &amp; Material Engineering Services,102592.0,71,711,7110,Architectural and engineering activities and related technical consultancy,,SPC,
Manufacturing and Materials Engineering and Consultancy,102592.0,71,711,7110,Architectural and engineering activities and related technical consultancy,,SPC,
Maps and Drawings Copying Services,102601.0,82,821,8219,"Photocopying, document preparation and other specialized office support activities",,SPC,
Marble &amp; Natural Stones Trading,102603.0,46,466,4663,"Wholesale of construction materials, hardware, plumbing and heating equipment and supplies",,SPC,
Marine services consultancy,102606.0,71,711,7110,Architectural and engineering activities and related technical consultancy,,SPC,
Maritime Consultancies Services,102621.0,70,702,7020,Management consultancy activities,,SPC,
Market research and public opinion polling,102624.0,73,732,7320,Market research and public opinion polling,,SPC,
Marketing Consultancy and Studies,102629.0,73,732,7320,Market research and public opinion polling,,SPC,
Marketing consultancy in the field of energy,102629.0,73,732,7320,Market research and public opinion polling,,SPC,
"Marketing Consultancy, Media Buying and Web Development",102629.0,73,732,7320,Market research and public opinion polling,,SPC,
Marketing for Products and Services via Telephone,102630.0,73,731,7310,Advertising,,SPC,
Marketing Operations Management,102632.0,73,732,7320,Market research and public opinion polling,,SPC,
Marketing Research &amp; Consultancies,102629.0,73,732,7320,Market research and public opinion polling,,SPC,
Marketing Services Via Social Media,102633.0,62,620,6202,Computer consultancy and computer facilities management activities,,SPC,
"Marketing, public relations and communication consultancy",102634.0,70,702,7020,Management consultancy activities,,SPC,
Martial arts instruction,102636.0,85,854,8541,Sports and recreation education,,SPC,
Mass Media Engineering Consultancy,102637.0,70,702,7020,Management consultancy activities,,SPC,
Materials Fire Resistance Testing Services,102639.0,71,712,7120,Technical testing and analysis,,SPC,
Measuring & Control Systems Trading,102643.0,46,465,4659,Wholesale of other machinery and equipment,,SPC,
Meat & Fish Processing Equipment & Machinery Trading,102646.0,46,465,4659,Wholesale of other machinery and equipment,,SPC,
Mechanical Engineering Consultancy,102652.0,71,711,7110,Architectural and engineering activities and related technical consultancy,,SPC,
Mechanical Engineering Services,102652.0,71,711,7110,Architectural and engineering activities and related technical consultancy,,SPC,
Mechanical Power Engineering Services,102655.0,71,711,7110,Architectural and engineering activities and related technical consultancy,,SPC,
Media archiving,102659.0,59,591,5913,"Motion picture, video and television programme distribution activities",,SPC,
Media Consultancy and Studies,102658.0,70,702,7020,Management consultancy activities,,SPC,
Media consultancy: • Broadcasting • Press • News • TV & Radio • Production • Post-Production,102658.0,70,702,7020,Management consultancy activities,,SPC,
Media Content Production,102661.0,59,591,5911,"Motion picture, video and television programme production activities",,SPC,
Media equipment rental,102662.0,77,773,7730,"Renting and leasing of other machinery, equipment and tangible goods",,SPC,
Media monitoring,102665.0,73,732,7320,Advertising,,SPC,
Media Monitoring Services,102665.0,73,732,7320,Market research and public opinion polling,,SPC,
Media Production and Translation Services,102666.0,74,749,7490,"Other professional, scientific and technical activities n.e.c.",,SPC,
"Media Production Services, Media and Marketing Consultancy",102658.0,70,702,7020,Management consultancy activities,,SPC,
Media representation,102667.0,73,731,7310,Advertising,,SPC,
Media support services,102670.0,59,591,5911,"Motion picture, video and television programme production activities",,SPC,
Media Training,102671.0,85,854,8549,Other education n.e.c.,,SPC,
Mediation services in applications via websites,102673.0,46,461,4610,Wholesale on a fee or contract basis,,SPC,
Medical and dental practice activities,102678.0,86,862,8620,Medical and dental practice activities,,SPC,
"Medical and Laboratories Equipments and Apparatuses Installation, Maintenance and Repairing",102679.0,33,331,3319,Repair of other equipment,,SPC,
Medical Billing Services,102680.0,82,829,8291,Activities of collection agencies and credit bureaus,,SPC,
Medical Equipment Rental,102685.0,77,773,7730,"Renting and leasing of other machinery, equipment and tangible goods",,SPC,
Medical Gas Compressors Rental,102688.0,77,773,7730,"Renting and leasing of other machinery, equipment and tangible goods",,SPC,
Medical Gas Trading,102689.0,46,466,4669,Wholesale of waste and scrap and other products n.e.c.,,SPC,
Medical Manpower Supply,102691.0,78,781,7810,Activities of employment placement agencies,,SPC,
Medical Related Products Consultant &amp; Business Consultancy,102692.0,86,862,8620,Medical and dental practice activities,,SPC,
Medical Treatment Facilitation Services,102696.0,82,829,8299,Other business support service activities n.e.c.,,SPC,
"Medical, Surgical Articles &amp; Requisites Trading",102697.0,46,465,4659,Wholesale of other machinery and equipment,,SPC,
"Medical, Surgical Equipment Trading",102698.0,46,465,4659,Wholesale of other machinery and equipment,,SPC,
Men Underwears Trading,102709.0,47,477,4771,"Retail sale of clothing, footwear and leather articles in specialized stores",,SPC,
Men'S Garment Trading,102712.0,47,477,4771,"Retail sale of clothing, footwear and leather articles in specialized stores",,SPC,
Metal Alloys Trading,102717.0,46,466,4662,Wholesale of metals and metal ores,,SPC,
Metal Blinds Trading,102718.0,47,475,4753,"Retail sale of carpets, rugs, wall and floor coverings in specialized stores",,SPC,
Metal Cans & Containers Trading,102719.0,46,465,4659,Wholesale of other machinery and equipment,,SPC,
Metal Drums & Barrels Trading,102720.0,46,465,4659,Wholesale of other machinery and equipment,,SPC,
Metal Engineering Services,,71,711,7110,Architectural and engineering activities and related technical consultancy,,SPC,
Metal Ores Trading,102721.0,46,466,4662,Wholesale of metals and metal ores,,SPC,
Metal Ropes Trading,102722.0,47,475,4752,"Retail sale of hardware, paints and glass in specialized stores",,SPC,
Metal Wires Trading,102723.0,47,475,4752,"Retail sale of hardware, paints and glass in specialized stores",,SPC,
Metaverse Services Provider,102724.0,62,620,6202,Computer consultancy and computer facilities management activities,,SPC,
Meteorology Engineering Consultancy,102725.0,71,711,7110,Architectural and engineering activities and related technical consultancy,,SPC,
Microfilming of documents,102726.0,74,742,7420,Photographic activities,,SPC,
Mind Abilities Development Equipment Trading,102729.0,47,477,4773,Other retail sale of new goods in specialized stores,,SPC,
Mixing and packaging perfumes,,82,829,8292,Packaging activities,,SPC,
mobile beverage vendors,,56,563,5630,Beverage serving activities,,SPC,
Mobile food carts,,56,561,5610,Restaurants and mobile food service activities,,SPC,
Mobile Phones &amp;amp; Accessories Trading,102734.0,46,465,4652,Wholesale of electronic and telecommunications equipment and parts,,SPC,
Mobile Phones Numbers Trading,102735.0,46,469,4690,Non-specialized wholesale trade,,SPC,
Mobile Transportation Systems Consultancy,,71,711,7110,Architectural and engineering activities and related technical consultancy,,SPC,
Models Production By Three Dimensional Laser Scanning,102739.0,74,742,7420,Photographic activities,,SPC,
Modified Vehicles’ Conformity Certificate Issuing Services,,71,712,7120,Technical testing and analysis,,SPC,
Monetary & Banking Equipment Trading,102740.0,46,465,4659,Wholesale of other machinery and equipment,,SPC,
"monitoring or remote monitoring of electronic security alarm systems, such as burglar and fire alarms, including their maintenance",,80,802,8020,Security systems service activities,,SPC,
Mortgage Advisers,,66,661,6619,Other activities auxiliary to financial service activities,,SPC,
Mortgage consultancy,102743.0,66,661,6619,Other activities auxiliary to financial service activities,,SPC,
"Motion picture or videotape projection in cinemas, in the open air or in other projection facilities",102744.0,59,591,5914,Motion picture projection activities,,SPC,
Motion picture projection activities,102744.0,59,591,5914,Motion picture projection activities,,SPC,
Motion Picture Studio,,59,591,5912,"Motion picture, video and television programme production activities",,SPC,
"Motion picture, video and television programme distribution activities",102747.0,59,591,5913,"Motion picture, video and television programme distribution activities",,SPC,
"Motion picture, video and television programme post-production activities",102748.0,59,591,5912,"Motion picture, video and television programme post-production activities",,SPC,
"Motion picture, video and television programme production activities",102745.0,59,591,5911,"Motion picture, video and television programme production activities",,SPC,
Movie Filming & Production Equipment Rental,102751.0,77,773,7730,"Renting and leasing of other machinery, equipment and tangible goods",,SPC,
Multi dimensional printing services,103592.0,18,181,1812,Service activities related to printing,,SPC,
Multi-Dimensional Images Production (Hologram),102752.0,74,742,7420,Service activities related to printing,,SPC,
Multi-Dimensional Images Trading (Hologram),102752.0,46,465,4652,Wholesale of electronic and telecommunications equipment and parts,,SPC,
Multimedia Development,,59,591,5911,"Motion picture, video and television programme production activities",,SPC,
Museums activities and operation of historical sites and buildings,,91,910,9102,Museums activities and operation of historical sites and buildings,,SPC,
Music consultancy,102753.0,70,702,7020,Management consultancy activities,,SPC,
Music production &amp; recordings,,59,592,5920,Sound recording and music publishing activities,,SPC,
Music promotion &amp; management,,59,592,5920,Sound recording and music publishing activities,,SPC,
"Music publishing activities, including acquiring copyrights for compositions, promoting their use in various media, and distributing sound recordings to wholesalers, retailers, or the public.",,59,592,5920,Sound recording and music publishing activities,,SPC,
Music training,,90,900,9000,"Creative, arts and entertainment activities",,SPC,
Musical Ensemble,,90,900,9000,"Creative, arts and entertainment activities",,SPC,
Musical Instruments Rental,,77,772,7729,Renting and leasing of other personal and household goods,,SPC,
Natural Gas Technology Marketing,102754.0,73,731,7310,Advertising,,SPC,
Natural Herbs Trading,102755.0,46,463,4630,"Wholesale of food, beverages and tobacco",,SPC,
Natural Resources Extraction Machinery &amp; Equipment Trading,,47,477,4773,Other retail sale of new goods in specialized stores,,SPC,
Navigational Lines Agent,,52,522,5224,Cargo handling,,SPC,
Network Consultancies,102756.0,62,620,6202,Computer consultancy and computer facilities management activities,,SPC,
Network Websites Contents Entering and Supplying,102757.0,63,631,6311,"Data processing, hosting and related activities",,SPC,
Network Websites Designing,102758.0,62,620,6201,Computer programming activities,,SPC,
New Automobile Trading For Export,102761.0,45,451,4510,Sale of motor vehicles,,SPC,
News agency activities,102762.0,63,639,6391,News agency activities,,SPC,
"News clipping services, press clipping services, etc.",102763.0,63,639,6399,Other information service activities n.e.c.,,SPC,
News services through websites,,63,639,6391,News agency activities,,SPC,
"News syndicate and news agency activities furnishing news, pictures and features to the media",102764.0,63,639,6391,News agency activities,,SPC,
Newspaper Advertisements,102927.0,73,731,7310,Advertising,,SPC,
Newspapers &amp; Magazines Trading,102765.0,46,464,4649,Wholesale of other household goods,,SPC,
"Noise Control, Vibration &amp; Acoustics Consultancy",102767.0,71,711,7110,Architectural and engineering activities and related technical consultancy,,SPC,
Non Edible Oil Trading,102768.0,46,466,4669,Wholesale of waste and scrap and other products n.e.c.,,SPC,
Non-Commercial Information Services,102771.0,63,639,6399,Other information service activities n.e.c.,,SPC,
Non-life insurance,102772.0,65,651,6512,Non-life insurance,,SPC,
Non Manufactured Precious Metal Trading,102773.0,47,475,4752,"Retail sale of hardware, paints and glass in specialized stores",,SPC,
Non-Specialized Wholesale Trade (General Trading),,46,469,4690,Non-specialized wholesale trade,,SPC,
Nondestructive Testing Services,,71,712,7120,Technical testing and analysis,,SPC,
Novelties Trading,102774.0,46,464,4649,Wholesale of other household goods,,SPC,
Novelties Wholesale,102774.0,46,464,4649,Wholesale of other household goods,,SPC,
Nuts Trading,102778.0,46,463,4630,"Wholesale of food, beverages and tobacco",,SPC,
Occupational Hygiene & Safety Requisites Trading.,102780.0,46,465,4659,Wholesale of other machinery and equipment,,SPC,
Occupational Safety Training,102781.0,85,854,8549,Other education n.e.c.,,SPC,
Off Road Karts Rental,,77,773,7730,"Renting and leasing of other machinery, equipment and tangible goods",,SPC,
Office & electronic equipment rental,,77,773,7730,"Renting and leasing of other machinery, equipment and tangible goods",,SPC,
Office Equipment Trading,102783.0,46,465,4659,Wholesale of other machinery and equipment,,SPC,
Office Furniture Trading,102784.0,46,465,4659,Wholesale of other machinery and equipment,,SPC,
Oil Drilling Rigs &amp; Equipment Trading,102787.0,46,465,4659,Wholesale of other machinery and equipment,,SPC,
Oilfield &amp; Natural Gas Equipment &amp; Spare Parts Trading,102793.0,46,465,4659,Wholesale of other machinery and equipment,,SPC,
On Demand Labors Supply (Temporary Employment),,78,782,7820,Temporary employment agency activities,,SPC,
On-line publishing of statistics or other information,102797.0,58,581,5819,Other publishing activities,,SPC,
Online advertising,102799.0,73,731,7310,Advertising,,SPC,
"Online and Electronic Content, E-books",,58,581,5811,Book publishing,,SPC,
Online Gaming Services,102800.0,61,619,6190,Other telecommunications activities,,SPC,
Online Government Transactions Processing,,82,829,8299,Other business support service activities n.e.c.,,SPC,
Online Marketing Services,,73,731,7310,Advertising,,SPC,
"Online Payment Services, Telecommunication Services",,82,829,8291,Activities of collection agencies and credit bureaus,,SPC,
Online Publications and media Materials E Trading,,47,479,4791,Retail sale via mail order houses or via Internet,,SPC,
Online Publications and media Materials E-Trading,,47,479,4791,Retail sale via mail order houses or via Internet,,SPC,
Online Publishing and Electronic Content,,58,581,5811,Book publishing,,SPC,
Online Publishing of audio books,,58,581,5811,Book publishing,,SPC,
Online Publishing of music and sheet books,,59,592,5920,Sound recording and music publishing activities,,SPC,
Online publishing of statistics or other information,,58,581,5819,Other publishing activities,,SPC,
"Online Retail Sale of Books, Newspapers and Stationary in Specialized Stores",,47,476,4761,"Retail sale of books, newspapers and stationary in specialized stores",,SPC,
"Online Sound recording service activities in a studio or elsewhere, including the production of taped (i.e. non live) radio programming, audio for film, television etc.",,59,592,5920,Sound recording and music publishing activities,,SPC,
"Online Sound recording service activities in a studio or elsewhere, including the production of taped (i.e. non-live) radio programming, audio for film, television etc.",,59,592,5920,Sound recording and music publishing activities,,SPC,
"Online Training, Project Management Services, Online Store for Consumer Products",,82,821,8211,Combined office administrative service activities,,SPC,
Onshore and Offshore Oil and Gas Fields Services,103394.0,9,91,910,Support activities for petroleum and natural gas extraction,,SPC,
"Operating and maintaining facilities for transmitting voice, data, text, sound, and video via wired telecommunications infrastructure, including point-to-point communications, cable distribution systems, and non-vocal communications, using a single or combination of technologies.",,61,611,6110,Wired telecommunications activities,,SPC,
"Operating, maintaining or providing access to facilities for the transmission of voice, data, text, sound and video using a satellite telecommunications infrastructure",,61,613,6130,Satellite telecommunications activities,,SPC,
"Operating, maintaining or providing access to facilities for the transmission of voice, data, text, sound, and video using a wireless telecommunications infrastructure",,61,612,6120,Wireless telecommunications activities,,SPC,
operation (exploitation) of coin-operated games,,93,932,9329,Other amusement and recreation activities n.e.c.,,SPC,
"Operation of canteens or cafeterias (e.g. for factories, offices, hospitals or schools) on a concession basis",,56,562,5629,Other food service activities,,SPC,
Operation of concert and theatre halls and other arts facilities,,90,900,9000,"Creative, arts and entertainment activities",,SPC,
operation of discotheques and dance floors,,93,932,9329,Other amusement and recreation activities n.e.c.,,SPC,
"operation of distribution systems (i.e. consisting of lines, poles, meters, and wiring) that convey electric power received from the generation facility or the transmission system to the final consumer",,35,351,3510,"Electric power generation, transmission and distribution",,SPC,
operation of electricity and transmission capacity exchanges for electric power,,35,351,3510,"Electric power generation, transmission and distribution",,SPC,
"Operation of facilities for indoor and outdoor sports events, including racetracks, stadiums for football, hockey, cricket, swimming, track and field, winter sports, ice hockey, boxing, golf courses, bowling lanes, and fitness centers.",,93,931,9311,Operation of sports facilities,,SPC,
Operation of fairs and shows of a recreational nature,,93,932,9329,Other amusement and recreation activities n.e.c.,,SPC,
Operation of food concessions at sports and similar facilities,,56,562,5629,Other food service activities,,SPC,
"Operation of other websites that act as portals to the internet, such as media sites providing periodically updated content",,63,631,6312,Web portals,,SPC,
Operation of school buses and buses for transport of employees,,49,492,4922,Other passenger land transport,,SPC,
Operation of sport fishing and hunting preserves,,93,931,9319,Other sports activities,,SPC,
"Operation of sports clubs: • Football clubs • Bowling clubs • Swimming clubs • Golf clubs • Boxing clubs • Body-building clubs • Winter sports clubs • Chess clubs • Track and field clubs • Shooting clubs, etc.",,93,931,9312,Activities of sports clubs,,SPC,
Operation of sports facilities,,93,931,9311,Operation of sports facilities,,SPC,
"Operation of storage and warehouse facilities for all kind of goods: • Operation of grain silos, general merchandise warehouses, refrigerated warehouses, storage tanks etc.",,52,521,5210,Warehousing and storage,,SPC,
"Operation of telfers (téléphériques), funiculars, ski and cable lifts if not part of urban or suburban transit systems",,49,492,4922,Other passenger land transport,,SPC,
operation of transmission systems that convey the electricity from the generation facil- ity to the distribution system,,35,351,3510,"Electric power generation, transmission and distribution",,SPC,
Operation of web sites that use a search engine to generate and maintain extensive databases of internet addresses and content in an easily searchable format,,63,631,6312,Web portals,,SPC,
Organic Fertilizer &amp;amp; Plant Feed Trading,,47,477,4773,Other retail sale of new goods in specialized stores,,SPC,
"Organization and operation of outdoor or indoor sports events for professionals or amateurs, including facility management and staff provision.",,93,931,9311,Operation of sports facilities,,SPC,
Organization of conventions and trade shows,102803.0,82,823,8230,Organization of conventions and trade shows,,SPC,
"Organization, promotion and/or management of events, such as business and trade shows, conventions, conferences and meetings, whether or not including the management and provision of the staff to operate the facilities in which these events take place",,82,823,8230,Organization of conventions and trade shows,,SPC,
Oriental Carpets Trading,,46,464,4649,Wholesale of other household goods,,SPC,
Other activities auxiliary to financial service activities,102804.0,66,661,6619,Other activities auxiliary to financial service activities,,SPC,
other amusement and recreation activities (except amusement parks and theme parks) not elsewhere classified,,93,932,9329,Other amusement and recreation activities n.e.c.,,SPC,
Other amusement and recreation activities n.e.c.,,93,932,9329,Other amusement and recreation activities n.e.c.,,SPC,
Other building and industrial cleaning activities,,81,812,8129,Other building and industrial cleaning activities,,SPC,
Other building completion work n.e.c.,,43,433,4330,Building completion and finishing,,SPC,
Other business support service activities n.e.c.,,82,829,8299,Other business support service activities n.e.c.,,SPC,
Other construction installation,,43,432,4329,Other construction installation,,SPC,
"Other document copying services without also providing printing services, such as offset printing, quick printing, digital printing, prepress services",,82,821,8219,"Photocopying, document preparation and other specialized office support activities",,SPC,
Other education n.e.c.,,85,854,8549,Other education n.e.c.,,SPC,
"Other Financial Service Activities, Except Insurance And Pension Funding Activities",102805.0,64,649,6490,"Other financial service activities, except insurance and pension funding activities",,SPC,
"Other financial service activities, except insurance and pension funding activities, n.e.c.",102805.0,64,649,6499,"Other financial service activities, except insurance and pension funding activities, n.e.c.",,SPC,
"Other financial service activities, except insurance and pension funding activities, n.e.c.",102805.0,64,649,6499,"Other financial service activities, except insurance and pension funding activities, n.e.c.",,SPC,
Other Food Products,,47,472,4721,Retail sale of food in specialized stores,,SPC,
Other food service activities,,56,562,5629,Other food service activities,,SPC,
"Other graphic activities such as die sinking or die stamping, braille copying, punching and drilling, embossing, varnishing and laminating, collating and insetting, creasing",103593.0,18,181,1812,Service activities related to printing,,SPC,
Other human resources provision,102806.0,78,783,7830,Other human resources provision,,SPC,
Other information service activities n.e.c.,102807.0,63,639,6399,Other information service activities n.e.c.,,SPC,
Other information technology and computer service activities,102808.0,62,620,6209,Other information technology and computer service activities,,SPC,
Other passenger land transport,,49,492,4922,Other passenger land transport,,SPC,
"Other passenger road transport: • Scheduled long-distance bus services • Charters, excursions and other occasional coach services • Taxi operation • Airport shuttles",,49,492,4922,Other passenger land transport,,SPC,
Other personal service activities,,96,960,9600,Other personal service activities n.e.c.,,SPC,
Other personal service activities n.e.c.,,96,960,9609,Other personal service activities n.e.c.,,SPC,
Other personal service activities n.e.c.,,96,960,9609,Other personal service activities n.e.c.,,SPC,
"Other professional, scientific and technical activities n.e.c.",,74,749,7490,"Other professional, scientific and technical activities n.e.c.",,SPC,
Other publishing activities,102809.0,58,581,5819,Other publishing activities,,SPC,
Other renting of private cars with driver,102810.0,49,492,4922,Other passenger land transport,,SPC,
Other reservation service and related activities,102811.0,79,799,7990,Other reservation service and related activities,,SPC,
Other retail sale in non-specialized stores,,47,471,4719,Other retail sale in non-specialized stores,,SPC,
"Other retail sale not in stores, stalls or markets",,47,479,4799,"Other retail sale not in stores, stalls or markets",,SPC,
Other retail sale of new goods in specialized stores,,47,477,4773,Other retail sale of new goods in specialized stores,,SPC,
Other social work activities without accommodation,,88,889,8890,Other social work activities without accommodation,,SPC,
Other Specialized Wholesale,,46,466,4660,Wholesale of waste and scrap and other products n.e.c.,,SPC,
Other sports activities,,93,931,9319,Other sports activities,,SPC,
Other support activities typically provided to businesses not elsewhere classified,,82,829,8299,Other business support service activities n.e.c.,,SPC,
Other technical consulting,,74,749,7490,"Other professional, scientific and technical activities n.e.c.",,SPC,
Other telecommunications activities,,61,619,6190,Other telecommunications activities,,SPC,
Other transportation support activities,,52,522,5229,Other transportation support activities,,SPC,
Out Bound Tour Operator,,79,791,7912,Tour operator activities,,SPC,
"Own Account Investment Activities, Such As By Venture Capital Companies, Investment Clubs Etc.",,64,649,6499,"Other financial service activities, except insurance and pension funding activities, n.e.c.",,SPC,
Packaging activities,102812.0,82,829,8292,Packaging activities,,SPC,
"Packaging activities on a fee or contract basis,whether or not these involve an automated process:• Bottling of liquids,including beverages and food•Packaging of solids(blister packaging, foil-covered etc.)•Security packaging of pharmaceutical preparations • Labeling,stamping and imprinting•Parcel-packing and gift wrapping",102813.0,82,829,8292,Packaging activities,,SPC,
"Packaging activities, Printing Services",102812.0,18,181,1812,Service activities related to printing,,SPC,
Packing & Packaging Equipment Trading,102815.0,46,465,4659,Wholesale of other machinery and equipment,,SPC,
Packing & Packaging Materials Trading,102816.0,46,465,4659,Wholesale of other machinery and equipment,,SPC,
Paging Receivers Trading,102819.0,47,477,4773,Other retail sale of new goods in specialized stores,,SPC,
Paint &amp; Varnish Trading,102820.0,46,466,4663,"Wholesale of construction materials, hardware, plumbing and heating equipment and supplies",,SPC,
Painting Equipment Trading,102822.0,46,466,4663,"Wholesale of construction materials, hardware, plumbing and heating equipment and supplies",,SPC,
Painting of civil engineering structures,102823.0,43,433,4330,Building completion and finishing,,SPC,
Paintings & Artworks Rental,102824.0,77,772,7729,Renting and leasing of other personal and household goods,,SPC,
Paintings & Frames Trading,102825.0,46,464,4649,Wholesale of other household goods,,SPC,
Palm Branches Trading Trading,,46,462,4620,Wholesale of agricultural raw materials and live animals,,SPC,
Paper Products Trading,102826.0,46,466,4669,Wholesale of waste and scrap and other products n.e.c.,,SPC,
Paper Trading,102827.0,46,466,4669,Wholesale of waste and scrap and other products n.e.c.,,SPC,
Para Pharmaceutical Products Trading,102828.0,46,464,4649,Wholesale of other household goods,,SPC,
Para Pharmaceutical Products Wholesale,102828.0,46,464,4649,Wholesale of other household goods,,SPC,
Parking meter coin collection services,102834.0,82,829,8299,Other business support service activities n.e.c.,,SPC,
Parliamentary Consultancy,102835.0,70,702,7020,Management consultancy activities,,SPC,
Parties & Entertainments Services,102836.0,90,900,9000,"Creative, arts and entertainment activities",,SPC,
parties and events accessory Wholesale Trading,,46,464,4649,Wholesale of other household goods,,SPC,
Parties and Events Filming,,74,742,7420,Photographic activities,,SPC,
Pastry Trading,102838.0,46,463,4630,"Wholesale of food, beverages and tobacco",,SPC,
Patent & Industrial Property Agent,102839.0,69,691,6910,Legal activities,,SPC,
Patent brokerage activities (arranging for the purchase and sale of patents),102841.0,74,749,7490,"Other professional, scientific and technical activities n.e.c.",,SPC,
Payment Services Provider,102842.0,82,829,8291,Activities of collection agencies and credit bureaus,,SPC,
People Of Determination Universal Accessibility Consultant,,71,711,7110,Architectural and engineering activities and related technical consultancy,,SPC,
"Performance of physical, chemical and other analytical testing of all types of materials and products (see below for exceptions): • Acoustics and vibration testing • Testing of composition and purity of minerals etc. • Testing activities in the field of food hygiene, including veterinary testing and control in relation to food production • Testing of physical characteristics and performance of materials, such as strength, thickness, durability, radioactivity etc. • Qualification and reliability testing • Performance testing of complete machinery: motors, automobiles, electronic equipment etc. • Radiographic testing of welds and joints • Failure analysis • Testing and measuring of environmental indicators: air and water pollution etc.",,71,712,7120,Technical testing and analysis,,SPC,
Performing Art Instruction,,85,854,8542,Cultural education,,SPC,
Performing Arts Hall,,90,900,9000,"Creative, arts and entertainment activities",,SPC,
Performing arts management,,90,900,9000,"Creative, arts and entertainment activities",,SPC,
Performing arts schools (except academic),,85,854,8542,Cultural education,,SPC,
Performing arts Training,,85,854,8542,Cultural education,,SPC,
Perfumes Blending & Bottling,,82,829,8292,Packaging activities,,SPC,
Permanent Industrial Exhibition,,45,454,4540,"Sale, maintenance and repair of motorcycles and related parts and accessories",,SPC,
Personal Shopping Services,,74,749,7490,"Other professional, scientific and technical activities n.e.c.",,SPC,
"Personnel search, selection referral and placement activities, including executive placement and search activities",102847.0,78,781,7810,Activities of employment placement agencies,,SPC,
Persons with Special Needs Equipment Wholesale,102848.0,47,477,4772,"Retail sale of pharmaceutical and medical goods, cosmetic and toilet articles in specialized stores",,SPC,
Pest Control Equipment Trading,102849.0,47,477,4773,Other retail sale of new goods in specialized stores,,SPC,
Pests Management Consultancy,102850.0,70,702,7020,Management consultancy activities,,SPC,
"Pet Care Services Such as Boarding, Grooming, Sitting and Training Pets",102851.0,96,960,9609,Other personal service activities n.e.c.,,SPC,
Petrol Station Equipment Trading,102853.0,47,477,4773,Other retail sale of new goods in specialized stores,,SPC,
Pharmaceutical Consultancies,102856.0,70,702,7020,Management consultancy activities,,SPC,
Pharmaceutical Studies &amp; Researches,102858.0,72,721,7210,Research and experimental development on natural sciences and engineering,,SPC,
Pharmaceuticals Packing,102859.0,82,829,8292,Packaging activities,,SPC,
Photocopying,102861.0,82,821,8219,"Photocopying, document preparation and other specialized office support activities",,SPC,
"Photocopying, document preparation and other specialized office support activities",102862.0,82,821,8219,"Photocopying, document preparation and other specialized office support activities",,SPC,
Photographic activities,102864.0,74,742,7420,Photographic activities,,SPC,
Photographic Processing Equipment & Requisites Trading,102866.0,46,464,4649,Wholesale of other household goods,,SPC,
Photography Instruction,,74,742,7420,Photographic activities,,SPC,
Photography schools (except commercial),102870.0,85,854,8542,Cultural education,,SPC,
Photography Services,102864.0,74,742,7420,Photographic activities,,SPC,
Physical Engineering Services,103306.0,71,711,7110,Architectural and engineering activities and related technical consultancy,,SPC,
Piano teachers and other music instruction,103307.0,85,854,8542,Cultural education,,SPC,
Piano-tuning,103301.0,95,952,9529,Repair of other personal and household goods,,SPC,
"pickup, sorting, transport and delivery (domestic or international) of letter-post and (mail-type) parcels and packages by postal services operating under a universal service obligation. One or more modes of transport may be involved and the activity may be carried out with either self-owned (private) transport or via public transport.",103304.0,53,532,5320,Courier activities,,SPC,
Pipes &amp; Fittings Trading,103298.0,46,466,4663,"Wholesale of construction materials, hardware, plumbing and heating equipment and supplies",,SPC,
"Planning and designing of computer systems that integrate computer hardware, software and communication technologies.",,62,620,6202,Computer consultancy and computer facilities management activities,,SPC,
"Planting, care, and maintenance of parks and gardens for residential, public, municipal, industrial, and commercial properties, including sports grounds and water features. Also includes greenery for buildings and plants for noise, wind, and erosion protection.",103193.0,81,813,8130,Landscape care and maintenance service activities,,SPC,
Plastic &amp; Nylon Raw Materials Trading,102874.0,47,475,4752,"Retail sale of hardware, paints and glass in specialized stores",,SPC,
Plastic Bags &amp; Containers Trading,102875.0,47,475,4752,"Retail sale of hardware, paints and glass in specialized stores",,SPC,
Plastic Engineering Services,,71,711,7110,Architectural and engineering activities and related technical consultancy,,SPC,
Plastic Sheets Trading,102876.0,47,475,4752,"Retail sale of hardware, paints and glass in specialized stores",,SPC,
Plate Heat Exchangers Trading,102879.0,46,465,4659,Wholesale of other machinery and equipment,,SPC,
Plate processes direct to plate (also photo polymer plates),102880.0,18,181,1812,Service activities related to printing,,SPC,
Plate-making services including image setting and plate-setting (for the printing processes letterpress and offset),102881.0,18,181,1812,Service activities related to printing,,SPC,
"Plumbing, heat and air-conditioning installation",102883.0,43,432,4321,Electrical installation,,SPC,
"Post-production activities such as:• Editing, titling, subtitling, credits • Closed captioning • Computer-produced graphics, animation and special effects •Film/tape transfers",102748.0,59,591,5912,"Motion picture, video and television programme production activities",,SPC,
Potatoes Trading,102890.0,47,472,4721,Retail sale of food in specialized stores,,SPC,
"Power Generation, Transmission & Distribution Equipment Trading",102891.0,46,465,4659,Wholesale of other machinery and equipment,,SPC,
"PR Services, Author Services, International Copyright Collection Agency",,77,774,7740,"Leasing of intellectual property and similar products, except copyrighted works",,SPC,
Pre-Fabricated Houses Trading,102892.0,46,466,4663,"Wholesale of construction materials, hardware, plumbing and heating equipment and supplies",,SPC,
Precision Dies Trading,102893.0,46,465,4659,Wholesale of other machinery and equipment,,SPC,
Preparation of personal and business income tax returns,,69,692,6920,"Accounting, bookkeeping and auditing activities; tax consultancy",,SPC,
Preparation of plates and dies for relief stamping or printing,103594.0,18,181,1812,Service activities related to printing,,SPC,
Preparation or auditing of financial accounts,,69,692,6920,"Accounting, bookkeeping and auditing activities; tax consultancy",,SPC,
Printing,103578.0,18,181,1811,Printing,,SPC,
"Printing directly onto textiles, plastic, glass, metal, wood and ceramics (except silkscreen printing on textiles and wearing apparel) the material printed is typically copyrighted.",102895.0,18,181,1811,Printing,,SPC,
Printing Equipment &amp; Instruments Trading,102896.0,46,465,4659,Wholesale of other machinery and equipment,,SPC,
"Printing of various items such as newspapers, magazines, books, manuscripts, posters, advertising material, other commercial printed matter, and stationery using various printing methods.",103587.0,18,181,1811,Printing,,SPC,
"Printing on labels or tags (lithographic, gravure printing, flexographic printing, other)",103588.0,18,181,1811,Printing,,SPC,
"Printing Production, Books and Stationary Trade",103589.0,18,181,1811,Printing,,SPC,
"Printing,Advertising Agencies And Event Organizing",,90,900,9000,"Creative, arts and entertainment activities",,SPC,
Procurement consulting,,70,702,7020,Management consultancy activities,,SPC,
production and distribution of chilled water for cooling purposes,,35,353,3530,Steam and air conditioning supply,,SPC,
production and distribution of cooled air,,35,353,3530,Steam and air conditioning supply,,SPC,
"production of ice, including ice for food and non-food (e.g. cooling) purposes",,35,353,3530,Steam and air conditioning supply,,SPC,
"Production of live theatrical presentations, concerts and opera or dance productions and other stage productions:•Activities of groups, circuses or companies, orchestras or bands •Activities of individual artists such as authors, actors, directors, musicians, lecturers or speakers, stage-set designers and builders etc.",102133.0,90,900,9000,"Creative, arts and entertainment activities",,SPC,
"Production of motion pictures, videos, television programmes or television commercials",,59,591,5911,"Motion picture, video and television programme production activities",,SPC,
"Production of original (sound) master recordings, such as tapes, CDs",,59,592,5920,Sound recording and music publishing activities,,SPC,
Production of proofs,103595.0,18,181,1812,Service activities related to printing,,SPC,
Production of reprographic products,103596.0,18,181,1812,Service activities related to printing,,SPC,
Production of Waste-Derived Fuel,,27,271,2710,"Manufacture of electric motors, generators, transformers and electricity distribution and control apparatus",,SPC,
"production, collection and distribution of steam and hot water for heating, power and other purposes",,35,353,3530,Steam and air conditioning supply,,SPC,
Products Design Services,102898.0,71,711,7110,Architectural and engineering activities and related technical consultancy,,SPC,
Professional and Management Development Training,102899.0,85,854,8549,Other education n.e.c.,,SPC,
Professional examination review courses,,85,854,8549,Other education n.e.c.,,SPC,
"Professional sports instructors, teachers, coaches",,85,854,8541,Sports and recreation education,,SPC,
Programming of video-on-demand channels,,60,602,6020,Television programming and broadcasting activities,,SPC,
Project Development Consultancy,102900.0,70,702,7020,Management consultancy activities,,SPC,
Project Management and Information Technology Consultancy and Service Providers,102901.0,70,702,7020,Management consultancy activities,,SPC,
Project management services,102903.0,82,821,8211,Combined office administrative service activities,,SPC,
Projects Management Engineering & Technical Feasibility Studies Services,102904.0,71,711,7110,Architectural and engineering activities and related technical consultancy,,SPC,
Promotional Gifts Preparing,102905.0,73,731,7310,Advertising,,SPC,
Protective Garments &amp; Vests Trading,102906.0,46,464,4641,"Wholesale of textiles, clothing and footwear",,SPC,
"Providing verbatim reporting and stenotype recording of live legal proceedings and transcribing subsequent recorded materials, such as: • Court reporting or stenotype recording services • Public stenography services",,82,821,8219,"Photocopying, document preparation and other specialized office support activities",,SPC,
"Provision of a combination of day-to-day office administrative services, such as reception, financial planning, billing and record keeping, personnel and physical distribution (mail services) and logistics for others on a contract or fee basis.",102907.0,82,821,8211,Combined office administrative service activities,,SPC,
"Provision of a combination of support services within a client’s facility, such as general interior cleaning, maintenance, trash disposal, guard and security, mail routing, reception, laundry and related services to support operations within facilities. units classified here provide operating staff to carry out these support activities, but are not involved with or responsible for the core business or activities of the client.",,81,811,8110,Combined facilities support activities,,SPC,
Provision of data entry services,,63,631,6311,"Data processing, hosting and related activities",,SPC,
Provision of human resources for client businesses this provision of human resources is typically done on a long-term or permanent basis and the units classified here may perform a wide range of human resource and personnel management duties associated with this provision.,,78,783,7830,Other human resources provision,,SPC,
"Provision of infrastructure for hosting, data processing services and related activities",,63,631,6311,"Data processing, hosting and related activities",,SPC,
Provision of internet access by the operator of the satellite infrastructure,,61,613,6130,Satellite telecommunications activities,,SPC,
Provision of internet access by the operator of the wired infrastructure,,61,611,6110,Wired telecommunications activities,,SPC,
Provision of internet access by the operator of the wireless infrastructure,,61,612,6120,Wireless telecommunications activities,,SPC,
"Provision of Internet access over networks between the client and the ISP not owned or controlled by the ISP, such as dial up Internet access etc",,61,619,6190,Other telecommunications activities,,SPC,
"Provision of linens, work uniforms and related items by laundries",,96,960,9601,Washing and (dry-) cleaning of textile and fur products,,SPC,
Provision of mailbox rental and other mailing activities (except direct mail advertising),,82,821,8219,"Photocopying, document preparation and other specialized office support activities",,SPC,
Provision of non-instructional services that support educational processes or systems: • Educational consulting • Educational guidance counseling services • Educational testing evaluation services • Educational testing services • Organization of student exchange programs,,85,855,8550,Educational support activities,,SPC,
"Provision of on-site management and operation of clients’ computer systems and/or data processing facilities, as well as related support services",,62,620,6202,Computer consultancy and computer facilities management activities,,SPC,
"Provision of other travel related reservation services: • Reservations for transportation, hotels, restaurants, car rentals, entertainment and sport etc.",,79,799,7990,Other reservation service and related activities,,SPC,
Provision of telecommunications services over existing telecom connections: • Voip (voice over internet protocol) provision,,61,619,6190,Other telecommunications activities,,SPC,
Provision of telephone and internet access in facilities open to the public,,61,619,6190,Other telecommunications activities,,SPC,
Provision of time share exchange services,,79,799,7990,Other reservation service and related activities,,SPC,
Provision of visitor assistance services: • Provision of travel information to visitors • Activities of tourist guides,,79,799,7990,Other reservation service and related activities,,SPC,
Public Library,,91,910,9101,"Libraries, archives, museums and other cultural activities",,SPC,
Public Opinion Polling Services,102909.0,73,732,7320,Market research and public opinion polling,,SPC,
Public relation services,102910.0,70,702,7020,Management consultancy activities,,SPC,
Public relations consultancy,102910.0,70,702,7020,Management consultancy activities,,SPC,
Public Relations Management,102912.0,70,702,7020,Management consultancy activities,,SPC,
Public speaking training,,85,854,8549,Other education n.e.c.,,SPC,
"Publication Services, Publishing and Distribution",,58,581,5819,Other publishing activities,,SPC,
Publications and media Materials E-Trading,102913.0,47,479,4791,Retail sale via mail order houses or via Internet,,SPC,
Publications of brochures &amp; leaflets,102915.0,58,581,5811,Book publishing,,SPC,
Publicity,102916.0,73,731,7310,Advertising,,SPC,
"Publishing (including on-line) of: • Catalogs • Photos, engravings and postcards • Greeting cards • Forms • Posters, reproduction of works of art • Advertising material • Other printed matter",102917.0,58,581,5819,Other publishing activities,,SPC,
Publishing and Advertising,102918.0,73,731,7310,Advertising,,SPC,
"Publishing of atlases, maps and charts",102921.0,58,581,5811,Book publishing,,SPC,
Publishing of audio books,102920.0,58,581,5811,Book publishing,,SPC,
"Publishing of books, brochures, leaflets and similar publications, including publishing of dictionaries and encyclopedias",102922.0,58,581,5811,Book publishing,,SPC,
"Publishing of books, periodicals and other publishing activities",102922.0,58,581,5810,"Publishing of books, periodicals and other publishing activities",,SPC,
Publishing of directories and mailing lists,102923.0,58,581,5812,Publishing of directories and mailing lists,,SPC,
Publishing of encyclopedias etc. on CD-ROM,102924.0,58,581,5811,Book publishing,,SPC,
Publishing of mailing lists,102925.0,58,581,5812,Publishing of directories and mailing lists,,SPC,
Publishing of music and sheet books,102926.0,59,592,5920,Sound recording and music publishing activities,,SPC,
"Publishing of newspapers, including advertising newspapers",102927.0,58,581,5813,"Publishing of newspapers, journals and periodicals",,SPC,
"Publishing of newspapers, journals and periodicals",102927.0,58,581,5813,"Publishing of newspapers, journals and periodicals",,SPC,
"Publishing of other directories and compilations, such as case law, pharmaceutical compendia etc.",,58,581,5812,Publishing of directories and mailing lists,,SPC,
"Publishing of periodicals and other journals, including publishing of radio and television schedules publishing can be done in print or electronic form, including on the internet.",,58,581,5813,"Publishing of newspapers, journals and periodicals",,SPC,
Publishing of ready-made (non-customized) software: • Operating systems • Business and other applications • Computer games for all platforms,,58,582,5820,Software publishing,,SPC,
Publishing of telephone books,,58,581,5812,Publishing of directories and mailing lists,,SPC,
"Publishing, Advertising and Training",,58,581,5819,Other publishing activities,,SPC,
"Publishing, Consultancy and Authoring Services",,58,581,5819,Other publishing activities,,SPC,
"Publishing, Consultancy, Event Organizing",,90,900,9000,"Creative, arts and entertainment activities",,SPC,
"Publishing, Event Organizing and Translating Services",,58,581,5819,Other publishing activities,,SPC,
"Publishing, Training, Educational Services",,58,581,5819,Other publishing activities,,SPC,
"Pumps, Engines & Generators Rental",,77,773,7730,"Renting and leasing of other machinery, equipment and tangible goods",,SPC,
"Pumps, Engines, Valves &amp; Spare Parts Trading",102928.0,46,465,4659,Wholesale of other machinery and equipment,,SPC,
Purchasing access and network capacity from owners and operators of networks and providing telecommunications services using this capacity to businesses and households,102929.0,61,611,6110,Wired telecommunications activities,,SPC,
Purchasing network access and capacity to provide wireless telecommunications services (excluding satellite) to businesses and households.,102930.0,61,612,6120,Wireless telecommunications activities,,SPC,
Purchasing Through Catalogue Services,102931.0,47,479,4791,Retail sale via mail order houses or via Internet,,SPC,
Quality and Standardization Consultants,102933.0,70,702,7020,Management consultancy activities,,SPC,
"Quality, standardization and measuring consultancy",102936.0,70,702,7020,Management consultancy activities,,SPC,
Racing Cars Trading,102937.0,45,451,4510,Sale of motor vehicles,,SPC,
Radiation Consultant,102939.0,71,711,7110,Architectural and engineering activities and related technical consultancy,,SPC,
Radiation Equipment Trading,,47,477,4773,Other retail sale of new goods in specialized stores,,SPC,
Radio & Tv Broadcast Consultancy,,59,591,5911,"Motion picture, video and television programme production activities",,SPC,
Radio broadcasting,102940.0,60,601,6010,Radio broadcasting,,SPC,
Radio broadcasting activities over the internet (internet radio stations),102940.0,60,601,6010,Radio broadcasting,,SPC,
"Radio, Tv Stations, Cinema &amp; Theater Equipment Trading",102941.0,46,465,4652,Wholesale of electronic and telecommunications equipment and parts,,SPC,
"Radio, Television and Journalism Training",,85,854,8549,Other education n.e.c.,,SPC,
Radiology Centers Consultancy,102942.0,70,702,7020,Management consultancy activities,,SPC,
Raised Access Computer Floors Trading,102944.0,47,475,4752,"Retail sale of hardware, paints and glass in specialized stores",,SPC,
Raw Material Installation Engineering Consultancy,102947.0,71,711,7110,Architectural and engineering activities and related technical consultancy,,SPC,
Raw Materials Composition Engineering Services,102947.0,71,711,7110,Architectural and engineering activities and related technical consultancy,,SPC,
Raw Materials Trading,102949.0,46,466,4669,Wholesale of waste and scrap and other products n.e.c.,,SPC,
Ready-Made Garments Trading,102951.0,47,477,4771,"Retail sale of clothing, footwear and leather articles in specialized stores",,SPC,
Ready-Mix Concrete Trading,102952.0,46,466,4663,"Wholesale of construction materials, hardware, plumbing and heating equipment and supplies",,SPC,
Real Estate Consultancy,102955.0,68,682,6820,Real estate activities on a fee or contract basis,,SPC,
Real Estate Exhibition Organizing,102959.0,82,823,8230,Organization of conventions and trade shows,,SPC,
Real Estate Representative Office,102967.0,70,701,7010,Activities of head offices,,SPC,
"Real-time (i.e. simultaneous) closed captioning of live television performances of meetings, conferences",102972.0,82,829,8299,Other business support service activities n.e.c.,,SPC,
Receiving royalties or licensing fees for the use of: • Patented entities • Trademarks or service marks • Brand names • Mineral exploration and evaluation • Franchise agreements,102974.0,77,774,7740,"Leasing of intellectual property and similar products, except copyrighted works",,SPC,
Recording of commercial transactions from businesses or others,,69,692,6920,"Accounting, bookkeeping and auditing activities; tax consultancy",,SPC,
Recovery Analysis Services,102975.0,69,692,6920,"Accounting, bookkeeping and auditing activities; tax consultancy",,SPC,
Refrigeration & Cold Storage Equipment Trading,100144.0,46,465,4659,Wholesale of other machinery and equipment,,SPC,
"Refrigerators , Washing Machines &amp; Household Electrical Appliances Trd",102979.0,46,465,4659,Wholesale of other machinery and equipment,,SPC,
"Refrigerators, Washing Machines & Household Electrical Appliances Trading",102979.0,46,465,4659,Wholesale of other machinery and equipment,,SPC,
Regional Liaison Office,102982.0,70,701,7010,Activities of head offices,,SPC,
Reinforcement Steel Bars Trading,102985.0,46,466,4663,"Wholesale of construction materials, hardware, plumbing and heating equipment and supplies",,SPC,
Reinsurance,102987.0,65,652,6520,Reinsurance,,SPC,
Remediation activities and other waste management services,,39,390,3900,Remediation activities and other waste management services,,SPC,
remodeling or renovating existing residential structures,,41,410,4100,Construction of buildings,,SPC,
Remote Medical Consultancy,,86,869,8690,Other human health activities,,SPC,
"Rental Of Loading, Lifting & Construction Equipment With Wheels & Motors",102991.0,77,773,7730,"Renting and leasing of other machinery, equipment and tangible goods",,SPC,
Renting and leasing of motor vehicles,,77,771,7710,Renting and leasing of motor vehicles,,SPC,
"Renting and leasing of other machinery, equipment and tangible goods",,77,773,7730,"Renting and leasing of other machinery, equipment and tangible goods",,SPC,
Renting and leasing of other personal and household goods,,77,772,7729,Renting and leasing of other personal and household goods,,SPC,
Renting and leasing of recreational and sports goods,,77,772,7721,Renting and leasing of recreational and sports goods,,SPC,
"Renting and operational leasing of agricultural and forestry machinery and equipment without operator: • Renting of products produced by class 2821, such as agricultural tractors etc.",,77,773,7730,"Renting and leasing of other machinery, equipment and tangible goods",,SPC,
"Renting and operational leasing of construction and civil engineering machinery and equipment without operators, including crane lorries, scaffolds, and work platforms (without erection or dismantling).",,77,773,7730,"Renting and leasing of other machinery, equipment and tangible goods",,SPC,
"Renting and operational leasing of land-transport equipment (other than motor vehicles) without drivers: • Motorcycles, caravans and campers etc. • Railroad vehicles",,77,773,7730,"Renting and leasing of other machinery, equipment and tangible goods",,SPC,
"Renting and operational leasing of office machinery and equipment without operator: • Computers and computer peripheral equipment • Duplicating machines, typewriters and word processing machines • Accounting machinery and equipment: cash registers, electronic calculators etc. • Office furniture",,77,773,7730,"Renting and leasing of other machinery, equipment and tangible goods",,SPC,
"Renting and operational leasing of the following types of vehicles: • Passenger cars (without drivers) • Trucks, utility trailers and recreational vehicles",,77,771,7710,Renting and leasing of motor vehicles,,SPC,
Renting and operational leasing of water-transport equipment without operator: • Commercial boats and ships,,77,773,7730,"Renting and leasing of other machinery, equipment and tangible goods",,SPC,
"Renting and operational leasing, without operator, of other machinery and equipment that are generally used as capital goods by industries: • Engines and turbines • Machine tools • Mining and oilfield equipment • Professional radio, television and communication equipment • Motion picture production equipment • Measuring and controlling equipment • Other scientific, commercial and industrial machinery",,77,773,7730,"Renting and leasing of other machinery, equipment and tangible goods",,SPC,
Renting instant photography equipment,,77,773,7730,"Renting and leasing of other machinery, equipment and tangible goods",,SPC,
Renting of accommodation or office containers,,77,773,7730,"Renting and leasing of other machinery, equipment and tangible goods",,SPC,
"Renting of all kinds of household or personal goods, to households or industries (except recreational and sports equipment): • Textiles, wearing apparel and footwear • Furniture, pottery and glass, kitchen and tableware, electrical appliances and house wares • Jewellery, musical instruments, scenery and costumes • Books, journals and magazines • Machinery and equipment used by amateurs or as a hobby e.g. tools for home repairs • Flowers and plants • Electronic equipment for household use",,77,772,7729,Renting and leasing of other personal and household goods,,SPC,
Renting of containers,,77,773,7730,"Renting and leasing of other machinery, equipment and tangible goods",,SPC,
Renting of leisure and pleasure equipment as an integral part of recreational facilities,,93,932,9329,Other amusement and recreation activities n.e.c.,,SPC,
Renting Of Measuring and controlling equipment,,77,773,7730,"Renting and leasing of other machinery, equipment and tangible goods",,SPC,
Renting of pallets,,77,773,7730,"Renting and leasing of other machinery, equipment and tangible goods",,SPC,
"Renting of recreational and sports equipment: • Pleasure boats, canoes, sailboats, • Bicycles • Beach chairs and umbrellas • Other sports equipment • Skis",,77,772,7721,Renting and leasing of recreational and sports goods,,SPC,
Renting of video tapes and disks,,77,772,7722,Renting of video tapes and disks,,SPC,
"Renting of video tapes, records, CDs, DVDs etc.",,77,772,7722,Renting of video tapes and disks,,SPC,
Repackaging & Refilling Services,,82,829,8292,Packaging activities,,SPC,
Repair and alteration of clothing,,95,952,9529,Repair of other personal and household goods,,SPC,
Repair and alteration of jewellery,,95,952,9529,Repair of other personal and household goods,,SPC,
Repair and maintenance of cash registers,,33,331,3312,Repair of machinery,,SPC,
Repair and maintenance of commercial refrigeration equipment and air purifying equipment,,33,331,3312,Repair of machinery,,SPC,
Repair and maintenance of commercial type general purpose machinery,,33,331,3312,Repair of machinery,,SPC,
"Repair and maintenance of communications equipment such as: • Cordless telephones • Cellular phones • Carrier equipment modems • Fax machines • Communications transmission equipment (e.g. routers, bridges, modems) • Two-way radios • Commercial tv and video cameras",,95,951,9512,Repair of communication equipment,,SPC,
"Repair and maintenance of consumer electronics: • Television, radio receivers • Video cassette recorders (VCR) • CD players • Household-type video cameras",,95,952,9521,Repair of consumer electronics,,SPC,
Repair and maintenance of current-carrying wiring devices and non current-carrying wiring devices for wiring electrical circuits,,33,331,3314,Repair of electrical equipment,,SPC,
Repair and maintenance of electric lighting equipment,,33,331,3314,Repair of electrical equipment,,SPC,
repair and maintenance of fluid power equipment,,33,331,3312,Repair of machinery,,SPC,
"Repair and maintenance of footwear: • Shoes, boots etc.",,95,952,9523,Repair of footwear and leather goods,,SPC,
Repair and maintenance of industrial process furnaces,,33,331,3312,Repair of machinery,,SPC,
Repair and maintenance of leather goods: • Luggage and the like,,95,952,9523,Repair of footwear and leather goods,,SPC,
Repair and maintenance of materials handling equipment,,33,331,3312,Repair of machinery,,SPC,
Repair and maintenance of metal cutting and metal forming machine tools and accessories,,33,331,3312,Repair of machinery,,SPC,
"Repair and maintenance of optical instruments and equipment, if the use is mainly commercial, such as: • Binoculars • Microscopes (except electron and proton microscopes) • Telescopes • Prisms and lenses (except ophthalmic) • Photographic equipment",,33,331,3313,Repair of electronic and optical equipment,,SPC,
Repair and maintenance of other machine tools,,33,331,3312,Repair of machinery,,SPC,
Repair and maintenance of other special-purpose machinery,,33,331,3312,Repair of machinery,,SPC,
Repair and maintenance of papermaking machinery,,33,331,3312,Repair of machinery,,SPC,
Repair and maintenance of photocopy machines,,33,331,3312,Repair of machinery,,SPC,
Repair and maintenance of pleasure boats,,33,331,3315,"Repair of transport equipment, except motor vehicles",,SPC,
Repair and maintenance of primary and storage batteries,,33,331,3314,Repair of electrical equipment,,SPC,
repair and maintenance of pumps and related equipment,,33,331,3312,Repair of machinery,,SPC,
Repair and maintenance of relays and industrial controls,,33,331,3314,Repair of electrical equipment,,SPC,
Repair and maintenance of switchgear and switchboard apparatus,,33,331,3314,Repair of electrical equipment,,SPC,
"Repair and maintenance of textile apparel, and leather production machinery",,33,331,3312,Repair of machinery,,SPC,
Repair and maintenance of vending machines,,33,331,3312,Repair of machinery,,SPC,
Repair and maintenance of weighing equipment,,33,331,3312,Repair of machinery,,SPC,
"Repair and maintenance of: • Computer terminals like automatic teller machines (atm’s); point-of-sale (pos) terminals, not mechanically operated • Hand-held computers (pda’s)",,95,951,9511,Repair of computers and peripheral equipment,,SPC,
"Repair and maintenance of: • Desktop computers • Laptop computers • Magnetic disk drives, flash drives and other storage devices • Optical disk drives (CD-RW, CD-ROM, DVD-ROM, DVD-RW) • Printers • Monitors • Keyboards • Mice, joysticks and trackball accessories • Internal and external computer modems • Dedicated computer terminals • Computer servers • Scanners, including bar code scanners • Smart card readers • Virtual reality helmets • Computer projectors",,95,951,9511,Repair of computers and peripheral equipment,,SPC,
Repair and minor alteration of garments or other textile articles when done in connection with cleaning,,96,960,9601,Washing and (dry-) cleaning of textile and fur products,,SPC,
Repair and routine maintenance of ships,,33,331,3315,"Repair of transport equipment, except motor vehicles",,SPC,
"Repair and servicing of home and garden equipment • Lawnmowers, edgers, snow- and leaf- blowers, trimmers, etc.",,95,952,9522,Repair of household appliances and home and garden equipment,,SPC,
"Repair and servicing of household appliances • Refrigerators, stoves, washing machines, clothes dryers, room air conditioners, etc.",,95,952,9522,Repair of household appliances and home and garden equipment,,SPC,
Repair of bicycles,100406.0,95,952,9529,Repair of other personal and household goods,,SPC,
Repair of books,,95,952,9529,Repair of other personal and household goods,,SPC,
"Repair of calculators, electronic or not",,33,331,3312,Repair of machinery,,SPC,
Repair of communication equipment,,95,951,9512,Repair of communication equipment,,SPC,
Repair of computers and communication equipment,,95,951,9510,Repair of computers and communication equipment,,SPC,
Repair of computers and peripheral equipment,,95,951,9511,Repair of computers and peripheral equipment,,SPC,
Repair of consumer electronics,,95,952,9521,Repair of consumer electronics,,SPC,
"Repair of fabricated metal products, machinery and equipment",,33,331,3310,"Repair of fabricated metal products, machinery and equipment",,SPC,
"Repair of fishing nets, including mending",,33,331,3319,Repair of other equipment,,SPC,
Repair of footwear and leather goods,,95,952,9523,Repair of footwear and leather goods,,SPC,
Repair of furniture and home furnishings,,95,952,9524,Repair of furniture and home furnishings,,SPC,
repair of gearing and driving elements,,33,331,3312,Repair of machinery,,SPC,
Repair of household appliances and home and garden equipment,,95,952,9522,Repair of household appliances and home and garden equipment,,SPC,
Repair of musical instruments,,95,952,9529,Repair of other personal and household goods,,SPC,
Repair of other personal and household goods,,95,952,9529,Repair of other personal and household goods,,SPC,
"Repair of other personal and household goods (duplicating and handling the keys and locks for residential and commercial facilities, as well as car keys, keys for heavy duty locks)",,95,952,9529,Repair of other personal and household goods,,SPC,
Repair of sporting goods (except sporting guns),,95,952,9529,Repair of other personal and household goods,,SPC,
Repair of toys and similar articles,,95,952,9529,Repair of other personal and household goods,,SPC,
"Repair of transport equipment, except motor vehicles",,33,331,3315,"Repair of transport equipment, except motor vehicles",,SPC,
Repair of typewriters,,33,331,3312,Repair of machinery,,SPC,
repair of valves,,33,331,3312,Repair of machinery,,SPC,
"Repair of watches, clocks and their parts such as watchcases and housings of all materials; movements, chronometers, etc.",,95,952,9529,Repair of other personal and household goods,,SPC,
"Repair or ropes, riggings, canvas and tarps",,33,331,3319,Repair of other equipment,,SPC,
Repossession services,,82,829,8299,Other business support service activities n.e.c.,,SPC,
Representative Office,,70,701,7010,Activities of head offices,,SPC,
Reproduction Audio Recordings on Various Recording Media,103599.0,18,182,1820,Reproduction of recorded media,,SPC,
"Reproduction from master copies of gramophone records, compact discs and tapes with music or other sound recordings",103600.0,18,182,1820,Reproduction of recorded media,,SPC,
"Reproduction from master copies of records, compact discs and tapes with motion pictures and other video recordings",103601.0,18,182,1820,Reproduction of recorded media,,SPC,
Reproduction from master copies of software and data on discs and tapes,103602.0,18,182,1820,Reproduction of recorded media,,SPC,
Reproduction of recorded media,103603.0,18,182,1820,Reproduction of recorded media,,SPC,
Reproduction Software and Data on Discs and Tapes,103604.0,18,182,1820,Reproduction of recorded media,,SPC,
Research and development in mixed reality and digital simulation,,72,721,7210,Research and experimental development on natural sciences and engineering,,SPC,
Research and Development in Space Technology,,72,721,7210,Research and experimental development on natural sciences and engineering,,SPC,
Research and development on humanities,,72,722,7220,Research and experimental development on social sciences and humanities,,SPC,
Research and development on social sciences,,72,722,7220,Research and experimental development on social sciences and humanities,,SPC,
"Research And Experimental Development On Natural Science, Engineering, Technology, Medical Sciences, Biotechnology, Agricultural Sciences, and Interdisciplinary Research And Development, Predominantly On Natural Sciences And Engineering.",,72,721,7210,Research and experimental development on natural sciences and engineering,,SPC,
Research and experimental development on natural sciences and engineering,,72,721,7210,Research and experimental development on natural sciences and engineering,,SPC,
Research and experimental development on natural sciences and engineering,,72,721,7210,Research and experimental development on natural sciences and engineering,,SPC,
Research and experimental development on social sciences and humanities,,72,722,7220,Research and experimental development on social sciences and humanities,,SPC,
Research and experimental development on social sciences and humanities,,72,722,7220,Research and experimental development on social sciences and humanities,,SPC,
Residential Property Care Services,,81,813,8130,Landscape care and maintenance service activities,,SPC,
Restaurants,,56,561,5610,Restaurants and mobile food service activities,,SPC,
Restaurants and mobile food service activities,,56,561,5610,Restaurants and mobile food service activities,,SPC,
Restaurants Management,,82,821,8211,Combined office administrative service activities,,SPC,
Restoring of works of art such as paintings etc.,,90,900,9000,"Creative, arts and entertainment activities",,SPC,
Retail Environment Protection Equipment Trading,,47,477,4773,Other retail sale of new goods in specialized stores,,SPC,
Retail of Smart Systems,,47,475,4759,"Retail sale of electrical household appliances, furniture, lighting equipment and other household articles in specialized stores",,SPC,
Retail Plant Equipment & Spare Parts Trading,,47,477,4773,Other retail sale of new goods in specialized stores,,SPC,
Retail sale by (non-store) commission agents,,47,479,4799,"Other retail sale not in stores, stalls or markets",,SPC,
Retail sale in non-specialized stores,,47,471,4710,"Retail sale in non-specialized stores with food, beverages or tobacco predominating",,SPC,
Retail sale in non-specialized stores with food or beverages predominating,,47,471,4711,"Retail sale in non-specialized stores with food, beverages or tobacco predominating",,SPC,
"Retail sale of a wide range of goods, primarily food products and beverages, including general stores offering items like clothing, furniture, appliances, and cosmetics.",,47,471,4711,"Retail sale in non-specialized stores with food, beverages or tobacco predominating",,SPC,
Retail sale of antiques,,47,477,4774,Retail sale of second-hand goods,,SPC,
Retail sale of any kind of product by mail order,,47,479,4791,Retail sale via mail order houses or via Internet,,SPC,
Retail sale of any kind of product over the internet,,47,479,4791,Retail sale via mail order houses or via Internet,,SPC,
"Retail Sale of Any Kind of Product Over the Internet , Selling IT Solutions Over the Internet",,47,479,4791,Retail sale via mail order houses or via Internet,,SPC,
Retail sale of any kind of product: • By direct sales or door-to-door sales persons • Through vending machines etc.,,47,479,4799,"Other retail sale not in stores, stalls or markets",,SPC,
Retail sale of articles for lighting,,47,475,4759,"Retail sale of electrical household appliances, furniture, lighting equipment and other household articles in specialized stores",,SPC,
Retail sale of articles of clothing,,47,477,4771,"Retail sale of clothing, footwear and leather articles in specialized stores",,SPC,
Retail sale of articles of fur,,47,477,4771,"Retail sale of clothing, footwear and leather articles in specialized stores",,SPC,
Retail sale of audio and video equipment in specialized stores,,47,474,4742,Retail sale of audio and video equipment in specialized stores,,SPC,
Retail Sale of Audio Recorded Media,,47,476,4762,Retail sale of music and video recordings in specialized stores,,SPC,
Retail Sale Of Bakery Products,,47,472,4721,Retail sale of food in specialized stores,,SPC,
"Retail sale of basic materials for rug, tapestry or embroidery making",,47,475,4751,Retail sale of textiles in specialized stores,,SPC,
Retail sale of beverages (not for consumption on the premises): • Non-alcoholic beverages,,47,472,4722,Retail sale of beverages in specialized stores,,SPC,
Retail sale of beverages in specialized stores,,47,472,4722,Retail sale of beverages in specialized stores,,SPC,
Retail sale of blank tapes and discs,,47,476,4762,Retail sale of music and video recordings in specialized stores,,SPC,
Retail sale of books of all kinds,,47,476,4761,"Retail sale of books, newspapers and stationary in specialized stores",,SPC,
"Retail sale of books, newspapers and stationary in specialized stores",,47,476,4761,"Retail sale of books, newspapers and stationary in specialized stores",,SPC,
Retail sale of carpets and rugs,,47,475,4753,"Retail sale of carpets, rugs, wall and floor coverings in specialized stores",,SPC,
Retail sale of CD and DVD players and recorders,,47,474,4742,Retail sale of audio and video equipment in specialized stores,,SPC,
Retail sale of cleaning materials,,47,477,4773,Other retail sale of new goods in specialized stores,,SPC,
"Retail sale of clothing accessories such as gloves, ties, braces etc.",,47,477,4771,"Retail sale of clothing, footwear and leather articles in specialized stores",,SPC,
"Retail sale of clothing, footwear and leather articles in specialized stores",,47,477,4771,"Retail sale of clothing, footwear and leather articles in specialized stores",,SPC,
Retail sale of computer peripheral equipment,,47,474,4741,"Retail sale of computers, peripheral units, software and telecommunications equipment in specialized stores",,SPC,
Retail sale of computers,,47,474,4741,"Retail sale of computers, peripheral units, software and telecommunications equipment in specialized stores",,SPC,
"Retail sale of computers, peripheral units, software and telecommunications equipment in specialized stores",,47,474,4741,"Retail sale of computers, peripheral units, software and telecommunications equipment in specialized stores",,SPC,
Retail sale of curtains and net curtains,,47,475,4753,"Retail sale of carpets, rugs, wall and floor coverings in specialized stores",,SPC,
"Retail sale of diverse goods, mainly food and beverages, in department stores featuring apparel, furniture, appliances, hardware, cosmetics, jewelry, toys, and sports goods.",,47,471,4711,"Retail sale in non-specialized stores with food, beverages or tobacco predominating",,SPC,
Retail sale of do-it-yourself material and equipment,,47,475,4752,"Retail sale of hardware, paints and glass in specialized stores",,SPC,
Retail sale of Dried Batteries,,47,477,4774,Retail sale of second-hand goods,,SPC,
"Retail sale of electrical household appliances, furniture, lighting equipment and other household articles in specialized stores",,47,475,4759,"Retail sale of electrical household appliances, furniture, lighting equipment and other household articles in specialized stores",,SPC,
Retail Sale of Encryption Software,,47,474,4741,"Retail sale of computers, peripheral units, software and telecommunications equipment in specialized stores",,SPC,
Retail sale of fabrics,,47,475,4751,Retail sale of textiles in specialized stores,,SPC,
Retail sale of flat glass,,47,475,4752,"Retail sale of hardware, paints and glass in specialized stores",,SPC,
"Retail sale of flowers, plants, seeds, fertilizers and pet food",,47,477,4773,Other retail sale of new goods in specialized stores,,SPC,
Retail sale of food and beverages in specialized stores,,47,472,4720,"Retail sale of food, beverages and tobacco in specialized stores",,SPC,
Retail sale of food and beverages via stalls or markets,,47,478,4781,"Retail sale via stalls and markets of food, beverages and tobacco products",,SPC,
Retail sale of food in specialized stores,,47,472,4721,Retail sale of food in specialized stores,,SPC,
Retail sale of footwear,,47,477,4771,"Retail sale of clothing, footwear and leather articles in specialized stores",,SPC,
Retail sale of games and toys in specialized stores,,47,476,4764,Retail sale of games and toys in specialized stores,,SPC,
"Retail sale of games and toys, made of all materials",,47,476,4764,Retail sale of games and toys in specialized stores,,SPC,
"Retail sale of haberdashery: needles, sewing thread etc.",,47,475,4751,Retail sale of textiles in specialized stores,,SPC,
Retail sale of hardware,,47,475,4752,"Retail sale of hardware, paints and glass in specialized stores",,SPC,
"Retail sale of hardware, paints and glass in specialized stores",,47,475,4752,"Retail sale of hardware, paints and glass in specialized stores",,SPC,
Retail sale of household appliances,,47,475,4759,"Retail sale of electrical household appliances, furniture, lighting equipment and other household articles in specialized stores",,SPC,
Retail sale of household articles and equipment n.e.c.,,47,475,4759,"Retail sale of electrical household appliances, furniture, lighting equipment and other household articles in specialized stores",,SPC,
Retail sale of household furniture,,47,475,4759,"Retail sale of electrical household appliances, furniture, lighting equipment and other household articles in specialized stores",,SPC,
"Retail sale of household utensils and cutlery, crockery, glassware, china and pottery",,47,475,4759,"Retail sale of electrical household appliances, furniture, lighting equipment and other household articles in specialized stores",,SPC,
Retail Sale Of Information And Communications Equipment In Specialized Stores,,47,474,4740,"Retail sale of computers, peripheral units, software and telecommunications equipment in specialized stores",,SPC,
Retail sale of knitting yarn,,47,475,4751,Retail sale of textiles in specialized stores,,SPC,
"Retail sale of lawnmowers, however operated",,47,475,4752,"Retail sale of hardware, paints and glass in specialized stores",,SPC,
Retail sale of leather goods,,47,477,4771,"Retail sale of clothing, footwear and leather articles in specialized stores",,SPC,
Retail sale of medical and orthopedic goods,,47,477,4772,"Retail sale of pharmaceutical and medical goods, cosmetic and toilet articles in specialized stores",,SPC,
Retail Sale of microelectronic devices,,47,477,4773,Other retail sale of new goods in specialized stores,,SPC,
Retail sale of music and video recordings in specialized stores,,47,476,4762,Retail sale of music and video recordings in specialized stores,,SPC,
Retail sale of musical instruments and scores,,47,475,4759,"Retail sale of electrical household appliances, furniture, lighting equipment and other household articles in specialized stores",,SPC,
"Retail sale of musical records, audio tapes, compact discs and cassettes",,47,476,4762,Retail sale of music and video recordings in specialized stores,,SPC,
Retail sale of newspapers and stationery,,47,476,4761,"Retail sale of books, newspapers and stationary in specialized stores",,SPC,
"Retail sale of non-customized software, including video games",,47,474,4741,"Retail sale of computers, peripheral units, software and telecommunications equipment in specialized stores",,SPC,
Retail sale of non-food products n.e.c.,,47,477,4773,Other retail sale of new goods in specialized stores,,SPC,
"Retail sale of office supplies such as pens, pencils, paper etc.",,47,476,4761,"Retail sale of books, newspapers and stationary in specialized stores",,SPC,
"Retail sale of other building material such as bricks, wood, sanitary equipment",,47,475,4752,"Retail sale of hardware, paints and glass in specialized stores",,SPC,
"Retail sale of other goods via stalls or markets, such as: • Carpets and rugs • Books • Games and toys • Household appliances and consumer electronics • Music and video recordings",,47,478,4789,Retail sale via stalls and markets of other goods,,SPC,
Retail sale of other second-hand goods,,47,477,4774,Retail sale of second-hand goods,,SPC,
"Retail sale of paints, varnishes and lacquers",,47,475,4752,"Retail sale of hardware, paints and glass in specialized stores",,SPC,
Retail sale of perfumery and cosmetic articles,,47,477,4772,"Retail sale of pharmaceutical and medical goods, cosmetic and toilet articles in specialized stores",,SPC,
"Retail sale of pharmaceutical and medical goods, cosmetic and toilet articles in specialized stores",,47,477,4772,"Retail sale of pharmaceutical and medical goods, cosmetic and toilet articles in specialized stores",,SPC,
Retail sale of pharmaceuticals,,47,477,4772,"Retail sale of pharmaceutical and medical goods, cosmetic and toilet articles in specialized stores",,SPC,
"Retail sale of photographic, optical and precision equipment",,47,477,4773,Other retail sale of new goods in specialized stores,,SPC,
Retail sale of radio and television equipment,,47,474,4742,Retail sale of audio and video equipment in specialized stores,,SPC,
Retail sale of saunas,,47,475,4752,"Retail sale of hardware, paints and glass in specialized stores",,SPC,
Retail sale of second hand books,,47,477,4774,Retail sale of second-hand goods,,SPC,
Retail sale of second hand goods,,47,477,4774,Retail sale of second-hand goods,,SPC,
"Retail sale of security systems, such as locking devices, safes, and vaults, without installation or maintenance services",,47,475,4759,"Retail sale of electrical household appliances, furniture, lighting equipment and other household articles in specialized stores",,SPC,
Retail Sale of Smart Machines &amp;amp; Spare Parts,,47,475,4759,"Retail sale of electrical household appliances, furniture, lighting equipment and other household articles in specialized stores",,SPC,
Retail sale of souvenirs and craftwork,,47,477,4773,Other retail sale of new goods in specialized stores,,SPC,
Retail sale of sporting equipment in specialized stores,,47,476,4763,Retail sale of sporting equipment in specialized stores,,SPC,
Retail sale of stamps and coins,,47,477,4773,Other retail sale of new goods in specialized stores,,SPC,
Retail sale of stereo equipment,,47,474,4742,Retail sale of audio and video equipment in specialized stores,,SPC,
Retail Sale Of Sugar Confectionery,103293.0,47,472,4721,Retail sale of food in specialized stores,,SPC,
Retail sale of telecommunication equipment,,47,474,4741,"Retail sale of computers, peripheral units, software and telecommunications equipment in specialized stores",,SPC,
Retail sale of textiles,,47,475,4751,Retail sale of textiles in specialized stores,,SPC,
Retail sale of textiles in specialized stores,,47,475,4751,Retail sale of textiles in specialized stores,,SPC,
"Retail sale of textiles, clothing and footwear via stalls or markets",,47,478,4782,"Retail sale via stalls and markets of textiles, clothing and footwear",,SPC,
Retail sale of travel accessories of leather and leather substitutes,,47,477,4771,"Retail sale of clothing, footwear and leather articles in specialized stores",,SPC,
Retail sale of umbrellas,103201.0,47,477,4771,"Retail sale of clothing, footwear and leather articles in specialized stores",,SPC,
Retail sale of video game consoles,,47,474,4741,"Retail sale of computers, peripheral units, software and telecommunications equipment in specialized stores",,SPC,
Retail sale of video tapes and DVDs,,47,476,4762,Retail sale of music and video recordings in specialized stores,,SPC,
Retail Sale of Visual Recorded Media,,47,476,4762,Retail sale of music and video recordings in specialized stores,,SPC,
Retail sale of wallpaper and floor coverings,,47,475,4753,"Retail sale of carpets, rugs, wall and floor coverings in specialized stores",,SPC,
"Retail sale of wooden, cork and wickerwork goods",,47,475,4759,"Retail sale of electrical household appliances, furniture, lighting equipment and other household articles in specialized stores",,SPC,
Retail Sale Via Mail Order Houses or Via internet (E-Commerce),,47,479,4791,Retail sale via mail order houses or via Internet,,SPC,
Retail sale via stalls and markets,,47,478,4780,Retail sale via stalls and markets,,SPC,
Retail sale via stalls and markets of food and beverages,,47,478,4781,"Retail sale via stalls and markets of food, beverages and tobacco products",,SPC,
Retail sale via stalls and markets of other goods,,47,478,4789,Retail sale via stalls and markets of other goods,,SPC,
"Retail sale via stalls and markets of textiles, clothing and footwear",,47,478,4782,"Retail sale via stalls and markets of textiles, clothing and footwear",,SPC,
"Retail trade not in stores, stalls or markets",,47,479,4790,"Retail trade not in stores, stalls or markets",,SPC,
"Reupholstering, refinishing, repairing and restoring of furniture and home furnishings including office furniture",,95,952,9524,Repair of furniture and home furnishings,,SPC,
"Riding instruction, academies or schools",,85,854,8541,Sports and recreation education,,SPC,
"Risk Management, Management Consultancies",,70,702,7020,Management consultancy activities,,SPC,
Roastery,103460.0,10,107,1079,Manufacture of other food products n.e.c.,,SPC,
Robotic Technology Training,,85,854,8549,Other education n.e.c.,,SPC,
Robotics &amp; Smart Machines Trading,,47,474,4741,"Retail sale of computers, peripheral units, software and telecommunications equipment in specialized stores",,SPC,
Robots & Smart Machines Rental,,77,773,7730,"Renting and leasing of other machinery, equipment and tangible goods",,SPC,
Rock Wool Trading,,47,475,4752,"Retail sale of hardware, paints and glass in specialized stores",,SPC,
"Ropes, Sacks &amp; Jute Bags Trading",,47,475,4752,"Retail sale of hardware, paints and glass in specialized stores",,SPC,
"Rovision of specialized telecommunications applications, such as satellite tracking, communications telemetry, and radar station operations",,61,619,6190,Other telecommunications activities,,SPC,
Rubber Trading,,46,466,4669,Wholesale of waste and scrap and other products n.e.c.,,SPC,
"safes and security vaults The units carrying out these activities may also engage in selling such security systems, mechanical or electronic locking devices, safes and security vaults.",,80,802,8020,Security systems service activities,,SPC,
Safety And Evacuation Engineering Consultancy For Buildings,,74,749,7490,"Other professional, scientific and technical activities n.e.c.",,SPC,
Safety and prevention against fire engineering consultancy,,70,702,7020,Management consultancy activities,,SPC,
Safety Consultancies,,70,702,7020,Management consultancy activities,,SPC,
Safety Deposit Vaults Renting,,77,773,7730,"Renting and leasing of other machinery, equipment and tangible goods",,SPC,
Sale of motor vehicle parts and accessories,,45,453,4530,Sale of motor vehicle parts and accessories,,SPC,
Sale of motor vehicles,,45,451,4510,Sale of motor vehicles,,SPC,
"Sale, maintenance and repair of motorcycles and related parts and accessories",,45,454,4540,"Sale, maintenance and repair of motorcycles and related parts and accessories",,SPC,
"Sale, maintenance and repair of motorcycles and related parts and accessories",,45,454,4540,"Sale, maintenance and repair of motorcycles and related parts and accessories",,SPC,
Sales promotion,,73,731,7310,Advertising,,SPC,
Sales Training,,85,854,8549,Other education n.e.c.,,SPC,
Salt Trading,,46,463,4630,"Wholesale of food, beverages and tobacco",,SPC,
Salted &amp; Preserved Fish &amp; Seafood Trading,,46,463,4630,"Wholesale of food, beverages and tobacco",,SPC,
"Sand, Gravel &amp; Stones Trading",,47,475,4752,"Retail sale of hardware, paints and glass in specialized stores",,SPC,
Sanitary Ware Trading,,47,475,4752,"Retail sale of hardware, paints and glass in specialized stores",,SPC,
Satellite telecommunications activities,,61,613,6130,Satellite telecommunications activities,,SPC,
Satellites’ Components & Spare Parts Trading,,46,465,4652,Wholesale of electronic and telecommunications equipment and parts,,SPC,
Scaffolds Rental,,77,773,7730,"Renting and leasing of other machinery, equipment and tangible goods",,SPC,
Scaffolds Trading,,46,466,4663,"Wholesale of construction materials, hardware, plumbing and heating equipment and supplies",,SPC,
Scales & Dry Measures Trading,,47,477,4773,Other retail sale of new goods in specialized stores,,SPC,
"Schools, Hospitals & Laboratories Furniture Trading",,46,465,4659,Wholesale of other machinery and equipment,,SPC,
Science &amp; Technology Consultancy,,72,721,7210,Research and experimental development on natural sciences and engineering,,SPC,
Scientific & Laboratory Equipment Trading,,46,465,4659,Wholesale of other machinery and equipment,,SPC,
Scientific Office,,70,701,7010,Activities of head offices,,SPC,
Scooters Trading,,45,454,4540,"Sale, maintenance and repair of motorcycles and related parts and accessories",,SPC,
Sea Cleaning Equipment Trading,,46,465,4659,Wholesale of other machinery and equipment,,SPC,
Secretarial support services,,82,821,8219,"Photocopying, document preparation and other specialized office support activities",,SPC,
Securities &amp; Financial Products Promotion,,73,731,7310,Advertising,,SPC,
Security and safety advisory,,81,811,8110,Combined facilities support activities,,SPC,
Security consulting,,74,749,7490,"Other professional, scientific and technical activities n.e.c.",,SPC,
"Security Devices Equipment Trading, General Trading",,46,465,4659,Wholesale of other machinery and equipment,,SPC,
Security Systems &amp;amp; Equipment Trading,,46,465,4659,Wholesale of other machinery and equipment,,SPC,
Security systems consultancy,,62,620,6209,Other information technology and computer service activities,,SPC,
Security Systems Inspection Services,,71,712,7120,Technical testing and analysis,,SPC,
Security systems service activities,,80,802,8020,Security systems service activities,,SPC,
Self Storage Services,,52,521,5210,Warehousing and storage,,SPC,
Selling Children's books and Activity books and Educational Materials,,47,476,4761,"Retail sale of books, newspapers and stationary in specialized stores",,SPC,
Service activities related to printing,103598.0,18,181,1812,Service activities related to printing,,SPC,
Services Broker,,46,461,4610,Wholesale on a fee or contract basis,,SPC,
"Services, management and operation of computer networks",,62,620,6202,Computer consultancy and computer facilities management activities,,SPC,
Sewing &amp; Embroidery Requisites Trading,,47,475,4751,Retail sale of textiles in specialized stores,,SPC,
Sewing Machines & Spare Parts Trading,103297.0,46,465,4659,Wholesale of other machinery and equipment,,SPC,
Sewing machines trade and supplies - wholesale,103297.0,46,465,4659,Wholesale of other machinery and equipment,,SPC,
Ship Chandlers,,56,562,5629,Other food service activities,,SPC,
Ship Charter,,77,773,7730,"Renting and leasing of other machinery, equipment and tangible goods",,SPC,
Ship Management & Operation,,52,522,5222,Service activities incidental to water transportation,,SPC,
Shipment Containers Loading and Offloading Services,,52,522,5224,Cargo handling,,SPC,
"Shipping Services, Retail & Micro payments",,53,532,5320,Courier activities,,SPC,
"Ships, Boats Spare Parts & Components Trading",103296.0,46,465,4659,Wholesale of other machinery and equipment,,SPC,
Shoe Trading,103295.0,47,477,4771,"Retail sale of clothing, footwear and leather articles in specialized stores",,SPC,
Shop Fittings Trading,103294.0,47,477,4773,Other retail sale of new goods in specialized stores,,SPC,
Shopping Carts Rental & Retrieval Services,,77,773,7730,"Renting and leasing of other machinery, equipment and tangible goods",,SPC,
Short Messages Services,,61,613,6130,Satellite telecommunications activities,,SPC,
Short Term Retail Operator,,47,478,4789,Retail sale via stalls and markets of other goods,,SPC,
Simulation Equipment & Systems Trading & Maintenance,,47,477,4773,Other retail sale of new goods in specialized stores,,SPC,
Sleeping Cabins Rental,,77,773,7730,"Renting and leasing of other machinery, equipment and tangible goods",,SPC,
Slippers &amp; Sandals Trading,,47,477,4771,"Retail sale of clothing, footwear and leather articles in specialized stores",,SPC,
Smart Machines &amp; Spare Parts Trading,,46,465,4659,Wholesale of other machinery and equipment,,SPC,
Smelters &amp; Furnaces Refractory Materials Trading,,46,469,4690,Non-specialized wholesale trade,,SPC,
Snack Food Trading,103263.0,46,463,4630,"Wholesale of food, beverages and tobacco",,SPC,
Soap &amp; Hair Care Products Trading,103262.0,46,464,4649,Wholesale of other household goods,,SPC,
Social Media Applications Development &amp; Management,103261.0,62,620,6201,Computer programming activities,,SPC,
Social media consultancy,103262.0,73,731,7310,Advertising,,SPC,
Social media services,,73,731,7310,Advertising,,SPC,
Social Networking Platform,,63,631,6311,"Data processing, hosting and related activities",,SPC,
Social Work Activities Without Accommodation For The Elderly And Disabled,,88,881,8810,Social work activities without accommodation for the elderly and disabled,,SPC,
Soft Drinks &amp; Carbonated Water Trading,103257.0,46,463,4630,"Wholesale of food, beverages and tobacco",,SPC,
Software installation,103252.0,62,620,6209,Other information technology and computer service activities,,SPC,
Software publishing,103253.0,58,582,5820,Software publishing,,SPC,
Solar Energy Systems & Components Trading,103251.0,46,465,4659,Wholesale of other machinery and equipment,,SPC,
Solar Energy Systems Installation,,43,432,4322,"Plumbing, heat and air-conditioning installation",,SPC,
Solar Energy Systems Rental,,77,773,7730,"Renting and leasing of other machinery, equipment and tangible goods",,SPC,
Sound recording and music publishing activities,,59,592,5920,Sound recording and music publishing activities,,SPC,
Sound recording and music publishing activities,,59,592,5920,Sound recording and music publishing activities,,SPC,
"Sound recording service activities in a studio or elsewhere, including the production of taped (i.e. non-live) radio programming, audio for film, television etc.",,59,592,5920,Sound recording and music publishing activities,,SPC,
Spa and Fitness Clubs Consultant,103245.0,70,702,7020,Management consultancy activities,,SPC,
Special Effects Production,103243.0,59,591,5911,"Motion picture, video and television programme production activities",,SPC,
Special Fabrics & Fibers For Construction Trading,103242.0,46,466,4663,"Wholesale of construction materials, hardware, plumbing and heating equipment and supplies",,SPC,
"Specialized cleaning activities for buildings such as window cleaning, chimney cleaning and cleaning of fireplaces, stoves, furnaces, incinerators, boilers, ventilation ducts and exhaust units",,81,812,8129,Other building and industrial cleaning activities,,SPC,
Specialized design activities,,74,741,7410,Specialized design activities,,SPC,
Specialized hosting activities such as: • Web hosting • Streaming services • Application hosting,103241.0,63,631,6311,"Data processing, hosting and related activities",,SPC,
Specialized Vehicles For Safe Transport Trading,103224.0,45,451,4510,Sale of motor vehicles,,SPC,
Specialized Vehicles Trading,103227.0,45,451,4510,Sale of motor vehicles,,SPC,
Specialty communication & PR,103229.0,73,732,7320,Market research and public opinion polling,,SPC,
Spectacles and Contact Lenses Wholesale,103231.0,46,464,4649,Wholesale of other household goods,,SPC,
Speed reading instruction,103234.0,85,854,8549,Other education n.e.c.,,SPC,
Spices Trading,103235.0,46,463,4630,"Wholesale of food, beverages and tobacco",,SPC,
Spinning & Weaving Equipment & Spare Parts Trading,103217.0,46,465,4659,Wholesale of other machinery and equipment,,SPC,
Sponge Mattresses Trading,103218.0,47,475,4759,"Retail sale of electrical household appliances, furniture, lighting equipment and other household articles in specialized stores",,SPC,
Sport & Recreational Events Tickets E-TRADING,103223.0,47,479,4791,Retail sale via mail order houses or via Internet,,SPC,
Sport Equipment Trading,103220.0,47,476,4763,Retail sale of sporting equipment in specialized stores,,SPC,
Sport Games Kiosk,,47,478,4789,Retail sale via stalls and markets of other goods,,SPC,
Sports activities,,93,931,9310,Sports activities,,SPC,
Sports and recreation education,,85,854,8541,Sports and recreation education,,SPC,
Sports brokerage service,103214.0,93,931,9319,Other sports activities,,SPC,
Sports consultancy,103216.0,70,702,7020,Management consultancy activities,,SPC,
Sports Consultancy and Studies,103216.0,70,702,7020,Management consultancy activities,,SPC,
"Sports Consultancy and Studies, Management Consultancy",103216.0,70,702,7020,Management consultancy activities,,SPC,
Sports Events Marketing,103213.0,73,731,7310,Advertising,,SPC,
Sports Fields &amp;Halls Equipment Trading,103211.0,47,476,4763,Retail sale of sporting equipment in specialized stores,,SPC,
"Sports instruction (baseball, basketball, cricket, football, etc)",103219.0,85,854,8541,Sports and recreation education,,SPC,
Sports Services and Contracting,,93,931,9319,Other sports activities,,SPC,
Sports Wear Trading,103208.0,47,477,4771,"Retail sale of clothing, footwear and leather articles in specialized stores",,SPC,
Stationery Trading,100447.0,46,464,4649,Wholesale of other household goods,,SPC,
Statistical Services Consultancies,103205.0,73,732,7320,Market research and public opinion polling,,SPC,
Steam and air conditioning supply,,35,353,3530,Steam and air conditioning supply,,SPC,
Sterilization equipment and devices trading,,46,465,4659,Wholesale of other machinery and equipment,,SPC,
Sterilizers & Disinfectants Trading,103202.0,46,466,4661,"Wholesale of solid, liquid and gaseous fuels and related products",,SPC,
Sticks &amp; Umbrellas Trading,103097.0,46,464,4641,"Wholesale of textiles, clothing and footwear",,SPC,
stock photo libraries and services,,91,910,9101,"Libraries, archives, museums and other cultural activities",,SPC,
storage of goods in foreign trade zones,,52,521,5210,Warehousing and storage,,SPC,
Strategy advisory services,,70,702,7020,Management consultancy activities,,SPC,
Structural Wire Rope Systems Trading,103200.0,47,477,4773,Other retail sale of new goods in specialized stores,,SPC,
Subsidiary management offices,103197.0,70,701,7010,Activities of head offices,,SPC,
Sugar Trading,100825.0,46,463,4630,"Wholesale of food, beverages and tobacco",,SPC,
Suitcases &amp; Travel Requisites Trading,103196.0,47,477,4771,"Retail sale of clothing, footwear and leather articles in specialized stores",,SPC,
Suitcases &amp;amp; Travel Requisites Wholesale,103196.0,46,464,4649,Wholesale of other household goods,,SPC,
Supermarket,103194.0,47,471,4711,"Retail sale in non-specialized stores with food, beverages or tobacco predominating",,SPC,
"Supplying workers to clients’ businesses for limited periods of time to temporarily replace or supplement the working force of the client, where the individuals provided are employees of the temporary help service unit",103290.0,78,782,7820,Temporary employment agency activities,,SPC,
Support activities for sport or recreational hunting and fishing,,93,931,9319,Other sports activities,,SPC,
Support activities for transportation,,52,522,5220,Support activities for transportation,,SPC,
Support activities to agriculture and post-harvest crop activities,,1,16,160,Support activities to agriculture and post-harvest crop activities,,SPC,
Surveying &amp; Evaluating Services,103286.0,74,749,7490,"Other professional, scientific and technical activities n.e.c.",,SPC,
Survival training,103191.0,85,854,8549,Other education n.e.c.,,SPC,
Swimming instruction,103192.0,85,854,8541,Sports and recreation education,,SPC,
Swimming pool cleaning and maintenance services,103193.0,81,812,8129,Other building and industrial cleaning activities,,SPC,
Swimming Pools Trading,103190.0,46,464,4649,Wholesale of other household goods,,SPC,
Switching and shunting,103278.0,52,522,5221,Service activities incidental to land transportation,,SPC,
"T.V Programs, Commercials & Visual Materials Production",103282.0,59,591,5911,"Motion picture, video and television programme production activities",,SPC,
Talent Management,103188.0,70,702,7020,Management consultancy activities,,SPC,
Tanks & Containers Cleaning Services,100708.0,81,812,8129,Other building and industrial cleaning activities,,SPC,
Tanks &amp; Silos Trading,103184.0,47,475,4752,"Retail sale of hardware, paints and glass in specialized stores",,SPC,
Taqyeem (Evaluation) Service Center,103181.0,63,639,6399,Other information service activities n.e.c.,,SPC,
Tawafoq Service Center For Employers And Employees,103179.0,69,691,6910,Legal activities,,SPC,
Tax Consultant,103177.0,69,692,6920,"Accounting, bookkeeping and auditing activities; tax consultancy",,SPC,
Tax Reclaim Services,103176.0,82,829,8291,Activities of collection agencies and credit bureaus,,SPC,
Taxation Procedures Follow Up,103174.0,69,692,6920,"Accounting, bookkeeping and auditing activities; tax consultancy",,SPC,
Tea Trading,103268.0,46,463,4630,"Wholesale of food, beverages and tobacco",,SPC,
Teach calligraphy,103270.0,85,854,8549,Other education n.e.c.,,SPC,
Teaching Arabic To Non-Native Speake,103269.0,85,854,8549,Other education n.e.c.,,SPC,
Technical and Occupational Skills Training,103170.0,85,854,8549,Other education n.e.c.,,SPC,
Technical and vocational secondary education,103039.0,85,852,8522,Technical and vocational secondary education,,SPC,
Technical Installations Consultancies,103171.0,70,702,7020,Management consultancy activities,,SPC,
Technical Survey Services,103272.0,80,802,8020,Security systems service activities,,SPC,
Technical testing and analysis,103172.0,71,712,7120,Technical testing and analysis,,SPC,
Technological Projects Management,103266.0,62,620,6209,Other information technology and computer service activities,,SPC,
Telecommunications Equipment Rental,103264.0,77,773,7730,"Renting and leasing of other machinery, equipment and tangible goods",,SPC,
Telecommunications resellers (i.e. purchasing and reselling network capacity without providing additional services),103167.0,61,619,6190,Other telecommunications activities,,SPC,
Telephone based information services,103165.0,63,639,6399,Other information service activities n.e.c.,,SPC,
Television programming and broadcasting activities,103163.0,60,602,6020,Television programming and broadcasting activities,,SPC,
Temporary employment agency activities,,78,782,7820,Temporary employment agency activities,,SPC,
Temporary Kitchens Rental,,77,773,7730,"Renting and leasing of other machinery, equipment and tangible goods",,SPC,
"Tents , Sheds &amp; Tarpaulins Trading",103158.0,47,475,4751,Retail sale of textiles in specialized stores,,SPC,
Tents Rental,103159.0,77,772,7729,Renting and leasing of other personal and household goods,,SPC,
Testing Equipment Rental,,77,773,7730,"Renting and leasing of other machinery, equipment and tangible goods",,SPC,
"Testing with use of models or mock-ups (e.g. of aircraft, ships, dams etc.)",,71,712,7120,Technical testing and analysis,,SPC,
Textile Trading,103156.0,47,475,4751,Retail sale of textiles in specialized stores,,SPC,
Textiles &amp; Fabrics waste Trading,103157.0,46,466,4669,Wholesale of waste and scrap and other products n.e.c.,,SPC,
Theater &amp; Cinema Management,103155.0,82,821,8211,Combined office administrative service activities,,SPC,
Theatrical Production,102133.0,59,591,5911,"Motion picture, video and television programme production activities",,SPC,
Threads &amp; Yarns Trading,103152.0,46,464,4641,"Wholesale of textiles, clothing and footwear",,SPC,
"Ticket sales activities for theatrical, sports and other amusement and entertainment events",103151.0,79,799,7990,Other reservation service and related activities,,SPC,
Tiles &amp; Flooring Materials Trading,103150.0,46,466,4663,"Wholesale of construction materials, hardware, plumbing and heating equipment and supplies",,SPC,
Timber Trading,103149.0,46,466,4663,"Wholesale of construction materials, hardware, plumbing and heating equipment and supplies",,SPC,
Tour operator activities,103148.0,79,791,7912,Tour operator activities,,SPC,
Tourism and Recreation Consultants,103144.0,70,702,7020,Management consultancy activities,,SPC,
Tourism promotion activities,103145.0,79,799,7990,Other reservation service and related activities,,SPC,
Tourist Guiding Services,103143.0,79,799,7990,Other reservation service and related activities,,SPC,
Trade and floor tiles - Wholesale,,46,466,4663,"Wholesale of construction materials, hardware, plumbing and heating equipment and supplies",,SPC,
"Trade Astronomy, Earthquakes and Monitoring Equipment - Wholesale",,46,465,4659,Wholesale of other machinery and equipment,,SPC,
Trade equipment and medical devices - wholesale,,46,465,4659,Wholesale of other machinery and equipment,,SPC,
Trade in services and tools for relaxation and massage,,96,960,9609,Other personal service activities n.e.c.,,SPC,
Trade Mark Verification Services,103141.0,71,712,7120,Technical testing and analysis,,SPC,
Trade Marks Registration Agent,103142.0,69,691,6910,Legal activities,,SPC,
Trade of used marine machinery and equipment,,46,465,4659,Wholesale of other machinery and equipment,,SPC,
Trading Agencies,,46,461,4610,Wholesale on a fee or contract basis,,SPC,
Trading in Building Fasteners,,46,466,4663,"Wholesale of construction materials, hardware, plumbing and heating equipment and supplies",,SPC,
"Trading in Kitchen Equipment Spare parts, Ready made Garments and Electronics",,46,465,4652,Wholesale of electronic and telecommunications equipment and parts,,SPC,
Trading in Medicines (Outside UAE),,46,464,4649,Wholesale of other household goods,,SPC,
Trading in Pharmaceutical Products,,46,464,4649,Wholesale of other household goods,,SPC,
Trading of aquaculture from local production,,46,463,4630,"Wholesale of food, beverages and tobacco",,SPC,
Trading of Dried Meat - Wholesale,,46,463,4630,"Wholesale of food, beverages and tobacco",,SPC,
Trading of medical hearing aids and their accessories – Wholesale,,46,464,4649,Wholesale of other household goods,,SPC,
Trading stations and systems of electric cars and spare parts - wholesale,,46,465,4652,Wholesale of electronic and telecommunications equipment and parts,,SPC,
Traffic Signs & Requisites Trading,103139.0,46,465,4659,Wholesale of other machinery and equipment,,SPC,
Training and Consultancies,,85,855,8550,Educational support activities,,SPC,
Training consultancy,,85,855,8550,Educational support activities,,SPC,
"Training Consultancy, Risk Management Services",,70,702,7020,Management consultancy activities,,SPC,
Training Fashion Design,,85,854,8549,Other education n.e.c.,,SPC,
Training in applied physics,,85,854,8549,Other education n.e.c.,,SPC,
Training On Accountancy And Auditing,,85,854,8549,Other education n.e.c.,,SPC,
Training on the development of personal competencies,,85,854,8549,Other education n.e.c.,,SPC,
Trains Spare Parts & Components Trading,103137.0,47,477,4773,Other retail sale of new goods in specialized stores,,SPC,
"Transcription of documents, and other secretarial services",103138.0,82,821,8219,"Photocopying, document preparation and other specialized office support activities",,SPC,
Translation and interpretation activities,103133.0,74,749,7490,"Other professional, scientific and technical activities n.e.c.",,SPC,
Translation Publications Services,103134.0,74,749,7490,"Other professional, scientific and technical activities n.e.c.",,SPC,
Translation Services,103128.0,74,749,7490,"Other professional, scientific and technical activities n.e.c.",,SPC,
"Translation Services, Audit Linguist and Education Services",103128.0,74,749,7490,"Other professional, scientific and technical activities n.e.c.",,SPC,
Transport Consultancies,103124.0,52,522,5229,Other transportation support activities,,SPC,
Transportation Consultancy,103124.0,52,522,5229,Other transportation support activities,,SPC,
Travel agency activities,103119.0,79,791,7911,Travel agency activities,,SPC,
Travel agency and tour operator activities,103119.0,79,791,7910,Travel agency and tour operator activities,,SPC,
Travel and Tourism,103119.0,79,791,7911,Travel agency activities,,SPC,
Trikke Scooters Trading,103117.0,45,454,4540,"Sale, maintenance and repair of motorcycles and related parts and accessories",,SPC,
"Trucks, Equipment and Machinery Batteries Trading",,45,453,4530,Sale of motor vehicle parts and accessories,,SPC,
"Trustee, Fiduciary And Custody Services On A Fee Or Contract Basis",,66,661,6619,Other activities auxiliary to financial service activities,,SPC,
Turnkey Projects Contracting,103101.0,46,461,4610,Wholesale on a fee or contract basis,,SPC,
Tv Shopping,103105.0,47,479,4791,Retail sale via mail order houses or via Internet,,SPC,
"Typewriters, Photocopiers &amp; Spare Parts Trading",103086.0,47,474,4741,"Retail sale of computers, peripheral units, software and telecommunications equipment in specialized stores",,SPC,
Typing & Photocopying Services,103087.0,82,821,8219,"Photocopying, document preparation and other specialized office support activities",,SPC,
"Typing, word processing, or desktop publishing",103088.0,82,821,8219,"Photocopying, document preparation and other specialized office support activities",,SPC,
"Tyre and tube repair, fitting or replacement",103089.0,45,452,4520,Maintenance and repair of motor vehicles,,SPC,
Uniforms Trading,103099.0,47,477,4771,"Retail sale of clothing, footwear and leather articles in specialized stores",,SPC,
Unmanned Aerial Vehicle (Drone) Services,103064.0,52,522,5229,Other transportation support activities,,SPC,
Upholstery Requisites Trading,103066.0,47,475,4752,"Retail sale of hardware, paints and glass in specialized stores",,SPC,
Used Auto Spare Parts &amp; Requisites Trading,103070.0,45,453,4530,Sale of motor vehicle parts and accessories,,SPC,
Used Automobile Trading For Export,103072.0,45,451,4510,Sale of motor vehicles,,SPC,
Used Building Machinery & Equipment Trading,103073.0,47,477,4774,Retail sale of second-hand goods,,SPC,
Used Cars Trading,103075.0,45,451,4510,Sale of motor vehicles,,SPC,
Used Cloth & Personal Items Trading,103076.0,46,464,4641,"Wholesale of textiles, clothing and footwear",,SPC,
Used Cooking Oils Trading,103077.0,46,466,4669,Wholesale of waste and scrap and other products n.e.c.,,SPC,
Used Electrical & Electronic Appliances Trading,103078.0,47,477,4774,Retail sale of second-hand goods,,SPC,
Used Furniture Trading,103079.0,47,477,4774,Retail sale of second-hand goods,,SPC,
Used Heavy Equipment &amp; Machinery Trading,103080.0,47,477,4774,Retail sale of second-hand goods,,SPC,
Used home furniture trade - wholesale,103082.0,46,466,4669,Wholesale of waste and scrap and other products n.e.c.,,SPC,
Used Household Utensils Trading,103083.0,47,477,4774,Retail sale of second-hand goods,,SPC,
Utensils and tools Wholesale Trading,,46,464,4649,Wholesale of other household goods,,SPC,
VA Proprietary Trading,,66,661,6619,Other activities auxiliary to financial service activities,,SPC,
Vacation Homes Rental,,68,681,6810,Real estate activities with own or leased property,,SPC,
Vegetables &amp; Fruit Trading,103057.0,46,463,4630,"Wholesale of food, beverages and tobacco",,SPC,
Vehicle Liquids Bottling,103058.0,82,829,8292,Packaging activities,,SPC,
Vehicles Numbers Trading,103059.0,46,469,4690,Non-specialized wholesale trade,,SPC,
Vending Machines Trading,103053.0,46,465,4659,Wholesale of other machinery and equipment,,SPC,
Ventilators & Fans Trading,103052.0,46,465,4659,Wholesale of other machinery and equipment,,SPC,
Verification Of Compliance Of Islamic Banking With Shari'A,103050.0,70,702,7020,Management consultancy activities,,SPC,
Vertical &amp; Horizontal Transportation Systems Consultant,103051.0,71,711,7110,Architectural and engineering activities and related technical consultancy,,SPC,
Vessels Inspection,103045.0,74,749,7490,"Other professional, scientific and technical activities n.e.c.",,SPC,
Veterinarian Consultancy,103047.0,75,750,7500,Veterinary activities,,SPC,
Veterinary Equipment & Instruments Trading,103042.0,46,465,4659,Wholesale of other machinery and equipment,,SPC,
Veterinary Medicines Trading,103043.0,46,464,4649,Wholesale of other household goods,,SPC,
Video Games Consoles Trading,103041.0,46,464,4649,Wholesale of other household goods,,SPC,
video games Wholesale Trading,103041.0,46,464,4649,Wholesale of other household goods,,SPC,
Virtual Reality and Augmented Reality Service Provider/Developer,,59,591,5912,"Motion picture, video and television programme production activities",,SPC,
Visual Arts Festivals,,90,900,9000,"Creative, arts and entertainment activities",,SPC,
Visual Materials Subtitling &amp; Dubbing Services,,59,591,5911,"Motion picture, video and television programme production activities",,SPC,
Visual Recorded Media Distribution,103036.0,59,591,5913,"Motion picture, video and television programme distribution activities",,SPC,
Visual Recordings Wholesale,,46,465,4652,Wholesale of electronic and telecommunications equipment and parts,,SPC,
"Volume, Noise and Oscillation Control Consultancy",103038.0,71,711,7110,Architectural and engineering activities and related technical consultancy,,SPC,
Warehousing and storage,103034.0,52,521,5210,Warehousing and storage,,SPC,
Washing and (dry-) cleaning of textile and fur products,,96,960,9601,Washing and (dry-) cleaning of textile and fur products,,SPC,
Waste management &amp;amp; Recycling Consultancy,103032.0,70,702,7020,Management consultancy activities,,SPC,
Waste Paper Trading,103022.0,46,466,4669,Wholesale of waste and scrap and other products n.e.c.,,SPC,
Water Cooling &amp; Heating Equipment Trading,103025.0,46,466,4663,"Wholesale of construction materials, hardware, plumbing and heating equipment and supplies",,SPC,
Water Desalination Equipment Trading,103026.0,46,465,4659,Wholesale of other machinery and equipment,,SPC,
Water Heaters Trading,103027.0,47,475,4752,"Retail sale of hardware, paints and glass in specialized stores",,SPC,
Water Treatment Equipment Trading,103029.0,46,465,4659,Wholesale of other machinery and equipment,,SPC,
Water well drilling,103030.0,42,422,4220,Construction of utility projects,,SPC,
Watersports Equipment Rental,103007.0,77,772,7721,Renting and leasing of recreational and sports goods,,SPC,
Wax Candles Trading,103008.0,47,475,4759,"Retail sale of electrical household appliances, furniture, lighting equipment and other household articles in specialized stores",,SPC,
Weather forecasting activities,103010.0,74,749,7490,"Other professional, scientific and technical activities n.e.c.",,SPC,
Web Design,103013.0,62,620,6201,Computer programming activities,,SPC,
Web hosting,103014.0,63,631,6311,"Data processing, hosting and related activities",,SPC,
Web portals,103015.0,63,631,6312,Web portals,,SPC,
Wedding Parties Organizing,103018.0,90,900,9000,"Creative, arts and entertainment activities",,SPC,
Weighing &amp; Measuring Services,103020.0,74,749,7490,"Other professional, scientific and technical activities n.e.c.",,SPC,
Welfare and guidance activities for children and adolescents,,88,889,8890,Other social work activities without accommodation,,SPC,
Well Drilling Equipment Trading,103021.0,47,477,4773,Other retail sale of new goods in specialized stores,,SPC,
Wholesale and retail sale by commission agents,,45,451,4510,Sale of motor vehicles,,SPC,
"Wholesale and retail sale of all kinds of parts, components, supplies, tools and accessories for motor vehicles, such as: • Rubber tires and inner tubes for tires • Spark plugs, batteries, lighting equipment and electrical parts",,45,453,4530,Sale of motor vehicle parts and accessories,,SPC,
"Wholesale and retail sale of motorcycles, including mopeds",,45,454,4540,"Sale, maintenance and repair of motorcycles and related parts and accessories",,SPC,
"Wholesale and retail sale of new and used vehicles, including passenger cars, ambulances, minibuses, lorries, trailers, and camping vehicles like caravans and motor homes.",,45,451,4510,Sale of motor vehicles,,SPC,
"Wholesale and retail sale of off-road motor vehicles (jeeps, etc.)",,45,451,4510,Sale of motor vehicles,,SPC,
Wholesale and retail sale of parts and accessories for motorcycles (including by commission agents and mail order houses),,45,454,4540,"Sale, maintenance and repair of motorcycles and related parts and accessories",,SPC,
Wholesale henna trade,,46,464,4649,Wholesale of other household goods,,SPC,
Wholesale of (Water Filters) Plugs Trading,,46,465,4659,Wholesale of other machinery and equipment,,SPC,
Wholesale of a variety of goods without any particular specialization,,46,469,4690,Non-specialized wholesale trade,,SPC,
"Wholesale of accessories and supplies animals, birds",,46,465,4659,Wholesale of other machinery and equipment,,SPC,
Wholesale of Agricultural Greenhouse Equipment And Outfit Trading,,46,465,4659,Wholesale of other machinery and equipment,,SPC,
"Wholesale of agricultural machinery and equipment: • Ploughs, manure spreaders, seeders • Harvesters • Threshers • Milking machines • Poultry-keeping machines, bee-keeping machines • Tractors used in agriculture and forestry",,46,465,4653,"Wholesale of agricultural machinery, equipment and supplies",,SPC,
"Wholesale of agricultural machinery, equipment and supplies",,46,465,4653,"Wholesale of agricultural machinery, equipment and supplies",,SPC,
"Wholesale of agricultural material, waste, residues and by-products used for animal feed",,46,462,4620,Wholesale of agricultural raw materials and live animals,,SPC,
Wholesale of agricultural raw materials and live animals,,46,462,4620,Wholesale of agricultural raw materials and live animals,,SPC,
"Wholesale of Aloes, Incense And Perfume Trading",,46,464,4649,Wholesale of other household goods,,SPC,
Wholesale of Apiaries Equipment And Outfit Trading,,46,465,4659,Wholesale of other machinery and equipment,,SPC,
Wholesale of Aquariums and Equipment Trading of Fish and Marine Animals Show,,46,465,4659,Wholesale of other machinery and equipment,,SPC,
Wholesale of Arabian Clothes Trading,,46,464,4641,"Wholesale of textiles, clothing and footwear",,SPC,
Wholesale of aromatic herbs and plants,,46,463,4630,"Wholesale of food, beverages and tobacco",,SPC,
Wholesale of Artificial Dried Flowers and Plants Trading,,46,464,4649,Wholesale of other household goods,,SPC,
Wholesale of Baby Care Equipment Trading,,46,464,4649,Wholesale of other household goods,,SPC,
Wholesale of Baby Shoes Trading,,46,464,4641,"Wholesale of textiles, clothing and footwear",,SPC,
Wholesale of bakery products,,46,463,4630,"Wholesale of food, beverages and tobacco",,SPC,
Wholesale of beverages,,46,463,4630,"Wholesale of food, beverages and tobacco",,SPC,
Wholesale of bicycles and their parts and accessories,,46,464,4649,Wholesale of other household goods,,SPC,
"Wholesale of blank audio and video tapes and diskettes, magnetic and optical disks (CDs, DVDs)",,46,465,4652,Wholesale of electronic and telecommunications equipment and parts,,SPC,
Wholesale of Block Manufacturing Equipment and Machinery Trading,,46,465,4659,Wholesale of other machinery and equipment,,SPC,
Wholesale of Block Trading,,46,465,4659,Wholesale of other machinery and equipment,,SPC,
Wholesale of Books Trading,,46,464,4649,Wholesale of other household goods,,SPC,
Wholesale of Boxes and Packets Trading,,46,465,4659,Wholesale of other machinery and equipment,,SPC,
Wholesale of Building Cleaning Equipment Trading,,46,465,4659,Wholesale of other machinery and equipment,,SPC,
"Wholesale of Building Sand, Pebbles and Stones Trading",,46,466,4663,"Wholesale of construction materials, hardware, plumbing and heating equipment and supplies",,SPC,
"Wholesale of Buildings, Windows and Doors Metal Products Trading",,46,466,4663,"Wholesale of construction materials, hardware, plumbing and heating equipment and supplies",,SPC,
Wholesale of Calculators and Outfit Trading,,46,465,4651,"Wholesale of computers, computer peripheral equipment and software",,SPC,
Wholesale of Car Cleaning and Washing Equipment Trading,,46,465,4659,Wholesale of other machinery and equipment,,SPC,
Wholesale of Carbonated Beverages Trading,,46,463,4630,"Wholesale of food, beverages and tobacco",,SPC,
Wholesale of Cement Products Trading,,46,466,4663,"Wholesale of construction materials, hardware, plumbing and heating equipment and supplies",,SPC,
Wholesale of Cereals and Seeds Trading,,46,462,4620,Wholesale of agricultural raw materials and live animals,,SPC,
Wholesale of Chandeliers and Lighting Items Trading,,46,464,4649,Wholesale of other household goods,,SPC,
Wholesale of Children Games Outfit Trading,,46,464,4641,"Wholesale of textiles, clothing and footwear",,SPC,
Wholesale of Children Ready-made Clothes Trading,,46,464,4641,"Wholesale of textiles, clothing and footwear",,SPC,
Wholesale of china and glassware,,46,464,4649,Wholesale of other household goods,,SPC,
Wholesale of Cities Cleaning Equipment Trading,,46,465,4659,Wholesale of other machinery and equipment,,SPC,
Wholesale of Cloth Hangers,,46,464,4641,"Wholesale of textiles, clothing and footwear",,SPC,
Wholesale of Clothes Cleaning Equipment Trading,,46,465,4659,Wholesale of other machinery and equipment,,SPC,
"Wholesale of clothing accessories such as gloves, ties and braces",,46,464,4641,"Wholesale of textiles, clothing and footwear",,SPC,
Wholesale of clothing accessories Trading,,46,464,4641,"Wholesale of textiles, clothing and footwear",,SPC,
"Wholesale of clothing, including sports clothes",,46,464,4641,"Wholesale of textiles, clothing and footwear",,SPC,
Wholesale of coffee machines and accessories,,46,464,4649,Wholesale of other household goods,,SPC,
"Wholesale of coffee, tea, cocoa and spices",100737.0,46,463,4630,"Wholesale of food, beverages and tobacco",,SPC,
Wholesale of Computer Outfit And Data Processing Trading,,46,465,4651,"Wholesale of computers, computer peripheral equipment and software",,SPC,
Wholesale of Computer Systems And Software Trading,,46,465,4651,"Wholesale of computers, computer peripheral equipment and software",,SPC,
Wholesale of computer-controlled machine tools,,46,465,4659,Wholesale of other machinery and equipment,,SPC,
Wholesale of computer-controlled machinery for the textile industry and of computer controlled sewing and knitting machines,,46,465,4659,Wholesale of other machinery and equipment,,SPC,
Wholesale of computers and computer peripheral equipment,,46,465,4651,"Wholesale of computers, computer peripheral equipment and software",,SPC,
Wholesale of Computers And Outfit Trading,,46,465,4651,"Wholesale of computers, computer peripheral equipment and software",,SPC,
"Wholesale of computers, computer peripheral equipment and software",,46,465,4651,"Wholesale of computers, computer peripheral equipment and software",,SPC,
Wholesale of Congratulation and Invitation Card Trading,,46,465,4652,Wholesale of electronic and telecommunications equipment and parts,,SPC,
"Wholesale of construction materials, hardware, plumbing and heating equipment and supplies",,46,466,4663,"Wholesale of construction materials, hardware, plumbing and heating equipment and supplies",,SPC,
"Wholesale of construction materials: • Sand, gravel",,46,466,4663,"Wholesale of construction materials, hardware, plumbing and heating equipment and supplies",,SPC,
Wholesale of consumer electronics: • Radio and TV equipment • CD and DVD players and recorders • Stereo equipment • Video game consoles,,46,464,4649,Wholesale of other household goods,,SPC,
Wholesale of Container and Bottle Caps Trading,,46,466,4669,Wholesale of waste and scrap and other products n.e.c.,,SPC,
Wholesale of Cosmetics and Trading,,46,464,4649,Wholesale of other household goods,,SPC,
Wholesale of Cosmetics equipment and tools,,46,464,4649,Wholesale of other household goods,,SPC,
"Wholesale of Crops, Cereals and Greens Trading",,46,462,4620,Wholesale of agricultural raw materials and live animals,,SPC,
Wholesale of Crystal Products Trading,,46,464,4649,Wholesale of other household goods,,SPC,
Wholesale of Cultural Environmental and Hand Made Products Trading,,46,464,4649,Wholesale of other household goods,,SPC,
Wholesale of cutlery,,46,464,4649,Wholesale of other household goods,,SPC,
Wholesale of Cutting Tools Trading,,46,464,4649,Wholesale of other household goods,,SPC,
Wholesale of dairy products,,46,463,4630,"Wholesale of food, beverages and tobacco",,SPC,
Wholesale of Dates Trading,,46,463,4630,"Wholesale of food, beverages and tobacco",,SPC,
Wholesale of Décor and Partition Material Trading,,46,466,4663,"Wholesale of construction materials, hardware, plumbing and heating equipment and supplies",,SPC,
Wholesale of Dive Gear Equipment Trading,,46,464,4649,Wholesale of other household goods,,SPC,
Wholesale of Dried Food Trading,,46,463,4630,"Wholesale of food, beverages and tobacco",,SPC,
Wholesale of dvertisement Media and Instruments Trading,,46,464,4649,Wholesale of other household goods,,SPC,
Wholesale of E-gates and Barriers Trading,,46,465,4659,Wholesale of other machinery and equipment,,SPC,
Wholesale of edible oils and fats of animal or vegetable origin,,46,463,4630,"Wholesale of food, beverages and tobacco",,SPC,
Wholesale of Education Media and Models Trading,,46,465,4652,Wholesale of electronic and telecommunications equipment and parts,,SPC,
Wholesale of eggs and egg products,,46,463,4630,"Wholesale of food, beverages and tobacco",,SPC,
Wholesale of Electricity Equipment And Fittings Trading,,46,466,4663,"Wholesale of construction materials, hardware, plumbing and heating equipment and supplies",,SPC,
"Wholesale of Electricity Generation, Transmission and Distribution Equipment Trading",,46,465,4659,Wholesale of other machinery and equipment,,SPC,
Wholesale of Electricity Transformers and Outfit Trading,,46,465,4659,Wholesale of other machinery and equipment,,SPC,
Wholesale of electronic and telecommunications equipment and parts,,46,465,4652,Wholesale of electronic and telecommunications equipment and parts,,SPC,
Wholesale of electronic valves and tubes,,46,465,4652,Wholesale of electronic and telecommunications equipment and parts,,SPC,
Wholesale of Engineering Drawing Equipment Trading,,46,465,4659,Wholesale of other machinery and equipment,,SPC,
Wholesale of Environment Protection Equipment Trading,,46,465,4659,Wholesale of other machinery and equipment,,SPC,
Wholesale of equipment and milking machines and milk pasteurization and mobilization Trading,,46,465,4653,"Wholesale of agricultural machinery, equipment and supplies",,SPC,
Wholesale of fabrics,,46,464,4641,"Wholesale of textiles, clothing and footwear",,SPC,
Wholesale of False Ceiling Trading,,46,466,4663,"Wholesale of construction materials, hardware, plumbing and heating equipment and supplies",,SPC,
Wholesale of feed for pet animals,,46,463,4630,"Wholesale of food, beverages and tobacco",,SPC,
Wholesale of ferrous and non-ferrous metal ores,,46,466,4662,Wholesale of metals and metal ores,,SPC,
Wholesale of ferrous and non-ferrous metals in primary forms,,46,466,4662,Wholesale of metals and metal ores,,SPC,
Wholesale of ferrous and non-ferrous semi-finished metal products n.e.c.,,46,466,4662,Wholesale of metals and metal ores,,SPC,
Wholesale of fertilizers and agrochemical products,,46,466,4669,Wholesale of waste and scrap and other products n.e.c.,,SPC,
Wholesale of Fibre glass Products Trading,,46,466,4663,"Wholesale of construction materials, hardware, plumbing and heating equipment and supplies",,SPC,
"Wholesale of Fibre-Optic Products, Accessories and Outfit Trading",,46,465,4652,Wholesale of electronic and telecommunications equipment and parts,,SPC,
Wholesale of Filling and Packaging Material Trading,,46,466,4669,Wholesale of waste and scrap and other products n.e.c.,,SPC,
Wholesale of fishery products,,46,463,4630,"Wholesale of food, beverages and tobacco",,SPC,
Wholesale of fittings and fixtures,101480.0,46,466,4663,"Wholesale of construction materials, hardware, plumbing and heating equipment and supplies",,SPC,
Wholesale of flat glass,,46,466,4663,"Wholesale of construction materials, hardware, plumbing and heating equipment and supplies",,SPC,
Wholesale of flowers and plants,,46,462,4620,Wholesale of agricultural raw materials and live animals,,SPC,
Wholesale of food and beverages,,46,463,4630,"Wholesale of food, beverages and tobacco",,SPC,
Wholesale of food and beverages,,46,463,4630,"Wholesale of food, beverages and tobacco",,SPC,
Wholesale of Food Oil and Animal and Plant Fat Trading,,46,463,4630,"Wholesale of food, beverages and tobacco",,SPC,
Wholesale of footwear,,46,464,4641,"Wholesale of textiles, clothing and footwear",,SPC,
Wholesale of Formal Clothes Trading,,46,464,4641,"Wholesale of textiles, clothing and footwear",,SPC,
"Wholesale of Frames, Photos and Portraits Trading",,46,464,4649,Wholesale of other household goods,,SPC,
Wholesale of Fresh Foodstuff Trading,,46,463,4630,"Wholesale of food, beverages and tobacco",,SPC,
Wholesale of Frozen Foodstuff Trading,,46,463,4630,"Wholesale of food, beverages and tobacco",,SPC,
Wholesale of fruit and vegetables,,46,463,4630,"Wholesale of food, beverages and tobacco",,SPC,
Wholesale of fur articles,,46,464,4641,"Wholesale of textiles, clothing and footwear",,SPC,
Wholesale of General Stores Equipment and Installations Trading,,46,465,4659,Wholesale of other machinery and equipment,,SPC,
Wholesale of Glass and Mirror Trading,,46,466,4663,"Wholesale of construction materials, hardware, plumbing and heating equipment and supplies",,SPC,
Wholesale of Glass Bottle Trading,,46,464,4649,Wholesale of other household goods,,SPC,
Wholesale of gold and other precious metals,,46,466,4662,Wholesale of metals and metal ores,,SPC,
Wholesale of GPS Systems Trading,,46,465,4652,Wholesale of electronic and telecommunications equipment and parts,,SPC,
Wholesale of grains and seeds,,46,462,4620,Wholesale of agricultural raw materials and live animals,,SPC,
Wholesale of Gypsum Products Trading,,46,466,4663,"Wholesale of construction materials, hardware, plumbing and heating equipment and supplies",,SPC,
"Wholesale of haberdashery: needles, sewing thread etc.",,46,464,4641,"Wholesale of textiles, clothing and footwear",,SPC,
Wholesale of hardware and locks,,46,466,4663,"Wholesale of construction materials, hardware, plumbing and heating equipment and supplies",,SPC,
Wholesale of hides and skins,,46,462,4620,Wholesale of agricultural raw materials and live animals,,SPC,
Wholesale of Honey and Apiaries Products Trading,,46,463,4630,"Wholesale of food, beverages and tobacco",,SPC,
Wholesale of Horse and Racing-camel Material and Outfit Trading,,46,462,4620,Wholesale of agricultural raw materials and live animals,,SPC,
Wholesale of hot water heaters,,46,466,4663,"Wholesale of construction materials, hardware, plumbing and heating equipment and supplies",,SPC,
Wholesale of Hotels Outfit,,46,464,4641,"Wholesale of textiles, clothing and footwear",,SPC,
Wholesale of House Prefabricated Kitchens Trading,,46,465,4659,Wholesale of other machinery and equipment,,SPC,
Wholesale of household appliances,,46,464,4649,Wholesale of other household goods,,SPC,
Wholesale of household furniture,,46,464,4649,Wholesale of other household goods,,SPC,
Wholesale of household linen etc.,,46,464,4641,"Wholesale of textiles, clothing and footwear",,SPC,
"Wholesale of industrial chemicals aniline, printing inks, essential oils, non-hydrocarbon industrial gases, chemical glues, colouring matter, synthetic resins, methanol, paraffin (non-fuel grade), scents and flavourings, soda, industrial salts, acids and sulphurs, starch derivatives etc",,46,466,4669,Wholesale of waste and scrap and other products n.e.c.,,SPC,
Wholesale of Insects and Rodents Pesticides Equipment Trading,,46,465,4659,Wholesale of other machinery and equipment,,SPC,
Wholesale of Iron Products Trading,,46,466,4662,Wholesale of metals and metal ores,,SPC,
Wholesale of Irrigation Equipment and Devices and Outfit Trading,,46,465,4653,"Wholesale of agricultural machinery, equipment and supplies",,SPC,
Wholesale of Journey Equipment and Tools Trading,,46,465,4659,Wholesale of other machinery and equipment,,SPC,
Wholesale of Laboratory and Factory Tools and Outfit Trading,,46,465,4659,Wholesale of other machinery and equipment,,SPC,
Wholesale of leather,,46,462,4620,Wholesale of agricultural raw materials and live animals,,SPC,
Wholesale of Leather Bags and Other Leather Products Trading,,46,464,4641,"Wholesale of textiles, clothing and footwear",,SPC,
Wholesale of leather goods and travel accessories,,46,464,4649,Wholesale of other household goods,,SPC,
Wholesale of Lighting Columns Trading,,46,465,4659,Wholesale of other machinery and equipment,,SPC,
Wholesale of lighting equipment,,46,464,4649,Wholesale of other household goods,,SPC,
Wholesale of live animals,,46,462,4620,Wholesale of agricultural raw materials and live animals,,SPC,
Wholesale of machine tools of any type and for any material,,46,465,4659,Wholesale of other machinery and equipment,,SPC,
Wholesale of Marble Trading,,46,466,4663,"Wholesale of construction materials, hardware, plumbing and heating equipment and supplies",,SPC,
Wholesale of Marine Equipment and Machinery Trading,,46,465,4659,Wholesale of other machinery and equipment,,SPC,
Wholesale of measuring instruments and equipment,,46,465,4659,Wholesale of other machinery and equipment,,SPC,
Wholesale of meat and meat products,,46,463,4630,"Wholesale of food, beverages and tobacco",,SPC,
Wholesale of Medical Shoes Trading,,46,464,4641,"Wholesale of textiles, clothing and footwear",,SPC,
Wholesale of Men Shoes Trading,,46,464,4641,"Wholesale of textiles, clothing and footwear",,SPC,
"Wholesale of metal and non-metal waste and scrap for recycling, including collection, sorting, and storage of used goods like cars for reusable parts, without real transformation. The waste retains a remaining value.",,46,466,4669,Wholesale of waste and scrap and other products n.e.c.,,SPC,
Wholesale of Metal Barrels Trading,,46,466,4663,"Wholesale of construction materials, hardware, plumbing and heating equipment and supplies",,SPC,
Wholesale of Metal Shaping Moulds Trading,,46,465,4659,Wholesale of other machinery and equipment,,SPC,
Wholesale of Metal Wires Trading,,46,466,4662,Wholesale of metals and metal ores,,SPC,
Wholesale of metals and metal ores,,46,466,4662,Wholesale of metals and metal ores,,SPC,
Wholesale of microchips and integrated circuits,,46,465,4652,Wholesale of electronic and telecommunications equipment and parts,,SPC,
Wholesale of Mills and Bakeries Equipment and Machinery Trading,,46,465,4659,Wholesale of other machinery and equipment,,SPC,
Wholesale of Mineral Water Trading,,46,463,4630,"Wholesale of food, beverages and tobacco",,SPC,
Wholesale of Multi-dimensional Photo Trading,,46,465,4652,Wholesale of electronic and telecommunications equipment and parts,,SPC,
"Wholesale of musical instruments, games and toys, sports goods",,46,464,4649,Wholesale of other household goods,,SPC,
Wholesale of Natural Pure Water Trading,,46,463,4630,"Wholesale of food, beverages and tobacco",,SPC,
Wholesale of Natural Stone Trading,,46,466,4663,"Wholesale of construction materials, hardware, plumbing and heating equipment and supplies",,SPC,
Wholesale of Nuts Trading,,46,463,4630,"Wholesale of food, beverages and tobacco",,SPC,
Wholesale of Office Equipment and Machinery Trading,,46,465,4659,Wholesale of other machinery and equipment,,SPC,
Wholesale of office furniture,,46,465,4659,Wholesale of other machinery and equipment,,SPC,
Wholesale of Office Furniture Trading,,46,465,4659,Wholesale of other machinery and equipment,,SPC,
"Wholesale of office machinery and equipment, except computers and computer peripheral equipment",,46,465,4659,Wholesale of other machinery and equipment,,SPC,
Wholesale of oleaginous fruits,,46,462,4620,Wholesale of agricultural raw materials and live animals,,SPC,
Wholesale of Olive and Pickles Trading,,46,463,4630,"Wholesale of food, beverages and tobacco",,SPC,
Wholesale of organic food Trading,,46,463,4630,"Wholesale of food, beverages and tobacco",,SPC,
"Wholesale of other electrical material such as electrical motors, transformers",,46,465,4659,Wholesale of other machinery and equipment,,SPC,
Wholesale of other household goods,,46,464,4649,Wholesale of other household goods,,SPC,
Wholesale of other machinery and equipment,,46,465,4659,Wholesale of other machinery and equipment,,SPC,
"Wholesale of other machinery n.e.c. for use in industry, trade and navigation and other services",,46,465,4659,Wholesale of other machinery and equipment,,SPC,
Wholesale of Packaging and Wrapping Equipment Trading,,46,465,4659,Wholesale of other machinery and equipment,,SPC,
Wholesale of paint and varnish,,46,466,4663,"Wholesale of construction materials, hardware, plumbing and heating equipment and supplies",,SPC,
Wholesale of Painting Equipment and Machinery Trading,,46,466,4663,"Wholesale of construction materials, hardware, plumbing and heating equipment and supplies",,SPC,
Wholesale of Palm Saplings and Seedlings Trading,,46,462,4620,Wholesale of agricultural raw materials and live animals,,SPC,
Wholesale of paper in bulk,,46,466,4669,Wholesale of waste and scrap and other products n.e.c.,,SPC,
Wholesale of Paper Products Trading,,46,464,4649,Wholesale of other household goods,,SPC,
Wholesale of Parks Equipments Trading,,46,465,4659,Wholesale of other machinery and equipment,,SPC,
"Wholesale of perfumery cosmetics, beauty products and soaps",,46,464,4649,Wholesale of other household goods,,SPC,
Wholesale of personal requisites,,46,464,4649,Wholesale of other household goods,,SPC,
Wholesale of pharmaceutical and medical goods,,46,464,4649,Wholesale of other household goods,,SPC,
Wholesale of Photocopiers and Outfit Trading,,46,464,4649,Wholesale of other household goods,,SPC,
Wholesale of Photographic and Optic Apparatuses Trading,,46,465,4659,Wholesale of other machinery and equipment,,SPC,
"Wholesale of photographic and optical goods (e.g. sunglasses, binoculars, magnifying glasses)",,46,464,4649,Wholesale of other household goods,,SPC,
Wholesale of Photographic Films and Material Trading,,46,464,4649,Wholesale of other household goods,,SPC,
Wholesale of Plane Internal Products Trading,,46,465,4659,Wholesale of other machinery and equipment,,SPC,
Wholesale of Plants and Trees Saplings Trading,,46,462,4620,Wholesale of agricultural raw materials and live animals,,SPC,
Wholesale of Plastic Bags and Containers Trading,,46,466,4669,Wholesale of waste and scrap and other products n.e.c.,,SPC,
Wholesale of plastic materials in primary forms,,46,466,4669,Wholesale of waste and scrap and other products n.e.c.,,SPC,
Wholesale of precious stones,,46,464,4649,Wholesale of other household goods,,SPC,
Wholesale of printed circuits,,46,465,4652,Wholesale of electronic and telecommunications equipment and parts,,SPC,
Wholesale of Printing Press Equipment and Supplies Trading,,46,465,4659,Wholesale of other machinery and equipment,,SPC,
Wholesale of production-line robots,,46,465,4659,Wholesale of other machinery and equipment,,SPC,
Wholesale of products of primary processing of wood,,46,466,4663,"Wholesale of construction materials, hardware, plumbing and heating equipment and supplies",,SPC,
Wholesale of Professional Clothes Trading,,46,464,4641,"Wholesale of textiles, clothing and footwear",,SPC,
Wholesale of Professional Shoes Trading,,46,464,4641,"Wholesale of textiles, clothing and footwear",,SPC,
"Wholesale of recorded audio and video tapes, CDs, DVDs",,46,464,4649,Wholesale of other household goods,,SPC,
Wholesale of Refining and Infiltration Devices Trading,,46,465,4659,Wholesale of other machinery and equipment,,SPC,
Wholesale of Restaurants and Kitchens Equipment and Outfit Trading,,46,465,4659,Wholesale of other machinery and equipment,,SPC,
Wholesale of Rice Trading,,46,463,4630,"Wholesale of food, beverages and tobacco",,SPC,
Wholesale of rubber,,46,466,4669,Wholesale of waste and scrap and other products n.e.c.,,SPC,
Wholesale of Safety and Fire Fighting Equipment and Devices Trading,,46,465,4659,Wholesale of other machinery and equipment,,SPC,
Wholesale of Salt Trading,,46,463,4630,"Wholesale of food, beverages and tobacco",,SPC,
"Wholesale of sanitary equipment: • Baths, washbasins, toilets and other sanitary porcelain",,46,466,4663,"Wholesale of construction materials, hardware, plumbing and heating equipment and supplies",,SPC,
"Wholesale of sanitary installation equipment: tubes, pipes, fittings, taps, t-pieces, connections, rubber pipes etc.",,46,466,4663,"Wholesale of construction materials, hardware, plumbing and heating equipment and supplies",,SPC,
Wholesale of Sanitary Ware and Connections Trading,,46,466,4663,"Wholesale of construction materials, hardware, plumbing and heating equipment and supplies",,SPC,
"Wholesale of School, Hospital and Laboratory Furniture Trading",,46,465,4659,Wholesale of other machinery and equipment,,SPC,
Wholesale of Scientific and Practical Equipment and Devices Trading,,46,465,4659,Wholesale of other machinery and equipment,,SPC,
Wholesale of Sea Cleaning Equipment Trading,,46,465,4659,Wholesale of other machinery and equipment,,SPC,
Wholesale of semiconductor devices,,46,465,4652,Wholesale of electronic and telecommunications equipment and parts,,SPC,
Wholesale of Sewing and Weaving Equipment and Spare Parts Trading,,46,465,4659,Wholesale of other machinery and equipment,,SPC,
Wholesale of Shipment Containers Trading,,46,465,4659,Wholesale of other machinery and equipment,,SPC,
Wholesale of Silverware and Table Ware Trading,,46,464,4649,Wholesale of other household goods,,SPC,
Wholesale of Smelter and Furnace Fire Stone Trading,,46,466,4669,Wholesale of waste and scrap and other products n.e.c.,,SPC,
Wholesale of software,,46,465,4651,"Wholesale of computers, computer peripheral equipment and software",,SPC,
Wholesale of Spare Parts Trading Of Electrical And Electronic Devices,,46,465,4652,Wholesale of electronic and telecommunications equipment and parts,,SPC,
Wholesale of Spare Parts Trading of Machines and Motors,,46,465,4659,Wholesale of other machinery and equipment,,SPC,
Wholesale of Spare Parts Trading of Safety and Fire Fighting Equipment,,46,465,4659,Wholesale of other machinery and equipment,,SPC,
Wholesale of Specialized Photography Equipment Tools and Outfit Trading,,46,465,4659,Wholesale of other machinery and equipment,,SPC,
Wholesale of Sports Field and Hall Equipment and Outfit Trading,,46,465,4659,Wholesale of other machinery and equipment,,SPC,
Wholesale of Sports Shoes Trading,,46,464,4641,"Wholesale of textiles, clothing and footwear",,SPC,
"Wholesale of stationery, books, magazines and newspapers",,46,464,4649,Wholesale of other household goods,,SPC,
Wholesale of Sterilizers and Disinfectants,103202.0,46,466,4661,"Wholesale of solid, liquid and gaseous fuels and related products",,SPC,
"Wholesale of sugar, chocolate and sugar confectionery",100825.0,46,463,4630,"Wholesale of food, beverages and tobacco",,SPC,
Wholesale of Sweets,,46,463,4630,"Wholesale of food, beverages and tobacco",,SPC,
Wholesale of Tailoring Outfit Trading,,46,464,4641,"Wholesale of textiles, clothing and footwear",,SPC,
Wholesale of Tanks and Reservoirs Trading,103184.0,46,466,4663,"Wholesale of construction materials, hardware, plumbing and heating equipment and supplies",,SPC,
Wholesale of telephone and communications equipment,,46,465,4652,Wholesale of electronic and telecommunications equipment and parts,,SPC,
Wholesale of textile fibres etc,,46,466,4669,Wholesale of waste and scrap and other products n.e.c.,,SPC,
"Wholesale of textiles, clothing and footwear",,46,464,4641,"Wholesale of textiles, clothing and footwear",,SPC,
Wholesale of tools and accessories breeding birds Trading,,46,465,4659,Wholesale of other machinery and equipment,,SPC,
"Wholesale of tools such as hammers, saws, screwdrivers and other hand tools",,46,466,4663,"Wholesale of construction materials, hardware, plumbing and heating equipment and supplies",,SPC,
Wholesale of Traffic and Guiding Boards and Outfit Trading,,46,465,4659,Wholesale of other machinery and equipment,,SPC,
"Wholesale of transport equipment except motor vehicles, motorcycles and bicycles",,46,465,4659,Wholesale of other machinery and equipment,,SPC,
Wholesale of Typewriter and Photocopier and Outfit Trading,,46,465,4651,"Wholesale of computers, computer peripheral equipment and software",,SPC,
Wholesale of umbrellas,103097.0,46,464,4641,"Wholesale of textiles, clothing and footwear",,SPC,
Wholesale of Underwear Trading,,46,464,4641,"Wholesale of textiles, clothing and footwear",,SPC,
Wholesale of Upholstery Material and Outfit Trading,,46,464,4649,Wholesale of other household goods,,SPC,
Wholesale of Vending Equipment Trading,,46,465,4659,Wholesale of other machinery and equipment,,SPC,
Wholesale of Ventilation Devices Trading,,46,465,4659,Wholesale of other machinery and equipment,,SPC,
Wholesale of Veterinary Apparatuses and Outfit Trading,,46,465,4659,Wholesale of other machinery and equipment,,SPC,
Wholesale of wallpaper and floor coverings,103035.0,46,466,4663,"Wholesale of construction materials, hardware, plumbing and heating equipment and supplies",,SPC,
Wholesale of Wallpaper Trading,,46,466,4663,"Wholesale of construction materials, hardware, plumbing and heating equipment and supplies",,SPC,
Wholesale of waste and scrap and other products n.e.c.,,46,466,4669,Wholesale of waste and scrap and other products n.e.c.,,SPC,
Wholesale of watches trading,,46,465,4652,Wholesale of electronic and telecommunications equipment and parts,,SPC,
"Wholesale of watches, clocks and jewellery",,46,464,4649,Wholesale of other household goods,,SPC,
Wholesale of Water Cooling and Heating Equipment and Machinery Trading,,46,466,4663,"Wholesale of construction materials, hardware, plumbing and heating equipment and supplies",,SPC,
Wholesale of Water Desalination Equipment and Machinery and Outfit Trading,,46,465,4659,Wholesale of other machinery and equipment,,SPC,
Wholesale of Water Heater Trading,,46,466,4663,"Wholesale of construction materials, hardware, plumbing and heating equipment and supplies",,SPC,
Wholesale of Well Drilling Equipment Trading,,46,465,4659,Wholesale of other machinery and equipment,,SPC,
Wholesale of wires and switches and other installation equipment for industrial use,,46,465,4659,Wholesale of other machinery and equipment,,SPC,
Wholesale of Women Shoes Trading,,46,464,4641,"Wholesale of textiles, clothing and footwear",,SPC,
Wholesale of wood in the rough,,46,466,4663,"Wholesale of construction materials, hardware, plumbing and heating equipment and supplies",,SPC,
Wholesale of Wood Products Trading,103001.0,46,466,4663,"Wholesale of construction materials, hardware, plumbing and heating equipment and supplies",,SPC,
"Wholesale of woodenware, wickerwork and corkware etc.",,46,464,4649,Wholesale of other household goods,,SPC,
Wholesale of Workshop Equipment and Machines and Spare Parts Trading,102999.0,46,465,4659,Wholesale of other machinery and equipment,,SPC,
Wholesale of Workshop Metal Equipment and Tools Trading,,46,465,4659,Wholesale of other machinery and equipment,,SPC,
Wholesale of yarn,,46,464,4641,"Wholesale of textiles, clothing and footwear",,SPC,
Wholesale on a fee or contract basis,,46,461,4610,Wholesale on a fee or contract basis,,SPC,
Wholesale tools and accessories extensions of computer networks,,46,465,4651,"Wholesale of computers, computer peripheral equipment and software",,SPC,
Wholesale trade in soil stabilizers,,46,462,4620,Wholesale of agricultural raw materials and live animals,,SPC,
Wholesale trading in alternative energy equipment and accessories,,46,465,4659,Wholesale of other machinery and equipment,,SPC,
Wholesale trading of Artificial Intelligence Robots,,46,465,4659,Wholesale of other machinery and equipment,,SPC,
Wholesale trading of multi-dimensional Printers,,46,465,4659,Wholesale of other machinery and equipment,,SPC,
Wholesale trading of smart Systems,,46,465,4659,Wholesale of other machinery and equipment,,SPC,
Window Blinds Manufacturing,103678.0,22,222,2220,Manufacture of plastics products,,SPC,
Wire and cable trade - Wholesale,,46,466,4662,Wholesale of metals and metal ores,,SPC,
Wired telecommunications activities,103005.0,61,611,6110,Wired telecommunications activities,,SPC,
Wireless telecommunications activities,,61,612,6120,Wireless telecommunications activities,,SPC,
Wires &amp; Cables Trading,103003.0,47,475,4752,"Retail sale of hardware, paints and glass in specialized stores",,SPC,
Women Underwears Trading,103002.0,47,477,4771,"Retail sale of clothing, footwear and leather articles in specialized stores",,SPC,
Wooden Products Trading,103001.0,46,466,4663,"Wholesale of construction materials, hardware, plumbing and heating equipment and supplies",,SPC,
Working Soap forming,103337.0,20,202,2023,"Manufacture of soap and detergents, cleaning and polishing preparations, perfumes and toilet preparations",,SPC,
"Workshop Equipment, Machinery &amp; Spare Parts Trading",102999.0,46,465,4659,Wholesale of other machinery and equipment,,SPC,
Workshop Hardware &amp; Tools Trading,102998.0,47,475,4752,"Retail sale of hardware, paints and glass in specialized stores",,SPC,
Writing Books and Films and Illustrating Books,,90,900,9000,"Creative, arts and entertainment activities",,SPC,
Yoga instruction,102995.0,85,854,8541,Sports and recreation education,,SPC,
Repair of electrical equipment,101233,33,331,3314,Repair of electrical equipment,,Spc,Draft
Waste management & Recycling Consultancy,103032,70,702,7020,Management consultancy activities,,Spc,Draft
Suitcases & Travel Requisites Wholesale,103196,46,464,4649,Wholesale of other household goods,,Spc,Draft
Security Systems & Equipment Trading,101085,46,465,4659,Wholesale of other machinery and equipment,,Spc,Draft
Mobile Phones & Accessories Trading,102734,46,465,4652,Wholesale of electronic and telecommunications equipment and parts,,Spc,Draft
Organic Fertilizer & Plant Feed Trading,100633,47,477,4773,Other retail sale of new goods in specialized stores,,Spc,Draft
Gum & Glue Trading,101724,46,466,4669,Wholesale of waste and scrap and other products n.e.c.,,Spc,Draft
Caps & Lids Trading,100555,46,469,4690,Non-specialized wholesale trade,,Spc,Draft
Retail Sale of Smart Machines & Spare Parts,100716,47,475,4759,"Retail sale of electrical household appliances, furniture, lighting equipment and other household articles in specialized stores",,Spc,Draft
Salted & Preserved Fish & Seafood Trading,100553,46,463,4630,"Wholesale of food, beverages and tobacco",,Spc,Draft
Wires & Cables Trading,103003,47,475,4752,"Retail sale of hardware, paints and glass in specialized stores",,Spc,Draft
Tanks & Silos Trading,103184,47,475,4752,"Retail sale of hardware, paints and glass in specialized stores",,Spc,Draft
E-Commerce Through Websites,101165,47,479,4791,Retail sale via mail order houses or via Internet,,Spc,Draft
Audio Recordings Publication,100300,58,581,5811,Book publishing,,Spc,Draft
Special effects and trick photography,103243,59,591,5911,"Motion picture, video and television programme production activities",,Spc,Draft
Films Production,101418,59,591,5911,"Motion picture, video and television programme production activities",,Spc,Draft
Films Production Supportive Services,101419,59,592,5920,Sound recording and music publishing activities,,Spc,Draft
Television Sketches and Effects Photography,103164,59,591,5911,"Motion picture, video and television programme production activities",,Spc,Draft
Audio Recorded Media Distribution,100297,59,592,5920,Sound recording and music publishing activities,,Spc,Draft
Radio Programs and Audio Recordings Production,100298,59,592,5920,Sound recording and music publishing activities,,Spc,Draft
Cinematic Studios Services,100690,59,591,5911,"Motion picture, video and television programme production activities",,Spc,Draft
Television Studios Services,101680,60,602,6020,Television programming and broadcasting activities,,Spc,Draft
Audio Studios Services,100301,59,592,5920,Sound recording and music publishing activities,,Spc,Draft
Operating & managing cinemas,102903,82,821,8211,Combined office administrative service activities,,Spc,Draft
Operating TV & Radio Broadcasting Stations except content managment,103163,60,602,6020,Television programming and broadcasting activities,,Spc,Draft
Art Production Services Contracts,100263,90,900,9000,"Creative, arts and entertainment activities",,Spc,Draft
Marketing & Selling events tickets,102625,79,799,7990,Other reservation service and related activities,,Spc,Draft
Festival Organization and Management,101403,82,823,8230,Organization of conventions and trade shows,,Spc,Draft
Social Events Management,101190,88,889,8890,Other social work activities without accommodation,,Spc,Draft
Events Production,101347,90,900,9000,"Creative, arts and entertainment activities",,Spc,Draft
Media Hardware Equipment and System Integration services,102664,62,620,6201,Computer programming activities,,Spc,Draft
Online news services,102800,61,619,6190,Other telecommunications activities,,Spc,Draft
Press Material Preparation and Distribution,102771,63,639,6399,Other information service activities n.e.c.,,Spc,Draft
"Is class includes the activities of holding companies, i.e. units that hold the assets (owning controlling-levels of equity) of a group of subsidiary corporations and whose principal activity is owning the group. the holding companies in this class do not provide any other service to the businesses in which the equity is held, i.e. they do not administer or manage other units.-",102002,64,642,6420,Activities of holding companies,,Spc,Draft
Tax Agent Service,103178,69,692,6920,"Accounting, bookkeeping and auditing activities; tax consultancy",,Spc,Draft
Building Inspection Services,100497,71,712,7120,Technical testing and analysis,,Spc,Draft
Alternative Energy Consultancy,100187,72,721,7210,Research and experimental development on natural sciences and engineering,,Spc,Draft
Environmental engineering Consultancy,101327,71,711,7110,Architectural and engineering activities and related technical consultancy,,Spc,Draft
Sustainable Mobility Consultancy,103289,52,522,5229,Other transportation support activities,,Spc,Draft
"Esearch and experimental development on natural science and engineering: • Research and development on natural sciences • Research and development on engineering and technology • Research and development on medical sciences • Research and development on biotechnology • Research and development on agricultural sciences • Interdisciplinary research and development, predominantly on natural sciences and engineering",101341,72,721,7210,Research and experimental development on natural sciences and engineering,,Spc,Draft
7210.11- Research and Development in Space Technology,100863,72,721,7210,Research and experimental development on natural sciences and engineering,,Spc,Draft
Marketing festivals and art events,102628,90,900,9000,"Creative, arts and entertainment activities",,Spc,Draft
Branding and Corporate Identity,100471,73,732,7320,Market research and public opinion polling,,Spc,Draft
Content Rights Management,100879,74,749,7490,"Other professional, scientific and technical activities n.e.c.",,Spc,Draft
Corporate Content Provider,100900,58,581,5819,Other publishing activities,,Spc,Draft
Production models by the three-dimensional imaging,100486,32,329,3290,Other manufacturing n.e.c.,,Spc,Draft
Air Photography,100148,74,742,7420,Photographic activities,,Spc,Draft
Parties and Occasions Photographing,100763,74,742,7420,Photographic activities,,Spc,Draft
Renting Photo booths,101084,77,773,7730,"Renting and leasing of other machinery, equipment and tangible goods",,Spc,Draft
Photography for construction projects,102871,74,742,7420,Photographic activities,,Spc,Draft
Documentary Films Photography,101122,59,591,5911,"Motion picture, video and television programme production activities",,Spc,Draft
Music Band,102753,90,900,9000,"Creative, arts and entertainment activities",,Spc,Draft
Pop Arts Shows,101459,90,900,9000,"Creative, arts and entertainment activities",,Spc,Draft
Laser Shows Presentation,102071,90,900,9000,"Creative, arts and entertainment activities",,Spc,Draft
Artwork for cosmetic Craft,100275,32,329,3290,Other manufacturing n.e.c.,,Spc,Draft
Entertainment Services and Contracting,101317,90,900,9000,"Creative, arts and entertainment activities",,Spc,Draft
Specialized works of art cinema,103228,59,591,5914,Motion picture projection activities,,Spc,Draft
Theatres and Cinemas Management,103155,82,821,8211,Combined office administrative service activities,,Spc,Draft
Organizing exhibitions of art works,102803,82,823,8230,Organization of conventions and trade shows,,Spc,Draft
Costume Design,100911,74,741,7410,Specialized design activities,,Spc,Draft
Digital and Interactive Game Development,101063,62,620,6201,Computer programming activities,,Spc,Draft
Organizing E-Sports Events,103209,93,931,9319,Other sports activities,,Spc,Draft
Organazing Digital Gaming events,101605,93,931,9319,Other sports activities,,Spc,Draft
Organazing Sports & Entertainment Games,102946,93,931,9311,Operation of sports facilities,,Spc,Draft
Photography training,102872,85,854,8549,Other education n.e.c.,,Spc,Draft
Pet Relocation Service,101628,96,960,9609,Other personal service activities n.e.c.,,Spc,Draft
"1811.10-Project Management Consultancy, Media, Marketing and Online Advertising Consultancy",102658,1,14,143,"Provides expert consultancy services in project management, media strategy, marketing, and online advertising to optimize business performance.",,Spc,Draft
1812.07- Production of proofs,103595,18,181,1812,Produces high-quality proofs for printing and publishing purposes to ensure accuracy and visual fidelity.,,Spc,Draft
"Electric power generation, transmission and distribution",101244,35,351,3510,"Engages in the generation, transmission, and distribution of electric power to supply energy to residential, commercial, and industrial customers.",,Spc,Draft
4649.02- Wholesale of household appliances,103976,46,464,4649,"Conducts wholesale trade of household appliances, supplying retailers and businesses with a variety of domestic electrical products.",,Spc,Draft
"Trading in peat, copper ore, copper concentrate",103977,46,466,4662,"Trades in raw materials including peat, copper ore, and copper concentrate for industrial and manufacturing applications.",,Spc,Draft
Abrasive and Minerals Trading,100830,46,466,4662,"Specializes in the trading of abrasives and minerals used in manufacturing, construction, and industrial processes.",,Spc,Draft
"This class includes the provision of food services based on contractual arrangements with the customer, at the location specified by the customer, for a specific event.",103978,56,562,5621,"Provides contracted food catering services for events at customer-specified locations, ensuring tailored culinary experiences.",,Spc,Draft
Geological engineering consultancies in the field of geological and technical support of exploration activities and mining operations,103979,71,711,7110,Offers geological engineering consultancy services supporting exploration and mining operations through technical and geological expertise.,,Spc,Draft
7210.02 -- Chemical industries consultancy,100658,71,711,7110,"Delivers consultancy services to the chemical industry, advising on processes, compliance, and innovation strategies.",,Spc,Draft
Visual Merchandising Services,102716,73,731,7310,Provides visual merchandising services to enhance retail presentation and optimize product display for increased sales.,,Spc,Draft
9603- Trading of Carbon Credits,100566,66,661,6612,Engages in the trading of carbon credits to facilitate environmental compliance and promote sustainable business practices.,,Spc,Draft
