activity name,activity code,division,group,class,isic description,activity description,jurisdiction,status
3D Printing Products Production (Additive Manufacturing) Services,100004.0,32,329,3290,Other manufacturing n.e.c.,,SRTIP,
Academic Liaison Office,100005.0,85,855,8550,Educational support activities,,SRTIP,
Accounting and Bookkeeping,100010.0,69,692,6920,"Accounting, bookkeeping and auditing activities; tax consultancy",,SRTIP,
Accounting Records and Books Keeping Organization,100010.0,69,692,6920,"Accounting, bookkeeping and auditing activities; tax consultancy",,SRTIP,
Accounting Training,100012.0,85,854,8549,Other education n.e.c.,,SRTIP,
Acids and Alkalines Trading,100013.0,46,466,4669,Wholesale of waste and scrap and other products n.e.c.,,SRTIP,
Acting and Related Arts Training,100016.0,85,854,8542,Cultural education,,SRTIP,
Adhesives Trading,100087.0,46,466,4669,Wholesale of waste and scrap and other products n.e.c.,,SRTIP,
Administrative Consultancy and Studies,100089.0,70,702,7020,Management consultancy activities,,SRTIP,
Administrative Services - Businessmen Services,100090.0,82,821,8211,Combined office administrative service activities,,SRTIP,
Administrative Training Services,100091.0,85,855,8550,Educational support activities,,SRTIP,
Advertisement ,100096.0,73,731,7310,Advertising,,SRTIP,
Advertisement Designing and Producing Services,100096.0,73,731,7310,Advertising,,SRTIP,
Advertisements Designing and Production,100096.0,73,731,7310,Advertising,,SRTIP,
Advertising and Communication Agency,100096.0,73,731,7310,Advertising,,SRTIP,
Advertising Catalogues Printing,100098.0,18,181,1811,Printing,,SRTIP,
Advertising Requisites Trading,100099.0,46,465,4659,Wholesale of other machinery and equipment,,SRTIP,
Advertising Researches and Consultancy,100100.0,73,731,7310,Advertising,,SRTIP,
Advertising Services Through Websites,100101.0,73,731,7310,Advertising,,SRTIP,
Aerial Advertising Services,100106.0,73,731,7310,Advertising,,SRTIP,
Agarwood and Incense Trading,100110.0,46,464,4649,Wholesale of other household goods,,SRTIP,
Agricultural and Veterinary Pesticides Trading,100115.0,47,477,4773,Other retail sale of new goods in specialized stores,,SRTIP,
"Agricultural Enterprises Investment, Institution and Management",100117.0,66,663,6630,Fund management activities,,SRTIP,
Agricultural Equipment and Accessories Trading,100118.0,46,465,4653,"Wholesale of agricultural machinery, equipment and supplies",,SRTIP,
Agricultural Equipment and Machinery Spare Parts Trading,100120.0,46,465,4653,"Wholesale of agricultural machinery, equipment and supplies",,SRTIP,
Agricultural Research and Consultancy,100127.0,74,749,7490,"Other professional, scientific and technical activities n.e.c.",,SRTIP,
Agricultural Tools Trading,100128.0,47,475,4752,"Retail sale of hardware, paints and glass in specialized stores",,SRTIP,
Air Advertisements,100136.0,73,731,7310,Advertising,,SRTIP,
Air Cargo Agent,100138.0,52,522,5229,Other transportation support activities,,SRTIP,
Air Cargo Services,100139.0,52,522,5224,Cargo handling,,SRTIP,
Air Freight and Passengers Charters Services,100146.0,51,511,5110,Passenger air transport,,SRTIP,
Air Means of Transportation Inspection and Classification,100147.0,71,712,7120,Technical testing and analysis,,SRTIP,
Air-Condition Trading,100141.0,46,465,4659,Wholesale of other machinery and equipment,,SRTIP,
"Air-Condition, Ventilations, Air Filtration Systems Installation and Maintenance",100152.0,43,432,4322,"Plumbing, heat and air-conditioning installation",,SRTIP,
"Air-Conditioning, Ventilations and Air Filtration Systems Trading",100155.0,46,465,4659,Wholesale of other machinery and equipment,,SRTIP,
Aircondition and Refrigeration Spare Parts Trading,100144.0,46,465,4659,Wholesale of other machinery and equipment,,SRTIP,
Aircraft Charter and Equipment Rental,100158.0,77,773,7730,"Renting and leasing of other machinery, equipment and tangible goods",,SRTIP,
Aircraft Scrap and Used Spare Parts Trading,100165.0,46,466,4669,Wholesale of waste and scrap and other products n.e.c.,,SRTIP,
Aircraft Spare Parts and Components Trading,100167.0,47,477,4773,Other retail sale of new goods in specialized stores,,SRTIP,
Aircraft Trading,100168.0,46,465,4659,Wholesale of other machinery and equipment,,SRTIP,
Aircrafts and Helicopters Trading,100170.0,46,465,4659,Wholesale of other machinery and equipment,,SRTIP,
Airplanes Management and Operation,100176.0,52,522,5223,Service activities incidental to air transportation,,SRTIP,
Airport Equipment Trading,100178.0,46,465,4659,Wholesale of other machinery and equipment,,SRTIP,
Animal and Poultry Farms Equipment Trading,100207.0,46,465,4659,Wholesale of other machinery and equipment,,SRTIP,
Animal Etiquette and Behaviour Consultancy,100209.0,75,750,7500,Veterinary activities,,SRTIP,
Animal Feed Trading,100211.0,46,462,4620,Wholesale of agricultural raw materials and live animals,,SRTIP,
Animal Fodder Supplements Trading,100212.0,46,466,4669,Wholesale of waste and scrap and other products n.e.c.,,SRTIP,
Antennas Trading,100224.0,46,465,4652,Wholesale of electronic and telecommunications equipment and parts,,SRTIP,
Aquarium and Display Cases Trading,100235.0,47,477,4773,Other retail sale of new goods in specialized stores,,SRTIP,
Arabic Language Institute,100244.0,85,854,8549,Other education n.e.c.,,SRTIP,
Arabwear Trading,100239.0,47,477,4771,"Retail sale of clothing, footwear and leather articles in specialized stores",,SRTIP,
Archeological Restoration and Conservation Engineering Consultancy,100246.0,71,711,7110,Architectural and engineering activities and related technical consultancy,,SRTIP,
Architectural Design Consultancy,100250.0,71,711,7110,Architectural and engineering activities and related technical consultancy,,SRTIP,
Architectural Designing Engineering and City Planning Consultancy,100251.0,71,711,7110,Architectural and engineering activities and related technical consultancy,,SRTIP,
Architectural Engineering Consultancy,100252.0,71,711,7110,Architectural and engineering activities and related technical consultancy,,SRTIP,
Architectural Production and Drawing Technical Consultancy,100253.0,71,711,7110,Architectural and engineering activities and related technical consultancy,,SRTIP,
Architectural Prospective Drawings Consultancy,100254.0,71,711,7110,Architectural and engineering activities and related technical consultancy,,SRTIP,
Architecture and Town Planning Training,100255.0,85,854,8549,Other education n.e.c.,,SRTIP,
Art Production Services Contracts,100263.0,90,900,9000,"Creative, arts and entertainment activities",,SRTIP,
Art Shows and Festivals Conducting,100264.0,90,900,9000,"Creative, arts and entertainment activities",,SRTIP,
Artificial Flowers and Plants Trading,100265.0,46,464,4649,Wholesale of other household goods,,SRTIP,
Artificial Intelligence Training,100267.0,85,854,8549,Other education n.e.c.,,SRTIP,
Artificial Stone Trading,100270.0,46,466,4663,"Wholesale of construction materials, hardware, plumbing and heating equipment and supplies",,SRTIP,
Astronomy Equipment Trading,100289.0,46,464,4649,Wholesale of other household goods,,SRTIP,
Audio Recorded Media Distribution,100297.0,59,592,5920,Sound recording and music publishing activities,,SRTIP,
"Audio-Visual, Recording Equipment and Accessories Trading",100302.0,46,465,4652,Wholesale of electronic and telecommunications equipment and parts,,SRTIP,
"Authentic Antiques, Artefacts and Original Artworks Trading",100308.0,46,464,4649,Wholesale of other household goods,,SRTIP,
Auto Spare Parts and Components Trading,100324.0,45,453,4530,Sale of motor vehicle parts and accessories,,SRTIP,
Auto Washing Equipment Trading,100328.0,46,465,4659,Wholesale of other machinery and equipment,,SRTIP,
Automatic Gates and Barriers Trading,100330.0,46,465,4659,Wholesale of other machinery and equipment,,SRTIP,
Automobile Engineering Consultancy,100334.0,71,711,7110,Architectural and engineering activities and related technical consultancy,,SRTIP,
Automobile Trading,100336.0,45,451,4510,Sale of motor vehicles,,SRTIP,
Aviation Business Brokerage Services,100337.0,52,522,5229,Other transportation support activities,,SRTIP,
Aviation Business Coordination,100338.0,52,522,5229,Other transportation support activities,,SRTIP,
Aviation Consultancy,100340.0,52,522,5229,Other transportation support activities,,SRTIP,
Baby Care Requisites Trading,100351.0,46,464,4649,Wholesale of other household goods,,SRTIP,
Baby Food Trading,100353.0,46,463,4630,"Wholesale of food, beverages and tobacco",,SRTIP,
Baby Wear Trading,100355.0,46,464,4641,"Wholesale of textiles, clothing and footwear",,SRTIP,
Bakeries and Flour Mills Equipment Trading,100362.0,46,465,4659,Wholesale of other machinery and equipment,,SRTIP,
"Bamboo, Cane and Wicker Products Trading",100369.0,47,475,4759,"Retail sale of electrical household appliances, furniture, lighting equipment and other household articles in specialized stores",,SRTIP,
Banking and Finance Consultancy,100373.0,66,661,6619,Other activities auxiliary to financial service activities,,SRTIP,
Banking Services Consultancy,100373.0,66,661,6619,Other activities auxiliary to financial service activities,,SRTIP,
Basic Industrial Chemicals Trading,100380.0,46,466,4669,Wholesale of waste and scrap and other products n.e.c.,,SRTIP,
Batteries Trading,100389.0,45,453,4530,Sale of motor vehicle parts and accessories,,SRTIP,
Beauty and Personal Care Products Trading,100397.0,46,464,4649,Wholesale of other household goods,,SRTIP,
Beauty and Personal Care Requisites Trading,100395.0,46,464,4649,Wholesale of other household goods,,SRTIP,
Bicycles and Spare Parts Trading,100403.0,46,464,4649,Wholesale of other household goods,,SRTIP,
Biodegradable and Compostable Products Trading,100413.0,47,477,4773,Other retail sale of new goods in specialized stores,,SRTIP,
Blank Cassettes Trading,100419.0,46,465,4652,Wholesale of electronic and telecommunications equipment and parts,,SRTIP,
"Blankets, Towels and Linens Trading",100420.0,46,464,4641,"Wholesale of textiles, clothing and footwear",,SRTIP,
Blast Furnaces and Smelters Trading,100423.0,46,465,4659,Wholesale of other machinery and equipment,,SRTIP,
"Bolts, Nuts, Screws and Nails Trading",100443.0,46,466,4663,"Wholesale of construction materials, hardware, plumbing and heating equipment and supplies",,SRTIP,
"Books, Newspapers and Publications Trading",100454.0,46,464,4649,Wholesale of other household goods,,SRTIP,
Booth Selling Potatoes,100455.0,47,478,4781,"Retail sale via stalls and markets of food, beverages and tobacco products",,SRTIP,
Branding and Corporate Identity Services,100471.0,73,732,7320,Market research and public opinion polling,,SRTIP,
Branding Services,100472.0,73,732,7320,Market research and public opinion polling,,SRTIP,
Bread and Bakery Products Trading,100473.0,46,463,4630,"Wholesale of food, beverages and tobacco",,SRTIP,
Bricks Making Equipment Trading,100476.0,46,465,4659,Wholesale of other machinery and equipment,,SRTIP,
Bricks Trading,100478.0,46,466,4663,"Wholesale of construction materials, hardware, plumbing and heating equipment and supplies",,SRTIP,
Broadcasting Concultancy,100482.0,70,702,7020,Management consultancy activities,,SRTIP,
Building and Civil Engineering Training Services,100487.0,85,852,8522,Technical and vocational secondary education,,SRTIP,
Building and Construction Materials Trading,100488.0,46,466,4663,"Wholesale of construction materials, hardware, plumbing and heating equipment and supplies",,SRTIP,
Building Cleaning Equipment Trading,100489.0,46,465,4659,Wholesale of other machinery and equipment,,SRTIP,
Building Hardware and Tools Trading,100496.0,47,475,4752,"Retail sale of hardware, paints and glass in specialized stores",,SRTIP,
Building Maquettes and Models Requisites Trading,100499.0,47,475,4752,"Retail sale of hardware, paints and glass in specialized stores",,SRTIP,
Building Mechanical Engineering Consultancy,100500.0,71,711,7110,Architectural and engineering activities and related technical consultancy,,SRTIP,
Building Metal Products Trading,100502.0,47,475,4752,"Retail sale of hardware, paints and glass in specialized stores",,SRTIP,
Buildings Electrical Engineering Consultancy,100509.0,71,711,7110,Architectural and engineering activities and related technical consultancy,,SRTIP,
Buildings Energy Efficiency Consultancy,100510.0,71,711,7110,Architectural and engineering activities and related technical consultancy,,SRTIP,
"Buses, Trucks Trading",100513.0,45,451,4510,Sale of motor vehicles,,SRTIP,
Business Center,100520.0,82,821,8211,Combined office administrative service activities,,SRTIP,
Business Coaching Services,100521.0,70,702,7020,Management consultancy activities,,SRTIP,
Business Events Management Services,100524.0,82,823,8230,Organization of conventions and trade shows,,SRTIP,
Business Incubator Center,100525.0,82,821,8211,Combined office administrative service activities,,SRTIP,
Business Plans Services,100527.0,70,702,7020,Management consultancy activities,,SRTIP,
Businessmen Services,100530.0,82,829,8299,Other business support service activities n.e.c.,,SRTIP,
Cafeteria,100542.0,56,561,5610,Restaurants and mobile food service activities,,SRTIP,
Calculators and Spare Parts Trading,100543.0,47,474,4741,"Retail sale of computers, peripheral units, software and telecommunications equipment in specialized stores",,SRTIP,
Camping Requisites Trading,100550.0,47,476,4763,Retail sale of sporting equipment in specialized stores,,SRTIP,
Canned and Preserved Food Trading,100553.0,46,463,4630,"Wholesale of food, beverages and tobacco",,SRTIP,
Caps and Lids Trading,100555.0,46,469,4690,Non-specialized wholesale trade,,SRTIP,
Car Engineering Consultancy,100557.0,71,711,7110,Architectural and engineering activities and related technical consultancy,,SRTIP,
Carbon Control Systems Trading,100566.0,46,465,4659,Wholesale of other machinery and equipment,,SRTIP,
Carpets Trading,100591.0,46,464,4649,Wholesale of other household goods,,SRTIP,
Cars Accessories Trading,100592.0,45,453,4530,Sale of motor vehicle parts and accessories,,SRTIP,
Cars Batteries Trading,100594.0,45,453,4530,Sale of motor vehicle parts and accessories,,SRTIP,
Cars Tyres and Outfit Trading,100600.0,45,453,4530,Sale of motor vehicle parts and accessories,,SRTIP,
Catering Services,100620.0,56,562,5629,Other food service activities,,SRTIP,
Cement and Gypsum Trading,100624.0,46,466,4663,"Wholesale of construction materials, hardware, plumbing and heating equipment and supplies",,SRTIP,
Cement Products Trading,100626.0,46,466,4663,"Wholesale of construction materials, hardware, plumbing and heating equipment and supplies",,SRTIP,
Central Ventilators and Air-Filters Trading,100633.0,47,477,4773,Other retail sale of new goods in specialized stores,,SRTIP,
Ceramic and Chinaware Trading,100635.0,46,464,4649,Wholesale of other household goods,,SRTIP,
Cereals and Seeds Trading,100639.0,46,462,4620,Wholesale of agricultural raw materials and live animals,,SRTIP,
Chandeliers Trading,100645.0,46,464,4649,Wholesale of other household goods,,SRTIP,
Chemical Fertilizers Trading,100656.0,46,466,4669,Wholesale of waste and scrap and other products n.e.c.,,SRTIP,
Chemical Industries Consultancy,100658.0,71,711,7110,Architectural and engineering activities and related technical consultancy,,SRTIP,
Chemical Related Consultancy,100660.0,71,711,7110,Architectural and engineering activities and related technical consultancy,,SRTIP,
Child Skills Development Training,100668.0,85,854,8549,Other education n.e.c.,,SRTIP,
Cigarettes and Tobacco and its Products Trading,100686.0,46,463,4630,"Wholesale of food, beverages and tobacco",,SRTIP,
City Cleaning Equipment Trading,100692.0,46,465,4659,Wholesale of other machinery and equipment,,SRTIP,
Civil and Architectural Engineering and Décor Consultancy,100693.0,71,711,7110,Architectural and engineering activities and related technical consultancy,,SRTIP,
Civil Aviation Information Services,100694.0,52,522,5223,Service activities incidental to air transportation,,SRTIP,
Classic Cars Trading,100701.0,45,451,4510,Sale of motor vehicles,,SRTIP,
"Cleaning, Disinfection and Sterilization Services",100710.0,81,812,8129,Other building and industrial cleaning activities,,SRTIP,
Cleanroom Systems Trading,100711.0,47,477,4773,Other retail sale of new goods in specialized stores,,SRTIP,
Cloth Hangers Trading,100716.0,47,475,4759,"Retail sale of electrical household appliances, furniture, lighting equipment and other household articles in specialized stores",,SRTIP,
"Clothing Accessories (Gloves, Neckties and Suspenders Pants)Trading",100721.0,46,464,4641,"Wholesale of textiles, clothing and footwear",,SRTIP,
Co-Operative Society,100726.0,94,949,9499,Activities of other membership organizations n.e.c.,,SRTIP,
Coal and Firewood Trading,100728.0,46,466,4661,"Wholesale of solid, liquid and gaseous fuels and related products",,SRTIP,
Coffee Decaffeinating and Roasting,100733.0,10,107,1071,Manufacture of bakery products,,SRTIP,
Coffee Shop,100736.0,56,563,5630,Beverage serving activities,,SRTIP,
Coffee Trading,100735.0,46,463,4630,"Wholesale of food, beverages and tobacco",,SRTIP,
Commercial Agent,100762.0,46,461,4610,Wholesale on a fee or contract basis,,SRTIP,
Commercial Brokers Services,100766.0,46,461,4610,Wholesale on a fee or contract basis,,SRTIP,
"Commercial Enterprises Investment, Institution and Management",100768.0,66,663,6630,Fund management activities,,SRTIP,
Commercial Equipment and Professional Machines Renting,100769.0,77,773,7730,"Renting and leasing of other machinery, equipment and tangible goods",,SRTIP,
Commodities Designing Consultancy,100774.0,74,741,7410,Specialized design activities,,SRTIP,
Communication Engineering Consultancy,100777.0,71,711,7110,Architectural and engineering activities and related technical consultancy,,SRTIP,
Communications Engineering Consultancy,100777.0,71,711,7110,Architectural and engineering activities and related technical consultancy,,SRTIP,
Companies Services Provider,100781.0,70,701,7010,Activities of head offices,,SRTIP,
Computer and Data Processing Requisites Trading,100790.0,47,474,4741,"Retail sale of computers, peripheral units, software and telecommunications equipment in specialized stores",,SRTIP,
Computer Concultancy,100792.0,62,620,6202,Computer consultancy and computer facilities management activities,,SRTIP,
Computer Electric Accessories Trading,100794.0,47,474,4741,"Retail sale of computers, peripheral units, software and telecommunications equipment in specialized stores",,SRTIP,
Computer Equipment and Requisites Trading,100796.0,47,474,4741,"Retail sale of computers, peripheral units, software and telecommunications equipment in specialized stores",,SRTIP,
Computer Networks Fittings,100800.0,62,620,6202,Computer consultancy and computer facilities management activities,,SRTIP,
Computer Skills Training Services,100805.0,85,854,8549,Other education n.e.c.,,SRTIP,
Computer Software Training,100806.0,85,854,8549,Other education n.e.c.,,SRTIP,
Computer System Housing Services,100807.0,63,631,6311,"Data processing, hosting and related activities",,SRTIP,
Computer Systems and Software Designing,100810.0,62,620,6201,Computer programming activities,,SRTIP,
Computer Systems And Software Trading,100809.0,46,465,4651,"Wholesale of computers, computer peripheral equipment and software",,SRTIP,
Computer Training,100813.0,85,854,8549,Other education n.e.c.,,SRTIP,
Confectionery and Chocolate Trading,100825.0,46,463,4630,"Wholesale of food, beverages and tobacco",,SRTIP,
Construction Chemicals,100833.0,46,466,4661,"Wholesale of solid, liquid and gaseous fuels and related products",,SRTIP,
Construction Engineering Consultancy,100836.0,71,711,7110,Architectural and engineering activities and related technical consultancy,,SRTIP,
Construction Equipment and Machinery Spare Parts Trading,100839.0,47,477,4773,Other retail sale of new goods in specialized stores,,SRTIP,
Construction Equipment and Machinery Trading,100840.0,47,477,4773,Other retail sale of new goods in specialized stores,,SRTIP,
Construction Metal Structures Trading,100843.0,46,466,4662,Wholesale of metals and metal ores,,SRTIP,
Consultancy and Studies and Researches in Renewable Energy,100856.0,72,721,7210,Research and experimental development on natural sciences and engineering,,SRTIP,
Consultancy of Survey Engineering,100858.0,71,711,7110,Architectural and engineering activities and related technical consultancy,,SRTIP,
Consulting and Research and Development in The Field of Technology Education,100863.0,72,721,7210,Research and experimental development on natural sciences and engineering,,SRTIP,
Consulting Engineering for Green Buildings,100865.0,71,711,7110,Architectural and engineering activities and related technical consultancy,,SRTIP,
Consulting in Animal Behavior,100209.0,75,750,7500,Veterinary activities,,SRTIP,
Consulting maintenance and technical operation solutions for industrial machines,100869.0,70,702,7020,Management consultancy activities,,SRTIP,
Consulting Technical Equipment and Technical,100870.0,70,702,7020,Management consultancy activities,,SRTIP,
Converting Industries Equipment and Machinery Rental,100884.0,77,773,7730,"Renting and leasing of other machinery, equipment and tangible goods",,SRTIP,
Cookers and Cookstoves Trading,100888.0,47,475,4759,"Retail sale of electrical household appliances, furniture, lighting equipment and other household articles in specialized stores",,SRTIP,
Cooking Consultancy,100890.0,70,702,7020,Management consultancy activities,,SRTIP,
Cooking Oil Mobile Microfiltration,100891.0,38,382,3821,Treatment and disposal of non-hazardous waste,,SRTIP,
Corporate Services Provider (CSP),100781.0,70,701,7010,Activities of head offices,,SRTIP,
Cosmetics and Personal Care Preservatives Manufacturing,100907.0,20,202,2029,Manufacture of other chemical products n.e.c.,,SRTIP,
Cosmetics Manufacturing,100908.0,32,329,3290,Other manufacturing n.e.c.,,SRTIP,
Cost Control and Risk Management Services,100910.0,70,702,7020,Management consultancy activities,,SRTIP,
Costume Design Services,100911.0,74,741,7410,Specialized design activities,,SRTIP,
Cotton and Natural Fibers Trading,100914.0,46,462,4620,Wholesale of agricultural raw materials and live animals,,SRTIP,
Courier Services (Branch),100916.0,53,532,5320,Courier activities,,SRTIP,
Crane Rails and Fixing Accessories Trading,100919.0,47,475,4752,"Retail sale of hardware, paints and glass in specialized stores",,SRTIP,
Crude Oil Abroad Trading,100937.0,46,466,4661,"Wholesale of solid, liquid and gaseous fuels and related products",,SRTIP,
Crystal Products Trading,100948.0,46,464,4649,Wholesale of other household goods,,SRTIP,
Curtains and Upholstery Fabrics Trading,100955.0,46,464,4641,"Wholesale of textiles, clothing and footwear",,SRTIP,
Curtains Preparing,100957.0,95,952,9524,Repair of furniture and home furnishings,,SRTIP,
"Curtains, Sheets and Blankets Cleaning",100958.0,96,960,9601,Washing and (dry-) cleaning of textile and fur products,,SRTIP,
Customer Care Center,100961.0,82,829,8299,Other business support service activities n.e.c.,,SRTIP,
Customs Clearance Services,100964.0,52,522,5229,Other transportation support activities,,SRTIP,
Customs Consultancy,100965.0,70,702,7020,Management consultancy activities,,SRTIP,
Cutlery and Silverware Trading,100966.0,46,464,4649,Wholesale of other household goods,,SRTIP,
Cyber Risk Management Services,100975.0,62,620,6202,Computer consultancy and computer facilities management activities,,SRTIP,
Cyber Security Consultancy,100977.0,62,620,6202,Computer consultancy and computer facilities management activities,,SRTIP,
Dairy Products Trading,100980.0,46,463,4630,"Wholesale of food, beverages and tobacco",,SRTIP,
Data Classification and Analysis Services,100985.0,63,631,6311,"Data processing, hosting and related activities",,SRTIP,
Data Collection from One or More Sources,100986.0,63,631,6311,"Data processing, hosting and related activities",,SRTIP,
Data Entering Services,100987.0,63,631,6311,"Data processing, hosting and related activities",,SRTIP,
Data Preparation Services,100989.0,63,631,6311,"Data processing, hosting and related activities",,SRTIP,
Data Storing and Recovering,100992.0,63,631,6311,"Data processing, hosting and related activities",,SRTIP,
Databases Designing Services ,100993.0,62,620,6201,Computer programming activities,,SRTIP,
Dates Trading,100999.0,47,472,4721,Retail sale of food in specialized stores,,SRTIP,
Decoration Design and Implementation Using 3D Printing Technology,101009.0,74,741,7410,Specialized design activities,,SRTIP,
Decoration Materials and Partitions Trading,101010.0,46,466,4663,"Wholesale of construction materials, hardware, plumbing and heating equipment and supplies",,SRTIP,
Department Store,101022.0,47,471,4719,Other retail sale in non-specialized stores,,SRTIP,
"Desalination, Sewage Treatment Plants Operation and Maintenance",101025.0,37,370,3700,Sewerage,,SRTIP,
Design and Artworks Services,101027.0,18,181,1812,Service activities related to printing,,SRTIP,
Design and Production Of Frame Prototypes,101028.0,74,741,7410,Specialized design activities,,SRTIP,
Design Services,101032.0,74,741,7410,Specialized design activities,,SRTIP,
Design Training Services,101034.0,85,854,8549,Other education n.e.c.,,SRTIP,
Designing the databases,101037.0,62,620,6201,Computer programming activities,,SRTIP,
Detergents and Cleansers Trading,101044.0,46,466,4669,Wholesale of waste and scrap and other products n.e.c.,,SRTIP,
Development and Innovation in Electronic Trading in Electronic Products and Services,101048.0,62,620,6209,Other information technology and computer service activities,,SRTIP,
Diesel Fuel Trading,101058.0,46,466,4661,"Wholesale of solid, liquid and gaseous fuels and related products",,SRTIP,
Digital and Interactive Game Development,101063.0,62,620,6201,Computer programming activities,,SRTIP,
Digital Content Creation Services,101064.0,62,620,6202,Computer consultancy and computer facilities management activities,,SRTIP,
"Directories, Guides, Manuals and Catalogues Services",101078.0,58,581,5819,Other publishing activities,,SRTIP,
Disinfection and Sterilization Services,101086.0,81,812,8129,Other building and industrial cleaning activities,,SRTIP,
Dismantling and destruction of means of transport (Resale),101087.0,38,383,3830,Materials recovery,,SRTIP,
Distributed Ledger Technology Services,101100.0,62,620,6201,Computer programming activities,,SRTIP,
Distributed Ledger Technology Services ,101100.0,62,620,6209,Other information technology and computer service activities,,SRTIP,
Diving Equipment Trading,101115.0,47,476,4763,Retail sale of sporting equipment in specialized stores,,SRTIP,
Documents Clearing Services,101126.0,82,829,8299,Other business support service activities n.e.c.,,SRTIP,
Domestic Kitchen and Fixture Trading,101131.0,47,475,4759,"Retail sale of electrical household appliances, furniture, lighting equipment and other household articles in specialized stores",,SRTIP,
Dried Vegetables and Fruit Trading,101141.0,46,463,4630,"Wholesale of food, beverages and tobacco",,SRTIP,
"Drilling Engineering, Reservoir and Production Consultancy",101143.0,71,711,7110,Architectural and engineering activities and related technical consultancy,,SRTIP,
"Drilling, Stock and Production Engineering Consultancy",101144.0,71,711,7110,Architectural and engineering activities and related technical consultancy,,SRTIP,
Drug Store,101148.0,47,477,4772,"Retail sale of pharmaceutical and medical goods, cosmetic and toilet articles in specialized stores",,SRTIP,
Dry Batteries Trading,101150.0,46,465,4652,Wholesale of electronic and telecommunications equipment and parts,,SRTIP,
Dry Ice Trading,101155.0,46,464,4649,Wholesale of other household goods,,SRTIP,
E-Commerce Through Social Media,101164.0,47,479,4791,Retail sale via mail order houses or via Internet,,SRTIP,
E-Commerce Through Websites,101165.0,47,479,4791,Retail sale via mail order houses or via Internet,,SRTIP,
E-Sports Data and Analytics Services,101175.0,63,631,6311,"Data processing, hosting and related activities",,SRTIP,
E-sports Online Publication,101178.0,58,581,5819,Other publishing activities,,SRTIP,
E-Transaction Complex,101185.0,63,631,6312,Web portals,,SRTIP,
Early Educational and Rehabilitation Services,101189.0,88,889,8890,Other social work activities without accommodation,,SRTIP,
Economical Feasibility Consultancy and Studies,101193.0,70,702,7020,Management consultancy activities,,SRTIP,
Education and Training Computer Software,101196.0,62,620,6201,Computer programming activities,,SRTIP,
"Education Services Enterprises Investment, Institution and Management",101199.0,66,663,6630,Fund management activities,,SRTIP,
Education Support Services,101200.0,85,855,8550,Educational support activities,,SRTIP,
Educational Aids Trading,101203.0,46,464,4649,Wholesale of other household goods,,SRTIP,
Educational Consultancy,101197.0,85,855,8550,Educational support activities,,SRTIP,
Educational Services,101207.0,85,854,8549,Other education n.e.c.,,SRTIP,
Educational Technologies Research and Development,101208.0,72,722,7220,Research and experimental development on social sciences and humanities,,SRTIP,
Egg Trading,101212.0,46,463,4630,"Wholesale of food, beverages and tobacco",,SRTIP,
"Electrical, Electronic Appliances and Spare Parts Trading",101227.0,46,465,4652,Wholesale of electronic and telecommunications equipment and parts,,SRTIP,
Electrical and Electronic Appliances Spare Parts Trading,101229.0,46,465,4652,Wholesale of electronic and telecommunications equipment and parts,,SRTIP,
Electrical Fittings Trading,101235.0,46,466,4663,"Wholesale of construction materials, hardware, plumbing and heating equipment and supplies",,SRTIP,
Electrical Generators And Transformers Installation And Maintenance,101236.0,43,432,4321,Electrical installation,,SRTIP,
Electrical Network and Distribution Engineering Consultancy,101241.0,71,711,7110,Architectural and engineering activities and related technical consultancy,,SRTIP,
Electricity Facilities Engineering Consultancy,101243.0,71,711,7110,Architectural and engineering activities and related technical consultancy,,SRTIP,
Electricity Transmission And Control Equipment Installation Works,101245.0,43,432,4321,Electrical installation,,SRTIP,
Electromechanical Equipment and Related Accessories Trading,101246.0,46,465,4659,Wholesale of other machinery and equipment,,SRTIP,
Electromechanical Equipment Installation and Maintenance,101247.0,43,432,4322,"Plumbing, heat and air-conditioning installation",,SRTIP,
Electronic Chips Designing and Programing,101254.0,62,620,6201,Computer programming activities,,SRTIP,
Electronic Chips Programming Services,101255.0,62,620,6201,Computer programming activities,,SRTIP,
Electronic Cigarettes and Accessories Trading,101256.0,46,463,4630,"Wholesale of food, beverages and tobacco",,SRTIP,
Electronic Devices Engineering Consultancy,101258.0,71,711,7110,Architectural and engineering activities and related technical consultancy,,SRTIP,
Electronic Equipment and Devices Systems and Software Designing,101261.0,62,620,6201,Computer programming activities,,SRTIP,
Electronic Games,101263.0,93,932,9329,Other amusement and recreation activities n.e.c.,,SRTIP,
Electronic Precision Instruments Trading,101270.0,46,465,4652,Wholesale of electronic and telecommunications equipment and parts,,SRTIP,
Elevators and Escalators and Spare Parts Trading,101279.0,46,465,4659,Wholesale of other machinery and equipment,,SRTIP,
Energy Efficiency of Buildings Services,101295.0,71,711,7110,Architectural and engineering activities and related technical consultancy,,SRTIP,
Energy Projects Engineering Consultancy,101299.0,71,711,7110,Architectural and engineering activities and related technical consultancy,,SRTIP,
Engineering Consultancy in illumination and External Lighting for Buildings,101303.0,71,711,7110,Architectural and engineering activities and related technical consultancy,,SRTIP,
Engineering Consultancy in tectonic monitoring and earth faults,101304.0,71,711,7110,Architectural and engineering activities and related technical consultancy,,SRTIP,
Engineering Designing Instruments Trading,101308.0,47,477,4773,Other retail sale of new goods in specialized stores,,SRTIP,
Engines and Machinery Spare Parts Trading,101310.0,46,465,4659,Wholesale of other machinery and equipment,,SRTIP,
"Entertainment Enterprises Investment, Institution and Management",101314.0,66,663,6630,Fund management activities,,SRTIP,
Entertainment Water Games,101319.0,93,932,9329,Other amusement and recreation activities n.e.c.,,SRTIP,
Entrepreneurship Training,101320.0,85,854,8549,Other education n.e.c.,,SRTIP,
Environment Protection Equipment Trading,101322.0,46,465,4659,Wholesale of other machinery and equipment,,SRTIP,
Environment Protection Training,101323.0,85,854,8549,Other education n.e.c.,,SRTIP,
"Environmental Concultancy, Studies and Researches",101325.0,72,721,7210,Research and experimental development on natural sciences and engineering,,SRTIP,
Environmental Engineering Consultancy,101327.0,71,711,7110,Architectural and engineering activities and related technical consultancy,,SRTIP,
Environmental Protection Training Services,101328.0,85,854,8549,Other education n.e.c.,,SRTIP,
"Equipment Repair, Trimming The Grass Gardens",101337.0,81,813,8130,Landscape care and maintenance service activities,,SRTIP,
Event Management Consultancy,101345.0,70,702,7020,Management consultancy activities,,SRTIP,
Event Production Services,101347.0,90,900,9000,"Creative, arts and entertainment activities",,SRTIP,
Exhibition Organization and Management Services,101358.0,82,823,8230,Organization of conventions and trade shows,,SRTIP,
"Extension Services, Tourism",101366.0,79,799,7990,Other reservation service and related activities,,SRTIP,
External Tourism Voyages Organizer,101368.0,79,791,7912,Tour operator activities,,SRTIP,
Facilities Resources Planning Consultancy,101381.0,70,702,7020,Management consultancy activities,,SRTIP,
False Ceilings Trading,101384.0,46,466,4663,"Wholesale of construction materials, hardware, plumbing and heating equipment and supplies",,SRTIP,
Fashion and Clothes Designing,101389.0,74,741,7410,Specialized design activities,,SRTIP,
Fashion Shows Organization,101392.0,82,823,8230,Organization of conventions and trade shows,,SRTIP,
Feasibility Studies Concultancy,101394.0,70,702,7020,Management consultancy activities,,SRTIP,
Fencing and Barbed Wire Trading,101397.0,47,475,4752,"Retail sale of hardware, paints and glass in specialized stores",,SRTIP,
Ferrous Metal Trading,101402.0,46,466,4662,Wholesale of metals and metal ores,,SRTIP,
Festival Organization and Management Services,101403.0,82,823,8230,Organization of conventions and trade shows,,SRTIP,
Fibre Glass Products Maintenance,101408.0,33,331,3319,Repair of other equipment,,SRTIP,
Fibre Glass Products Trading,101404.0,46,466,4663,"Wholesale of construction materials, hardware, plumbing and heating equipment and supplies",,SRTIP,
Fibre Optic Products and Requisites Trading,101406.0,47,477,4773,Other retail sale of new goods in specialized stores,,SRTIP,
Film / TV / Radio Music Production,101412.0,59,592,5920,Sound recording and music publishing activities,,SRTIP,
"Film, TV and Radio Production Services",101412.0,59,592,5920,Sound recording and music publishing activities,,SRTIP,
Filters and Purification Devices Trading,101420.0,46,465,4659,Wholesale of other machinery and equipment,,SRTIP,
Fine Arts Consultancy,101430.0,70,702,7020,Management consultancy activities,,SRTIP,
Fine Arts Training,101433.0,85,854,8542,Cultural education,,SRTIP,
Fire Fighting and Safety Equipment Installation,101441.0,43,432,4329,Other construction installation,,SRTIP,
Fire Fighting and Safety Equipment Trading,101443.0,47,477,4773,Other retail sale of new goods in specialized stores,,SRTIP,
Fire Fighting Pipes Trading,101446.0,46,466,4663,"Wholesale of construction materials, hardware, plumbing and heating equipment and supplies",,SRTIP,
Fire Resistant and Retardant Materials Trading,101450.0,47,475,4752,"Retail sale of hardware, paints and glass in specialized stores",,SRTIP,
Fire Safety and Protection Engineering Consultancy,101453.0,74,749,7490,"Other professional, scientific and technical activities n.e.c.",,SRTIP,
Fire Safety Consultancy,101454.0,74,749,7490,"Other professional, scientific and technical activities n.e.c.",,SRTIP,
First Aids Training,101460.0,85,854,8549,Other education n.e.c.,,SRTIP,
Fish and Marine Animals Trading,101462.0,46,462,4620,Wholesale of agricultural raw materials and live animals,,SRTIP,
Fish and Meat Wastes Trading,101464.0,46,462,4620,Wholesale of agricultural raw materials and live animals,,SRTIP,
Fishing and Hunting Requisites Trading,101475.0,46,464,4649,Wholesale of other household goods,,SRTIP,
Flags and Flagpoles Trading,101482.0,46,464,4649,Wholesale of other household goods,,SRTIP,
Flavours and Fragrances Trading,100081.0,46,463,4630,"Wholesale of food, beverages and tobacco",,SRTIP,
Flour Trading,101496.0,46,463,4630,"Wholesale of food, beverages and tobacco",,SRTIP,
Flowers and Plants Trading,101498.0,46,462,4620,Wholesale of agricultural raw materials and live animals,,SRTIP,
Fly Ash Trading,101499.0,46,466,4663,"Wholesale of construction materials, hardware, plumbing and heating equipment and supplies",,SRTIP,
Fodder Trading,101505.0,46,462,4620,Wholesale of agricultural raw materials and live animals,,SRTIP,
Food Safety Consulting,101517.0,70,702,7020,Management consultancy activities,,SRTIP,
Food Safety Training,101518.0,85,854,8549,Other education n.e.c.,,SRTIP,
Food Supplements Trading,101522.0,46,463,4630,"Wholesale of food, beverages and tobacco",,SRTIP,
"Food, Health Food and Dairy Consultancy",101523.0,70,702,7020,Management consultancy activities,,SRTIP,
Foodstuff and Beverages Trading,101508.0,46,463,4630,"Wholesale of food, beverages and tobacco",,SRTIP,
Foodstuff E-Trading,101527.0,47,479,4791,Retail sale via mail order houses or via Internet,,SRTIP,
Foodstuff Supply Services,101528.0,56,562,5621,Event catering,,SRTIP,
Foundations and Soil Mechanics Engineering Consultancy,101544.0,71,711,7110,Architectural and engineering activities and related technical consultancy,,SRTIP,
Franking Machines Trading,101548.0,47,477,4773,Other retail sale of new goods in specialized stores,,SRTIP,
Freight Forwarding Services,101553.0,52,522,5229,Other transportation support activities,,SRTIP,
"Fresh , Chilled and Frozen Meat Trading",101556.0,46,463,4630,"Wholesale of food, beverages and tobacco",,SRTIP,
"Fresh Products, Pastry, and Baked Stuffed Manufacturing",101558.0,10,107,1071,Manufacture of bakery products,,SRTIP,
Frozen Fish and Seafood Trading,101560.0,46,463,4630,"Wholesale of food, beverages and tobacco",,SRTIP,
Frozen Poultry Trading,101562.0,46,463,4630,"Wholesale of food, beverages and tobacco",,SRTIP,
Fuel Trading,101576.0,46,466,4661,"Wholesale of solid, liquid and gaseous fuels and related products",,SRTIP,
Gaming Development Services,101596.0,62,620,6201,Computer programming activities,,SRTIP,
Garbage and Waste Collection Containers Trading,101608.0,47,475,4752,"Retail sale of hardware, paints and glass in specialized stores",,SRTIP,
Garden Equipment Trading,101612.0,46,464,4649,Wholesale of other household goods,,SRTIP,
Garments Accessories Trading,101613.0,47,477,4771,"Retail sale of clothing, footwear and leather articles in specialized stores",,SRTIP,
"Garments, Textiles and Gifts E-Trading",101615.0,47,479,4791,Retail sale via mail order houses or via Internet,,SRTIP,
Gas Extraction Engineering Consultancy,101622.0,71,711,7110,Architectural and engineering activities and related technical consultancy,,SRTIP,
General Buildings Engineering Consultancy,101633.0,71,711,7110,Architectural and engineering activities and related technical consultancy,,SRTIP,
General Trading,101646.0,46,469,4690,Non-specialized wholesale trade,,SRTIP,
General Warehousing Services,101647.0,52,521,5210,Warehousing and storage,,SRTIP,
Geographical Maps Drawing,101655.0,71,711,7110,Architectural and engineering activities and related technical consultancy,,SRTIP,
Geological and Geophysical Consultancy and Studies and Researches,101656.0,72,721,7210,Research and experimental development on natural sciences and engineering,,SRTIP,
"Geophysical, Geochemical and Geomechanical Engineering Consultancy",101657.0,71,711,7110,Architectural and engineering activities and related technical consultancy,,SRTIP,
Ghee and Vegetable Oil Trading,101661.0,47,472,4721,Retail sale of food in specialized stores,,SRTIP,
Gift Wrapping Services,101662.0,82,829,8292,Packaging activities,,SRTIP,
Gifts Trading,101664.0,46,464,4649,Wholesale of other household goods,,SRTIP,
Glass and Mirrors Trading,101665.0,46,466,4663,"Wholesale of construction materials, hardware, plumbing and heating equipment and supplies",,SRTIP,
Glass Bottles Trading,101669.0,46,464,4649,Wholesale of other household goods,,SRTIP,
Global Positioning Systems (G.P.S) Trading,100001.0,46,465,4652,Wholesale of electronic and telecommunications equipment and parts,,SRTIP,
Goods Air Shipment Services,101691.0,52,522,5223,Service activities incidental to air transportation,,SRTIP,
Goods Marine Shipment Services,101696.0,52,522,5222,Service activities incidental to water transportation,,SRTIP,
Government Tourist Liaison Office,101700.0,70,701,7010,Activities of head offices,,SRTIP,
"Grains, Cereals and Legumes Trading",101703.0,46,462,4620,Wholesale of agricultural raw materials and live animals,,SRTIP,
Graphic Design Services,101706.0,74,741,7410,Specialized design activities,,SRTIP,
Green Buildings Construction Materials Trading,101711.0,47,475,4752,"Retail sale of hardware, paints and glass in specialized stores",,SRTIP,
Green Buildings Consultancy,101712.0,71,711,7110,Architectural and engineering activities and related technical consultancy,,SRTIP,
Green Buildings Engineering Consultancy,101713.0,71,711,7110,Architectural and engineering activities and related technical consultancy,,SRTIP,
Green Houses and Equipment Trading,101714.0,47,477,4773,Other retail sale of new goods in specialized stores,,SRTIP,
Grinding Shop,101719.0,47,471,4711,"Retail sale in non-specialized stores with food, beverages or tobacco predominating",,SRTIP,
Grocery,101720.0,47,471,4711,"Retail sale in non-specialized stores with food, beverages or tobacco predominating",,SRTIP,
Grocery Store,101720.0,47,471,4711,"Retail sale in non-specialized stores with food, beverages or tobacco predominating",,SRTIP,
Gum and Glue Trading,101724.0,46,466,4669,Wholesale of waste and scrap and other products n.e.c.,,SRTIP,
Gypsum Products Trading,101731.0,46,466,4663,"Wholesale of construction materials, hardware, plumbing and heating equipment and supplies",,SRTIP,
Hall social events,101739.0,93,932,9329,Other amusement and recreation activities n.e.c.,,SRTIP,
Hand Sanitizer Trading,101741.0,46,464,4649,Wholesale of other household goods,,SRTIP,
Handbags and Leather Products Trading,101743.0,46,464,4649,Wholesale of other household goods,,SRTIP,
"Handling, Loading and Lifting Equipment Trading",101746.0,46,465,4659,Wholesale of other machinery and equipment,,SRTIP,
Health Food Trading,101758.0,46,463,4630,"Wholesale of food, beverages and tobacco",,SRTIP,
Health Management Consulting Services,101762.0,70,702,7020,Management consultancy activities,,SRTIP,
"Health Services Enterprises Investment, Institution and Management",101764.0,66,663,6630,Fund management activities,,SRTIP,
Heavy Duty Machinery Engineering Consultancy,101773.0,71,711,7110,Architectural and engineering activities and related technical consultancy,,SRTIP,
Heavy Equipment and Machinery Spare Parts Trading,101774.0,46,465,4659,Wholesale of other machinery and equipment,,SRTIP,
Heavy Machinery Engineering Consultancy,101777.0,71,711,7110,Architectural and engineering activities and related technical consultancy,,SRTIP,
Heavy Vehicles and Equipment Tyres and Outfit Trading,101779.0,45,453,4530,Sale of motor vehicle parts and accessories,,SRTIP,
Helicopter Rental,101780.0,77,773,7730,"Renting and leasing of other machinery, equipment and tangible goods",,SRTIP,
Heritage Consultancy,101784.0,70,702,7020,Management consultancy activities,,SRTIP,
Hides Trading,101787.0,46,462,4620,Wholesale of agricultural raw materials and live animals,,SRTIP,
Home Furniture Trading,101794.0,46,464,4649,Wholesale of other household goods,,SRTIP,
Honey and Apiary Accessories Trading,101800.0,46,463,4630,"Wholesale of food, beverages and tobacco",,SRTIP,
Honey Trading,101802.0,46,463,4630,"Wholesale of food, beverages and tobacco",,SRTIP,
Horse Equestrian Equipment and Requisites Trading,101804.0,47,476,4763,Retail sale of sporting equipment in specialized stores,,SRTIP,
Hospitality and Tourism Training Services,101808.0,85,854,8549,Other education n.e.c.,,SRTIP,
Hotel Concultancy,101814.0,70,702,7020,Management consultancy activities,,SRTIP,
Household Utensils Trading,101825.0,46,464,4649,Wholesale of other household goods,,SRTIP,
"Household, Professional and Personal Goods E-Trading",101826.0,47,479,4791,Retail sale via mail order houses or via Internet,,SRTIP,
Houseware and Equipment Trading,101828.0,46,464,4649,Wholesale of other household goods,,SRTIP,
Human Resource Consultancy,101829.0,70,702,7020,Management consultancy activities,,SRTIP,
Human Resources Consultancy,101829.0,70,702,7020,Management consultancy activities,,SRTIP,
Hydraulic Engineering Consultancy,101831.0,71,711,7110,Architectural and engineering activities and related technical consultancy,,SRTIP,
Hydrographic Engineering Surveying Consultancy,101833.0,71,711,7110,Architectural and engineering activities and related technical consultancy,,SRTIP,
Ice Cream Trading,101837.0,46,463,4630,"Wholesale of food, beverages and tobacco",,SRTIP,
Ice Trading,101842.0,46,463,4630,"Wholesale of food, beverages and tobacco",,SRTIP,
Ice-Cream Shop,101836.0,56,561,5610,Restaurants and mobile food service activities,,SRTIP,
In Bound Tour Operator Services,101858.0,79,791,7912,Tour operator activities,,SRTIP,
"Industrial Enterprises Investment, Institution and Management",101870.0,66,663,6630,Fund management activities,,SRTIP,
Industrial Facilities’ Installations Inspection Engineering services,101871.0,71,712,7120,Technical testing and analysis,,SRTIP,
Industrial Installations Inspection Engineering Consultancy,101873.0,71,712,7120,Technical testing and analysis,,SRTIP,
Industrial Machinery and Spare Parts Trading,101875.0,46,465,4659,Wholesale of other machinery and equipment,,SRTIP,
Industrial Plant Equipment and Spare Parts Trading,101877.0,46,465,4659,Wholesale of other machinery and equipment,,SRTIP,
Industrial Sponge Trading,101883.0,47,475,4752,"Retail sale of hardware, paints and glass in specialized stores",,SRTIP,
"Information Services, non-Commercial",101892.0,63,639,6399,Other information service activities n.e.c.,,SRTIP,
Information Studies and Concultancy,101893.0,62,620,6202,Computer consultancy and computer facilities management activities,,SRTIP,
Information Technology Consultancy,101894.0,62,620,6202,Computer consultancy and computer facilities management activities,,SRTIP,
"Infrastructure Enterprises Investment, Institution and Management",101896.0,66,663,6630,Fund management activities,,SRTIP,
Ink and Printing Materials Trading,101900.0,46,466,4669,Wholesale of waste and scrap and other products n.e.c.,,SRTIP,
Innovation and Artificial Intelligence Research Concultancy,101904.0,70,702,7020,Management consultancy activities,,SRTIP,
Innovative Business Incubator,101906.0,70,702,7020,Management consultancy activities,,SRTIP,
"Inspection, Testing Equipment and Devices Trading",101909.0,47,477,4773,Other retail sale of new goods in specialized stores,,SRTIP,
Inspection and Pricing Services,101910.0,71,712,7120,Technical testing and analysis,,SRTIP,
Installation and Repair of Safety Equipment and Fire Extinguishing Systems,101914.0,43,432,4321,Electrical installation,,SRTIP,
Installation and Repair of Television Receivers (Antennas),101915.0,95,951,9512,Repair of communication equipment,,SRTIP,
Installation Of Internal Sewerage Fittings For Buildings,101928.0,43,432,4322,"Plumbing, heat and air-conditioning installation",,SRTIP,
Insulation and Protection Materials Trading,101941.0,46,466,4663,"Wholesale of construction materials, hardware, plumbing and heating equipment and supplies",,SRTIP,
Insurance Consultancy,101946.0,66,662,6622,Activities of insurance agents and brokers,,SRTIP,
Intellectual Property Registration Agent Services,101951.0,69,691,6910,Legal activities,,SRTIP,
Intellectual Property Rights Management Services ,101952.0,77,774,7740,"Leasing of intellectual property and similar products, except copyrighted works",,SRTIP,
Interior Design Engineering Consultancy,101962.0,71,711,7110,Architectural and engineering activities and related technical consultancy,,SRTIP,
Internal Tourism Journeys Organizer,101968.0,79,791,7912,Tour operator activities,,SRTIP,
International Airline Representative Office,101970.0,52,522,5229,Other transportation support activities,,SRTIP,
Internet Consultancy,101972.0,62,620,6202,Computer consultancy and computer facilities management activities,,SRTIP,
Internet Content Provider,101973.0,63,631,6311,"Data processing, hosting and related activities",,SRTIP,
Internet Marketing Services,101974.0,73,731,7310,Advertising,,SRTIP,
"Investing in technology projects, establishing and managing them",101981.0,64,649,6499,"Other financial service activities, except insurance and pension funding activities, n.e.c.",,SRTIP,
Investment Consultancy,101982.0,66,661,6619,Other activities auxiliary to financial service activities,,SRTIP,
Investment in Commercial Enterprises and Management Services,100768.0,64,649,6499,"Other financial service activities, except insurance and pension funding activities, n.e.c.",,SRTIP,
Investment in Oil and Natural Gas Projects,101984.0,64,649,6499,"Other financial service activities, except insurance and pension funding activities, n.e.c.",,SRTIP,
Investment in Tourist Enterprises and Management Services,101989.0,64,649,6499,"Other financial service activities, except insurance and pension funding activities, n.e.c.",,SRTIP,
Iron Main Products Trading,101997.0,46,466,4662,Wholesale of metals and metal ores,,SRTIP,
Ironmongery Trading,101999.0,46,466,4663,"Wholesale of construction materials, hardware, plumbing and heating equipment and supplies",,SRTIP,
Irrigation Equipment and Requisites Trading,102000.0,46,465,4653,"Wholesale of agricultural machinery, equipment and supplies",,SRTIP,
Irrigation Water Resources Engineering Consultancy,102001.0,71,711,7110,Architectural and engineering activities and related technical consultancy,,SRTIP,
IT Infrastructure,102008.0,63,631,6311,"Data processing, hosting and related activities",,SRTIP,
Jet Ski Trading,102015.0,45,454,4540,"Sale, maintenance and repair of motorcycles and related parts and accessories",,SRTIP,
Jewellery and Precious Stones E-Trading,102017.0,47,479,4791,Retail sale via mail order houses or via Internet,,SRTIP,
Jewellery Designing Services,102018.0,74,741,7410,Specialized design activities,,SRTIP,
Jewellery Trading,102016.0,46,464,4649,Wholesale of other household goods,,SRTIP,
"Jewelry Design, Jewelry, Precious",102018.0,32,321,3212,Manufacture of imitation jewellery and related articles,,SRTIP,
Juice Trading,102025.0,46,463,4630,"Wholesale of food, beverages and tobacco",,SRTIP,
Kids Rides and Games Trading,102032.0,47,476,4764,Retail sale of games and toys in specialized stores,,SRTIP,
Kindergarten,102033.0,85,851,8510,Pre-primary and primary education,,SRTIP,
Kindergartens,102033.0,85,851,8510,Pre-primary and primary education,,SRTIP,
Knives and Scissors Repairing and Grinding,102039.0,95,952,9529,Repair of other personal and household goods,,SRTIP,
Laboratories Chemicals Trading,102044.0,46,466,4669,Wholesale of waste and scrap and other products n.e.c.,,SRTIP,
Laboratories Tools and Requisites Trading,102045.0,47,477,4773,Other retail sale of new goods in specialized stores,,SRTIP,
Ladies Garments Trading,102052.0,47,477,4771,"Retail sale of clothing, footwear and leather articles in specialized stores",,SRTIP,
"Land Preparation, Irrigation Systems Works and Maintenance",102061.0,71,711,7110,Architectural and engineering activities and related technical consultancy,,SRTIP,
Landscape Design Services,102064.0,71,711,7110,Architectural and engineering activities and related technical consultancy,,SRTIP,
Landscaping Engineering Consultancy,102065.0,71,711,7110,Architectural and engineering activities and related technical consultancy,,SRTIP,
Language Training,102068.0,85,854,8549,Other education n.e.c.,,SRTIP,
Languages Teaching,102068.0,85,854,8542,Cultural education,,SRTIP,
Laser and Fireworks Show Equipment Trading,102070.0,46,464,4649,Wholesale of other household goods,,SRTIP,
Laundry and Dry Cleaning Equipment Trading,102076.0,47,477,4773,Other retail sale of new goods in specialized stores,,SRTIP,
Learning Difficulties Center,102084.0,85,854,8549,Other education n.e.c.,,SRTIP,
Legal Translation Services,102096.0,74,749,7490,"Other professional, scientific and technical activities n.e.c.",,SRTIP,
Life Saving Equipment Trading,102105.0,47,477,4773,Other retail sale of new goods in specialized stores,,SRTIP,
Lifestyle Development Consultancy,102108.0,96,960,9609,Other personal service activities n.e.c.,,SRTIP,
"Lifts, Escalators and Spare Parts Trading",102112.0,46,465,4659,Wholesale of other machinery and equipment,,SRTIP,
Light Archiving Services,102115.0,63,631,6311,"Data processing, hosting and related activities",,SRTIP,
Light Fittings and Fixtures Trading,102116.0,47,475,4759,"Retail sale of electrical household appliances, furniture, lighting equipment and other household articles in specialized stores",,SRTIP,
Lighting Equipment and Requisites Trading,102119.0,46,465,4659,Wholesale of other machinery and equipment,,SRTIP,
Lighting Poles Trading,102121.0,46,466,4663,"Wholesale of construction materials, hardware, plumbing and heating equipment and supplies",,SRTIP,
Liquids Mechanics Engineering Consultancy,102128.0,71,711,7110,Architectural and engineering activities and related technical consultancy,,SRTIP,
Local Sweets Preparing,102143.0,56,562,5621,Event catering,,SRTIP,
Locks and Keys Trading,102145.0,47,475,4752,"Retail sale of hardware, paints and glass in specialized stores",,SRTIP,
Logistics Consultancy,102148.0,70,702,7020,Management consultancy activities,,SRTIP,
Logo Design Services,102149.0,74,741,7410,Specialized design activities,,SRTIP,
Lubricants and Grease Trading,102153.0,46,466,4661,"Wholesale of solid, liquid and gaseous fuels and related products",,SRTIP,
Lubricants and Petroleum Wastes Transport,102154.0,52,522,5229,Other transportation support activities,,SRTIP,
Machines Mechanics Engineering Consultancy,102159.0,71,711,7110,Architectural and engineering activities and related technical consultancy,,SRTIP,
Magnetic Technology Equipment Trading,102162.0,46,465,4659,Wholesale of other machinery and equipment,,SRTIP,
Management and Administration Training Services ,102171.0,85,854,8549,Other education n.e.c.,,SRTIP,
Management and Control of Intellectual Property Rights,102173.0,69,691,6910,Legal activities,,SRTIP,
Management and operation of Artificial Intelligence robotic systems,102174.0,62,620,6209,Other information technology and computer service activities,,SRTIP,
Management Concultancy,102177.0,70,702,7020,Management consultancy activities,,SRTIP,
Management of Self Owned Properties Services ,102178.0,68,681,6810,Real estate activities with own or leased property,,SRTIP,
Management Services and Extended Warranty,102181.0,70,701,7010,Activities of head offices,,SRTIP,
Manufacturing and Material Engineering Consultancy,102592.0,71,711,7110,Architectural and engineering activities and related technical consultancy,,SRTIP,
Manufacturing and Materials Engineering and Consultancy,102592.0,71,711,7110,Architectural and engineering activities and related technical consultancy,,SRTIP,
Marble and Natural Stones Trading,102603.0,46,466,4663,"Wholesale of construction materials, hardware, plumbing and heating equipment and supplies",,SRTIP,
Marine Projects Engineering Consultancy,102614.0,71,711,7110,Architectural and engineering activities and related technical consultancy,,SRTIP,
Marine Survey Engineering Consultancy,102616.0,71,711,7110,Architectural and engineering activities and related technical consultancy,,SRTIP,
"Marine, Ports and Waterways Engineering Consultancy",102620.0,71,711,7110,Architectural and engineering activities and related technical consultancy,,SRTIP,
Maritime Consultancy,102621.0,70,702,7020,Management consultancy activities,,SRTIP,
Marketing and Advertising Training,102626.0,85,854,8549,Other education n.e.c.,,SRTIP,
Marketing and Promotion for Natural Gas Products,102627.0,73,731,7310,Advertising,,SRTIP,
Marketing Management,102631.0,73,732,7320,Market research and public opinion polling,,SRTIP,
Marketing Operations Management,102632.0,73,732,7320,Market research and public opinion polling,,SRTIP,
Marketing Research and Consultancy,102629.0,73,732,7320,Market research and public opinion polling,,SRTIP,
Marketing Services via Social Media,102633.0,62,620,6202,Computer consultancy and computer facilities management activities,,SRTIP,
Measuring and Control Systems Trading,102643.0,46,465,4659,Wholesale of other machinery and equipment,,SRTIP,
Meat and Fish Processing Equipment and Machinery Trading,102646.0,46,465,4659,Wholesale of other machinery and equipment,,SRTIP,
Mechanical Engineering Concultancy,102652.0,71,711,7110,Architectural and engineering activities and related technical consultancy,,SRTIP,
Mechanical Engineering Consultancy,102652.0,71,711,7110,Architectural and engineering activities and related technical consultancy,,SRTIP,
Mechanical Engineering Services,102652.0,71,711,7110,Architectural and engineering activities and related technical consultancy,,SRTIP,
Mechanical Equipment Trading,102653.0,46,465,4659,Wholesale of other machinery and equipment,,SRTIP,
Mechanical Power Engineering Consultancy,102655.0,71,711,7110,Architectural and engineering activities and related technical consultancy,,SRTIP,
Media and Marketing Consultancy,102658.0,70,702,7020,Management consultancy activities,,SRTIP,
Media Consultancy and Studies,102658.0,70,702,7020,Management consultancy activities,,SRTIP,
Media Monitoring,102665.0,73,732,7320,Market research and public opinion polling,,SRTIP,
Media Monitoring Services,102665.0,73,732,7320,Market research and public opinion polling,,SRTIP,
Media Representation,102667.0,73,731,7310,Advertising,,SRTIP,
Media Representative Office,102668.0,73,731,7310,Advertising,,SRTIP,
Media Software Development and System Integration,102669.0,62,620,6201,Computer programming activities,,SRTIP,
Medical Engineering Consultancy,102683.0,71,711,7110,Architectural and engineering activities and related technical consultancy,,SRTIP,
Medical Equipments and Devices Trading,102686.0,46,465,4659,Wholesale of other machinery and equipment,,SRTIP,
"Medical, Surgical Articles and Requisites Trading",102697.0,46,465,4659,Wholesale of other machinery and equipment,,SRTIP,
"Medical, Surgical Equipment and Instruments Trading",102698.0,46,465,4659,Wholesale of other machinery and equipment,,SRTIP,
Men Body Fitness Club,102705.0,93,931,9312,Activities of sports clubs,,SRTIP,
Mens Garment Trading,102712.0,47,477,4771,"Retail sale of clothing, footwear and leather articles in specialized stores",,SRTIP,
Metal Alloys Trading,102717.0,46,466,4662,Wholesale of metals and metal ores,,SRTIP,
Metal Blinds Trading,102718.0,47,475,4753,"Retail sale of carpets, rugs, wall and floor coverings in specialized stores",,SRTIP,
Metal Boxes and Container Trading,,46,465,4659,Wholesale of other machinery and equipment,,SRTIP,
Metal Cans and Containers Trading,102719.0,46,465,4659,Wholesale of other machinery and equipment,,SRTIP,
Metal Casting Components and Related Tools Trading,,46,466,4662,Wholesale of metals and metal ores,,SRTIP,
Metal Drums and Barrels Trading,102720.0,46,465,4659,Wholesale of other machinery and equipment,,SRTIP,
Metal Engineering Consultancy,,71,711,7110,Architectural and engineering activities and related technical consultancy,,SRTIP,
Metal Rope trading,102722.0,47,475,4752,"Retail sale of hardware, paints and glass in specialized stores",,SRTIP,
Metal Wires Trading,102723.0,47,475,4752,"Retail sale of hardware, paints and glass in specialized stores",,SRTIP,
Metals Engineering Consultancy,,71,711,7110,Architectural and engineering activities and related technical consultancy,,SRTIP,
Meteorology Engineering Consultancy,102725.0,71,711,7110,Architectural and engineering activities and related technical consultancy,,SRTIP,
Military Cloth Ware and Requisites Trading,102727.0,46,464,4641,"Wholesale of textiles, clothing and footwear",,SRTIP,
Mind Abilities Development,,85,854,8549,Other education n.e.c.,,SRTIP,
Mind Abilities Development Center,102728.0,86,869,8690,Other human health activities,,SRTIP,
Mineral Water Trading,102730.0,46,463,4630,"Wholesale of food, beverages and tobacco",,SRTIP,
Mines and Mining  Engineering Consultancy and Geological Engineering,,71,711,7110,Architectural and engineering activities and related technical consultancy,,SRTIP,
"Mines, Mining and Geological Engineering Consultancy",,71,711,7110,Architectural and engineering activities and related technical consultancy,,SRTIP,
Mini Store,102731.0,47,471,4711,"Retail sale in non-specialized stores with food, beverages or tobacco predominating",,SRTIP,
Mining and Mines Equipment Engineering Consultancy,102732.0,71,711,7110,Architectural and engineering activities and related technical consultancy,,SRTIP,
"Mining, Oil and Water Geological Consultancy",,71,711,7110,Architectural and engineering activities and related technical consultancy,,SRTIP,
Mobile Phones and Accessories Trading,102734.0,46,465,4652,Wholesale of electronic and telecommunications equipment and parts,,SRTIP,
Mobile Transportation Systems Consultancy,,71,711,7110,Architectural and engineering activities and related technical consultancy,,SRTIP,
Monetary and Banking Equipment Trading,102740.0,46,465,4659,Wholesale of other machinery and equipment,,SRTIP,
Motorcycles Spare Parts and Accessories Trading,102749.0,45,454,4540,"Sale, maintenance and repair of motorcycles and related parts and accessories",,SRTIP,
Motorcycles Trading,102750.0,45,454,4540,"Sale, maintenance and repair of motorcycles and related parts and accessories",,SRTIP,
Multi Restaurants Center,,56,561,5610,Restaurants and mobile food service activities,,SRTIP,
Multi-Section Store,,47,471,4719,Other retail sale in non-specialized stores,,SRTIP,
Music Consultancy,102753.0,70,702,7020,Management consultancy activities,,SRTIP,
Music Distribution Services,,59,592,5920,Sound recording and music publishing activities,,SRTIP,
Musical Instruments and Requisites Trading,,46,464,4649,Wholesale of other household goods,,SRTIP,
Natural Gas Technology Marketing,102754.0,73,731,7310,Advertising,,SRTIP,
Network Consultancy,102756.0,62,620,6202,Computer consultancy and computer facilities management activities,,SRTIP,
Network Websites Contents Entering and Supplying,102757.0,63,631,6311,"Data processing, hosting and related activities",,SRTIP,
Network Websites Designing,102758.0,62,620,6201,Computer programming activities,,SRTIP,
New Automobile Trading for Export,102761.0,45,451,4510,Sale of motor vehicles,,SRTIP,
New Heavy Equipment and Machinery Spare Parts,,46,465,4659,Wholesale of other machinery and equipment,,SRTIP,
New Heavy Equipment and Machinery Trading,,46,465,4659,Wholesale of other machinery and equipment,,SRTIP,
New Passenger Motor Vehicles Trading,,45,451,4510,Sale of motor vehicles,,SRTIP,
"Noise Control, Vibration and Acoustics Consultancy",102767.0,71,711,7110,Architectural and engineering activities and related technical consultancy,,SRTIP,
Non Edible Oil Trading,102768.0,46,466,4669,Wholesale of waste and scrap and other products n.e.c.,,SRTIP,
Non Ferrous Metal Trading,102770.0,46,466,4662,Wholesale of metals and metal ores,,SRTIP,
Non-ferrous Metal Main Products Trading,,46,466,4662,Wholesale of metals and metal ores,,SRTIP,
Novelties Trading,102774.0,46,464,4649,Wholesale of other household goods,,SRTIP,
Novelties Wholesale,102774.0,46,464,4649,Wholesale of other household goods,,SRTIP,
Nuts Trading,102778.0,46,463,4630,"Wholesale of food, beverages and tobacco",,SRTIP,
Occupational Hygiene and Safety Requisites Trading,102780.0,46,465,4659,Wholesale of other machinery and equipment,,SRTIP,
Occupational Safety Training,102781.0,85,854,8549,Other education n.e.c.,,SRTIP,
Office Equipment Trading,102783.0,46,465,4659,Wholesale of other machinery and equipment,,SRTIP,
Office Furniture Trading,102784.0,46,465,4659,Wholesale of other machinery and equipment,,SRTIP,
Office Tools Trading,,46,465,4659,Wholesale of other machinery and equipment,,SRTIP,
Oil and Gas Tanks Pipes Construction Engineering Consultancy,,71,711,7110,Architectural and engineering activities and related technical consultancy,,SRTIP,
Oil and Natural Gas Exploration Consultancy,,71,711,7110,Architectural and engineering activities and related technical consultancy,,SRTIP,
Oil and Natural Gas Well Equipment and Devices and Spare Parts Trading,,46,465,4659,Wholesale of other machinery and equipment,,SRTIP,
Oil Exploration Engineering Consultancy,102788.0,71,711,7110,Architectural and engineering activities and related technical consultancy,,SRTIP,
Oil Exploration Engineering Services,102789.0,71,711,7110,Architectural and engineering activities and related technical consultancy,,SRTIP,
Oil Refining Engineering Consultancy,102790.0,71,711,7110,Architectural and engineering activities and related technical consultancy,,SRTIP,
Oil Well Chemicals Trading,102792.0,46,466,4661,"Wholesale of solid, liquid and gaseous fuels and related products",,SRTIP,
"Oilfield, Natural Gas Equipment and Spare Parts Trading",102793.0,46,466,4669,Wholesale of waste and scrap and other products n.e.c.,,SRTIP,
Oilfield Chemicals Trading,102795.0,46,466,4669,Wholesale of waste and scrap and other products n.e.c.,,SRTIP,
Old Postage Stamps and Currencies Trading,102796.0,46,464,4649,Wholesale of other household goods,,SRTIP,
Online Players Support Service Providers,,82,822,8220,Activities of call centres,,SRTIP,
Online Publishing and Electronic Content and e-Books,,58,581,5811,Book publishing,,SRTIP,
Online Training Institute,,85,854,8549,Other education n.e.c.,,SRTIP,
Operation of WebSites That Use a Search Engine Services,,63,631,6312,Web portals,,SRTIP,
Organization and Event Management,,82,823,8230,Organization of conventions and trade shows,,SRTIP,
Organizing Ground Operations in Airports,,52,522,5223,Service activities incidental to air transportation,,SRTIP,
Oriental Carpets Trading,,46,464,4649,Wholesale of other household goods,,SRTIP,
Out Bound Tour Operator Services,,79,791,7912,Tour operator activities,,SRTIP,
Outdoor Advertising,,73,731,7310,Advertising,,SRTIP,
Packing and Packaging Equipment Trading,102815.0,46,465,4659,Wholesale of other machinery and equipment,,SRTIP,
Packing and Packaging Materials Trading,102816.0,46,465,4659,Wholesale of other machinery and equipment,,SRTIP,
Paging Receivers Trading,102819.0,47,477,4773,Other retail sale of new goods in specialized stores,,SRTIP,
Paint and Varnish Trading,102820.0,46,466,4663,"Wholesale of construction materials, hardware, plumbing and heating equipment and supplies",,SRTIP,
Painting Equipment Trading,102822.0,46,466,4663,"Wholesale of construction materials, hardware, plumbing and heating equipment and supplies",,SRTIP,
Paintings and Frames Trading,102825.0,46,464,4649,Wholesale of other household goods,,SRTIP,
Paper Products Trading,102826.0,46,466,4669,Wholesale of waste and scrap and other products n.e.c.,,SRTIP,
Paper Trading,102827.0,46,466,4669,Wholesale of waste and scrap and other products n.e.c.,,SRTIP,
Para Pharmaceutical Products Trading,102828.0,46,464,4649,Wholesale of other household goods,,SRTIP,
Parents of Children with Disabilities Consultancy,102832.0,88,889,8890,Other social work activities without accommodation,,SRTIP,
Parties and Entertainments Services,,90,900,9000,"Creative, arts and entertainment activities",,SRTIP,
Parties and Events Organizing,,82,823,8230,Organization of conventions and trade shows,,SRTIP,
Passenger Air Transport,,51,511,5110,Passenger air transport,,SRTIP,
Passengers Transportation via Helicopters,,51,511,5110,Passenger air transport,,SRTIP,
Passengers Used Cars Trading,,45,451,4510,Sale of motor vehicles,,SRTIP,
Payment Services Provider Services ,102842.0,82,829,8291,Activities of collection agencies and credit bureaus,,SRTIP,
Pearls and Precious Stones Trading,102843.0,46,464,4649,Wholesale of other household goods,,SRTIP,
Performing Arts Training Center,,85,854,8542,Cultural education,,SRTIP,
Perfumes and Cosmetics Trading,,46,464,4649,Wholesale of other household goods,,SRTIP,
Personal Development Training Services,,85,854,8549,Other education n.e.c.,,SRTIP,
Personal Used Clothes and Outfit,,47,477,4774,Retail sale of second-hand goods,,SRTIP,
Personal Videotaping,,74,742,7420,Photographic activities,,SRTIP,
Persons with Special Needs Equipment Trading,102848.0,47,477,4772,"Retail sale of pharmaceutical and medical goods, cosmetic and toilet articles in specialized stores",,SRTIP,
Persons with Special Needs Equipment Wholesale,102848.0,47,477,4772,"Retail sale of pharmaceutical and medical goods, cosmetic and toilet articles in specialized stores",,SRTIP,
Pest Control Equipment Trading,102849.0,47,477,4773,Other retail sale of new goods in specialized stores,,SRTIP,
Pests Management Consultancy,102850.0,70,702,7020,Management consultancy activities,,SRTIP,
Petrochemical Engineering Consultancy,,71,711,7110,Architectural and engineering activities and related technical consultancy,,SRTIP,
Petrochemicals Engineering Services,,71,711,7110,Architectural and engineering activities and related technical consultancy,,SRTIP,
PetroChemicals Trading,102852.0,46,466,4669,Wholesale of waste and scrap and other products n.e.c.,,SRTIP,
Petrol Station Equipment Trading,102853.0,47,477,4773,Other retail sale of new goods in specialized stores,,SRTIP,
Petroleum and Gas Tank Pipes Building Engineering Consultancy,102854.0,71,711,7110,Architectural and engineering activities and related technical consultancy,,SRTIP,
Petroleum and Natural Gas Searching and Exploration Consultancy,102855.0,71,711,7110,Architectural and engineering activities and related technical consultancy,,SRTIP,
Petroleum Recycling Engineering Consultancy,,71,711,7110,Architectural and engineering activities and related technical consultancy,,SRTIP,
Petroleum Recycling Units Engineering Consultancy,,71,711,7110,Architectural and engineering activities and related technical consultancy,,SRTIP,
Petroleum Refining plants Engineering Consultancy,,71,711,7110,Architectural and engineering activities and related technical consultancy,,SRTIP,
Pharmaceutical Products Abroad Trading,,46,464,4649,Wholesale of other household goods,,SRTIP,
Pharmaceutical Studies and Researches,102858.0,72,721,7210,Research and experimental development on natural sciences and engineering,,SRTIP,
Photography Processing Materials Trading,102869.0,46,464,4649,Wholesale of other household goods,,SRTIP,
Photography Services,102864.0,74,742,7420,Photographic activities,,SRTIP,
Physical Engineering Consultancy,103306.0,71,711,7110,Architectural and engineering activities and related technical consultancy,,SRTIP,
Pipes and Fittings Trading,103298.0,46,466,4663,"Wholesale of construction materials, hardware, plumbing and heating equipment and supplies",,SRTIP,
Pipes and Tubes Trading,103299.0,46,466,4663,"Wholesale of construction materials, hardware, plumbing and heating equipment and supplies",,SRTIP,
Planning and Photogrammetry Engineering Consultancy,,71,711,7110,Architectural and engineering activities and related technical consultancy,,SRTIP,
Plastic and Nylon Raw Materials Trading,102874.0,47,475,4752,"Retail sale of hardware, paints and glass in specialized stores",,SRTIP,
Plastics Engineering Consultancy,,71,711,7110,Architectural and engineering activities and related technical consultancy,,SRTIP,
Plate Heat Exchangers Trading,102879.0,46,465,4659,Wholesale of other machinery and equipment,,SRTIP,
"Plumbing, Heat and Air-Conditioning Installation",102883.0,43,432,4321,Electrical installation,,SRTIP,
Portal,102886.0,63,631,6312,Web portals,,SRTIP,
Ports and Marine Guide Equipment Trading,102888.0,47,477,4773,Other retail sale of new goods in specialized stores,,SRTIP,
Ports Engineering Concultancy,,71,711,7110,Architectural and engineering activities and related technical consultancy,,SRTIP,
Potatoes Trading,102890.0,47,472,4721,Retail sale of food in specialized stores,,SRTIP,
Power and Automatic Control Engineering Consultancy,,71,711,7110,Architectural and engineering activities and related technical consultancy,,SRTIP,
"Power Enterprises Investment, Institution and Management",,66,663,6630,Fund management activities,,SRTIP,
"Power Generation, Transmission and Distribution Equipment Trading",102891.0,46,465,4659,Wholesale of other machinery and equipment,,SRTIP,
Power Transmission and Distribution Engineering Consultancy,,71,711,7110,Architectural and engineering activities and related technical consultancy,,SRTIP,
"Power, Oil and Gas Consultancy",,71,711,7110,Architectural and engineering activities and related technical consultancy,,SRTIP,
Precision Dies Trading,102893.0,46,465,4659,Wholesale of other machinery and equipment,,SRTIP,
Printing Equipment and Instruments Trading,102896.0,46,465,4659,Wholesale of other machinery and equipment,,SRTIP,
Private Airplane Charter Services,,51,511,5110,Passenger air transport,,SRTIP,
Production Management Services,,70,702,7020,Management consultancy activities,,SRTIP,
Products and Services E-Trading,,47,479,4791,Retail sale via mail order houses or via Internet,,SRTIP,
Products Design Consultancy,102897.0,74,741,7410,Specialized design activities,,SRTIP,
Professional and Management Development Training,102899.0,85,854,8549,Other education n.e.c.,,SRTIP,
Professional Health and Safety Outfit and Tools Trading,,46,466,4669,Wholesale of waste and scrap and other products n.e.c.,,SRTIP,
Professional Safety and Health Consultancy,,70,702,7020,Management consultancy activities,,SRTIP,
Professional Safety and Health Equipments and Requirements,,46,466,4669,Wholesale of waste and scrap and other products n.e.c.,,SRTIP,
Professional Safety and Prevention against Fire Procedures Training,,85,854,8549,Other education n.e.c.,,SRTIP,
Project Development Consultancy,102900.0,70,702,7020,Management consultancy activities,,SRTIP,
Project Management Consultancy,102902.0,70,702,7020,Management consultancy activities,,SRTIP,
Project Management Services,102903.0,82,821,8211,Combined office administrative service activities,,SRTIP,
Projects Management Engineering and Technical Feasibility Studies Consultancy,102904.0,71,711,7110,Architectural and engineering activities and related technical consultancy,,SRTIP,
Propriety Trading in Crypto-Commodities ,,66,661,6619,Other activities auxiliary to financial service activities,,SRTIP,
Protective Garments and Vests Trading,102906.0,46,464,4641,"Wholesale of textiles, clothing and footwear",,SRTIP,
Public Relations Agency,102910.0,70,702,7020,Management consultancy activities,,SRTIP,
Public Relations Consultancy,102910.0,70,702,7020,Management consultancy activities,,SRTIP,
Public Relations Management Services,102912.0,70,702,7020,Management consultancy activities,,SRTIP,
Publications and Media Material E-Trading,102913.0,47,479,4791,Retail sale via mail order houses or via Internet,,SRTIP,
Publications and media Materials E-Trading,102913.0,47,479,4791,Retail sale via mail order houses or via Internet,,SRTIP,
Publications and Stationery Selling Kiosk,102914.0,47,476,4761,"Retail sale of books, newspapers and stationary in specialized stores",,SRTIP,
Publishing Consultancy,102919.0,70,702,7020,Management consultancy activities,,SRTIP,
"Pumps, Engines, Valves and Spare Parts Trading",102928.0,46,465,4659,Wholesale of other machinery and equipment,,SRTIP,
"Pumps, Motors and Valves and Outfit Trading",,46,466,4669,Wholesale of waste and scrap and other products n.e.c.,,SRTIP,
"Quality, Standardization and Measuring Consultancy",102936.0,70,702,7020,Management consultancy activities,,SRTIP,
Racing Cars Trading,102937.0,45,451,4510,Sale of motor vehicles,,SRTIP,
"Radio, T.V. Stations, Cinema and Theatre Equipment Trading",102941.0,46,465,4652,Wholesale of electronic and telecommunications equipment and parts,,SRTIP,
Railway Development Engineering Consultancy,,71,711,7110,Architectural and engineering activities and related technical consultancy,,SRTIP,
Railway Engineering Consultancy,,71,711,7110,Architectural and engineering activities and related technical consultancy,,SRTIP,
Raw Material Installation Engineering Consultancy,102947.0,71,711,7110,Architectural and engineering activities and related technical consultancy,,SRTIP,
Raw-Materials Composition Engineering Consultancy,102947.0,71,711,7110,Architectural and engineering activities and related technical consultancy,,SRTIP,
Readymade Garments Trading,102951.0,47,477,4771,"Retail sale of clothing, footwear and leather articles in specialized stores",,SRTIP,
Real Estate Buying and Selling Brokerage Abroad Services,102954.0,68,682,6820,Real estate activities on a fee or contract basis,,SRTIP,
Real Estate Concultancy,102955.0,68,682,6820,Real estate activities on a fee or contract basis,,SRTIP,
Real Estate Consultancy,102955.0,68,682,6820,Real estate activities on a fee or contract basis,,SRTIP,
"Real Estate Enterprises Investment, Development, Institution and Management",,66,663,6630,Fund management activities,,SRTIP,
Real Estate Leasing Brokerage,102960.0,68,682,6820,Real estate activities on a fee or contract basis,,SRTIP,
Real Estate Purchase and Sale Brokerage,102953.0,68,682,6820,Real estate activities on a fee or contract basis,,SRTIP,
Recycling Non-Metal Scrap and Waste Trading,,46,466,4669,Wholesale of waste and scrap and other products n.e.c.,,SRTIP,
Refined Oil Products Abroad Trading,102977.0,46,466,4661,"Wholesale of solid, liquid and gaseous fuels and related products",,SRTIP,
Refined Oil Products Trading,102978.0,46,466,4661,"Wholesale of solid, liquid and gaseous fuels and related products",,SRTIP,
Refrigerated Storing,,52,521,5210,Warehousing and storage,,SRTIP,
Refrigeration and Cold Storage Equipment Trading,100144.0,46,465,4659,Wholesale of other machinery and equipment,,SRTIP,
"Refrigerators , Washing Machines and Household Electrical Appliances Trading",102979.0,46,465,4659,Wholesale of other machinery and equipment,,SRTIP,
Reinforcement Steel Bars Trading,102985.0,46,466,4663,"Wholesale of construction materials, hardware, plumbing and heating equipment and supplies",,SRTIP,
Remote Learning,,85,854,8549,Other education n.e.c.,,SRTIP,
Renewable Energy Engineering Consultancy,102989.0,72,721,7210,Research and experimental development on natural sciences and engineering,,SRTIP,
Repair and Antiquities Preservation Engineering Consultancy,,71,711,7110,Architectural and engineering activities and related technical consultancy,,SRTIP,
Reproduction Audio Recordings on Various Recording Media,103599.0,18,182,1820,Reproduction of recorded media,,SRTIP,
Research and Development in Mixed Reality and Digital Simulation,,72,721,7210,Research and experimental development on natural sciences and engineering,,SRTIP,
Research and Information Services,,73,732,7320,Market research and public opinion polling,,SRTIP,
Restaurant,,56,561,5610,Restaurants and mobile food service activities,,SRTIP,
Restaurant and Mini Store,,56,561,5610,Restaurants and mobile food service activities,,SRTIP,
Restaurants Management,,82,821,8211,Combined office administrative service activities,,SRTIP,
Retail sale of  Baby Care Equipment Trading,,47,477,4773,Other retail sale of new goods in specialized stores,,SRTIP,
Retail sale of  Electronic Trading Products and Services Online,,47,479,4791,Retail sale via mail order houses or via Internet,,SRTIP,
Retail sale of  Sandals  And Slippers,,47,477,4772,"Retail sale of pharmaceutical and medical goods, cosmetic and toilet articles in specialized stores",,SRTIP,
"Retail sale of Accessories, Supplies Animals and Birds",,47,477,4773,Other retail sale of new goods in specialized stores,,SRTIP,
Retail sale of Advertisement and Media Instruments,,47,476,4762,Retail sale of music and video recordings in specialized stores,,SRTIP,
Retail sale of Air-conditioner and coolant spare parts,,47,475,4759,"Retail sale of electrical household appliances, furniture, lighting equipment and other household articles in specialized stores",,SRTIP,
Retail sale of Baby Ready-made Clothes,,47,477,4771,"Retail sale of clothing, footwear and leather articles in specialized stores",,SRTIP,
Retail sale of Balances and Scales,,47,477,4773,Other retail sale of new goods in specialized stores,,SRTIP,
"Retail sale of Bamboo, Cane and Wicker Product",,47,475,4759,"Retail sale of electrical household appliances, furniture, lighting equipment and other household articles in specialized stores",,SRTIP,
Retail sale of Banking and Cash Apparatuses and Equipments,,47,475,4759,"Retail sale of electrical household appliances, furniture, lighting equipment and other household articles in specialized stores",,SRTIP,
Retail sale of Blocks Manufacturing Equipments and Machinery,,47,475,4759,"Retail sale of electrical household appliances, furniture, lighting equipment and other household articles in specialized stores",,SRTIP,
Retail sale of Building Used Equipment and Machinery,,47,477,4774,Retail sale of second-hand goods,,SRTIP,
Retail sale of Candles,103008.0,47,477,4773,Other retail sale of new goods in specialized stores,,SRTIP,
Retail sale of Carpets,,47,475,4753,"Retail sale of carpets, rugs, wall and floor coverings in specialized stores",,SRTIP,
Retail sale of Children Games and Toys,,47,476,4764,Retail sale of games and toys in specialized stores,,SRTIP,
Retail sale of Cloth Hangers,,47,475,4759,"Retail sale of electrical household appliances, furniture, lighting equipment and other household articles in specialized stores",,SRTIP,
"Retail sale of Clothes, Textiles and Gifts E-Trafficking",,47,479,4791,Retail sale via mail order houses or via Internet,,SRTIP,
Retail sale of clothing accessories pants),,47,477,4771,"Retail sale of clothing, footwear and leather articles in specialized stores",,SRTIP,
Retail sale of Coal and Firewood,,47,477,4773,Other retail sale of new goods in specialized stores,,SRTIP,
Retail sale of Commodities Via Vending Equipment.,,47,479,4799,"Other retail sale not in stores, stalls or markets",,SRTIP,
Retail sale of Construction Equipment and Machinery Spare Parts,,47,475,4759,"Retail sale of electrical household appliances, furniture, lighting equipment and other household articles in specialized stores",,SRTIP,
Retail sale of Curtains and Upholstery Cloth,,47,475,4753,"Retail sale of carpets, rugs, wall and floor coverings in specialized stores",,SRTIP,
Retail sale of Detergents,,47,477,4772,"Retail sale of pharmaceutical and medical goods, cosmetic and toilet articles in specialized stores",,SRTIP,
Retail sale of Diving Gear Equipments,,47,476,4764,Retail sale of games and toys in specialized stores,,SRTIP,
Retail sale of Dried Batteries,,47,477,4774,Retail sale of second-hand goods,,SRTIP,
Retail sale of E-Gates And Barriers,,47,475,4759,"Retail sale of electrical household appliances, furniture, lighting equipment and other household articles in specialized stores",,SRTIP,
Retail sale of Electrical Generators and Outfits,,47,475,4759,"Retail sale of electrical household appliances, furniture, lighting equipment and other household articles in specialized stores",,SRTIP,
Retail sale of Electrical Transformers and Outfits,,47,475,4759,"Retail sale of electrical household appliances, furniture, lighting equipment and other household articles in specialized stores",,SRTIP,
"Retail sale of Electricity Generation, Transmission and Distribution Equipment",,47,475,4759,"Retail sale of electrical household appliances, furniture, lighting equipment and other household articles in specialized stores",,SRTIP,
Retail sale of Electronic Cards Trading,,47,477,4773,Other retail sale of new goods in specialized stores,,SRTIP,
Retail sale of Elevators and Escalators and Spare Parts,,47,475,4759,"Retail sale of electrical household appliances, furniture, lighting equipment and other household articles in specialized stores",,SRTIP,
Retail sale of Engineering Drawing Equipments,,47,475,4759,"Retail sale of electrical household appliances, furniture, lighting equipment and other household articles in specialized stores",,SRTIP,
Retail sale of Foodstuff E-Trafficking,,47,479,4791,Retail sale via mail order houses or via Internet,,SRTIP,
Retail sale of Formal Clothes,,47,477,4771,"Retail sale of clothing, footwear and leather articles in specialized stores",,SRTIP,
Retail sale of Gifts,,47,477,4773,Other retail sale of new goods in specialized stores,,SRTIP,
Retail sale of Global Positioning System (G.P.S) ,,47,474,4741,"Retail sale of computers, peripheral units, software and telecommunications equipment in specialized stores",,SRTIP,
Retail sale of Hand Umbrellas and Sticks,,47,477,4771,"Retail sale of clothing, footwear and leather articles in specialized stores",,SRTIP,
Retail sale of Hunting Equipment and Tools,,47,476,4764,Retail sale of games and toys in specialized stores,,SRTIP,
Retail sale of Irrigation Equipments and Devices and Outfits,,47,475,4759,"Retail sale of electrical household appliances, furniture, lighting equipment and other household articles in specialized stores",,SRTIP,
"Retail sale of Jewellery, Pearls and Precious Stones E-Trading",,47,479,4791,Retail sale via mail order houses or via Internet,,SRTIP,
Retail sale of Kitchens and Restaurants Equipment and Outfits,,47,475,4759,"Retail sale of electrical household appliances, furniture, lighting equipment and other household articles in specialized stores",,SRTIP,
Retail sale of Life Saving Equipment,,47,477,4773,Other retail sale of new goods in specialized stores,,SRTIP,
Retail sale of Lifting and Loading Equipments and Machinery,,47,475,4759,"Retail sale of electrical household appliances, furniture, lighting equipment and other household articles in specialized stores",,SRTIP,
Retail sale of Lighting Equipment and Outfits,,47,475,4759,"Retail sale of electrical household appliances, furniture, lighting equipment and other household articles in specialized stores",,SRTIP,
Retail sale of Magnetic Technology Apparatuses,,47,475,4759,"Retail sale of electrical household appliances, furniture, lighting equipment and other household articles in specialized stores",,SRTIP,
Retail sale of Measurement and Control Equipments and Devices,,47,475,4759,"Retail sale of electrical household appliances, furniture, lighting equipment and other household articles in specialized stores",,SRTIP,
Retail sale of Meat and Fish Preparation Machines,,47,475,4759,"Retail sale of electrical household appliances, furniture, lighting equipment and other household articles in specialized stores",,SRTIP,
Retail sale of Medical and Surgery Equipments and Apparatuses,,47,477,4772,"Retail sale of pharmaceutical and medical goods, cosmetic and toilet articles in specialized stores",,SRTIP,
Retail sale of Medical Equipment and Apparatuses,,47,477,4772,"Retail sale of pharmaceutical and medical goods, cosmetic and toilet articles in specialized stores",,SRTIP,
Retail sale of Men Ready-made Clothes,,47,477,4771,"Retail sale of clothing, footwear and leather articles in specialized stores",,SRTIP,
Retail sale of Office Furniture,,47,475,4759,"Retail sale of electrical household appliances, furniture, lighting equipment and other household articles in specialized stores",,SRTIP,
Retail sale of Packaging and Wrapping Equipments,,47,475,4759,"Retail sale of electrical household appliances, furniture, lighting equipment and other household articles in specialized stores",,SRTIP,
Retail sale of Packaging and Wrapping Material,,47,475,4759,"Retail sale of electrical household appliances, furniture, lighting equipment and other household articles in specialized stores",,SRTIP,
Retail sale of Painting Equipments and Machinery,,47,475,4759,"Retail sale of electrical household appliances, furniture, lighting equipment and other household articles in specialized stores",,SRTIP,
Retail sale of Perfume,,47,477,4772,"Retail sale of pharmaceutical and medical goods, cosmetic and toilet articles in specialized stores",,SRTIP,
Retail sale of Personal Used Clothes and Outfit,,47,477,4774,Retail sale of second-hand goods,,SRTIP,
Retail sale of Plastic Bags and Containers Sales,,47,475,4752,"Retail sale of hardware, paints and glass in specialized stores",,SRTIP,
Retail sale of Printing Equipments and Outfits,,47,475,4759,"Retail sale of electrical household appliances, furniture, lighting equipment and other household articles in specialized stores",,SRTIP,
Retail sale of Professional Safety and Health Equipments and Requirements,,47,477,4773,Other retail sale of new goods in specialized stores,,SRTIP,
Retail sale of Publications and Media Material E-Trafficking,,47,479,4791,Retail sale via mail order houses or via Internet,,SRTIP,
"Retail sale of Schools, Hospitals and Laboratories Furniture",,47,475,4759,"Retail sale of electrical household appliances, furniture, lighting equipment and other household articles in specialized stores",,SRTIP,
Retail sale of second-hand  books,,47,477,4774,Retail sale of second-hand goods,,SRTIP,
Retail sale Of Seeds And Cereals,,47,477,4773,Other retail sale of new goods in specialized stores,,SRTIP,
Retail sale of Selling Video Games Devices,,47,474,4741,"Retail sale of computers, peripheral units, software and telecommunications equipment in specialized stores",,SRTIP,
Retail sale of Sewing and Weaving Equipments and Spare Parts,,47,475,4759,"Retail sale of electrical household appliances, furniture, lighting equipment and other household articles in specialized stores",,SRTIP,
Retail sale of Silverware and Table Ware,,47,475,4759,"Retail sale of electrical household appliances, furniture, lighting equipment and other household articles in specialized stores",,SRTIP,
Retail sale of Smart Machines and Spare Parts,,47,475,4759,"Retail sale of electrical household appliances, furniture, lighting equipment and other household articles in specialized stores",,SRTIP,
Retail sale of Soap And Hair Care Composition,,47,477,4772,"Retail sale of pharmaceutical and medical goods, cosmetic and toilet articles in specialized stores",,SRTIP,
Retail sale of Specialized Photography Equipment Tools and Outfits,,47,477,4773,Other retail sale of new goods in specialized stores,,SRTIP,
Retail sale of stalls of Ice Cream,,47,478,4781,"Retail sale via stalls and markets of food, beverages and tobacco products",,SRTIP,
Retail sale of Stationery,,47,476,4761,"Retail sale of books, newspapers and stationary in specialized stores",,SRTIP,
Retail sale of Trains Spare Parts and its Components,,47,475,4759,"Retail sale of electrical household appliances, furniture, lighting equipment and other household articles in specialized stores",,SRTIP,
Retail sale of Treatment and Surgical Medical Instruments and Compositions,,47,477,4773,Other retail sale of new goods in specialized stores,,SRTIP,
Retail sale of Unit Air-conditioner,,47,475,4759,"Retail sale of electrical household appliances, furniture, lighting equipment and other household articles in specialized stores",,SRTIP,
Retail sale of Used Electrical and Electronic Apparatuses and Tools,,47,477,4774,Retail sale of second-hand goods,,SRTIP,
Retail sale of Used Furniture,,47,477,4774,Retail sale of second-hand goods,,SRTIP,
"Retail sale of Used Jewellery, Formations and Precious Stones",,47,477,4774,Retail sale of second-hand goods,,SRTIP,
Retail sale of Used Mobile Phones,,47,477,4774,Retail sale of second-hand goods,,SRTIP,
Retail sale of Used Spare Parts of Equipment and Machinery,,47,477,4774,Retail sale of second-hand goods,,SRTIP,
Retail sale of Vehicles and Transportations E-Trafficking,,47,479,4791,Retail sale via mail order houses or via Internet,,SRTIP,
"Retail sale of Watches , Clocks and Spare Parts",,47,477,4773,Other retail sale of new goods in specialized stores,,SRTIP,
Retail sale of Wireless Equipment and Tools,,47,474,4741,"Retail sale of computers, peripheral units, software and telecommunications equipment in specialized stores",,SRTIP,
Retail sale of Women Ready-made Clothes,,47,477,4771,"Retail sale of clothing, footwear and leather articles in specialized stores",,SRTIP,
Retail sale ofLeather Products and Handbag,,47,477,4772,"Retail sale of pharmaceutical and medical goods, cosmetic and toilet articles in specialized stores",,SRTIP,
Retail sale sunglasses and non - medical contact lenses,,47,477,4772,"Retail sale of pharmaceutical and medical goods, cosmetic and toilet articles in specialized stores",,SRTIP,
Retail sales of mechanical equipment,,47,475,4759,"Retail sale of electrical household appliances, furniture, lighting equipment and other household articles in specialized stores",,SRTIP,
Retail sales of New Heavy Equipment and Machinery Spare Parts,,47,475,4759,"Retail sale of electrical household appliances, furniture, lighting equipment and other household articles in specialized stores",,SRTIP,
Road and Traffic Engineering Consultancy,,71,711,7110,Architectural and engineering activities and related technical consultancy,,SRTIP,
Roastery,103460.0,10,107,1079,Manufacture of other food products n.e.c.,,SRTIP,
Robotic Technology Training,,85,854,8549,Other education n.e.c.,,SRTIP,
Robotics and Smart Machines Trading,,47,474,4741,"Retail sale of computers, peripheral units, software and telecommunications equipment in specialized stores",,SRTIP,
Robots and Smart Machines Rental Services,,77,773,7730,"Renting and leasing of other machinery, equipment and tangible goods",,SRTIP,
"Ropes, Sacks and Jute Bags Trading",,47,475,4752,"Retail sale of hardware, paints and glass in specialized stores",,SRTIP,
Rubber Trading,,46,466,4669,Wholesale of waste and scrap and other products n.e.c.,,SRTIP,
"Saddles , Animals and Birds Training Requisites Trading",,46,465,4659,Wholesale of other machinery and equipment,,SRTIP,
Safety and Prevention against Fire Engineering Consultancy,,70,702,7020,Management consultancy activities,,SRTIP,
Safety Concultancy,,70,702,7020,Management consultancy activities,,SRTIP,
Sales Training,,85,854,8549,Other education n.e.c.,,SRTIP,
Salt Trading,,46,463,4630,"Wholesale of food, beverages and tobacco",,SRTIP,
"Salted, Preserved Fish and Seafood Trading",,46,463,4630,"Wholesale of food, beverages and tobacco",,SRTIP,
"Sand, Pebbles and Building Stones Trading",,47,475,4752,"Retail sale of hardware, paints and glass in specialized stores",,SRTIP,
Sandwich Shop,,56,562,5629,Other food service activities,,SRTIP,
Sanitary Ware Trading,,47,475,4752,"Retail sale of hardware, paints and glass in specialized stores",,SRTIP,
Satellite Receiving Equipment Trading,,46,465,4652,Wholesale of electronic and telecommunications equipment and parts,,SRTIP,
Scaffolds Trading,,46,466,4663,"Wholesale of construction materials, hardware, plumbing and heating equipment and supplies",,SRTIP,
Scales and Dry Measures Trading,,47,477,4773,Other retail sale of new goods in specialized stores,,SRTIP,
"Schools, Hospitals and Laboratories Furniture Trading",,46,465,4659,Wholesale of other machinery and equipment,,SRTIP,
Science and Technology Consultancy,,72,721,7210,Research and experimental development on natural sciences and engineering,,SRTIP,
Scientific and Laboratory Equipment Trading,,46,465,4659,Wholesale of other machinery and equipment,,SRTIP,
Scrap and Metal Waste Trading,,46,466,4669,Wholesale of waste and scrap and other products n.e.c.,,SRTIP,
Sea Cargo Services,,52,522,5224,Cargo handling,,SRTIP,
Sea Cleaning Equipment Trading,,46,465,4659,Wholesale of other machinery and equipment,,SRTIP,
Search Engine Optimization Services,,73,731,7310,Advertising,,SRTIP,
Secretarial and Office Work Training,,85,854,8549,Other education n.e.c.,,SRTIP,
"Security , Surveillance Systems Installation and Maintenance",,43,432,4321,Electrical installation,,SRTIP,
"Security Devices, Equipment Trading",,46,465,4659,Wholesale of other machinery and equipment,,SRTIP,
Seeds Trading,,46,462,4620,Wholesale of agricultural raw materials and live animals,,SRTIP,
Self-Adhesive Material Trading,,46,466,4669,Wholesale of waste and scrap and other products n.e.c.,,SRTIP,
Self-Adhesive Tapes Trading,,46,466,4669,Wholesale of waste and scrap and other products n.e.c.,,SRTIP,
Self-owned Property Management Services,,68,682,6820,Real estate activities on a fee or contract basis,,SRTIP,
Selling Electrical Generators and Outfits,,46,465,4659,Wholesale of other machinery and equipment,,SRTIP,
Selling Electrical Transformers and Generators Spare Parts,,46,465,4659,Wholesale of other machinery and equipment,,SRTIP,
Selling Electrical Transformers and Outfits,,46,465,4659,Wholesale of other machinery and equipment,,SRTIP,
"Selling Electricity Generation,Transmission and Distribution Equipment",,46,465,4659,Wholesale of other machinery and equipment,,SRTIP,
Selling Electronic And Normal Strongboxes Safe,,46,465,4659,Wholesale of other machinery and equipment,,SRTIP,
Selling Lifting and Loading Equipments and Machinery,,46,465,4659,Wholesale of other machinery and equipment,,SRTIP,
Selling Second-Hand Books,,47,476,4761,"Retail sale of books, newspapers and stationary in specialized stores",,SRTIP,
Selling Video Games ,,47,474,4741,"Retail sale of computers, peripheral units, software and telecommunications equipment in specialized stores",,SRTIP,
Services Broker,,46,461,4610,Wholesale on a fee or contract basis,,SRTIP,
Sewing and Embroidery Requisites Trading,,47,475,4751,Retail sale of textiles in specialized stores,,SRTIP,
Sewing Machines and Spare Parts Trading,103297.0,46,465,4659,Wholesale of other machinery and equipment,,SRTIP,
Ship Charter Services,,77,773,7730,"Renting and leasing of other machinery, equipment and tangible goods",,SRTIP,
Ship Engineering Consultancy,,71,711,7110,Architectural and engineering activities and related technical consultancy,,SRTIP,
Ship Renting Intermediate,,52,522,5222,Service activities incidental to water transportation,,SRTIP,
"Ship, Boats Spare Parts and Components Trading",103296.0,46,465,4659,Wholesale of other machinery and equipment,,SRTIP,
Ships and Boats Trading,100436.0,46,465,4659,Wholesale of other machinery and equipment,,SRTIP,
Ships Management and Operation,,52,522,5222,Service activities incidental to water transportation,,SRTIP,
Shoe Trading,103295.0,47,477,4771,"Retail sale of clothing, footwear and leather articles in specialized stores",,SRTIP,
Shoes and Leather Products Wiping and Cleaning,,95,952,9523,Repair of footwear and leather goods,,SRTIP,
Shop Fittings Trading,103294.0,47,477,4773,Other retail sale of new goods in specialized stores,,SRTIP,
Simultaneous Translation Services,,74,749,7490,"Other professional, scientific and technical activities n.e.c.",,SRTIP,
Sites Landscaping and Coordinating Engineering Consultancy,,71,711,7110,Architectural and engineering activities and related technical consultancy,,SRTIP,
Slippers and Sandals Trading,,47,477,4771,"Retail sale of clothing, footwear and leather articles in specialized stores",,SRTIP,
Smelters and Furnaces Refractory Materials Trading,,46,469,4690,Non-specialized wholesale trade,,SRTIP,
Soap and Hair Care Products Trading,103262.0,46,464,4649,Wholesale of other household goods,,SRTIP,
Social and Behavioral Science Training Services,,85,854,8549,Other education n.e.c.,,SRTIP,
Social Event Management Services ,,88,889,8890,Other social work activities without accommodation,,SRTIP,
Social Media Marketing,,73,731,7310,Advertising,,SRTIP,
Soft Drinks and Carbonated Water Trading,103257.0,46,463,4630,"Wholesale of food, beverages and tobacco",,SRTIP,
Software House and communication Devices,103256.0,62,620,6201,Computer programming activities,,SRTIP,
Software Trading,103254.0,46,465,4651,"Wholesale of computers, computer peripheral equipment and software",,SRTIP,
Solar Energy Systems and Components Trading,103251.0,46,465,4659,Wholesale of other machinery and equipment,,SRTIP,
Sourcing and Procurement Consultancy,103244.0,70,702,7020,Management consultancy activities,,SRTIP,
Spa and Fitness Clubs Consultancy,103245.0,70,702,7020,Management consultancy activities,,SRTIP,
Specialized Photographic Equipment and Processing Materials Trading,103239.0,46,465,4659,Wholesale of other machinery and equipment,,SRTIP,
Specialized Synthetic Material Trading,103238.0,46,466,4669,Wholesale of waste and scrap and other products n.e.c.,,SRTIP,
Specialty Marketing or Communications,103229.0,73,731,7310,Advertising,,SRTIP,
Specialty Marketing or Communications Services,103229.0,73,731,7310,Advertising,,SRTIP,
Spectacles and Contact Lenses Trading,103231.0,46,464,4649,Wholesale of other household goods,,SRTIP,
Spice and Pepper Trading,103235.0,46,463,4630,"Wholesale of food, beverages and tobacco",,SRTIP,
Spinning and Weaving Equipment and Spare Parts Trading,103217.0,46,465,4659,Wholesale of other machinery and equipment,,SRTIP,
Sponge Mattresses Trading,103218.0,47,475,4759,"Retail sale of electrical household appliances, furniture, lighting equipment and other household articles in specialized stores",,SRTIP,
"Sport Enterprises Investment, Institution and Management",101987.0,66,663,6630,Fund management activities,,SRTIP,
Sport Equipment and Articles Trading,103220.0,47,476,4763,Retail sale of sporting equipment in specialized stores,,SRTIP,
Sport Research and Consultancy ,103216.0,70,702,7020,Management consultancy activities,,SRTIP,
Sports Consultancy and Studies,103216.0,70,702,7020,Management consultancy activities,,SRTIP,
Sports Events Marketing,103213.0,73,731,7310,Advertising,,SRTIP,
Sports Fields and Halls Equipment Trading,103211.0,47,476,4763,Retail sale of sporting equipment in specialized stores,,SRTIP,
Sports Management and Promotion Services,,93,931,9319,Other sports activities,,SRTIP,
Sports Services ,103209.0,93,931,9319,Other sports activities,,SRTIP,
Sports Services and Contracting,,93,931,9319,Other sports activities,,SRTIP,
Sports Wear Trading,103208.0,47,477,4771,"Retail sale of clothing, footwear and leather articles in specialized stores",,SRTIP,
Stationery Trading,100447.0,46,464,4649,Wholesale of other household goods,,SRTIP,
Statistical Analysis Services,,73,732,7320,Market research and public opinion polling,,SRTIP,
Statistical Services Consultancy,103205.0,73,732,7320,Market research and public opinion polling,,SRTIP,
Steel and Basic Steel Products Trading,103204.0,46,466,4662,Wholesale of metals and metal ores,,SRTIP,
Sticks and Umbrellas Trading,103097.0,46,464,4641,"Wholesale of textiles, clothing and footwear",,SRTIP,
Stimulation Equipment and Systems Trading,,46,465,4659,Wholesale of other machinery and equipment,,SRTIP,
Storing in Public Storehouses,,52,521,5210,Warehousing and storage,,SRTIP,
Structural Quantity Surveying Consultancy,,71,711,7110,Architectural and engineering activities and related technical consultancy,,SRTIP,
Structural Wire Rope Systems Trading,103200.0,47,477,4773,Other retail sale of new goods in specialized stores,,SRTIP,
Sugar Trading,100825.0,46,463,4630,"Wholesale of food, beverages and tobacco",,SRTIP,
Suitcases and Travel Requisites Trading,103196.0,47,477,4771,"Retail sale of clothing, footwear and leather articles in specialized stores",,SRTIP,
Sunglasses Trading,103195.0,46,464,4649,Wholesale of other household goods,,SRTIP,
Supermarket,103194.0,47,471,4711,"Retail sale in non-specialized stores with food, beverages or tobacco predominating",,SRTIP,
"Survey Planning, Air Photography and Information Management Systems Engineering Consultancy",,71,711,7110,Architectural and engineering activities and related technical consultancy,,SRTIP,
Surveying and Evaluating Services,103286.0,74,749,7490,"Other professional, scientific and technical activities n.e.c.",,SRTIP,
Surveying Engineering Consultancy,100858.0,71,711,7110,Architectural and engineering activities and related technical consultancy,,SRTIP,
Sweets and Candies Preparing Services,100684.0,56,563,5630,Beverage serving activities,,SRTIP,
Talent Management Services,103188.0,70,702,7020,Management consultancy activities,,SRTIP,
Talented Children Development Center,103189.0,85,851,8510,Pre-primary and primary education,,SRTIP,
Tanks and Silos Trading,103184.0,47,475,4752,"Retail sale of hardware, paints and glass in specialized stores",,SRTIP,
Tanned Leathers Trading,103183.0,46,464,4649,Wholesale of other household goods,,SRTIP,
Tar and Asphalt Trading,103180.0,47,475,4752,"Retail sale of hardware, paints and glass in specialized stores",,SRTIP,
Tax Consultancy,103177.0,69,692,6920,"Accounting, bookkeeping and auditing activities; tax consultancy",,SRTIP,
Tea Trading,103268.0,46,463,4630,"Wholesale of food, beverages and tobacco",,SRTIP,
Technical and Occupational Skills Training,103170.0,85,854,8549,Other education n.e.c.,,SRTIP,
Technical and Professional Training,103039.0,85,852,8522,Technical and vocational secondary education,,SRTIP,
Technical Installations Consultancy,103171.0,70,702,7020,Management consultancy activities,,SRTIP,
Technological Aspects of Aircrafts Development Services,103173.0,52,522,5223,Service activities incidental to air transportation,,SRTIP,
Technological Development of delicate Internal Systems of Aircrafts,103273.0,71,711,7110,Architectural and engineering activities and related technical consultancy,,SRTIP,
Telecommunications Equipment Trading,103166.0,46,465,4652,Wholesale of electronic and telecommunications equipment and parts,,SRTIP,
Telephones and Telecommunications Equipment Trading,103161.0,47,474,4741,"Retail sale of computers, peripheral units, software and telecommunications equipment in specialized stores",,SRTIP,
"Tents, Awnings and Tarpaulins Trading",103158.0,47,475,4751,Retail sale of textiles in specialized stores,,SRTIP,
Textile Trading,103156.0,47,475,4751,Retail sale of textiles in specialized stores,,SRTIP,
Threads and Yarns Trading,103152.0,46,464,4641,"Wholesale of textiles, clothing and footwear",,SRTIP,
Tiles and Flooring Materials Trading,103150.0,46,466,4663,"Wholesale of construction materials, hardware, plumbing and heating equipment and supplies",,SRTIP,
Timber Trading,103149.0,46,466,4663,"Wholesale of construction materials, hardware, plumbing and heating equipment and supplies",,SRTIP,
Tourism and Recreation Concultancy,103144.0,70,702,7020,Management consultancy activities,,SRTIP,
Tourist Camp Services,,55,552,5520,"Camping grounds, recreational vehicle parks and trailer parks",,SRTIP,
"Tourist Enterprises Investment, Institution and Management",,66,663,6630,Fund management activities,,SRTIP,
Tourist Guiding Services ,103143.0,79,799,7990,Other reservation service and related activities,,SRTIP,
Toys and Games Trading,,47,476,4764,Retail sale of games and toys in specialized stores,,SRTIP,
Trade Energy Drinks,,46,463,4630,"Wholesale of food, beverages and tobacco",,SRTIP,
Trade Marks Registration Agent,103142.0,69,691,6910,Legal activities,,SRTIP,
Trade Marks Registration Agents,103142.0,69,691,6910,Legal activities,,SRTIP,
Trading all kinds of ready-made curtains ,,46,464,4641,"Wholesale of textiles, clothing and footwear",,SRTIP,
Trading in Chemicals and Related Products,,46,466,4661,"Wholesale of solid, liquid and gaseous fuels and related products",,SRTIP,
Trading in Nuts,,46,463,4630,"Wholesale of food, beverages and tobacco",,SRTIP,
Traffic and Means of Transportation Planning Engineering Consultancy,,71,711,7110,Architectural and engineering activities and related technical consultancy,,SRTIP,
Traffic Signs and Requisites Trading,103139.0,46,465,4659,Wholesale of other machinery and equipment,,SRTIP,
Trailers Trading,103140.0,45,451,4510,Sale of motor vehicles,,SRTIP,
Trainging on Flower Arrangment and Gift Wrapping,,85,854,8549,Other education n.e.c.,,SRTIP,
Training in The Behavioral and Social Science,,85,854,8549,Other education n.e.c.,,SRTIP,
Training on Marketing and Advertising,,85,854,8549,Other education n.e.c.,,SRTIP,
Training on The Development of Personal Competencies,,85,854,8549,Other education n.e.c.,,SRTIP,
Trains Spare Parts and Components Trading,103137.0,47,477,4773,Other retail sale of new goods in specialized stores,,SRTIP,
"Trains, Railways Construction and Fabrication Equipment Trading",,47,477,4773,Other retail sale of new goods in specialized stores,,SRTIP,
Translation and Languages Services,103129.0,74,749,7490,"Other professional, scientific and technical activities n.e.c.",,SRTIP,
Translation Services,103128.0,74,749,7490,"Other professional, scientific and technical activities n.e.c.",,SRTIP,
Transport Services Training Services,103122.0,85,854,8549,Other education n.e.c.,,SRTIP,
Transportation Consultancy,103124.0,52,522,5229,Other transportation support activities,,SRTIP,
Transportation of Ships Waste Oils,103126.0,38,381,3812,Collection of hazardous waste,,SRTIP,
"Trees Seedlings, Ornamental Plants and Annual Flowers Trading",103118.0,46,462,4620,Wholesale of agricultural raw materials and live animals,,SRTIP,
Trikke Scooters Trading,103117.0,45,454,4540,"Sale, maintenance and repair of motorcycles and related parts and accessories",,SRTIP,
Tunnel Engineering Consultancy,,71,711,7110,Architectural and engineering activities and related technical consultancy,,SRTIP,
Tunnels and Bridges Engineering Consultancy,,71,711,7110,Architectural and engineering activities and related technical consultancy,,SRTIP,
Tutoring services,103102.0,85,854,8549,Other education n.e.c.,,SRTIP,
"Type Writers, Photocopiers and Spare Parts Trading",103115.0,47,474,4741,"Retail sale of computers, peripheral units, software and telecommunications equipment in specialized stores",,SRTIP,
Tyres andRims Trading,103093.0,45,453,4530,Sale of motor vehicle parts and accessories,,SRTIP,
Underwear Trading,,46,464,4641,"Wholesale of textiles, clothing and footwear",,SRTIP,
Uniforms Trading,103099.0,47,477,4771,"Retail sale of clothing, footwear and leather articles in specialized stores",,SRTIP,
University Admission Services,103061.0,85,855,8550,Educational support activities,,SRTIP,
Unmanned Aerial Vehicle (Drone) Services,103064.0,52,522,5229,Other transportation support activities,,SRTIP,
"Unmanned Aerial Vehicles (Drone) Exporting, Selling , Maintenance and Spare Parts",103065.0,47,477,4773,Other retail sale of new goods in specialized stores,,SRTIP,
Unmanned Aerial Vehicles (Drone) Trading,103065.0,47,477,4773,Other retail sale of new goods in specialized stores,,SRTIP,
Unworked Gold and Precious Metals Trading,,46,466,4662,Wholesale of metals and metal ores,,SRTIP,
Upholstery Requisites and Materials Trading,103066.0,47,475,4752,"Retail sale of hardware, paints and glass in specialized stores",,SRTIP,
Urban Planning Engineering Consultancy,103067.0,71,711,7110,Architectural and engineering activities and related technical consultancy,,SRTIP,
Used Auto Spare Parts Trading,103070.0,45,453,4530,Sale of motor vehicle parts and accessories,,SRTIP,
Used Automobile Trading,103071.0,45,451,4510,Sale of motor vehicles,,SRTIP,
Used Automobile Trading for Export,103072.0,45,451,4510,Sale of motor vehicles,,SRTIP,
Used Building Machinery and Equipment Trading,103073.0,47,477,4774,Retail sale of second-hand goods,,SRTIP,
Used Electrical and Electronic Appliances Trading,103078.0,47,477,4774,Retail sale of second-hand goods,,SRTIP,
Used Furniture Trading,103079.0,47,477,4774,Retail sale of second-hand goods,,SRTIP,
Used Heavy Equipment and Machinery Trading,103080.0,47,477,4774,Retail sale of second-hand goods,,SRTIP,
Used Heavy Machinery Motors Spare Parts and Outfit Trading,103081.0,46,465,4659,Wholesale of other machinery and equipment,,SRTIP,
Used Household Utensils Trading,103083.0,47,477,4774,Retail sale of second-hand goods,,SRTIP,
Used Jewellery Trading,103084.0,47,477,4774,Retail sale of second-hand goods,,SRTIP,
Used Luxury Automobiles Trading,103085.0,45,451,4510,Sale of motor vehicles,,SRTIP,
Used Motorcycles Trading,,45,454,4540,"Sale, maintenance and repair of motorcycles and related parts and accessories",,SRTIP,
Used Tires Waste Trading,,46,466,4669,Wholesale of waste and scrap and other products n.e.c.,,SRTIP,
Used Tyres Trading,,45,453,4530,Sale of motor vehicle parts and accessories,,SRTIP,
Vegetables and Fruit Trading,103057.0,46,463,4630,"Wholesale of food, beverages and tobacco",,SRTIP,
Vehicles E-Trading,,47,479,4791,Retail sale via mail order houses or via Internet,,SRTIP,
"Vehicles, Equipments and Machinery Technical Testing",103056.0,71,712,7120,Technical testing and analysis,,SRTIP,
Vending Machines Trading,103053.0,46,465,4659,Wholesale of other machinery and equipment,,SRTIP,
Ventilators and Fans Trading,103052.0,46,465,4659,Wholesale of other machinery and equipment,,SRTIP,
Vertical and Horizontal Transportation Systems Concultancy,103051.0,71,711,7110,Architectural and engineering activities and related technical consultancy,,SRTIP,
Veterinary Equipment and Instruments Trading,103042.0,46,465,4659,Wholesale of other machinery and equipment,,SRTIP,
Veterinary Medicines Trading,103043.0,46,464,4649,Wholesale of other household goods,,SRTIP,
Visual Arts Training Center,,85,854,8542,Cultural education,,SRTIP,
Vocational Training Services,103039.0,85,852,8522,Technical and vocational secondary education,,SRTIP,
"Volume, Noise and Oscillation Control Consultancy",103038.0,71,711,7110,Architectural and engineering activities and related technical consultancy,,SRTIP,
Wall Paper Trading,103035.0,46,466,4663,"Wholesale of construction materials, hardware, plumbing and heating equipment and supplies",,SRTIP,
Waste and Garbage Treatment Consultancy,,70,702,7020,Management consultancy activities,,SRTIP,
Waste Management and Recycling Consultancy,103032.0,70,702,7020,Management consultancy activities,,SRTIP,
Waste Paper Trading,103022.0,46,466,4669,Wholesale of waste and scrap and other products n.e.c.,,SRTIP,
Waste Plastic Trading,103023.0,46,466,4669,Wholesale of waste and scrap and other products n.e.c.,,SRTIP,
"Watches, Clocks and Spare Parts Trading",103024.0,46,464,4649,Wholesale of other household goods,,SRTIP,
Water Cooling and Heating Equipment Trading,103025.0,46,466,4663,"Wholesale of construction materials, hardware, plumbing and heating equipment and supplies",,SRTIP,
Water Desalination Equipment Trading,103026.0,46,465,4659,Wholesale of other machinery and equipment,,SRTIP,
Water Heaters Trading,103027.0,47,475,4752,"Retail sale of hardware, paints and glass in specialized stores",,SRTIP,
Water Treatment Equipment Trading,103029.0,46,465,4659,Wholesale of other machinery and equipment,,SRTIP,
"Water, Sewage and Irrigation Engineering Consultancy",103031.0,71,711,7110,Architectural and engineering activities and related technical consultancy,,SRTIP,
Wax Candles Trading,103008.0,47,475,4759,"Retail sale of electrical household appliances, furniture, lighting equipment and other household articles in specialized stores",,SRTIP,
Weather Forecasting and Aviation Devices Engineering Consultancy,103011.0,74,749,7490,"Other professional, scientific and technical activities n.e.c.",,SRTIP,
Web-Design,103013.0,62,620,6201,Computer programming activities,,SRTIP,
Web-Hosting,103014.0,63,631,6311,"Data processing, hosting and related activities",,SRTIP,
Well Drilling Equipment Trading,103021.0,47,477,4773,Other retail sale of new goods in specialized stores,,SRTIP,
Wholesale of  Container and Bottle Caps Trading,,46,466,4669,Wholesale of waste and scrap and other products n.e.c.,,SRTIP,
Wholesale of  Smelter and Furnace Fire Stone Trading,,46,466,4669,Wholesale of waste and scrap and other products n.e.c.,,SRTIP,
Wholesale of Advertisement Media and Instruments Trading,,46,465,4652,Wholesale of electronic and telecommunications equipment and parts,,SRTIP,
Wholesale of Aerials and Receivers Trading,,46,465,4652,Wholesale of electronic and telecommunications equipment and parts,,SRTIP,
Wholesale of Agricultural and Veterinary Pesticides Trading,,46,466,4669,Wholesale of waste and scrap and other products n.e.c.,,SRTIP,
Wholesale of Air-conditioner and Coolant Spare Parts Trading,,46,465,4659,Wholesale of other machinery and equipment,,SRTIP,
Wholesale of Alarm And Monitor Devices And Equipment Trading,,46,465,4659,Wholesale of other machinery and equipment,,SRTIP,
Wholesale of Animal Fodder Complementary Material Trading,,46,462,4620,Wholesale of agricultural raw materials and live animals,,SRTIP,
Wholesale of Appliances Fireworks Trading,,46,464,4649,Wholesale of other household goods,,SRTIP,
Wholesale of Aquariums and Equipment of Fish and Marine Animals Show Trading,,46,465,4659,Wholesale of other machinery and equipment,,SRTIP,
Wholesale of Artificial Stone Trading,,46,466,4663,"Wholesale of construction materials, hardware, plumbing and heating equipment and supplies",,SRTIP,
"Wholesale of Astronomical Instruments, Astronomical Equipment and Accessories Supplies Trading",,46,465,4659,Wholesale of other machinery and equipment,,SRTIP,
Wholesale of Audio-Visual Empty Tapes And Discs Trading,,46,464,4649,Wholesale of other household goods,,SRTIP,
Wholesale of bags biodegradable gases Trading,,46,466,4669,Wholesale of waste and scrap and other products n.e.c.,,SRTIP,
Wholesale of Bicycles and Spare Parts and Outfits Trading,,46,464,4649,Wholesale of other household goods,,SRTIP,
Wholesale of Blast Furnaces and Smelters Trading,,46,465,4659,Wholesale of other machinery and equipment,,SRTIP,
Wholesale of Bread and Bakeries Products Trading,,46,463,4630,"Wholesale of food, beverages and tobacco",,SRTIP,
Wholesale of Building Cleaning Equipment Trading,,46,465,4659,Wholesale of other machinery and equipment,,SRTIP,
"Wholesale of Building Sand, Pebbles and Stones Trading",,46,466,4663,"Wholesale of construction materials, hardware, plumbing and heating equipment and supplies",,SRTIP,
Wholesale of Calculators and Outfit Trading,,46,465,4651,"Wholesale of computers, computer peripheral equipment and software",,SRTIP,
Wholesale of Canned and Preserved Foodstuff Trading,,46,463,4630,"Wholesale of food, beverages and tobacco",,SRTIP,
Wholesale of Car Cleaning and Washing Equipment Trading,,46,465,4659,Wholesale of other machinery and equipment,,SRTIP,
Wholesale of Carbon Emission Control Systems Trading,,46,465,4659,Wholesale of other machinery and equipment,,SRTIP,
Wholesale of Carbonated Beverages Trading,,46,463,4630,"Wholesale of food, beverages and tobacco",,SRTIP,
Wholesale of Cement and Gypsum Trading,,46,466,4663,"Wholesale of construction materials, hardware, plumbing and heating equipment and supplies",,SRTIP,
Wholesale of Cement Products Trading,,46,466,4663,"Wholesale of construction materials, hardware, plumbing and heating equipment and supplies",,SRTIP,
Wholesale of Chandeliers and Lighting Items Trading,,46,464,4649,Wholesale of other household goods,,SRTIP,
Wholesale of Chemical Fertilizers Trading,,46,466,4669,Wholesale of waste and scrap and other products n.e.c.,,SRTIP,
Wholesale of China and Ceramics Products Trading,,46,464,4649,Wholesale of other household goods,,SRTIP,
Wholesale Of Chocolate,,46,463,4630,"Wholesale of food, beverages and tobacco",,SRTIP,
Wholesale of Cigarettes and Tobacco and its Products Trading,,46,463,4630,"Wholesale of food, beverages and tobacco",,SRTIP,
Wholesale of Cities Cleaning Equipment Trading,,46,465,4659,Wholesale of other machinery and equipment,,SRTIP,
Wholesale of Coffee Trading,100735.0,46,463,4630,"Wholesale of food, beverages and tobacco",,SRTIP,
Wholesale of Computer Outfit And Data Processing Trading,,46,465,4651,"Wholesale of computers, computer peripheral equipment and software",,SRTIP,
Wholesale of Computer Systems And Software Trading,,46,465,4651,"Wholesale of computers, computer peripheral equipment and software",,SRTIP,
Wholesale of Computers And Outfit Trading,,46,465,4651,"Wholesale of computers, computer peripheral equipment and software",,SRTIP,
Wholesale of Cookers and Cook Stoves Trading,,46,464,4649,Wholesale of other household goods,,SRTIP,
Wholesale of Cosmetics and Trading,,46,464,4649,Wholesale of other household goods,,SRTIP,
Wholesale of Crude Oil Trading,,46,466,4661,"Wholesale of solid, liquid and gaseous fuels and related products",,SRTIP,
Wholesale of Crude Plastic and Nylon Trading,,46,466,4669,Wholesale of waste and scrap and other products n.e.c.,,SRTIP,
Wholesale of Crystal Products Trading,,46,464,4649,Wholesale of other household goods,,SRTIP,
Wholesale of Curtains Clothes and Upholstery Trading,,46,464,4641,"Wholesale of textiles, clothing and footwear",,SRTIP,
Wholesale of Cutting Tools Trading,,46,464,4649,Wholesale of other household goods,,SRTIP,
Wholesale of Dates Trading,,46,463,4630,"Wholesale of food, beverages and tobacco",,SRTIP,
Wholesale of Diary and its Products Trading,,46,463,4630,"Wholesale of food, beverages and tobacco",,SRTIP,
Wholesale of Dietary supplements Trading,,46,463,4630,"Wholesale of food, beverages and tobacco",,SRTIP,
Wholesale of Dried Vegetables and Fruits Trading,,46,463,4630,"Wholesale of food, beverages and tobacco",,SRTIP,
Wholesale of Dry Ice Trading,,46,464,4649,Wholesale of other household goods,,SRTIP,
Wholesale of Egg Trading,,46,463,4630,"Wholesale of food, beverages and tobacco",,SRTIP,
Wholesale of Electronic And Normal Fortified Strongboxes Trading,,46,466,4669,Wholesale of waste and scrap and other products n.e.c.,,SRTIP,
Wholesale of Electronics Cooling Systems Trading,,46,465,4652,Wholesale of electronic and telecommunications equipment and parts,,SRTIP,
Wholesale of Elevators and Escalators and Spare Parts Trading,,46,466,4669,Wholesale of waste and scrap and other products n.e.c.,,SRTIP,
Wholesale of Energy Drinks Trading,,46,463,4630,"Wholesale of food, beverages and tobacco",,SRTIP,
Wholesale of Environment Protection Equipment Trading,,46,465,4659,Wholesale of other machinery and equipment,,SRTIP,
Wholesale of Equipment and Apparatuses of Entertainment Halls and E-games Trading,,46,464,4649,Wholesale of other household goods,,SRTIP,
Wholesale of Equipment Trading Of Television Satellite Channel Receivers,,46,465,4652,Wholesale of electronic and telecommunications equipment and parts,,SRTIP,
"Wholesale of Fibre-Optic Products, Accessories and Outfit Trading",,46,465,4652,Wholesale of electronic and telecommunications equipment and parts,,SRTIP,
Wholesale of Filling and Packaging Material Trading,,46,466,4669,Wholesale of waste and scrap and other products n.e.c.,,SRTIP,
Wholesale of Fire Resistant Doors Trading,,46,466,4663,"Wholesale of construction materials, hardware, plumbing and heating equipment and supplies",,SRTIP,
Wholesale of Fish and Meat Wastes Trading,,46,462,4620,Wholesale of agricultural raw materials and live animals,,SRTIP,
Wholesale of Flags Trading,,46,464,4649,Wholesale of other household goods,,SRTIP,
Wholesale of Flour Trading,,46,463,4630,"Wholesale of food, beverages and tobacco",,SRTIP,
Wholesale of Flying Ash Trading,,46,466,4663,"Wholesale of construction materials, hardware, plumbing and heating equipment and supplies",,SRTIP,
"Wholesale of Frames, Photos and Portraits Trading",,46,464,4649,Wholesale of other household goods,,SRTIP,
Wholesale of Fresh Fish and Marine Animals Trading,,46,463,4630,"Wholesale of food, beverages and tobacco",,SRTIP,
Wholesale of Fresh Foodstuff Trading,,46,463,4630,"Wholesale of food, beverages and tobacco",,SRTIP,
Wholesale of Frozen Fish and Marine Animals Trading,,46,463,4630,"Wholesale of food, beverages and tobacco",,SRTIP,
Wholesale of Glue and Gum Trading,,46,466,4669,Wholesale of waste and scrap and other products n.e.c.,,SRTIP,
Wholesale of Grease and Lubricants Trading,,46,466,4661,"Wholesale of solid, liquid and gaseous fuels and related products",,SRTIP,
Wholesale of Honey and Apiaries Products Trading,,46,463,4630,"Wholesale of food, beverages and tobacco",,SRTIP,
Wholesale of Ice Trading,,46,463,4630,"Wholesale of food, beverages and tobacco",,SRTIP,
Wholesale of Iced Beverages Trading,,46,463,4630,"Wholesale of food, beverages and tobacco",,SRTIP,
Wholesale of Industrial Plant Equipment and Spare Parts Trading,,46,466,4669,Wholesale of waste and scrap and other products n.e.c.,,SRTIP,
Wholesale of Insects and Rodents Pesticides Equipment Trading,,46,465,4659,Wholesale of other machinery and equipment,,SRTIP,
Wholesale of Insulating Material Trading,,46,466,4663,"Wholesale of construction materials, hardware, plumbing and heating equipment and supplies",,SRTIP,
"Wholesale of Jewelry, Diamond, and Precious Stones Trading",,46,464,4649,Wholesale of other household goods,,SRTIP,
Wholesale of Juice Trading,,46,463,4630,"Wholesale of food, beverages and tobacco",,SRTIP,
Wholesale of Laboratory and Factory Chemicals Trading,,46,466,4661,"Wholesale of solid, liquid and gaseous fuels and related products",,SRTIP,
Wholesale of Laboratory and Factory Tools and Outfit Trading,,46,465,4659,Wholesale of other machinery and equipment,,SRTIP,
Wholesale of Light Fittings and Fixtures Trading,102116.0,46,464,4649,Wholesale of other household goods,,SRTIP,
Wholesale of Marble Trading,,46,466,4663,"Wholesale of construction materials, hardware, plumbing and heating equipment and supplies",,SRTIP,
Wholesale of Marine Equipment and Machinery Trading,,46,465,4659,Wholesale of other machinery and equipment,,SRTIP,
Wholesale of Mattresses and Sponge Mattresses Trading,,46,464,4649,Wholesale of other household goods,,SRTIP,
Wholesale of Medications Trading,,46,464,4649,Wholesale of other household goods,,SRTIP,
Wholesale of Metal Barrels Trading,,46,466,4663,"Wholesale of construction materials, hardware, plumbing and heating equipment and supplies",,SRTIP,
Wholesale of Metal Constructional Ropes Trading,,46,466,4669,Wholesale of waste and scrap and other products n.e.c.,,SRTIP,
Wholesale of Metal Wires Trading,,46,466,4662,Wholesale of metals and metal ores,,SRTIP,
Wholesale of Musical Instruments Trading,,46,464,4649,Wholesale of other household goods,,SRTIP,
Wholesale of Natural Fertilizers and Agricultural Reclamation Material Trading,,46,466,4669,Wholesale of waste and scrap and other products n.e.c.,,SRTIP,
Wholesale of Natural Fibres and Cotton Trading,,46,462,4620,Wholesale of agricultural raw materials and live animals,,SRTIP,
Wholesale of New Heavy Equipment and Machinery Spare Parts Selling Trading,,46,466,4669,Wholesale of waste and scrap and other products n.e.c.,,SRTIP,
Wholesale of Non-ferrous Metal Main Products Trading,,46,466,4662,Wholesale of metals and metal ores,,SRTIP,
Wholesale of Nuts Trading,,46,463,4630,"Wholesale of food, beverages and tobacco",,SRTIP,
Wholesale of Office Equipment and Machinery Trading,,46,465,4659,Wholesale of other machinery and equipment,,SRTIP,
Wholesale of Office Tools Trading,,46,465,4659,Wholesale of other machinery and equipment,,SRTIP,
"Wholesale of Oil and Natural Gas Well Equipment, Devices and Spare Parts Trading",,46,465,4659,Wholesale of other machinery and equipment,,SRTIP,
Wholesale of Oil Well Chemicals Trading,,46,466,4669,Wholesale of waste and scrap and other products n.e.c.,,SRTIP,
Wholesale of Paper Products Trading,,46,464,4649,Wholesale of other household goods,,SRTIP,
Wholesale of Paper Trading,,46,464,4649,Wholesale of other household goods,,SRTIP,
Wholesale of Pearls and Precious Stones Trading,,46,464,4649,Wholesale of other household goods,,SRTIP,
Wholesale of Photocopiers and Outfit Trading,,46,464,4649,Wholesale of other household goods,,SRTIP,
Wholesale of Pipes and Tubes Trading,,46,466,4663,"Wholesale of construction materials, hardware, plumbing and heating equipment and supplies",,SRTIP,
Wholesale of Plate Heat Exchangers Trading,,46,466,4669,Wholesale of waste and scrap and other products n.e.c.,,SRTIP,
Wholesale of Polyurethane Foam Trading,,46,466,4669,Wholesale of waste and scrap and other products n.e.c.,,SRTIP,
Wholesale of Poultry Equipment and Apparatuses(Farms) Trading,,46,465,4659,Wholesale of other machinery and equipment,,SRTIP,
Wholesale of Prefabricated Houses and Parts Trading,,46,466,4663,"Wholesale of construction materials, hardware, plumbing and heating equipment and supplies",,SRTIP,
Wholesale of Professional Health and Safety Outfit and Tools Trading,,46,466,4669,Wholesale of waste and scrap and other products n.e.c.,,SRTIP,
"Wholesale of Pumps, Motors and Valves and Outfit Trading",,46,466,4669,Wholesale of waste and scrap and other products n.e.c.,,SRTIP,
Wholesale of Raw Metals Trading,,46,466,4662,Wholesale of metals and metal ores,,SRTIP,
Wholesale of Refined Oil Products Trading,,46,466,4661,"Wholesale of solid, liquid and gaseous fuels and related products",,SRTIP,
Wholesale of Refrigerated and Frozen Meat Trading,,46,463,4630,"Wholesale of food, beverages and tobacco",,SRTIP,
Wholesale of Rubber Trading,,46,466,4669,Wholesale of waste and scrap and other products n.e.c.,,SRTIP,
Wholesale of Safety and Fire Fighting Equipment and Devices Trading,,46,465,4659,Wholesale of other machinery and equipment,,SRTIP,
Wholesale of Salt Trading,,46,463,4630,"Wholesale of food, beverages and tobacco",,SRTIP,
Wholesale of Sanitary Ware and Connections Trading,,46,466,4663,"Wholesale of construction materials, hardware, plumbing and heating equipment and supplies",,SRTIP,
Wholesale of Sea Cleaning Equipment Trading,,46,465,4659,Wholesale of other machinery and equipment,,SRTIP,
Wholesale of Security Apparatuses and Equipment Trading,,46,465,4659,Wholesale of other machinery and equipment,,SRTIP,
Wholesale of Self-adhesive Material Trading,,46,466,4669,Wholesale of waste and scrap and other products n.e.c.,,SRTIP,
Wholesale of Sewing machines trade and supplies Trading,,46,465,4659,Wholesale of other machinery and equipment,,SRTIP,
Wholesale of Shipment Containers Trading,,46,465,4659,Wholesale of other machinery and equipment,,SRTIP,
Wholesale of Spare Parts and  Airplanes Sections Trading,,46,465,4659,Wholesale of other machinery and equipment,,SRTIP,
Wholesale of Spare Parts of Electrical And Electronic Devices Trading,,46,465,4652,Wholesale of electronic and telecommunications equipment and parts,,SRTIP,
"Wholesale of Spare Parts, Sections of Ships and Boats Trading",103296.0,46,465,4659,Wholesale of other machinery and equipment,,SRTIP,
Wholesale of Specialized Photography Equipment Tools and Outfit Trading,,46,465,4659,Wholesale of other machinery and equipment,,SRTIP,
Wholesale of Spice,103235.0,46,463,4630,"Wholesale of food, beverages and tobacco",,SRTIP,
Wholesale of Sports Clothes Trading,,46,464,4641,"Wholesale of textiles, clothing and footwear",,SRTIP,
Wholesale of Sterilized Room System Trading,,46,465,4659,Wholesale of other machinery and equipment,,SRTIP,
Wholesale of Sterilizers and Disinfectants Trading,103202.0,46,466,4661,"Wholesale of solid, liquid and gaseous fuels and related products",,SRTIP,
Wholesale of Sugar Trading,100825.0,46,463,4630,"Wholesale of food, beverages and tobacco",,SRTIP,
Wholesale of Suitcases and Travel Requisites Trading,103196.0,46,464,4649,Wholesale of other household goods,,SRTIP,
Wholesale of Synthetic Chemical Trading,,46,466,4669,Wholesale of waste and scrap and other products n.e.c.,,SRTIP,
Wholesale of Systems and Energy Saving Tools and Accessories Trading,,46,466,4669,Wholesale of waste and scrap and other products n.e.c.,,SRTIP,
Wholesale of Tanned Leather Trading,,46,464,4649,Wholesale of other household goods,,SRTIP,
Wholesale of Tar and Asphalt Trading,,46,466,4663,"Wholesale of construction materials, hardware, plumbing and heating equipment and supplies",,SRTIP,
Wholesale of Tea Trading,103268.0,46,463,4630,"Wholesale of food, beverages and tobacco",,SRTIP,
Wholesale of Tents and shade Trading,,46,464,4641,"Wholesale of textiles, clothing and footwear",,SRTIP,
Wholesale of Textile YarnsTrading,,46,464,4641,"Wholesale of textiles, clothing and footwear",,SRTIP,
Wholesale of Timber Trading,,46,466,4663,"Wholesale of construction materials, hardware, plumbing and heating equipment and supplies",,SRTIP,
"Wholesale of Tools and medical supplies, therapeutic and surgical Trading",,46,465,4659,Wholesale of other machinery and equipment,,SRTIP,
Wholesale of Trade Cutters (Sheet Metal) Fire Resistance Trading,,46,466,4669,Wholesale of waste and scrap and other products n.e.c.,,SRTIP,
Wholesale of transport equipment (except vehicles) Trading,,46,465,4659,Wholesale of other machinery and equipment,,SRTIP,
"Wholesale of Treatment Chemicals, Water Purification Trading",,46,466,4661,"Wholesale of solid, liquid and gaseous fuels and related products",,SRTIP,
Wholesale of Underwear Trading,,46,464,4641,"Wholesale of textiles, clothing and footwear",,SRTIP,
Wholesale of Unworked Gold and Precious Metals Trading,,46,466,4662,Wholesale of metals and metal ores,,SRTIP,
Wholesale of Upholstery Material and Outfit Trading,,46,464,4649,Wholesale of other household goods,,SRTIP,
Wholesale of Used Home Furniture Trading,,46,466,4669,Wholesale of waste and scrap and other products n.e.c.,,SRTIP,
Wholesale of Utensils and Tools Trading,,46,464,4649,Wholesale of other household goods,,SRTIP,
Wholesale of Vehicles Fuel Distribution Trading,,46,466,4661,"Wholesale of solid, liquid and gaseous fuels and related products",,SRTIP,
Wholesale of Ventilation Devices Trading,,46,465,4659,Wholesale of other machinery and equipment,,SRTIP,
Wholesale of Water Desalination Equipment and Machinery and Outfit Trading,,46,465,4659,Wholesale of other machinery and equipment,,SRTIP,
Wholesale of Water Treatment Equipment and Purification Trading,,46,466,4669,Wholesale of waste and scrap and other products n.e.c.,,SRTIP,
Wholesale of Well Drilling Equipment Trading,,46,465,4659,Wholesale of other machinery and equipment,,SRTIP,
Wholesale of Wool and Hair Trading,,46,462,4620,Wholesale of agricultural raw materials and live animals,,SRTIP,
Wholesale of Workshop Equipment and Machines and Spare Parts Trading,102999.0,46,465,4659,Wholesale of other machinery and equipment,,SRTIP,
Wholesale of Workshop Metal Equipment and Tools Trading,,46,465,4659,Wholesale of other machinery and equipment,,SRTIP,
Wireless Equipment and Instruments Trading,103004.0,46,465,4652,Wholesale of electronic and telecommunications equipment and parts,,SRTIP,
Wires and Cables Trading,103003.0,47,475,4752,"Retail sale of hardware, paints and glass in specialized stores",,SRTIP,
Women Body Fitness Club,,93,931,9312,Activities of sports clubs,,SRTIP,
Women Personal Care and Beauty,,96,960,9602,Hairdressing and other beauty treatment,,SRTIP,
Wooden Products Trading,103001.0,46,466,4663,"Wholesale of construction materials, hardware, plumbing and heating equipment and supplies",,SRTIP,
Wool and Animal Hair Trading,103000.0,46,462,4620,Wholesale of agricultural raw materials and live animals,,SRTIP,
Work Relations Development Council,,94,941,9411,Activities of business and employers membership organizations,,SRTIP,
"Workshop Equipment, Machinery and Spare Parts Trading",102999.0,46,465,4659,Wholesale of other machinery and equipment,,SRTIP,
Workshop Hardware and Tools Trading,102998.0,47,475,4752,"Retail sale of hardware, paints and glass in specialized stores",,SRTIP,
Reproduction Audio Recordings on Various Recording Media Reproduction Audio Recordings on Various Recording Media,103599,18,182,1820,Engages in the reproduction and duplication of audio recordings on various physical recording media for commercial distribution.,,Srtip,Draft
Green Vehicles Charging Systems Installation and Maintenance Includes installing all specialised systems related to the Green Parking which includes Green Vehicle Charging Systems,101224,43,432,4320,Provides installation and maintenance services for specialized green vehicle charging systems and related green parking infrastructure.,,Srtip,Draft
"Transportation of Ships Waste Oils Includes establishments that collect petroleum wastes resulting from tankers, wells, marine platforms, and fuel tanks",103126,38,381,3812,"Collects and transports waste oils generated from ships, tankers, marine platforms, and fuel storage facilities.",,Srtip,Draft
"Security & Surveillance Systems Installation & Maintenance Includes facilities that install and maintain equipment for security and protection from burglary, surveillance cameras and security equipment",104014,80,802,8020,Installs and maintains security and surveillance systems including burglary protection equipment and surveillance cameras.,,Srtip,Draft
"Electricity Transmission And Control Equipment Installation Works Includes installing equipment for transport and distribution of electricity, power frequency control, and electrical/electronic control systems",101245,43,432,4321,"Conducts installation works for electricity transmission and control equipment, including power distribution and frequency control systems.",,Srtip,Draft
Electrical Generators And Transformers Installation And Maintenance Specialized installation of generators and transformers for buildings and maintenance operations,101236,43,432,4321,Specializes in the installation and maintenance of electrical generators and transformers for buildings and industrial facilities.,,Srtip,Draft
"Fire Fighting & Safety Equipment Installation Specialized installation and operation of security and safety equipment, fire extinguishing, alarm systems testing and training",101914,80,802,8020,"Provides specialized installation, operation, and testing of fire fighting and safety equipment, including alarm systems and training services.",,Srtip,Draft
"Air-Condition, Ventilations, Air Filtration Systems Installation & Maintenance Specialized contractor for installing ventilation and cooling systems including central air conditioners and units",100152,43,432,4322,"Offers installation and maintenance services for air-conditioning, ventilation, and air filtration systems in residential and commercial buildings.",,Srtip,Draft
"Installation Of Internal Sewerage Fittings For Buildings Installation of special health extensions, internal sewage connections to buildings, water pipes",102932,37,360,3600,"Installs internal sewerage fittings and plumbing connections within buildings, including health extensions and water pipe systems.",,Srtip,Draft
"Electromechanical Equipment Installation & Maintenance Installation of electromechanical works for mechanical workshops, factories, energy equipment, lifting and towing equipment",101247,33,332,3320,"Performs installation and maintenance of electromechanical equipment for mechanical workshops, factories, and energy-related machinery.",,Srtip,Draft
Water Desalination And Treatment Plants Operation And Maintenance Managing and directing physical and technical functions of desalination and sewage treatment plants,101025,36,353,3530,"Operates and maintains water desalination and treatment plants, managing their physical and technical functions.",,Srtip,Draft
"Fibre Glass Products Maintenance Specialized in work on various fiberglass products including water storage tanks, boats, ships components",101408,33,331,3315,"Provides maintenance services for fiberglass products such as water storage tanks, boats, and ship components.",,Srtip,Draft
"Decoration Design & Implementation Using 3D Printing Technology Design and implementation of decoration, landscaping, exhibitions fixtures using 3D printing technology",103587,18,181,1811,"Designs and implements decorative projects, landscaping, and exhibition fixtures using advanced 3D printing technology.",,Srtip,Draft
"New Trailers Trading Businesses trading in new trailers devoted to transport goods, construction materials, and tanks in different sizes and types",104015,46,454,4540,"Engages in the trading of new trailers designed for transporting goods, construction materials, and tanks of various sizes and types.",,Srtip,Draft
Passengers Used Cars Trading Commercial agencies or exhibitions to sell used passenger cars for personal use or commercial leasing,103075,45,451,4510,Operates commercial agencies or exhibitions specializing in the sale and leasing of used passenger cars for personal and commercial use.,,Srtip,Draft
"Cars New Spare Parts Trading Specialized in sale of new spare parts for cars, detergents, dyes, and car glass. Excludes buses, trucks, batteries and tires",100592,45,453,4530,"Specializes in the retail sale of new spare parts for cars, including detergents, dyes, and car glass, excluding parts for buses, trucks, batteries, and tires.",,Srtip,Draft
"Cars Used Spare Parts Trading Specialized in sale of used spare parts for all types of cars, including complete used car engines",100601,45,453,4530,"Trades in used spare parts for all types of cars, including complete used engines and other automotive components.",,Srtip,Draft
Cars Tyres and Outfit Trading Trade in car tires and smaller vehicle tires including all constituent parts. Does not include repair or replacement of tires,104016,45,453,4530,"Engages in the trade of car tires and smaller vehicle tires along with their constituent parts, excluding tire repair or replacement services.",,Srtip,Draft
"Cars Batteries Trading Trade in liquid batteries used in electric power generation engines for light vehicles, boats, motorcycles and all 12-Volt engines",100594,45,453,4530,"Trades in liquid batteries used for electric power generation in light vehicles, boats, motorcycles, and all 12-volt engine applications.",,Srtip,Draft
"Cars Accessories Trading Shops selling car accessories including stickers, thermal radiation materials, small media stickers. Does not include car TVs",100592,45,453,4530,"Operates retail shops selling car accessories such as stickers and thermal radiation materials, excluding car television equipment.",,Srtip,Draft
"Motorcycles Trading Commercial agencies or trade fairs selling two-wheeled motor vehicles for entertainment, sports, or other purposes",104017,45,454,4540,"Engages in the commercial agency and trade fair activities for the sale and distribution of two-wheeled motor vehicles used for entertainment, sports, or transportation.",,Srtip,Draft
Commercial Agent Facilities playing negotiator or mediator between contract parties for business operations in return for commission. Excludes real estate mediation,100762,46,461,4610,"Acts as an intermediary by negotiating and mediating business contracts between parties in exchange for commission, excluding real estate transactions.",,Srtip,Draft
"Wholesale of Canned and Preserved Foodstuff Trading Wholesale of canned and preserved food products including fruits, vegetables, meats in sealed metal, frozen, plastic, paper, wood or glass packaging",104018,46,463,4630,"Specializes in the wholesale distribution of canned and preserved food products including fruits, vegetables, and meats packaged in various sealed containers.",,Srtip,Draft
"Dietary Supplements - Wholesale Trade Wholesale of health food and cosmetics to complement diet including vitamins, minerals, fiber, fatty acids and amino acids",104019,46,463,4630,"Distributes dietary supplements and health-related products such as vitamins, minerals, fiber, fatty acids, and amino acids to wholesale buyers.",,Srtip,Draft
Wholesale of Refrigerated and Frozen Meat Trading Businesses specialized in meat refrigerated or chilled for sale in local markets without interference in canning or saving meat,104020,46,463,4630,Conducts wholesale trade of refrigerated and frozen meat products intended for local market sale without engaging in meat processing or preservation.,,Srtip,Draft
Wholesale of Carbonated Beverages Trading Bulk trading of carbonated soft drinks and sparkling beverages to retailers and food service outlets,104021,46,463,4630,Provides bulk wholesale distribution of carbonated soft drinks and sparkling beverages to retailers and food service providers.,,Srtip,Draft
"Cigarettes and Tobacco and its Products Trading Wholesale trading of cigarettes, tobacco, and related products focusing on distribution and supply chain management",104022,46,463,4630,"Manages the wholesale supply and distribution of cigarettes, tobacco, and related products through efficient supply chain operations.",,Srtip,Draft
"Wholesale of Cosmetics and Trading Wholesale of all kinds of cosmetics and beauty products including nail polish, creams, makeup, hair products, wigs, eyelashes",104023,46,464,4649,"Engages in the wholesale trade of a wide range of cosmetics and beauty products including makeup, creams, hair care items, and accessories.",,Srtip,Draft
"Wholesale of Tools and Medical Supplies, Therapeutic and Surgical Trading Wholesale of medical devices, prosthetics, surgical supplies, orthopedic aids, surgical sutures, bandages, surgical masks and gloves",104024,46,466,4660,"Supplies medical devices, prosthetics, surgical supplies, and therapeutic equipment on a wholesale basis to healthcare providers and institutions.",,Srtip,Draft
"Wholesale of Computers And Outfit Trading Wholesale trading of computer devices including screens, memory units, printers, plotters, CD-ROM drives and accessories",104025,46,465,4651,"Wholesale trades computer hardware and peripheral devices including screens, memory units, printers, and related accessories.",,Srtip,Draft
"Wholesale Trading of Smart Systems Sell smart systems to resellers. Smart systems include sensing, actuating, and controlling functions for smart decisions and analyses",104026,46,465,4652,"Distributes smart systems incorporating sensing, actuating, and control functions to resellers for applications in automation and data analysis.",,Srtip,Draft
"Wholesale of Oil and Natural Gas Well Equipment and Devices and Spare Parts Trading Wholesale of equipment for oil and natural gas systems from survey/exploration to storage, including drilling, pump, gas liquefaction equipment",104027,46,465,4659,"Wholesale supplies equipment and spare parts used in oil and natural gas exploration, drilling, pumping, and storage operations.",,Srtip,Draft
Wholesale of Crude Oil Trading Wholesale trade of crude oil from local markets or through importation which had not been through refining stages,104028,46,466,4661,Engages in the wholesale trade of unrefined crude oil sourced locally or through imports for industrial and commercial use.,,Srtip,Draft
"Wholesale of Unworked Gold and Precious Metals Trading Wholesale trade in precious metals such as gold, silver, platinum in original state, ingots, blocks, strings, or chips before manufacturing",104029,46,466,4662,"Trades in unworked precious metals such as gold, silver, and platinum in their original forms including ingots, blocks, and chips prior to manufacturing.",,Srtip,Draft
"Timber Trade - Wholesale Wholesale trade of all types of wood in original state or cut into boards, slices, or blocks for construction or industrial purposes",103382,46,466,4663,"Conducts wholesale trade of timber products including raw wood, boards, slices, and blocks for construction and industrial applications.",,Srtip,Draft
"Wholesale of Agricultural and Veterinary Pesticides Trading Wholesale trade of agricultural and veterinary pesticides in local markets, either through imports or locally produced items",104030,46,462,4620,Wholesale distributes agricultural and veterinary pesticides sourced locally or imported for use in pest control and crop protection.,,Srtip,Draft
Wholesale of Sterilizers and Disinfectants Wholesale trading of disinfectants and sterilizers made of chemicals in gaseous or liquid form to eliminate microorganisms,103202,46,466,4660,Supplies chemical sterilizers and disinfectants in gaseous or liquid forms on a wholesale basis to eliminate harmful microorganisms.,,Srtip,Draft
"Wholesale of Jewelry, Diamond, and Precious Stones Wholesale trade in jewelry, diamonds, and precious stones",104031,46,466,4660,"Engages in the wholesale trade of fine jewelry, diamonds, and other precious stones for retail and manufacturing purposes.",,Srtip,Draft
Wholesale of Medications Trading Wholesale trade of all types of medical therapeutic medications or those used in scientific research,104032,46,466,4660,Wholesale distributes a broad range of therapeutic medications and pharmaceutical products used in medical treatment and scientific research.,,Srtip,Draft
"Wholesale of Laboratory and Factory Tools and Outfit Trading Wholesale trade of tools and supplies used in laboratories for research, examinations, and lab tests for scientific, medical, or other purposes",104033,46,465,4650,"Supplies laboratories and factories with tools, equipment, and supplies necessary for scientific research, testing, and examination on a wholesale basis.",,Srtip,Draft
