Activity Number,ISIC Code,License Type,Activity Name,Description
AM-01903,910001,Services,Natural Gas and Oil Well Drilling,Natural Gas and Oil Well Drilling
AM-01904,910002,Services,Natural Gas and Oil Well Repair and Maintenance,"Repair and maintenance operations for oil and natural gas wells using various techniques and protecting them from corrosion or interaction with surrounding natural materials or to extend the life of their use, maintenance or re-drilling"
AM-01906,4322008,Services,Electromechanical Equipment Installation & Maintenance,"Installation and testing of mechanical and electromechanical equipment and machinery such as workshop and factory equipment, power generation machines, loading, lifting and traction equipment, cool rooms, refrigeration equipment, automatic laundromat equipment and other"
AM-01916,1010102,Industrial,Meat Products Manufacturing,"Manufacture of food products extracted or made from meat such as sausages, canned minced meat, minced steaks (hamburgers) and others such as salami, pudding, ""andweit"", marinated sausages, bologna meat, meat cakes, etc. This does not include starch"
AM-01917,1010902,Industrial,Poultry Products Manufacturing,"Manufacture food products extracted or made from poultry meat, such as minced poultry meat, slices, sausages, shredded meat or processed parts, including processing, marinating and packaging them in packages or cans so that they are suitable for consumption"
AM-01918,1061003,Industrial,Cereal Food Manufacturing,"Prepare grains and grains and manufacture them for the production of dry food materials, such as the production of mash, grain, semolina, cornflakes, quaker and others."
AM-01919,1020001,Services,Fish and Seafood Canning,"Canning fish and its products such as fish, snails, etc., in sealed containers"
AM-01921,1020001,Services,Fish and Seafood Preparing,"Processing of fish and seafood suitable for human consumption, packaging them in specific packages or bags and freezing them in condition suitable for consumption. This activity does not include the production of oils and fats from marine materials,"
AM-01922,1061005,Services,Rice Husking and Polishing,"Peeling, bleaching and polishing rice"
AM-01925,1079099,Industrial,Food Stuff Manufacturing,Other Activities Related to Manufacture of Other Food Products N.E.C
AM-01926,1080003,Industrial,Animal Feed Manufacturing,"Produce food intended for animals or birds raised inside homes, including canned, preserved and dried foods such as grains, seeds, fruits and meat of all kinds, as well as health foods provided to them such as vitamins and tonics"
AM-01927,1030001,Services,Fruits Canning and Packaging,Fruit canning and packaging
AM-01928,1071001,Industrial,Bread Manufacturing,"Includes the manufacture of fresh, frozen or dry bakery products, such as bread, rolls, pastry, cakes, pies, tarts, rusks, snack products, biscuits, crackers, and pretzels."
AM-01929,1030002,Services,Vegetables Canning and Packaging,Vegetable canning and packaging
AM-01930,1071002,Industrial,Sweets and Pies Manufacturing,Manufacture pies and sweets
AM-01932,1071005,Industrial,Biscuits Manufacturing,Manufacture biscuits
AM-01933,1030003,Industrial,Tomato Paste Manufacturing,Manufacture tomato past
AM-01935,1030008,Industrial,Freezing fruits and vegetables,Freeze fruits and vegetables
AM-01936,1030006,Industrial,Potato Chips Manufacturing,Freeze fruits and vegetables
AM-01937,1030005,Services,Dry Fruit and Vegetable Packaging,Drying and packing of fruits and vegetables
AM-01938,1061010,Industrial,Cheese Balls Manufacturing,Puffed and crispy corn covered with cheese or cheese flavored
AM-01940,1072001,Industrial,Crude Sugar Refining,Crude Sugar Refining
AM-01941,1030012,Industrial,Jam Manufacturing,"Prepare jam from fresh, seasonal perishable fruits as a means of preserving and storing them."
AM-01942,1072002,Industrial,Manufacturing of Sugar Cubes,Manufacturing of Sugar Cubes
AM-01943,1030013,Industrial,Pickles Manufacturing,"Producing pickles of fruits, fruits, vegetables and other agricultural crops and packing them in commercial packages so that they are ready for marketing to the consumer directly, or packing them in economic packages for marketing to commercial and industrial institutions."
AM-01944,1072003,Industrial,Sugar Packaging,"Refill refined sugar in consumer packages so that it is ready for final use, whether in its normal state, in the form of cubes or powder, without introducing any processing or other processes on it before filling it."
AM-01945,1040101,Industrial,Vegetable Oil Production and Refining,"Produce vegetable oils from their raw materials of grains and seeds such as corn oil, sunflower oil, soybean oil and others, or from vegetables such as garlic, lettuce, watercress and others, which are extracted from them in a way of juicing, and this activity includes refining"
AM-01946,1073901,Industrial,Manufacture of Sweets,Manufacture of Sweets
AM-01947,1040201,Industrial,Animal Oil and Fat Manufacturing,Manufacture of crude and refined oils and fats from animal materials and other edible animal fats
AM-01948,1073102,Industrial,Confectionery from cocoa and chocolate,"Manufacture sweets that include cocoa and chocolate, including coating nuts, biscuits or fruits with chocolate or cocoa, and this activity also includes the production of sweets filled with cocoa or chocolate."
AM-01949,1040102,Industrial,Vegetable Gee Manufacturing,"Hydrogenate (freeze) vegetable oils and fats, produce vegetable margarine, and produce industrial butter."
AM-01950,1079002,Industrial,Salt Refining,Refine table salt
AM-01951,1920014,Services,Grease and Lubricants Packaging,Fill in greases and lubricants
AM-01952,1079003,Industrial,Ice Manufacturing,"Producing on blocks, and tubular types to use in food storage and processing, chemical manufacturing, concrete mixing."
AM-01953,1050001,Industrial,Milk Packing,"Manufacture fresh, pasteurized, sterilized, homogeneous, and / or high-temperature liquid milk, such as milk and yogurt for milk prepared with fruit flavors, etc., from fresh milk"
AM-01954,1079004,Industrial,Tea Blending and Packaging,Blending different types of tea to produce specially flavored brands and then pack for final consumption.
AM-01955,8292003,Services,Re-packaging and Wrapping Services,"Re-packaging of goods and goods that are in the form of bulk containers manufactured in other places by packing them in consumer or commercial packages in preparation for selling them to the final consumer or preparing them for export.Except for restricted substances (food, chemical, health, pharmaceutical, cosmetic tobbaco )"
AM-01956,1079006,Industrial,Herbs Packaging,"Pack herbal plants used to prepare drinks and flavors or as foodstuffs such as thyme, star anise, hibiscus, dried lemon, saffron, etc. in commercial packages."
AM-01957,1050002,Industrial,Butter Manufacturing,Manufacturing butter by pasteurizing and churning cream of fresh and fermented milk.
AM-01958,1079007,Industrial,Nuts Roasting and Packaging,"Roast nuts such as peanuts, pistachios, cashews, almonds, etc., salting them, and packing them in sealed packages or bags"
AM-01959,1050003,Industrial,Cheese Manufacturing,"Manufacturing cheese from high quality fresh milk, including pasteurizing, purifying and the renneting."
AM-01960,1079008,Services,Salt Packaging,Fill in salt
AM-01961,1050004,Industrial,Yogurt Manufacturing,Manufacturing yogurt by produced by bacterial fermentation of milk then sugar and fruits and other materials are added.
AM-01962,1079009,Industrial,Spices Packaging,"Re-pack dried or powdered spices and spices, whether in their original condition or mixed in bags or consumer packages that are sealed so that they are suitable for final use"
AM-01963,1050005,Industrial,Cream of Milk Manufacturing,Manufacture cream
AM-01964,1079010,Services,Rose Water Bottling,Fill rose water
AM-01965,1050006,Industrial,Ice Cream Manufacturing,"Manufacturing ice cream and iced cakes and sweets, which use ice cream in processing."
AM-01966,1079022,Industrial,Soup Manufacturing,"Manufacture soup (soup) from meat or vegetables and packed in metal or plastic containers for immediate use. It also includes making soup powder prepared for cooking, as well as making soup flavorings and creams used in its manufacture, cooking and preparation."
AM-01967,1061001,Industrial,Grinding Grains and Crops,Facilities that mill grains and cereals
AM-01968,1079011,Industrial,Baby Food Manufacturing,"Manufacture infant food such as liquid or powdered milk, drinks, juices, types of biscuits, fruit paste and other foods."
AM-01969,1061002,Industrial,Flour Blending and Preparing,Mix wheat flour and prepare it to produce different types and varieties of products for use in food production or food preparation.
AM-01970,1079012,Industrial,Flavors and Fragrances Manufacturing (Food Additions),"Manufacture materials, flavorings, flavorings, and fruit extracts that are used in the manufacture of food products. It also includes the manufacture of synthetic concentrates and aroma supplements that are used in the manufacture of aromatic materials and detergents."
AM-01971,1079017,Industrial,Vinegar Manufacturing and Bottling,"Produce vinegar of all kinds from salt, fruits or other chemical compounds, and this activity includes the production and repackaging of vinegar."
AM-01972,1030010,Services,Fruit Flavored Drinks Manufacturing,"Produce dried mixes for the preparation of juices and ice cream made from natural ingredients and materials that are included in their composition and which are mixed and packaged according to the demand of consumers or producers of juices and ice cream, their shops, restaurants, etc."
AM-01973,1079014,Industrial,Egg Products Manufacturing (Liquid Pasteurized ),"Produce, process, prepare and package egg liquid in economical sizes for use by consumers such as restaurants, hotels and ready-to-eat food preparation companies."
AM-01974,1104201,Services,Mineral Water Bottling,"Bottling natural spring water and mineral water in consumer containers, including water purification, filtering, sterilization and bottling, so that these operations are carried out on site at the places of springs and wells from which water is extracted,"
AM-01975,1104203,Industrial,Carbonated Water Manufacturing,Adding carbon gas to mineral water and then bottling it in sealed bottles or containers.
AM-01976,1104204,Industrial,Soft Drinks Manufacturing,"Manufacture soft drinks and soft drinks flavored with spirits or fruit extracts of flavored and sweetened, such as sweetened lemonade, sweetened orange, cola, tonic water, and this activity does not include the production of fruit and vegetable juice,"
AM-01977,1104902,Industrial,Fruit Juice Powdered Manufacturing,Manufacturing fruit drinks
AM-01980,1410111,Industrial,Protective Garments and Vest Manufacturing,"Various clothing such as jackets, coats, gloves, pants and others that are used to prevent some external damage, such as jackets used against the penetration of bullets, clothes used against radiation, heat, moisture penetration, rain protection, or otherwise."
AM-01981,144002,Services,Production of raw wool,Production of raw wool resulting from sheep breeding without any industrial intervention on it.
AM-01982,1410112,Industrial,Sports Wears Manufacturing,Sports Wears Manufacturing
AM-01983,1313001,Industrial,Textile Dyeing and Processing,"Prepare fabrics and textiles before knitting them, such as cracking, crumbling, waxing clothes against water, lining them, treating them with rubber, or impregnating them."
AM-01984,1410113,Industrial,Formal Wears Manufacturing,Formal Wears Manufacturing
AM-01985,1311002,Industrial,Sewing Yarns Manufacturing,"Manufacture sewing threads and prepare them for use in the purposes of making ready-made garments from natural raw materials such as silk, wool or other fibers, and this activity does not include the manufacture of textile fabrics impregnated, lined, covered or fitted with rubber, if rubber is the main ingredient."
AM-01986,1410114,Industrial,Jackets and Overcoats Manufacturing,Jackets and Overcoats Manufacturing
AM-01987,1311005,Industrial,Lace and Crochet Manufacturing,"Manufacture the operations of knitting ribbons and weaving them from threads and natural or synthetic fibers, as well as the manufacture of other similar knitted such as trimmings, laces, braids, hoops and knitted belts, as well as ready-made clothing industry supplies such as cards, tags, woven drawings and others."
AM-01988,1410115,Industrial,Gloves Manufacturing,"Manufacture of gloves made of fabrics such as cotton, wool or synthetic fibers, as well as gloves made of leather or rubber and this does not include the repair of clothing,"
AM-01989,1392001,Industrial,"Tent, Awnings and Tarpaulin Manufacturing","Making tents and awnings to use as shade from the sun in or protecting from rain in shops and buildings, also, covers and tarpaulin used to cover goods stored in open air or transported in vehicles."
AM-01991,1392002,Industrial,Bed Sheets and Household Linen Manufacturing,"Manufacture bedspreads that are made by cutting and detailing, such as bed linen, blankets, linens and curtains, as well as making tablecloths, small tables, etc. This does not include making garments from knitwear and crochet,"
AM-01992,1410108,Industrial,Garments Manufacturing,"Manufacture ready-made garments from natural raw materials such as: cotton, wool and silk, whether they are knitted or woven. It also includes any type of textiles for which separate activities have not been designated for use in the garment industry. This activity does not include the manufacture of impregnated or lined textile fabrics. covered or fitted with rubber."
AM-01993,1410116,Industrial,Socks Manufacturing,"Manufacturing men, ladies and sport socks from wool, cotton, nylon and polyester to use in protecting the foot and absorb sweat."
AM-01994,1511001,Services,Leather Tanning and Dressing,"Tanning, dyeing, preparing and polishing of leather and leather to be ready for manufacture to other products"
AM-01995,1392004,Industrial,Towels Manufacturing,"Manufacturing the absorbent textile towels are made from cotton, rayon and are used for drying or wiping."
AM-01996,1512001,Industrial,Suitcases Manufacturing,"Manufacture travel bags from natural leather and its alternatives, as well as the manufacture of bags that are composed of parts of leather in addition to bags that are made entirely of other alternative materials such as plastic, aluminum or textile,"
AM-01997,1392005,Industrial,Auto Upholstery manufacturing,"The manufacture of all types of carpets used in cars, such as cutting floors, car seat sets, or dressing other parts of the car, such as the steering wheel or movement arm, and so on, whether from cloth, leather, plastic, or other natural or synthetic fibers ..."
AM-01998,1512002,Industrial,"Hand Bags, Wallets, and Belts Manufacturing","The manufacture of handbags, wallets, belts made of leather and its alternatives from plastic and cloth."
AM-01999,1392007,Industrial,Fabric Textile Embroidering,"Manufacture knitting and crocheting cotton, silk and wool fabrics with colored or golden stripes to use in producing household linens and women dress."
AM-02000,1520001,Industrial,Footwear Manufacturing,"manufacturing men and women footwear for different purposes and of any material, involving whole or parts of the footwear whether by the traditional manual process or mechanical."
AM-02001,1392009,Industrial,Flags Manufacturing,Manufacture of formal and informal flags and banners with different sizes for different purposes by means of cutting and weaving or by color printing or others. It also includes the manufacture of logos and badges as well as ceremonial banners which are hung at celebrations and similar occasions. This also includes the manufacture of flags woven from natural or artificial fibers or from plastic and the like.
AM-02002,1520002,Industrial,Sandals Manufacturing,Sandals Manufacturing
AM-02003,1392008,Industrial,Pillow and Cushions Manufacturing,Manufacturing pillows and cushions for bedrooms and sitting rooms.
AM-02004,1610008,Industrial,Cutting and Sawmilling of Wood,Cutting and Sawmilling of Wood
AM-02005,1393001,Industrial,Carpets Manufacturing,"Manufacture of carpets of various fibers, which means floor carpets (rugs) as well as decorative pieces, and this does not include the manufacture of handmade carpets Manufacture of mats and leg mops from braided materials,"
AM-02006,1610001,Industrial,Wood Boards Manufacturing,"Manufacture of plywood panels and wood panels from plywood chips (plywood) or from particleboard made from crumbled and compressed wood waste, wood pulp (MDF) or other types of wood panels."
AM-02007,1393002,Industrial,Mats and Rugs Manufacturing,"Manufacture of mats and rugs of different types of fibers or yarn, as well as pedals and walkers of jute or carpet scraps."
AM-02008,1623005,Industrial,Wooden Podiums Manufacturing,"Manufacture pallets, pallets and other loading pallets made of wood for various purposes and includes the manufacture of pieces and wooden panels that are used as a ground base to carry equipment or transported goods, containers, etc. of different sizes and uses in factories or in storage and shipping holds."
AM-02009,1394002,Industrial,Nets Manufacturing,Nets Manufacturing
AM-02010,1622001,Industrial,Wooden Doors and Windows,Wooden Doors and Windows
AM-02011,1394001,Industrial,Ropes Manufacturing,"Manufacture various types of ropes and similar various fiber raw materials such as cotton, jute, linen, paper, plastic, hemp and other fibers, including glass fibers, including fiberglass, and includes the processes of twisting, dyeing and packaging fibers"
AM-02012,1622004,Industrial,Industry buildings and prefabricated wooden parts.,"Manufacture of prefabricated buildings made wholly or parts thereof from wood, provided that they are manufactured using the method of preparation and installation on the site in stages or installed entirely at once. This activity does not include establishments specialized in the manufacture of buildings made of concrete or steel. This does not include the manufacture of furniture"
AM-02013,1313003,Services,Silk Screening,"Silk-screen printing on textiles and wearing apparel by transferring a multicolored image or design image from a screen to textile articles through lithographic, gravure, screen or flexographic printing."
AM-02014,1622005,Industrial,Internal Design Woodworks Manufacturing,"The manufacture of wooden products necessary for interior design (decoration) works such as wooden barriers (mashrabiyat), wooden partitions, stair barriers, balconies, wooden soles, wooden arches and other similar wooden products except furniture and fixtures of all kinds."
AM-02016,1623003,Industrial,Wooden Boxes Manufacturing,Wooden Boxes Manufacturing
AM-02017,1410101,Industrial,Mens Underwear Manufacturing,"Manufacture of woven, knitted or crocheted fabric to be worn under other clothes, whether over the waist like T-shirts or below the waist like pants."
AM-02018,1629104,Industrial,"Fronds, Hay, and Bamboo Products Manufacturing","Fronds, Hay, and Bamboo Products Manufacturing"
AM-02019,1410102,Industrial,Mens Garments Manufacturing,"Manufacture men's outerwear made of cotton, wool, silk or other fibers and knitted by the method of knitting (knots) or by the method of weaving (seam), and this includes the manufacture of shirts of all kinds, pajamas, home, beachwear, bathroom, pants (pants), shorts, ready-made men's suits, neckties, etc.,"
AM-02020,1701002,Industrial,Paper and Carton Manufacturing,"Manufacture of journal, writing, drawing, typing, and wrapping paper, made of wood, paper residues or fibers pulp."
AM-02021,1410104,Industrial,Children Wears Manufacturing,"Manufacturing children’s swaddling clothes, nappies, night wear, party clothes, shirts, trousers and others."
AM-02022,1702002,Industrial,Carton Boxes and Containers Manufacturing,"Manufacture of different sizes and types of boxes and containers made of corrugated or non-corrugated carton, used for wrapping and packaging different products in commercial packs in order to facilitate their transportation, shipping and storing."
AM-02023,1410105,Industrial,Children Underwear Manufacturing,"Manufacturing children underwear’s made of woven, knitted or crocheted fabric."
AM-02024,1702003,Industrial,Paper Boxes and Packages Manufacturing,"Manufacture and printing of boxes and packing bags made carton paper, water proofing plastic or wax coated paper, or paper lined with tin, aluminum or other materials which are used for packing of various industrial products."
AM-02025,1410106,Industrial,Ladies Garments Manufacturing,"Manufacture shirts, women's pants, party and evening dresses, pregnant clothes, wedding dresses, weddings, sleepwear, home, beachwear, bathroom, scarves, and others."
AM-02026,1709019,Industrial,Manufacture of Packaging and wrapping matrials,"Manufacture of all materials used in the packaging and packaging of industrial products, such as packages, plain and waxed paper envelopes, nylon foils and printed plastic foils, as well as metal packaging materials"
AM-02027,1410107,Industrial,Ladies Underwear Manufacturing,"Manufacturing women undergarments made of woven, knitted or crocheted fabric to be worn under other clothes, whether over or below the waist."
AM-02028,1702004,Industrial,Paper Bags Manufacturing,Paper Bags Manufacturing
AM-02029,1410117,Industrial,Caps and Headwear Manufacturing,"Manufacture of different types of headwear for men and boys such as the Shemagh (ghuttar), caps, hoods, women's head and face coverings such as hijab, niqab, etc., and also includes the manufacture of hats in various forms made of textiles."
AM-02030,1702005,Industrial,Files and Box Files Manufacturing,"Manufacture of means of preserving papers such as files, files, boxes for keeping documents and official documents made of paper or cardboard, as well as printing and manufacturing paper portfolios"
AM-02031,1410109,Industrial,Ladies Arabic Gowns Manufacturing,"The tailoring, sewing, embroidering and stitching of ladies' gowns, such as long Arab traditional dresses Jellabiya and shawls. This also includes cutting, sewing and embroidering of ladies' head and face veils and covers."
AM-02033,1811006,Industrial,Cards and Envelops Printing,"Printing business cards, invitation cards to official events and celebrations, season's greeting cards and weddings congratulations cards. This also includes printing the envelopes."
AM-02034,1709008,Industrial,Tissues and Napkins Manufacturing,"Establishments or factories that manufacture napkins and paper towels of all kinds, such as facial tissues, kitchen towels, dining tissues and toilet paper."
AM-02035,1709009,Industrial,Diapers Manufacturing,Diapers Manufacturing
AM-02036,1709010,Industrial,Sanitary Napkins Manufacturing,Sanitary Napkins Manufacturing
AM-02037,1709013,Industrial,Adhesive Cards Manufacturing,"Manufacture labels, brands and adhesive brands, including re-cutting, printing and processing"
AM-02038,1709014,Industrial,Paper Stationery Manufacturing,"Manufacture products that are used for office purposes, such as papers and papers, which includes other paper products that are used for office purposes, such as papers and papers in computers used in duplicating machines, and scrolls in calculators and other securities."
AM-02042,2011010,Industrial,Composed Industrial Chemicals Manufacturing,"Manufacture of chemicals of compounds, salts and various materials, which are in the form of powders, crystals, solutions or others, which are directly used in the processes of conducting tests, analysis and chemical experiments, or in water purification and sterilization, or in the production of gases, fertilizers or other industrial products other than synthetic resins."
AM-02044,2029005,Industrial,Synthetic Resins Manufacturing,"Manufacturing synthetic resins to use in producing chemical products such as paints, dyes, perfumes, detergents, adhesives, ink, and other resins based chemical products."
AM-02045,1811001,Industrial,Commercial Publications Printing,"The printing commercial advertising posters, accounting books, invoices, correspondence pads, official document forms, such as passports, paper money, Travel cheques, receipt and cheque pads, as well as the printing of catalogues, calendars, brochures and others"
AM-02046,1920016,Industrial,Chlorinated Paraffin Oil Manufacturing,Chlorinated Paraffin Oil Manufacturing
AM-02048,2012007,Industrial,Chemical Fertilizers Manufacturing,Chemical Fertilizers Manufacturing
AM-02049,1811004,Industrial,Books Printing,"Conducting books printing as well as handling the related technical related services such as designing, color separation, binding."
AM-02050,2012001,Industrial,Organic Fertilizers Manufacturing,Organic Fertilizers Manufacturing
AM-02052,2220044,Industrial,Plastic Cubes Manufacturing,Plastic Cubes Manufacturing
AM-02056,2013002,Industrial,Crude Fiber Glass Manufacturing,"Producing fiber glass from source materials and forming in panels, grids, or textures and complementary chemicals useable in manufacturing fiber glass products for constructions"
AM-02058,2021001,Industrial,House Pesticides Manufacturing,House Pesticides Manufacturing
AM-02060,2021002,Industrial,Agricultural Pests Pesticides Manufacturing,"Manufacture of materials whose purpose is to prevent, eliminate or control agricultural pests, including disease vectors of plant or animal species. Pests mean every animal, plant or micro-organism harmful or destructive, such as insects, spiders, nematodes, bacteria, etc."
AM-02061,1812001,Industrial,Bookbinding,Bookbinding
AM-02062,2022001,Industrial,Paint Manufacturing,"Manufacturing dyes and paints for buildings, constructions and decor, as well as for autos and metals, also, anti-corrosion and anti-erosion powdered paints for coating metals by anodizing. other materials used in treating and processing dyes and paints such as thinners, thickeners, basic dyes and others."
AM-02064,2023018,Industrial,Cleaning and Polishing Materials Manufacturing,Manufacture of all kinds of cleaning and polishing materials
AM-02065,1812003,Services,Colour Separation Services,"Providing color analysis and sorting services for photographs, drawings and other similar materials for printing purposes, as well as preparing chips, determining the proportions and degrees of colors used, as well as any other services associated with them."
AM-02066,2022002,Industrial,Anti Corrosion Materials Manufacturing,"Manufacturing metals and wood anti-corrosion and anti-erosion, as well as constructions and equipment anti-thermal element."
AM-02067,1920001,Industrial,Fuel Manufacturing,"Producing refined petroleum by extracting from crude oil in refineries, including gasoline, diesel, naphtha, kerosene, fuel oil, it involves also producing biofuel vegetable oils or animal fats or agricultural products."
AM-02068,2022003,Industrial,Insulation Materials Manufacturing,"Manufacture of insulating materials and supplies that are used in insulation from moisture or water leakage and from heat, whether natural such as the heat of the sun or generated by engines, as well as insulating materials from sound and noise and from vibrations and radiation effects and others, and includes these materials used in buildings or machinery and equipment such as furnaces, vehicles ."
AM-02070,2029007,Industrial,Adhesive Materials Manufacturing,"Manufacturing adhesive materials for sticking paper, glass, metal, plastic or wood pieces, to use in printing, lamination, packaging, in construction for fixing ceramic, slabs and maquette, or wall-paper...etc, also producing adhesive tapes in paper, plastic, fabrics."
AM-02072,2022007,Industrial,Manufacture of printing ink,"Manufacturing printing inks either being in powder, paste or as liquid, in addition to inject cartridges used in fax machines, photo copiers and computer printers."
AM-02074,2100101,Industrial,Medicine Manufacturing,"The pharmaceutical industry, which invent new medicines and sell them in the market and have the right to invent and invent them. tablet preparation or other operations, filling or refilling"
AM-02075,1920003,Services,Natural Gas Bottling,Facilities to fill in petroleum gas
AM-02076,2100102,Industrial,Vaccines and Inoculants Manufacturing,Vaccines and Inoculants Manufacturing
AM-02077,1920005,Industrial,Asphalt and Paving Materials,Asphalt and Paving Materials
AM-02078,2100105,Industrial,Medicinal Chemicals Manufacturing,Medicinal Chemicals Manufacturing
AM-02079,1920006,Industrial,Lubricants Manufacturing,Lubricants Manufacturing
AM-02080,2100106,Industrial,Veterinary Medicine Manufacturing,Veterinary Medicine Manufacturing
AM-02081,2011017,Industrial,Basic Organic Chemical Acids Manufacturing,"Manufacture the most common organic acids in single or multiple carboxy acids, including acetic acid (vinegar acid), its acidic varieties with the carboxyl group COOH. Its acidic acids contain SO2OH."
AM-02082,2100107,Industrial,Medical and Surgical Requisites Manufacturing,"Manufacture of medical supplies, pharmaceutical materials, chemical and plant pharmaceutical products, and surgical instruments and devices of all kinds that are used in operations."
AM-02086,2023001,Industrial,Soap Manufacturing,"Manufacture of soap used for bathing or for washing hands, and its dry and liquid types, in addition to the manufacture of bath foam."
AM-02088,2023006,Industrial,Detergents & Disinfectants Manufacturing - Import & Export,"Manufacturing disinfectants that are used for the purposes of sterilizing floors, bathrooms, and clothes."
AM-02089,2011005,Industrial,Gas Liquefaction and Bottling Manufacturing,"The conversion of gases like oxygen, carbon dioxide and nitrogen into liquid state for using industrial and medical fields"
AM-02090,2023008,Industrial,Perfumes Manufacturing - Import & Export,"Manufacturing different types of concentrated or light perfumes (toilet water) whether from synthetic or natural fragrant compounds . Also included are after shaves, shaving creams, body lotions, deodorants, clothes and floor cover fragrances. The perfumes concerned could be in liquid, solid or powder forms."
AM-02091,2011006,Industrial,Dry Ice Manufacturing,Dry Ice Manufacturing from CO2
AM-02092,2023007,Industrial,Industrial Detergents Manufacturing,"Manufacture of chemicals used to clean machinery, machinery and equipment such as air conditioners, boilers, elevators, car engines, mechanisms and other machinery and machinery"
AM-02093,2013005,Industrial,Gum and Glue Manufacturing,"Extracting gum and glue from raw materials, for direct use in such original state, or use in producing various chemical compounds, as substances for adhesive and cosmetics."
AM-02094,2023002,Industrial,Powder Detergents Manufacturing and Packaging,"Manufacture soaps and detergents, and cleaning and polishing products"
AM-02095,2023011,Industrial,Deodorants and Bath Salts Manufacturing,Manufacturing Deodorants and Bath Salts Manufacturing
AM-02096,2023003,Industrial,Bleaching Products Manufacturing,Manufacturing chlorine-based bleaches to use as household chemicals to whiten clothes and remove stains.
AM-02097,2023012,Industrial,Cosmetics Manufacturing,"Manufacture of cosmetics and perfumes used in cosmetics such as types of paints, creams, essential oils and powders that are used for the body, as well as types of eyeliners, colors and powders used in facial beautification (make-up)."
AM-02098,2029001,Industrial,Fire Extinguishing Materials Manufacturing,Fire Extinguishing Materials Manufacturing
AM-02102,2029014,Industrial,Coolants Manufacturing,"Manufacturing coolants which are characterized of having high thermal capacity, low viscosity, chemically inert, and causing no corrosion when mixed with water and flown through or around a device to prevent its overheating."
AM-02103,2011008,Industrial,Manufacture of distilled water,Manufacture of distilled water
AM-02104,2310007,Industrial,Glass Sheets and Mirror Manufacturing,Manufacturing Glass Sheets and Mirror
AM-02105,2211003,Industrial,Tyres Rebuilding,"Renew used tires for cars and vehicles and re-dress them so that they become usable again, and this section does not include the following Manufacture of tire pipe repair materials"
AM-02106,2310008,Industrial,Stained Glass Forming,"Manufacture glass panels in a way that cuts colored glass, collects those pieces with each other and forms them to represent paintings, pictures or engineering drawings, fixes glass pieces using lead or any other adhesives, and installs these panels on frames made of wood, aluminum profiles, or other metal sections or reinforced plastic, This activity also includes any other industries related to the formation of stained glass, the manufacture of glass wool and non-woven glass wool products"
AM-02107,2219001,Industrial,Manufacture of rubber products,Manufacture of rubber products
AM-02108,2310009,Industrial,Glass Bottles and Containers Manufacturing,"Manufacturing glass bottles and containers used for bottling liquids, chemical products and others."
AM-02110,2310011,Industrial,Reflective and Insulant Glass Production,Reflective and Insulant Glass Production
AM-02111,2219006,Industrial,"Industry, rubber floors and pedals","Manufacture of covers for the sides of swimming pools, roofs of vehicles, boats, garden floors and playground tracks, and this activity also includes the manufacture of rubber mats for homes or entrances."
AM-02112,2393004,Industrial,Ceramic Ware Manufacturing,"Manufacture of goods and products from china, ceramics and pottery such as utensils and household items, including artifacts and others."
AM-02116,2392005,Industrial,Structural Clay Products Manufacturing,"Manufacturing of building and construction clay products, such as bricks, slabs, ceramic, faience tile, clay pipes and tubes and fittings as well as sanitary and bathroom clay requisites."
AM-02117,2220002,Industrial,Plastic utensils Manufacturing,"Industrial facilities that manufacture containers and household utensils used for preparing or preserving foods, except for utensils and tools used for cleaning."
AM-02121,2220006,Industrial,Plastic Sheets Manufacturing,"Manufacturing plastic sheets for various industries and applications using the techniques of extrusion , molding, casting, depending on material type and size."
AM-02127,2220025,Industrial,"Industry, bottles and plastic bottles","Industrial facilities specialized in the manufacture of bottles, containers and various plastic drums used in industrial purposes from the packaging of various products such as food, liquids, chemicals and others."
AM-02130,2395001,Industrial,Precast Building Manufacturing,"Industrial facilities specialized in the production and manufacture of concrete building parts or the manufacture of entire building pieces and processing them by pre-casting method in the molds, as well as the transportation and installation of these parts at the work site."
AM-02132,2395005,Industrial,Cement Products manufacturing,"Manufacturing cement products such as columns, stair rails, balconies, flower beds, statues, and maquettes by blocks pre-casting, to use in buildings and internal and decorations."
AM-02137,2220033,Industrial,Plastic Building Ware Manufacturing,"Manufacture of works and supplies for buildings and construction projects such as doors, windows, cladding panels, barriers, plastic decorations, grates (mashrabiyat), air vent or sewer covers and other similar works made of plastic materials or the like, or of which plastics represent the largest percentage."
AM-02138,2396003,Industrial,Stone Cutting and Grinding Manufacturing,"Manufacture of stone cutting, such as making plates from some types of rocks, as well as grinding products such as gravel, sandstone, and others that are manufactured separately from the places from which stones are extracted or gravel is collected from."
AM-02139,2220035,Industrial,Plastic Covers Manufacturing,"Manufacturing plastic bottles, barrels and containers used for various industrial purposes and for packing foodstuff and filling liquids, chemical products and others."
AM-02141,2220047,Industrial,Construction Plastic Requirements Manufacturing,"Manufacture of sanitary ware fittings, plastic door handles and knobs, hinges, furniture wheels, wooden or metal fittings, shelving fittings and other fittings used in buildings or for industrial purposes made of plastic or similar materials"
AM-02143,2220003,Industrial,Plastic Pipes Manufacturing,"Manufacturing all types of plastic pipes, for drainage, sewerage, electrical connections, agriculture and irrigation, hoses, also related fittings, such as connections, knobs, angles and other parts and accessories."
AM-02144,2394004,Industrial,Lime Manufacturing,Lime Manufacturing
AM-02146,2395010,Industrial,Chalk Manufacturing,Chalkboards of all kinds
AM-02149,2310001,Industrial,Glassware manufacturing,"manufacturing household and kitchen glass items used in cooking, serving and preserving food."
AM-02150,2395008,Industrial,Gypsum Products Manufacturing,"Manufacture gypsum products such as decoration supplies such as decorations, stereoscopic drawings, columns, architectural ornaments, panels used in cladding or as heat-insulating materials, as well as flower pots, ornamental plants, and others."
AM-02151,2310002,Industrial,Safety Glass Manufacturing,Safety Glass Manufacturing
AM-02153,2310004,Industrial,Wool Glass Manufacturing,"Manufacturing glass wool by the fusion of a mixture of sand and recycled glass, and is produced in rolls or in slabs fire resistant and thermal insulator to use in construction insulation and ducting."
AM-02154,2399006,Industrial,Non Metal False Ceiling Manufacturing,"Manufacture of suspended ceilings borrowed and made of non-metallic materials such as gypsum, reinforced fiberglass, cement-reinforced plastic or made of other similar materials."
AM-02156,2592008,Services,Pipelines Coating,"Cladding or lining of pipes transporting water, petroleum, sewage or other materials and submerged under the surface of the water or buried underground with waterproofing, moisture, anti-corrosion, rust or other protective materials."
AM-02158,2396001,Industrial,Artificial Marble Manufacturing,Manufacturing of Artificial Marble
AM-02160,2410901,Industrial,Steel Bars Manufacturing,"Manufacture iron bars used for reinforcing purposes in building and construction work or in other industries for the production of various metal products, and includes bars that are produced by the method of remelting ingots or waste and iron waste."
AM-02161,2420002,Industrial,Aluminum Smelter and Extraction,"Manufacture of pure aluminum metal from its raw materials such as bauxite or alumina, its smelting and production in the form of blocks, cylinders or alloys so that it can be remanufactured by drawing or rolling method to produce the raw materials necessary for the manufacture of aluminum products."
AM-02162,2420004,Industrial,Silver Extraction from Chemical Wastes,"Extracting silver from photographic films wastes, radiograph films, films processing chemicals or any other chemicals composing silver , then form in pieces or ingots for manufacturing dyes and paints."
AM-02163,2431004,Industrial,Steel Tubes Manufacturing,"Manufacture iron pipes used for construction purposes and laying pipelines for various purposes in the manner of cutting, forming and welding iron plates, as well as manufacturing supplies for their connection and installation."
AM-02164,2431001,Industrial,Casting Products Manufacturing,"Manufacture of castings of iron, steel or cast, and this includes the manufacture of various casting products such as sanitary ware and others."
AM-02165,2823003,Industrial,Ingot Manufactur ingingot moulds,"Manufacture molds from ferrous and metal alloys by smelting and casting, which are reused in factories and workshops in shaping various materials and manufacturing metal, plastic or pottery."
AM-02166,2592001,Industrial,Metal Products Coating,"Metal products coating with paints, powders, polishing and protective materials, or by un-precious metals, this can be carried out by using electric, chemical, or conventional coating methods."
AM-02167,2431003,Industrial,Steel Pipes Fittings Manufacturing,Manufacturing of Steel Pipes Fittings
AM-02168,2592003,Industrial,Structure Steel Coating and Treatment,Structure Steel Coating and Treatment
AM-02172,2593002,Industrial,Hand Tools Manufacturing,"Manufacturing of hand tools used in agriculture, landscaping, construction, carpentry, smithery, plumbery and auto workshops, among such tools are rasps, hammers, chisels, shovels and others."
AM-02173,2432003,Industrial,Weighing Materials Manufacturing,Manufacturing the traditional different size apparatus for weighing.
AM-02174,2593010,Industrial,Metal appliances (hardware) for buildings Manufacturing,Manufacturing of metal appliances (hardware) for buildings
AM-02175,3212001,Industrial,Manufacture of Medals and Legions,"Manufacture of medals, badges, decorations, necklaces, commemorative shields, etc. from different metals such as copper, bronze and other metals, using the method of casting in molds"
AM-02176,2593009,Industrial,Locks and Keys Manufacturing,"Manufacture locks, keys and hinges for doors, and they are used to seal closures and secure some safes and shops. The locks are easy mechanical equipment and their raw materials vary between iron, zinc alloys and copper of all types. Its use most of the time is attached to another part that is installed in the doors and places to be closed. The interior part is considered the (heart) into which the key is inserted is the main part that can be obtained through various designs for other uses, including computer locks, cash drawer locks, refrigerator locks, iron cupboard locks... This branch does not include copying keys and repairing locks."
AM-02177,2511002,Industrial,Structural Metal Parts Manufacturing,"Manufacture of metal parts made of steel for building and construction purposes, such as metal structures for buildings, bridges, tunnels, and metal towers constructed for the purposes of power transmission and telecommunications."
AM-02178,2593005,Industrial,Cutting and Shearing Tools manufacturing,Cutting and Shearing Tools manufacturing
AM-02179,2511003,Industrial,Steel Structures Manufacturing,"the manufacture of buildings and prefabricated constructions of steel, which are used for various purposes such as factory buildings, warehouses, hangars and other roofed spaces (hangars) and sheds (shabarat)"
AM-02180,2593006,Industrial,Sawing Discs and Cutting Blades Manufacturing,Sawing Discs and Cutting Blades Manufacturing
AM-02181,2511004,Industrial,Building Metal Products Manufacturing,"Manufacture of all types of metal works for buildings and shops such as the manufacture of showcases, barriers and metal fences for stairs, gardens and balconies, as well as the manufacture of decorations, metal interior design supplies, gates, upper water tanks, window protection nets, covers of sewage drainage complexes, wire and cable complexes, edges of stairs and other similar works, whether made of iron, aluminum, copper or other metals that are made by casting method or cutting panels and sections and fixing them again according to the shapes required."
AM-02182,2599129,Industrial,"Metal Spoons, Forks, and Tableware","Manufacturing knives and spoons used in cutting and cooking, also stainless steel and gold and silver plated cutlery, or purely precious metal brands."
AM-02183,2511009,Industrial,Sea Platforms and Rigs Manufacturing,Manufacturing offshore platforms and drilling towers
AM-02184,2599106,Industrial,Metal Utensils Manufacturing,"Manufacture of utensils used for domestic purposes of all kinds, including pots, trays and containers made of types of metals such as aluminum and stainless steel or covered with a non-stick layer for food during cooking."
AM-02185,2511010,Industrial,Scaffolds & Ladders Manufacturing,Manufacturing of Scaffolds & Ladders
AM-02186,2599401,Industrial,Screwing Tools Manufacturing,Manufacturing of Screwing Tools
AM-02187,2511011,Industrial,Central Air Conditioning Manufacturing,"Manufacturing central air-Conditioning systems ducts and fittings installment, as well as ventilation hole covers, ventilation grids, sound and vibration absorbers and other A/C installation requisites."
AM-02188,2599113,Industrial,Traffic Signs Manufacturing,Manufacturing of Traffic Signs
AM-02189,2511013,Industrial,Metal False Ceiling Manufacturing,Metal False Ceiling Manufacturing
AM-02190,2599101,Industrial,Metal Containers Manufacturing,Metal Containers Manufacturing
AM-02191,2824010,Industrial,Oil and Gas fields Equipment Manufacturing,"Industrial facilities that manufacture oil and natural gas equipment and tools, tools, tools and supplies used in drilling oil fields and exploration for natural gas"
AM-02192,2599103,Industrial,Metal Barrels Manufacturing,Manufacturing of Metal False Ceiling
AM-02193,2511014,Industrial,Reinforcement Steel Bars Fabrication,"The expansion or perforation of metals or the conversion of sheets into nets for the production of metal supplies such as protection angles, mesh strips (slats), brick row supports and other supplies used during the construction and cladding of buildings for the purposes of strengthening and cohesion of building elements and preventing cracks and cracks"
AM-02194,2599102,Industrial,Metal Boxes Manufacturing,Metal Boxes Manufacturing
AM-02195,2511001,Services,Steel Rebar,"Cutting iron bars from steel or wrought iron of different sizes and shapes and processing them in cylindrical shapes, columns, nets or others for use in the purposes of reinforcing buildings, installations and other concrete works."
AM-02196,2599901,Industrial,Metal Wires Manufacturing,Manufacturing metal wires by drawing the metal through a hole in a die or draw plate to use bearing mechanical loads and to carry electricity and telecommunications signals
AM-02197,2599905,Industrial,Metal Mesh Manufacturing,"Manufacture of grates made of iron, aluminum or other metals by the method of cutting and welding, which are used in the production of floors and stairs for industrial facilities or in the production of barriers for balconies, stairs or other purposes, as well as their supplies of supports, fasteners, corners, handles, etc."
AM-02198,2599902,Industrial,Metal Nets Manufacturing,Metal Nets Manufacturing
AM-02200,2599903,Industrial,Barbed Wires Manufacturing,Manufacturing of Barbed Wires
AM-02201,2512001,Industrial,Water and Liquids Tanks Manufacturing,"Manufacture of vertical circular tanks constructed on ground surface or suspended on special support foundations, or horizontal tanks embedded underground and made of welded steel panels, to use for storage of water, oil derivatives, liquefied gas or other liquid substances, it0 does not include upper-buildings water tanks,"
AM-02202,2599904,Industrial,Chain Manufacturing,"Manufacturing metal chain with series of connected links for using in lifting or pulling, also the chains used for transmission of mechanical power in industrial and agricultural machinery and bicycle, which have links designed to mesh with the teeth of the sprockets of the machine."
AM-02203,2512002,Industrial,Silos Manufacturing,Manufacturing of Silos
AM-02204,2599110,Industrial,Metal Buckets Manufacturing,"Manufacture of buckets, trays and other metal products used for any purpose other than household utensils, this includes pots and vessels for farms, laboratories and workshops"
AM-02205,2512005,Industrial,Pressure Vessels Manufacturing,"Manufacturing closed container designed to hold gases or liquids at a pressure different from the ambient pressure to use in different industries, oil, foodstuff, chemicals and petrochemical."
AM-02206,2599111,Industrial,metal Ropes Manufacturing,Manufacture of metal ropes used in traction and lifting and in various other industrial uses.
AM-02207,2512006,Industrial,Cauldrons Manufacturing,Manufacture of steam boilers that are used to heat water centrally in residential complexes and buildings or to produce steam used in central kitchens or in laundry shops and ironing them using steam.
AM-02210,2599112,Industrial,Welding Bars Manufacturing,Manufacturing of Welding Bars
AM-02211,2591001,Services,Iron and Steel Rolling,Iron and Steel Rolling
AM-02214,2599109,Industrial,Gas Cylinders Manufacturing,Manufacturing gas cylinder of steel and composite materials which are chemically stable to use for domestic industrial and medical uses.
AM-02215,2591003,Industrial,Aluminum Rolling,"Manufacturing of Pure aluminum rolling of aluminum sheets and sheets, including the crushing of aluminum plates with different zigzags to be later used for industrial or construction purposes. ."
AM-02216,2599201,Industrial,Aluminum Foils Manufacturing,Aluminum Foils Manufacturing
AM-02217,4662011,Commercial,Wholesale of Metal Shaping Moulds Trading,Reselling of precision dies for metal or plastic molding to make metal or plastic products.
AM-02218,2592005,Industrial,Smithery and Welding Workshop,"Includes workshops, blacksmithing and welding workshops equipped with special equipment and small machines, which cut iron through electric welding machines and according to the customer's request and based on commitments or agreements between those workshops and customers and without special production for those workshops."
AM-02219,2592007,Services,Lathe Workshop,Lathe Workshop
AM-02220,2599117,Industrial,Steel Wool Manufacturing,"Manufacturing Steel wool by broaching low-carbon steel for using as an abrasive in finishing and repair work for polishing wood or metal objects, cleaning household cookware."
AM-02221,2599203,Industrial,Aluminum Plates and Containers Manufacturing,Manufacturing of Aluminum Plates and Containers
AM-02222,2599118,Industrial,Metal Sections Manufacturing,"Includes the use of panels and pipes drawn and made of aluminum, iron or other metals in the manufacture of metal profiles, which in turn are used in the manufacture of doors, windows, facades, suspended ceilings, light walls (partitions), stair barriers, balconies, frames, furniture and other products and metal works for buildings or other products that the sections enter into their manufacture."
AM-02223,2599306,Industrial,Printing Plates Manufacturing,Printing Plates Manufacturing
AM-02224,2920107,Industrial,Metal Garbage and Waste Collection Containers Manufacturing,"Manufacturing of tanks, containers used for garbage and waste collection from public places. Home dustbins are listed"
AM-02225,2512003,Industrial,Metal Tanks Manufacturing,Manufacturing of Metal Tanks
AM-02226,2599115,Industrial,Metal Chambers Manufacturing,"Manufacture of tanks and metal compartments of metal plates and sheets by the method of cutting and assembling pieces, which are used for preservation or protection such as protection tanks for electrical or industrial distribution, control and measurement panels, generator compartments, distribution points, storage tanks for keeping fire equipment, gas collection, purification or other uses."
AM-02228,2750007,Industrial,Electrical Home Appliances Manufacturing,Manufacturing of Electrical Home Appliances
AM-02229,2710002,Industrial,Engine Spare Parts Manufacturing and Installing,"Manufacturing major spare parts such as cam shafts, pistons, inlet valves, connecting rods, and other parts used in different engines, machines or industrial, marine or construction equipment."
AM-02231,2710010,Industrial,Power Distribution and Transmission Equipment Manufacturing,Manufacturing of Power Distribution and Transmission Equipment
AM-02232,2620009,Industrial,Assembling computers - Import & Export,Assembling of computers and laptops from different components.
AM-02233,2813001,Industrial,Pumps Manufacturing,Manufacturing of Pumps
AM-02234,2817003,Industrial,Typewriter Manufacturing,Manufacturing of Typewriter
AM-02235,2814001,Industrial,Bearing Manufacturing,Manufacturing of Bearing
AM-02237,2816002,Industrial,Hydraulic Forklift Manufacturing,"Manufacturing of industries of machinery equipped with winches, wires and pulleys for use in lifting and unloading heavy loads in ports, places of loading and unloading goods, in construction and building works and in factories."
AM-02239,2826007,Industrial,Sewing Threads Equipment Manufacturing,"Manufacturing manual, electrical, electronic and computerized stitching and embroidering clothing, fabrics, shoes and leather products, whether a one person or Industrial sewing machines for automated process of stitching, it involves the needles and other accessories."
AM-02241,2819905,Industrial,Fire Fighting Equipment Assembling,"Assembling of industries of machinery equipped with winches, wires and pulleys for use in lifting and unloading heavy loads in ports, places of loading and unloading goods, in construction and building works and in factories."
AM-02244,2710014,Industrial,Power Control Switchgears Manufacturing,"Manufacture and assembly of electrical switchgear as well as electrical control devices for industry such as management and control devices for electric motors, electronic control devices, electromagnetic ballasts and others."
AM-02245,2819201,Industrial,Split Air Conditioner Manufacturing,"Manufacture of air-conditioning units with separate components (split) that are installed as units, whether they are linked or not linked to a comprehensive central air conditioning system."
AM-02246,2710005,Industrial,Manufacture of control panels for electric power distribution,Manufacture of control panels for electric power distribution
AM-02247,2819202,Industrial,Air Conditioner Units Manufacturing,Manufacturing of Air Conditioner Units
AM-02248,2732001,Industrial,Power Distribution and Transmission Cables Manufacturing,Power Distribution and Transmission Cables Manufacturing
AM-02249,2819206,Industrial,Ventilation Equipment manufacturing,"Manufacturing central equipment to use in factories, workshops, and warehouses for air ventilation and purification of smoke, gases and scattered solid particles, the same is also for household fans and exhaust fans."
AM-02250,2930110,Industrial,Auto Electrical Wires Manufacturing,Manufacture of wires that connect all electrical parts responsible for the operation of the vehicle
AM-02251,2819207,Industrial,Cold Storage Compartment Manufacturing,"Manufacturing cold storage compartments to store foodstuff, medicine or other perishable stuff and heat damaging materials, whether for commercial or industrial uses, also, refrigerators and freezers and similar devices in general stores for preserving and displaying foodstuff and other products, household refrigerators and freezers"
AM-02252,2732004,Industrial,Wired Communications Wires Manufacturing,"Manufacturing metal and fiberglass wires used to carry telecommunication signals and data, such wires are used in telephony, TV and video, computer network and the internet, marine cables."
AM-02253,2819906,Industrial,Automatic Gates & Barriers Manufacturing,"Manufacturing or assembling gates and barriers whose opening and closing are automatically controlled from a distance, which are used to regulate entry and exit in buildings and private and public parking lots."
AM-02254,2731001,Industrial,Fiber Optic Cables and Wires Manufacturing,"Manufacture and assembly of cables and wires that use optical fibers to transmit optical signals over long distances, and includes fibers through which optical signals of a uniform pattern are transmitted and used in telephone networks and television cables, as well as the types through which optical signals of multiple patterns are transmitted and used in networks the computer."
AM-02255,2819205,Industrial,Central Air Conditioner Equipment Manufacturing,Manufacturing Central Air Conditioner Equipment
AM-02259,2816011,Industrial,Conveyor and Transmission Belts Manufacturing,Manufacturing Conveyor and Transmission Belts
AM-02262,2740005,Industrial,Lamp Base and Accessories Manufacturing,"Manufacture bases on which light bulbs are installed from ceramic, metal, glass or plastic Health and safety department approval"
AM-02263,2821001,Industrial,Agricultural Tractors Manufacturing,Manufacturing of Agricultural Tractors
AM-02264,2740007,Industrial,Neon Signs Manufacturing,Manufacture of billboards from transparent plastic or glass tubes through which colored neon gas is passed to give the billboard its luminous shape.
AM-02265,2821004,Industrial,Auto Irrigation Devices Manufacturing,"Manufacture of artificial automatic irrigation devices for lands and soils where rain water is not sufficient for agriculture, and includes center pivot irrigation equipment, pumps, sprinklers, drip and control equipment and others."
AM-02266,2720001,Industrial,Liquid Batteries Manufacturing,"Manufacture or assembly of components for liquid batteries used in cars, vehicles or other purposes, for the generation of low-voltage electrical energy, as well as for charging, transferring and reusing energy."
AM-02267,2829012,Industrial,Specialized Precision Equipment Manufacturing,Specialized Precision Equipment Manufacturing
AM-02268,2720002,Industrial,Dry Batteries Manufacturing,"Manufacture of components for dry batteries used in cars, vehicles or other purposes, for the generation of low-voltage electrical energy, as well as for charging, transferring and reusing energy."
AM-02270,2740003,Industrial,Chandeliers Manufacturing,Manufacturing of Chandeliers
AM-02271,2750005,Industrial,"Cookers, Cooking Stoves and Grills Manufacturing","Manufacturing of Cookers, Cooking Stoves and Grills"
AM-02273,2750006,Industrial,Electrical Water Heaters Manufacturing,Manufacturing of Electrical Water Heaters
AM-02274,2790006,Industrial,Heat Elements Manufacturing,"Manufacturing of heat elements fitted in electrical equipment and appliances such as heaters, toasters, kettles, grillers and others."
AM-02275,2750002,Industrial,Water Coolers Manufacturing,Manufacture water coolers and are used in all sectors and of all types
AM-02276,2610002,Industrial,Electronic Tubes Manufacturing,Manufacturing of Electronic Tubes
AM-02277,2750004,Industrial,Washing Machines and Dryers Manufacturing,Manufacturing of Washing Machines and Dryers
AM-02278,2220023,Industrial,Manufacture of Electronic Chips & Semiconductors,"Manufacturing silicon wafers (chips) used as a semiconductor, integrated circuits, discrete semiconductors and various chips fitted in computers, electronics, communications and industrial equipment."
AM-02280,2630001,Industrial,Telecommunications Equipment and Accessories Manufacturing,Manufacturing of Telecommunications Equipment and Accessories
AM-02281,2651001,Industrial,Electrical Measuring and Control Systems Manufacturing,Manufacturing of Electrical Measuring and Control Systems
AM-02282,2651002,Industrial,Non Electrical Measuring and Control Systems Manufacturing,Manufacturing of non-Electrical Measuring and Control Systems
AM-02283,2670004,Industrial,Manufacture of optical magnifying instruments,Manufacture of optical magnifying instruments
AM-02284,3250012,Industrial,Contact Lenses Manufacturing,Manufacturing the plastic lens placed on the surface of the eye either to correct visual defects or for cosmetic or therapeutic reasons.
AM-02285,2652001,Industrial,Watches and Clocks Manufacturing,"Manufacturing watches, clocks, alarm clocks and timing mechanisms, instrument panel clocks, time-recording equipment and equipment for measuring, recording and displaying intervals of time such as parking meters, time clocks, process timers, also, all the accessories and components."
AM-02286,2910001,Industrial,Automobile Assembling,Assembling of Automobile
AM-02288,2920101,Industrial,Trailers Manufacturing,Manufacturing the unpowered trailers which are pulled by a powered vehicle and which are used for transport of goods and materials or as mobile homes.
AM-02289,2920102,Industrial,Refrigerated Trailers Manufacturing,Manufacturing of Refrigerated Trailers
AM-02290,3211002,Industrial,Silverware and Jewellery Manufacturing,Manufacture silver and jewelry
AM-02291,2920103,Industrial,Tanker Manufacturing,Manufacturing of Tanker
AM-02292,3211003,Industrial,Precious Stones Cutting and Polishing,Cut and polish precious stones
AM-02294,3211004,Industrial,Precious Jewellery Manufacturing,"The fixing of jewelry and gemstone diamonds includes jewelry, jewelry and watches as well as tools, antiques and artefacts made of gold or other precious metals."
AM-02295,2930101,Industrial,Radiator Manufacturing,Manufacturing Radiator
AM-02296,3220003,Industrial,Manufacture of the Requisites of String Musical Instruments,Manufacture of the Requisites of String Musical Instruments
AM-02297,2930102,Industrial,Exhausts Manufacturing,Manufacturing exhausts used to convey burnt gases from the engine.
AM-02299,2599307,Industrial,Leaf Spring Manufacturing,Manufacturing of Leaf Spring
AM-02300,3240001,Industrial,Plastic Toys Manufacturing,Manufacturing of Plastic Toys
AM-02301,2930108,Industrial,Vehicles Additional Parts Manufacturing,Manufacturing of Vehicles Additional Parts
AM-02302,3240003,Industrial,Dolls Manufacturing,Manufacturing of Dolls
AM-02303,2930106,Industrial,Break Pads Manufacturing,Manufacturing of Break Pads
AM-02304,3290001,Industrial,Pens and Writing Instruments Manufacturing,Manufacture pens of all kinds and various writing tools used in schools
AM-02305,3011101,Industrial,Metal Ships Building,Manufacture metal ships
AM-02308,1629902,Industrial,Cloth Hangers and Clips Manufacturing,Manufacturing of Cloth Hangers and Clips
AM-02309,3011103,Industrial,Ships Metal Parts manufacturing,Manufacture metal parts for ships
AM-02311,3012002,Industrial,Building of Wooden Boats,Manufacturing wooden boats
AM-02312,3290005,Industrial,Brooms and Cleaning Articles Manufacturing,"Manufacturing tools and requisites for cleaning floors, houses, buildings, furniture and household appliances, these are all kinds of brooms, shovels, ground and window sweepers, floor , clothes or utensils brushes, garbage cans and all other cleaning requisites."
AM-02313,3012003,Industrial,Building of Fiber Glass Boats,Manufacture boats from fiberglass
AM-02314,3290007,Industrial,Umbrellas and Awnings Manufacturing,Manufacturing of Umbrellas and Awnings
AM-02316,3290008,Industrial,Mechanical Seals and Gaskets manufacturing,Manufacturing Mechanical Seals and Gaskets
AM-02317,3091001,Industrial,Motorcycles Manufacturing,Manufacturing of Motorcycles
AM-02319,3092001,Industrial,Bicycles Manufacturing,Manufacturing of Bicycles
AM-02320,3290009,Industrial,Albums Manufacturing,Manufacturing Albums
AM-02321,3100001,Industrial,House Furniture Manufacturing,"Manufacturing home furniture, such as beds, bedroom sets, sofas, lounge sets, tables, cupboards, chairs and others, also hotels or restaurants furniture, whether fully or partly manufactured from wood, metallic or plastic tubes, glass, bamboo, cane or others."
AM-02323,3100002,Industrial,Kitchen Cabinets and Fixtures Manufacturing,Manufacturing of Kitchen Cabinets and Fixtures
AM-02325,3100004,Industrial,Schools and Hospitals Furniture Manufacturing,"Manufacturing all kinds of furniture used in schools, laboratories, hospitals and parks, such as seats, tables, desks and beds, also other fittings, such as shelves, cupboards, display windows, platforms and others."
AM-02326,3830909,Industrial,Organic Waste Processing,"Treatment of organic waste such as plant residues or fish and meat cutting residues from hair, feathers, leather or intestines, including removal, cleaning, sorting and drying, extracting fats and grease from them, or producing extracts that are used in the manufacture of animal feed or organic fertilizers."
AM-02327,3100007,Industrial,Office Furniture Manufacturing,Manufacturing of Office Furniture
AM-02329,3100008,Industrial,Shop Fixtures Manufacturing,Manufacturing of Shop Fixtures
AM-02330,3830902,Industrial,Lubricant Waste Recycling,"Refining, treating and purifying the waste lubricants and greases so that they become suitable for use again for the same purpose or for other industrial uses."
AM-02331,3100009,Industrial,Spongy Pillow Manufacturing,Manufacturing of Spongy Pillow
AM-02332,3830903,Industrial,Fabric and Textile Waste Recycling,"Cutting damaged clothes, curtains and bed sheets into rags of specific sizes for use in wiping, cleaning, or any other means of disposing of these wastes."
AM-02333,3100010,Industrial,Spring Pillow Manufacturing,Manufacturing of Spring Pillow
AM-02335,2511017,Industrial,Metal Curtain Manufacturing,Manufacturing of Metal Curtain
AM-02336,1410904,Services,"Tailoring, Sewing and Knitting Men Non-Arab Clothes (Suits)","Tailor clothes on demand based on the customer's desire and tailor men's and boys' clothes such as suits, shirts and pajamas."
AM-02337,2511016,Industrial,Metal Partitions Manufacturing,Manufacturing of Metal Partitions
AM-02338,1410903,Services,"Tailoring, Sewing and Knitting Men Arab Clothes","Tailor Arab men's clothing and sew it according to the customer's request, such as all types of Arab robes and others."
AM-02340,1410907,Services,Tailoring and Sewing Women Clothes,Tailoring and Sewing Women Clothes
AM-02342,1410902,Services,Embroidered Garments,Embroidered Garments
AM-02344,1410905,Services,Tailoring and Sewing Men Abayas (Bshuts),Tailoring and sewing men's abayas according to the customer's request and desire and according to the customer's crisis sizes.
AM-02349,3212002,Services,Jewellery Manufacturing from Non-precious Metals,Jewelry Manufacturing from Non-precious Metals
AM-02350,3212003,Services,Antiquities and Traditional Instruments and Ware Making,"Manufacture antiques such as daggers, swords, tools and household utensils from silverware, copper, clay or pottery."
AM-02353,3290022,Services,Other Activities Related to Manufacturing of Other Processing Industries N.E.C,"Manufacture of frames for natural images or paintings, whether from wood prepared for this purpose or from other materials that are suitable for making frames and frames, whether metal, plastic or wooden frames, and this activity does not include the sale of frames and paintings."
AM-02355,3212004,Industrial,Gifts and Jewellery Box Making,Manufacture gift boxes and jewelry
AM-02357,3290013,Industrial,Artificial Plants & Flowers Making,"Manufacturing artificial ornamental plants and flowers from paper, plastic, fabrics, glass or shells, also, drying of flowers and plants to use as decorators."
AM-02361,2310017,Industrial,Crystal Products Processing,Crystal Products Processing
AM-02363,4390006,Services,Metal and Iron Works,"Installation of metal equipment for buildings and constructions such as steam boilers, storage tanks for water or liquid materials, installation of chimneys and silos, and other equipment needed by construction projects according to their nature"
AM-02365,2599127,Industrial,Fish Net Manufacturing,"Manufacturing gargoyles (fishing cages) manually, whether for personal use in fishing or for resale to others."
AM-02367,4330011,Services,Doors and Windows Installation Works,"Installing doors and windows and their rings, whether or not they contain metal fittings such as hinges and locks"
AM-02371,9524003,Services,Furniture Repairing and Upholstering,"Upholstery of home furnishings, which is the re-filling and upholstery of seats and chairs for salons and beds, as well as the re-installation of important parts of them."
AM-02376,1812005,Services,Design and Artwork Services,"Includes all types of technical design services for the purposes of printing or printed materials such as designing magazine covers and pages, books, in addition to designing other printed materials such as stamps, greeting cards, magazine covers, brochures and other printed materials, and this includes implementing designs by traditional or modern means."
AM-02378,4659313,Commercial,Wholesale of Marine Guiding and Port Equipment Trading - Import & Export,"Trading of wires and cables made of optical fibers for various purposes, as well as the resale of their accessories and accessories such as connections, sockets, feeding points, control and distribution boxes and other devices, supplies and accessories related to them."
AM-02379,3250013,Industrial,"Cutting, Coating and Polishing Contact Lenses","Cutting, Coating and Polishing Contact Lenses"
AM-02381,4773961,Commercial,Retail Sale of stamps and accessories - retail,"Reselling rubber, wood, steel stamps which are used primarily to authenticate documents and products."
AM-02387,1622007,Services,Carpenter shop,Carpenter shop
AM-02391,9000901,Services,Artwork for cosmetic Craft (sculpture),"Preparation and production of sculptures such as statues, figures and artifacts such as decorations and cosmetics made from consumable materials such as polystyrene, paper, snow, sweets, or the like, for the purpose of using them as materials and elements for decoration"
AM-02396,4220902,Services,Oil and Natural Gas Pipelines Construction Contracting,"Construction of oil and natural gas pipelines, and this activity includes the extension of oil and natural gas pipelines or more, valves, reservoirs and the necessary pumping stations"
AM-02398,4220101,Services,Building Contracting Turnkey Projects Contracting,"Includes establishments specialized in building and constructing electrical works projects, and these works include laying aerial and underground cables, establishing main and secondary stations, high-voltage transformers (132) KV or more, and everything related to that."
AM-02399,3600002,Industrial,"Water Desalination, Refining and Distribution (Desalination Plant)","Stations and refineries that carry out evaporation and condensation operations and other operations for the purpose of removing salinity from seawater or other saline water by way of reverse osmosis and producing water suitable for drinking, irrigation, or for other commercial and industrial uses."
AM-02401,4390002,Services,Damp proofing and water proofing works Insulation Contracting,The facilities specialized in installing all types of insulation include the use of certain materials to protect the building or reduce the effect of some external or internal factors that negatively affect the comfort of the users.
AM-02403,7110112,Services,Sewerage and Collecting and Disposing of Wasted Water Engineering Consultancy,"Prepare designs, drawings and specifications for consultations in the field of sanitation and waste water collection, and it includes the work of those offices in designing and supervising implementation. Issuance) Eentry in the records is considered a license to practice the profession, and the engineer or the engineering consultancy office may not work in a specialty other than the licensed classification."
AM-02408,2819203,Industrial,Air Conditioner Units Assembling,Air Conditioner Units Assembling
AM-02409,4329101,Services,Elevators and Escalators Installation and Repair,"Includes technical facilities specialized in carrying out works and undertakings and installing elevators of all kinds, as well as electronic moving ladders. The activity includes repairs and practical periodic maintenance for them."
AM-02414,4329904,Services,Electrical Fittings & Fixtures Services,"Maintenance of internal electrical wirings for buildings and various establishments,"
AM-02416,4329906,Services,Sanitary Installation & Pipes Repairing,"Maintenance of internal plumbing for buildings and various establishments, and this is represented either by direct contracts with the owners of those buildings or through a direct order for maintenance."
AM-02417,4321009,Services,Security And Surveillance Equipments And Apparatuses Installation,"Install and maintain equipment and devices in public facilities and buildings that are used for security purposes and to protect against burglary, vandalism, or exposure to various dangers, such as surveillance equipment from cameras, other visual devices, and other security equipment."
AM-02419,4321013,Services,Internal Communication Network Installation & Maintenance,Internal Communication Network Installation & Maintenance
AM-02422,4510901,Commercial,Passengers Used Cars Trading - Import & Export,"Sale of used cars intended for the transportation of passengers, whether for personal use in transporting and transporting luggage or for commercial use for the purpose of leasing to individuals or for transporting passengers for hire."
AM-02424,4510102,Commercial,Buses and Trucks Trading - Import & Export,"Reselling different passenger buses, as well as trucks and trailers for transporting goods, liquid substances, building materials…etc."
AM-02425,3313007,Services,Electronic Apparatuses and Equipments Repairing,Repairing all electronics appliances
AM-02426,4510101,Commercial,New Passengers Vehicle Trading - Import & Export,"Sale of new cars intended to transport passengers, whether for personal use in moving and transporting luggage or for commercial use for the purpose of leasing to individuals or transporting passengers for a fee."
AM-02430,4510902,Commercial,Used Buses and Trucks Trading - Import & Export,Trade in used buses and trucks.
AM-02432,4510901,Commercial,Used Cars Trading,"It includes all commercial agencies or exhibitions for the sale of used cars intended for the transport of passengers, whether for personal use in transportation and luggage transport or for commercial use for the purpose of renting to individuals or for transporting passengers by taxi."
AM-02434,4520023,Services,Cars Multi-specialization Maintenance Workshop,"Repair of all types of vehicle and car malfunctions, including vehicle painting and painting"
AM-02435,4322003,Services,Fire Fighting & Safety Equipment Installation,"Installing and operating security, safety and firefighting equipment and devices. This activity includes installation, repair and maintenance of fire alarms, testing and training in their management and maintenance without issuing certificates."
AM-02436,4520003,Services,Vehicles Mechanics Repair,Repair or replacement of mechanical spare parts and accessories
AM-02437,4321012,Commercial,Pipe Networks And Specialized Connections Installations,"Implementation of pipe networks for various purposes in industrial facilities and civil construction, and also includes the implementation of specialized extensions other than sanitary and electrical extensions such as medical gas extensions in hospitals, fuel gases in buildings and factories, computer line extensions, fiber optic wires, waste disposal extensions or other extensions, and this activity also includes the implementation of the necessary installations for them to operate and monitor the network of these extensions."
AM-02438,4520005,Services,Cars Electricity Repair .,Repair or replacement of electrical parts and accessories
AM-02440,4520021,Services,Cars Air-conditioners Repair,Repair or replacement of vehicle cooling and heating system spare parts and accessories
AM-02443,4330021,Services,Cladding Works,Finishing works for all buildings
AM-02444,4520001,Services,Vehicles Denting,Repair of the external car body from damage
AM-02445,4330003,Services,Tinging and Painting Works,Includes establishments specialized in contracting undertakings and works for coating and paints for buildings and facilities.
AM-02450,4520011,Services,Cars Provision with Corrosion Resistant Materials,Treat all kinds of rust-resistant insulating materials that protect vehicles from moisture and water.
AM-02453,4390008,Services,Scaffold Installation Works,Dismantling and installing scaffolding and ladders for buildings that are used in painting or installing ceramics. This activity does not include selling or renting scaffolds.
AM-02454,4520013,Services,Cars Exhaust Repair,"Repair of vehicle exhaust (Al-Ajzozt), including the repair replacement of spare parts and accessories"
AM-02455,4330015,Services,Decor Works,"Includes interior decoration works, including wooden oriels, gypsum decoration of ceilings, flooring and curtains fixing as well as other similar complete works executed by the firm."
AM-02456,4520006,Services,Vehicles Radiators Repairing and Cleaning,"Repair of vehicle coolers, including installation or replacement of spare parts and accessories"
AM-02457,4330012,Services,Carving and Embroidery Works,"Painting, engraving and interior decoration works for buildings that are executed in color, wood, gypsum, etc. This activity does not include decoration implementation works."
AM-02458,5221001,Services,(without Repair) Towing and Transporting of Broken Down Cars,Transporting or towing broken cars on public roads to specialized workshops for repair
AM-02459,4330016,Services,Wallpaper Fixing Works,"Decoration works specialized in installing wallpaper for walls, as well as pasting ready-made drawings on the entrances and exits of buildings and the interior walls of buildings"
AM-02460,4520027,Services,Refrigerated Trailers Repair & Maintenance,Repair of equipment of trailer refrigerators transporting frozen materials
AM-02461,4330018,Services,False Ceiling And Light Partitions Installation,Installing false ceilings and wooden or metal walls that are used for the purpose of dividing spaces in offices and others. This branch does not include covering floors and walls with tiles and ceramics.
AM-02462,4520018,Services,Vehicles Seats Upholstery,"Upholstery of vehicle seats, including cutting and detailing fabrics to cover vehicle seats, the number of covers and curtains that are installed on vehicle seats, and furnishing all types of cars with leather bedspreads or other materials"
AM-02466,2920905,Services,Automobile Special Accessories Fitting,Automobile Special Accessories Fitting
AM-02467,4530002,Commercial,Auto Spare Parts & Components Trading - Import & Export,Trade in new spare parts for buses and trucks. This activity does not include trade in the bodies of those cars.
AM-02468,4530011,Commercial,Cars Additional Parts Trading - Import & Export,"The resale of additional parts and parts that are installed on cars and vehicles for the purpose of modifying their external appearance such as additional supports, or in increasing their efficiency such as air reflectors or in diversifying the areas of their use such as luggage carrying bases, sun and rain protective covers, small trailers and other devices installed on police, ambulance or fire trucks for alarm, towing or performing tasks related to the work of the vehicle."
AM-02469,4530005,Commercial,Cars Tyres and Outfit Trading - Import & Export,"Car tires trade, including all the parts that make up the tire, such as the inner metal part of the tire and the outer rubber part."
AM-02470,4530003,Commercial,Cars Used Spare Parts Trading - Import & Export,Trading spare parts for all types of used cars that are suitable for replacement in cars and the activity also includes the sale of full engines used cars.
AM-02471,4510106,Commercial,New Containers and Trailers Trading - Import & Export,"Sale or purchase of all types of containers and new trailers those intended for the transport of all types of goods, building materials and transport tanks of different sizes and types, and this activity includes all spare parts and supplies for containers and trailers."
AM-02473,4540103,Services,Motorcycles Repairing,Repair motorcycles
AM-02476,4620109,Commercial,Wholesale of Crude Tobacco Trading - Import & Export,"Includes commercial establishments specialized in the trade of raw or dried tobacco leaves before processing them or performing any transformational operations on them, through importing them or from the local market."
AM-02478,4620204,Commercial,Wholesale of Horses Trading - Import & Export,"Trading in all types of horses in the local wholesale markets, whether to prepare them for races or other purposes."
AM-02479,4610013,Commercial,"Trading Cards Issuance, Sale and Substitution - Import & Export","Issuing cards (coupons) of different financial values, which are used by exchanging them for goods or goods from a certain chain of shops or from the same establishment."
AM-02480,4620105,Commercial,Wholesale of Plants and Trees Saplings Trading - Import & Export,"Trading all kinds of seedlings of fruit trees, shade and ornamental trees, as well as seedlings of aromatic plants, flowers, bulbs, etc., whether imported or from the local market."
AM-02481,4610007,Services,Continuous Industrial Products Exhibition,"Displaying industrial products produced by state factories, provided that the exhibition is permanently present and its work is limited to displaying products"
AM-02482,4630131,Commercial,Wholesale of Animal and Poultry Food Trading - Import & Export,"Trading food intended for animals or birds that are raised inside homes, including canned, preserved and dried foods such as grains, seeds, fruits and meat of all kinds, as well as health foods provided to them."
AM-02483,4610010,Services,Commercial Brokers,"Includes the establishments that play the role of negotiator or mediator between the parties to the contract in commercial operations and the convergence of viewpoints, as well as the conclusion of sales or purchase contracts either in their own name for the account of others through a contract called the intermediary contract in return for a commission or a fee from the third party, or by concluding sales contracts or Purchasing in its personal name in terms of independence, but the dealings are done for the account of others through two contracts, one between them and the agent and the other between them and the principal, in exchange for a commission or a fee from the principal. These establishments are not allowed to practice brokerage activity in the sale and purchase of real estate."
AM-02485,4610004,Commercial,Auction Hall,The display various commodities and products in order to set up large auctions for wholesale sale.
AM-02486,4630103,Commercial,Wholesale of Healthy Foodstuff Trading - Import & Export,"Trading of all types of healthy food, as well as food made from natural foodstuffs free of industrial materials, flavorings or colors"
AM-02488,4641903,Commercial,Wholesale of Baby Shoes Trading - Import & Export,Trading all types of shoes for children and women of all sizes and colors outside stores dedicated to this type.
AM-02490,4721037,Commercial,Retail sale of Snacks,"Resale of all types of snack foods such as cheese ball bags, potatoes, biscuit, ready-made sandwiches and products provided directly to customers such as the preparation and sale of corn, hot drinks...."
AM-02491,7490004,Services,"Steelyarding, Scaling And Weighing Services","Service establishment that performs the services of custody, agency and weighing, where the establishments are committed to their contracts to supervise the process of delivering products directly after weighing and to be aware of the weight and the number of bags and the weight of each bag and record this in the records of the grave established"
AM-02492,4630107,Commercial,Wholesale of Dairy and its Products Trading - Import & Export,"Trading in fresh and preserved milk, whether it is liquid, dried or condensed, as well as its products of cheeses of all kinds, butter, cream and other products that are usually sold in their original condition, canned or preserved."
AM-02493,4610006,Services,Finishing Commodities and Products for Promotion Purposes,"Processing consumer goods and products by pasting or fixing some gifts, cards, pictures or others with the goods desired to be promoted and increasing the rates of sale of them in consumer complexes and retail stores."
AM-02494,4630102,Commercial,Wholesale of Fresh Foodstuff Trading - Import & Export,Commercial establishments specialized in wholesale trade of all fresh foodstuffs (which do not need to and this activity does not include trade in vegetables and fruits and any other activity expressly mentioned in the activities guide).
AM-02495,7010005,Services,Regional Liaison Office,"Includes the office established in the UAE by a foreign company or institution for the purpose of carrying out the necessary communications and work to follow up the company's activities and various affairs and promote them outside the country, and this office is not allowed to practice business related to the company's activities or carry out any commercial activity within the country"
AM-02496,4630111,Commercial,Wholesale of Fresh Meat Trading - Import & Export,"Trading of fresh meat in the local markets by selling beef, sheep and other livestock. This branch does not include trade in fresh poultry meat (see 4630), and no other transformation operations have been carried out on these meats for preservation or canning, whether this is done by the import route or from the local product."
AM-02498,4630116,Commercial,Wholesale of Frozen Fish and Marine Animals Trading - Import & Export,"Trading in all kinds of fish and their products, such as roe, caviar, seafood such as snails, shrimp, sea turtles and other seafood suitable for consumption after being frozen or after packing them in plastic containers or bags"
AM-02499,4610008,Commercial,Used Cars Trading - Import & Export,Resale of all types of used vehicles intended for the transport of passengers that have been used for simple or long periods.
AM-02500,4630101,Commercial,Foodstuff Trading Import & Export,"Trading in the sale of canned and preserved food wholesale and fit for consumption of fruits, vegetables, meat and other plant and animal food products and preserved in sealed metal cans"
AM-02501,4773306,Commercial,Cereals & Seeds Wholesale,"Resale in specialized retail stores for seeds, grains and seeds (which are used in re-cultivation) for agricultural and industrial purposes and not for direct consumption"
AM-02502,4630108,Commercial,Egg Trading Import & Export,"Trading in all types of eggs, whether chicken eggs, ostrich eggs, or any other types of poultry eggs."
AM-02503,4630106,Commercial,Wholesale of Fresh Fruits and Vegetables Trading - Import & Export,Wholesale of Fresh Fruits and Vegetables Trading - Import & Export
AM-02504,4630118,Commercial,Wholesale of Honey and Apiaries Products Trading - Import & Export,"Sell bee honey in its original condition or after purification or refining, and includes the sale of royal jelly, flower grains (propolis) and foundation wax."
AM-02505,4620102,Commercial,Wholesale of Natural Plants and Flowers Trading - Import & Export,Trading in flowers and ornamental plants of all kinds and in their natural condition.
AM-02506,4630120,Commercial,Wholesale of Sugar Trading - Import & Export,"Trade in sugar of all kinds, whether in bulk or packed in bags of commercial sizes or small packages or in the form of cubes or otherwise"
AM-02508,4721036,Commercial,Retail Sale of Tea,"Selling tea, whether bulk or packaged in bags and prepared for sale to the consumer"
AM-02509,4630119,Commercial,Wholesale of Dates Trading - Import & Export,Trading in dates
AM-02510,4630202,Commercial,Wholesale of Coffee Trading - Import & Export,Trading of dried coffee without processing it with roasting
AM-02511,4721023,Commercial,Grains Cereals & Legumes Trading - Import & Export,"Trading for grains, wheat, barley, corn and other fruits, citrus fruits and the like, as well as pulses such as beans, chickpeas, beans and others"
AM-02512,4630122,Commercial,Wholesale of Spice and Pepper Trading - Import & Export,"Trading all kinds of spices, spices and perfumery materials such as hibiscus drinks, anise and types of plants."
AM-02513,4620201,Commercial,Wholesale of Cows Trading - Import & Export,"Trading in livestock such as cows and buffaloes in local markets wholesale for the purpose of selling and preparing them for slaughter and local production of meat or allocating them to farms to benefit from their milk, whether through import or domestic product."
AM-02514,4630123,Commercial,Wholesale of Bread and Bakeries Products Trading - Import & Export,"Trading in bakery products of all kinds, whether this is done by owning bakeries or agreeing with bakeries to manufacture those products."
AM-02515,4630114,Commercial,Wholesale of Slaughtered Fresh Poultry Trading - Import & Export,"Trading in fresh and chilled such as chickens, pigeons, ducks, rabbits and other edible domestic poultry birds"
AM-02516,4630124,Commercial,Confectionery & Chocolate Wholesale,"Selling of flavored confectionaries, in bulk, packed or coated, it involves natural edible paper for creating preprinted images onto various confectionery products such as cookies, cakes and pastries"
AM-02518,4630126,Commercial,Wholesale of Eastern Sweets Trading - Import & Export,"Trading all kinds of oriental sweets such as Shabiyat, Rawani, Kunafa and Basbousa"
AM-02519,4620905,Commercial,Wholesale of Living Animals Trading - Import & Export,"Trading in live animals that are used in zoos such as monkeys, snakes and reptiles"
AM-02520,4630127,Commercial,Wholesale of Iced Beverages Trading - Import & Export,"Trading in products that follow the frozen such as iced sugary sweets, ice cream and ice cream cake."
AM-02521,4620205,Commercial,Wholesale of Crude Leather Trading - Import & Export,Trading of dried animals hides before tanning or any other converting process.
AM-02522,4630125,Commercial,Wholesale of Flour Trading - Import & Export,Trading of all types of ground flour packed in different packages necessary for preparing baked goods.
AM-02523,4620209,Commercial,Wholesale of Wool and Hair Trading - Import & Export,"Trade in animal wool, hair and bars after shearing and before any transformation or industrial operations are carried out on them, as well as the resale of bird feathers."
AM-02524,4630109,Commercial,Wholesale of Food Oil and Animal and Plant Fat Trading - Import & Export,"Trading fats and natural and industrial ghee packed of all kinds, whether safe of animal or vegetable origin, as well as bottled vegetable oils."
AM-02525,4620207,Commercial,"Wholesale of Bones, Hoofs and Horns Trading - Import & Export","Trading in animals bones, hooves and horns before any transformational operations are performed on them."
AM-02526,4630128,Commercial,Wholesale of Nuts Trading - Import & Export,"Trading of all types of nuts such as pistachios, almonds and peanuts,"
AM-02527,4620108,Commercial,Wholesale of Fodder Trading - Import & Export,"Trading of vegetable fodder that are suitable for food for cattle, sheep, horses and other animals and other poultry in the local markets, whether through import or through local production."
AM-02528,4630129,Commercial,Wholesale of Salt Trading - Import & Export,Trading in Salt
AM-02530,4630206,Commercial,Wholesale of Carbonated Beverages Trading - Import & Export,Trading in juce and carbonated drink
AM-02531,4630207,Commercial,Wholesale of Juice Trading - Import & Export,Trading in juce and drink
AM-02533,4630209,Commercial,Ice Trading - Import & Export,Trading in ice
AM-02534,4630901,Commercial,Cigarettes and Tobacco and its Products Trading - Import & Export,"They are commercial establishments specialized in wholesale trade in the local markets or by importing from abroad all kinds of processed tobacco adapted for use in smoking, as well as cigarettes, cigars, snuff, smashed tobacco, manufactured tobacco and others."
AM-02535,4721001,Commercial,Retail Sale of Fresh Fruits and Vegetables,"Reselling fresh vegetables and fruits, whether organic and non-organic, and without canning, drying or processing operations."
AM-02536,4641101,Commercial,Wholesale of Textiles and Clothes Trading - Import & Export,Trading textiles and fabrics of all kinds or used for the purposes of knitting clothes and fashion or in the manufacture of ready-made clothes.
AM-02538,4659913,Commercial,Wholesale of Cosmetics and Makeup Trading - Import & Export,"Includes commercial establishments that deal in wholesaling in equipment and supplies that are used in beauty salons, barbershops and personal care centers, as well as health behavior care devices such as fresh air or perfumed equipment, relaxation and massage equipment such as chairs"
AM-02539,4641103,Commercial,Wholesale of Eastern Carpet,"Trading luxurious oriental carpets with high specifications and quality and with international brands, whether Turkish or Iranian."
AM-02540,4649057,Commercial,Wholesale of Baby Care Equipment Trading - Import & Export,"Trading equipment and tools used for the purposes of caring for children and newborns, such as cots, seats, beds, walkers, strollers, baskets, bedspreads, their covers, bottles and accessories, and toys for infants, as well as this activity includes their preparations such as creams, powders, oils and other tools and supplies used by breastfeeding women during the breastfeeding period."
AM-02541,4641104,Commercial,Wholesale of Moquette Trading - Import & Export,Trading all types of ordinary carpets used in floor coverings.
AM-02542,4649056,Commercial,Wholesale of Paper Products Trading - Import & Export,"Trading paper or carton products, including tableware, plates, cups, napkins, facial tissues, toilets paper, paper towels, diapers, sanitary napkins, except stationery."
AM-02543,4641106,Commercial,Wholesale of Flags Trading - Import & Export,"Trading in flags made of fabrics, paper, plastic or vinyl, as well as masts, whether made of iron, aluminum, wood or fiberglass, and this activity includes the sale of their supplies such as pulleys, cranes, decorations."
AM-02544,4652013,Commercial,Wholesale of Audio-Visual Empty Tapes And Discs Trading - Import & Export,"Trading in television tapes, audio cassette tapes, unrecorded cinematography tapes (films) and other tapes used for filming, copying and recording, as well as the resale of related tools such as bags, tape holders and other supplies."
AM-02545,4641202,Commercial,Ready-made Garments Trading Import & Export,"Trading in underwear for men, women and children such as coats, suits, jackets, skirts, shirts, trousers, shorts, coats, gloves, swimming wear, socks."
AM-02546,4649059,Commercial,Audio Recordings Wholesale,Trading in Audio Recordings
AM-02547,4641205,Commercial,Wholesale of Arabian Clothes Trading - Import & Export,"Trading of Arab ready-made garments such as dishdashis, gutter, azures, bisht, mind and hats, as well as women's clothing and clothing, abayas, head and face coverings such as hijab, niqab, Silla etc."
AM-02549,4641203,Commercial,Wholesale of Children Ready-made Clothes Trading - Import & Export,"Trading in all types of clothes for children, boys and girls. This includes clothes for newborns, including dresses, gowns, skirts, pants, shirts and all kinds of clothes"
AM-02551,4641204,Commercial,Wholesale of Underwear Trading - Import & Export,Trading all types of men's and women's underwear from the local market or importing from abroad.
AM-02552,4649054,Commercial,Wholesale of magazines and specialized Images Trading - Import & Export,"Trading magazines, directories, photographers (catalogs) and other specialized publications such as those used in the promotion of fashion, clothing, furniture, interiors, household supplies and others."
AM-02553,4641201,Commercial,Wholesale of Men Ready-made Clothes Trading - Import & Export,"Trading for men's ready-to-wear such as shirts, suits, coats, jackets, socks, ties and others"
AM-02554,4649020,Commercial,"Wholesale of Books, Newspapers and Magazines Trading - Import & Export","Trading in newspapers and magazines of all kinds, sports, cultural or any other specialized magazines."
AM-02556,7730029,Commercial,"Stationery , Drawing & Writing Instruments Trading Import & Export","Trading of office machines of various uses such as calculators, printers, copiers, computer machines, word formatters, microfilm photography."
AM-02558,4649021,Commercial,Wholesale of Education Media and Models Trading - Import & Export,"Reselling the devices used by a teacher to clarify a subject, including drawings, Shapes, maps, samples, puzzles, mathematics and alphabets resources.."
AM-02559,4771108,Commercial,Retail sale of Professional Clothes,"Resale in retail stores for protective clothing and vests for various uses such as fireproof clothing, protective medical clothing, sports jackets against winds and chest protectors for athletes, and also includes jackets and vests that cool the body and that can be worn over or under clothes to the consumer directly ."
AM-02560,4649024,Commercial,Wholesale of Congratulation and Invitation Card Trading - Import & Export,Trading all types of cards and lawsuits used in congratulations or various occasions
AM-02561,4641209,Commercial,Wholesale of Formal Clothes Trading,"Trading the clothes, ready-made uniforms, host clothes in hotels and airlines, school clothes and other uniform clothes, as well as their supplies of hats, helmets, socks, gloves, or shoes ."
AM-02562,4649025,Commercial,Wholesale of Multi-dimensional Photo Trading - Import & Export,"Trading of the posters, pictures and multidimensional seals (hologram) according to their commercial and professional requirements."
AM-02563,4641912,Commercial,Wholesale of Sandals And Slippers,Trading all kinds of slippers and sandals.
AM-02564,4659907,Commercial,Wholesale of Advertisement Media and Instruments Trading - Import & Export,"Trading the tools and equipment that are used for various advertising purposes, whether for use in internal or external atmospheres, such as electrical and non-electrical billboards and billboards."
AM-02565,4641902,Commercial,Shoe Trading Import & Export,Trading women's shoes of all kinds
AM-02566,4651002,Commercial,Computer Software Trading - Import & Export,Trading of computer systems and programs (software for operating computers or software for operating computer networks
AM-02568,4651004,Commercial,Wholesale of Computer Outfit And Data Processing Trading - Import & Export,"Trading tapes, magnetic disks, tapes and inks, printing papers and other materials and supplies used in the operation of computers or in the preservation of data."
AM-02570,4649049,Commercial,Wholesale of Photographic Films and Material Trading - Import & Export,"Trading materials used in photography (solar) such as films (photosensitive tapes), discs, chips and other materials.."
AM-02571,4774009,Commercial,Retail sale of Personal Used Clothes and Outfit,"Selling personal necessities, toys, discs, ribbons, as well as used clothing items including shoes, leather products, hats, belts, etc., and this activity includes sorting and classifying them in terms of quality and type (women, men, children), repacking, packaging or pressing them in the form of bales."
AM-02575,4649063,Commercial,Medical Storehouse,"It includes all specialized medical and therapeutic facilities that prepare a medical warehouse within the country through which they import and store medical or veterinary medicines, registered pharmaceuticals, medical supplies, herbal medicines and registered alternative medicine tools and distribute them wholesale only."
AM-02576,4649005,Commercial,Wholesale of Silverware and Table Ware Tradig,"Trading in include the sale of tableware such as spoons, knives and other tools such as trays, plates and candlesticks, whether they are made of silver, gold and silver plated, or made of stainless steel."
AM-02577,4669229,Commercial,Wholesale of Medication Chemicals Trading - Import & Export,Trading medicinal basic chemicals to manufacture medicines.-
AM-02578,4649011,Commercial,Cookers & Cook Stoves Wholesale,"Trading the sale of stoves, ovens and kitchens, whether they run on electricity, gas or other fuels such as coal and kerosene, and this activity also includes the resale of barbecue tools of different types and sizes (except those used in restaurants and cafeterias)."
AM-02579,4649065,Commercial,Para-Pharmaceutical Products Wholesale,Trading in Para-Pharmaceutical Products
AM-02580,4649001,Commercial,Wholesale of House Audio-visual and Recording Apparatuses and Outfit Trading - Import & Export,"Trading in electronic audio devices such as radios, gramophones and loudspeakers, as well as visual devices such as televisions, video, cinema projectors, slide projectors, projectors of all kinds and simultaneous translation devices, as well as the resale of cinematic and television cameras, sound recording and other additional devices and accessories that are used for non-commercial purposes."
AM-02581,4649048,Commercial,Medical Instrumentation & Supplies Trading - Import & Export,Trade in pharmaceutical and medical goods and medical supplies.
AM-02582,4649002,Commercial,"Wholesale of House Refrigerators, Washing Machines and Electrical Apparatuses Trading","Trading in refrigerators, freezers, water coolers, washing machines, dryers, dishwashers, vacuum cleaners, ironers, heaters, also, electric kitchenware, such as, mixers, mincers, cutters, blenders, toasters, juice extractors, grinders, kettles, hot drinks makers …etc., such firms are allowed to carry out repair and maintenance services for the equipment ."
AM-02584,4659954,Commercial,Electrical & Electronic Appliances Spare Parts Trading - Import & Export,""" Commercial establishments that trade wholesale include the sale of refrigerators, freezers, water coolers, washing machines, household dishwashers, clothes dryers, vacuum cleaners, ironing and heating devices, as well as electrical appliances and kitchen utensils such as blenders... """
AM-02585,4649027,Commercial,"Wholesale of Aloes, Incense And Perfume Trading - Import & Export","Trade of types of perfume and oriental perfumes include all kinds of incense and their supplies of bottles, incense burners and others"
AM-02586,4759003,Commercial,Retail sale of Chandeliers and Lighting Items,"Selling chandeliers, pendants and chandeliers made of crystal to the average consumer. This branch is not entitled to import from abroad."
AM-02587,4649066,Commercial,Spectacles & Contact Lenses Wholesale,"Selling spectacles and accessories, frames and multi-focal lenses, as well as contact lenses and eyewashes, sterilizers and optical and eye treatment devices."
AM-02588,4649004,Commercial,Light Fittings & Fixtures Wholesale,"Selling lighting lamps, ornamental ceiling lamps (except crystal chandeliers) switch keys and sockets. This also includes electric bells, spotlights, garden and house lighting device"
AM-02589,4773106,Commercial,Retail sale of Sunglasses,Selling sunglasses and their frames in shops or commercial centers specialized in retail This activity does not include the repair or installation of contact lenses.
AM-02590,4649013,Commercial,Wholesale of Refining and Infiltration Devices Trading - Import & Export,"Trading in appliances used in residential buildings and homes for the purpose of purifying air from fumes, gases and dust or in filtering water or other liquids and purifying them from impurities and salts such as filters, filters and others, their accessories and spare parts"
AM-02591,4649012,Commercial,Wholesale of Ventilation Devices Trading - Import & Export,"Trading in devices used in the ventilation of residential buildings, homes or offices include electric fans of all kinds, as well as suction fans, including their supplies such as ducts, towers, air vents, chimneys, filters or silencers."
AM-02592,4773507,Commercial,Retail sale of Central Air Refining Equipment,"Sale devices used in residential buildings and homes for the purpose of purifying the air from fumes, gases and dust, or in filtering water or other liquids and purifying them from impurities and salts such as filters, filters and others, their accessories and spare parts"
AM-02593,4752012,Commercial,Retail sale of Water Heaters,"Sale specialized retail stores for water heating devices that are used in bathrooms and kitchens, including those that work with electric or solar energy, ."
AM-02594,4659954,Commercial,Wholesale of Air-conditioner and Coolant Spare Parts Trading - Import & Export,Trading of Air-conditioner and Coolant Spare Parts
AM-02595,4649010,Commercial,Wholesale of Aerials and Receivers Trading - Import & Export,Trading of systems and equipment receive radio and television transmission broadcasted by satellites or by special channels receivable by ordinary receivers or antennas.
AM-02596,4759001,Commercial,Retail sale of House Furniture and Cabinet Work-Import & Export,"Sale of all types of home furniture such as beds, bedroom sets, wardrobes, seating sets, chairs, tables and their accessories such as mirrors, clothes hangers, curtains, etc. It also includes furniture used in hotels and restaurants and the like, made entirely or parts of wood, plastic, glass, metal, fiberglass, etc."
AM-02597,4659909,Commercial,"Wholesale of School, Hospital and Laboratory Furniture Trading - Import & Export","Trading in furniture used in schools, universities, educational institutes, hospitals, medical clinics, laboratories, laboratories, etc. This includes seats, tables, cabinets, offices, beds, and other"
AM-02599,4659908,Commercial,Wholesale of Office Furniture Trading - Import & Export,"Trading in all types of furniture used in offices, including seats, tables, cabinets, offices and all office furnishing supplies"
AM-02600,4649033,Commercial,"Wholesale of Bamboo, Wood and Fronds Products Trading - Import & Export","Trading in bamboo, jungle and wicker products such as mats, rugs, baskets and household appliances made of bamboo, jungle, wicker, straw or similar materials include this activity does not include the trade of home furniture made of those materials"
AM-02601,4652008,Commercial,Wholesale of Public Call Equipment Trade,Trading receivers that are used in the public pager system to receive messages and calls addressed to them without wires
AM-02602,4649032,Commercial,Wholesale of Mattresses and Sponge Mattresses Trading - Import & Export,"Trading in foam mattresses, whether medical or regular, as well as other sponge brushes for furniture."
AM-02603,4649051,Commercial,Wholesale of Dried Battery Trading - Import & Export,"Trading of materials and tools used in the trade of dry batteries that are used in various goods that run on alternative energy to electricity, such as radios and lighting devices."
AM-02604,4652007,Commercial,Wholesale Of Land Phones And Wired Communication Devices Trading - Import & Export,Trading in telephone sets and intercommunication equipment (intercom) and other telecommunication devices including fax and telex machines and internal switch boards.
AM-02605,4530008,Commercial,Cars Batteries Trading - Import & Export,"Trading in liquid batteries used in the generation of electrical power for engines of light vehicles, boats and motorcycles include"
AM-02607,4649052,Commercial,Occupational Hygiene & Safety Requisites Trading - Import & Export,"Trading in tools and supplies that are used to protect workers from work hazards while they are working in factories, in oil fields, in civil construction operations, in workshops or others, such as shock hats, paws, clothing and radiation goggles. Etc."
AM-02609,4690009,Commercial,Wholesale of Laboratory and Factory Tools and Outfit Trading - Import & Export,"Trading tools and supplies used in laboratories and laboratories for the purpose of conducting research, examinations and laboratory tests for scientific, medical or other purposes, and this includes bottles, tools, tools and supplies"
AM-02610,4773201,Commercial,Jewellery Trading - Import & Export,"Includes reselling adornment jewellery such as brooches, earnings, necklaces, bracelets, rings, which are made of gold, platinum, palladium, titanium, silver and gemstones."
AM-02612,4669914,Commercial,Pearls & Precious Stones Trading Import & Export,"Trading in natural, cultured and artificial pre-formed pearl, as well as diamond, corundum, emerald, coral and other jewelry and precious stones prior to cutting, polishing and making various types of jewels, artificial precious stones are also included."
AM-02614,4771110,Commercial,"Imitation, Jewellery Trading Import & Export",Trading in jewelry other than precious metals
AM-02615,4661001,Commercial,Wholesale of Crude Oil Trading - Import & Export,Trading in crude oil before processing and refining into more useful products.
AM-02616,4773402,Commercial,Gifts Trading - Import & Export,"Trading gifts such as precious pen sets, lighters, wallets, key medals, luxury gift boxes, gold buttons, beauty kit, in addition to some small antiques, souvenir handicrafts and other miscellaneous articles that are used for personal use"
AM-02617,4730002,Commercial,Retail sale of Grease and Lubricants,Trading of greases and lubricants
AM-02618,4773401,Commercial,Retail sale of Crystal Products,Sale of crystal products
AM-02619,4661003,Commercial,Refined Oil Products- Wholesale,"Trading of types of products arising from the conversion of crude oil in oil refineries into products or derivatives in their initial form before processing in the petrochemical industry, such as methanol, urea, olefins, etc"
AM-02620,4649023,Commercial,Wholesale of Games And Baby Toys Trading - Import & Export,"Trading of all kinds of children's toys such as dolls, electric or electronic hand toys, small bicycles, car models, boats, airplanes and other toys intended for the use of children."
AM-02621,4661006,Commercial,Wholesale of Vehicles Fuel Distribution,"Trade in fuels such as gasoline, kerosene, diesel, etc."
AM-02623,4661004,Commercial,Wholesale of Tar and Asphalt Trading - Import & Export,Trading asphalt derived from petroleum distillation for use in road paving and water and humidity proofing in buildings.
AM-02624,4649038,Commercial,"Wholesale of Frames, Photos and Portraits Trading - Import & Export","Trading of frames (picture frames), including wooden or wooden and artistic painting used in decorating, decorating, ornamentation or as art collections."
AM-02626,4649039,Commercial,Wholesale of Artificial Dried Flowers and Plants Trading - Import & Export,"Trading in flowers and dried plants in addition to those made of other materials such as textiles, glass, pottery, metals, etc., and this activity does not include flower arrangement,"
AM-02629,4662001,Commercial,Metal Ores Trading - Import & Export,"Trading of industrial basic ores for extracting various metals including hematite, bauxite, and zinc etc.."
AM-02630,4641107,Commercial,"Wholesale of Tents, Umbrellas Pavilions Trading - Import & Export","Trading tents and umbrellas for sun or rain rays used in shops, buildings, etc., as well as trading covers and towers used to cover stored goods and other uses"
AM-02631,4662002,Commercial,Wholesale of Iron Main Products Trading - Import & Export,"Trading in Semi-finished iron products manufactured and processed or unprocessed from blocks, sections, plates, rods, sheets, or alloys made of iron for various uses."
AM-02632,4649041,Commercial,Wholesale of Candles Trading - Import & Export,"Trading of candles locally produced or imported, which are used in lighting or decoration with their different shapes and multiple smells."
AM-02633,4662004,Commercial,Non Ferrous Metal Trading - Import & Export,"Trade in blocks, sections, plates, rods or alloys made of metals other than iron such as aluminum, copper, zinc and other metals for use in various purposes."
AM-02635,4662005,Commercial,Wholesale of Unworked Gold and Precious Metals Trading - Import & Export,"Trading of precious metals such as gold, silver, platinum and others or their raw materials in their original state in nature before extraction from them or in the form of ingots, blocks, threads or chips before they are formed, manufactured or formulated."
AM-02636,4649045,Commercial,Wholesale of Horse and Racing-camel Material and Outfit Trading - Import & Export,"Trading of saddle products, nails and other equipment used in preparing horses for riding, as well as tools and supplies necessary for breeding, training, fodder and care, and this activity also includes the resale of tools and supplies used by riders to practice horse sports and equestrian of all kinds, except for clothes, and the activity includes all the necessary requirements for the activity of camel racing and tools and Louz m for camels."
AM-02637,4659952,Commercial,Wholesale of Balances and Scales Trading - Import & Export,"Trading of scales, weights and equipment, including metal pieces (cymbals) used in weighing objects, as well as electrical or sensitive scales."
AM-02638,4649062,Commercial,Fishing & Hunting Requisites Wholesale,Trading of Fishing & Hunting Requisites
AM-02639,4659953,Commercial,Wholesale of Linking Tools Trading and accessories - Import & Export,"Trading of bolts, nuts, pins, ordinary and threaded nails and the like, as well as corsets and accessories such as fastening rings and linings used to prevent friction and others, as well as chains, reinforced rings and fasteners used in ports and ship marinas."
AM-02640,4649047,Commercial,Wholesale of Journey Equipment and Tools Trading - Import & Export,"Trading of tools and supplies used in trips and picnics, such as tools for preserving food and drink, lighting, tents for trips, bedspreads, clothes, shoes, tools, tools and other tools and supplies that are usually used during trips, picnics or camping."
AM-02641,4653003,Commercial,Number of trade and agricultural supplies - Wholesale,"Trading of tools and tools used in agriculture, horticulture, and nurseries such as soil preparation tools, tree pruning, planting plants, palm tree planting, hoses, irrigation pots, potted carts, fruit collection baskets etc"
AM-02642,4649016,Commercial,Suitcases & Travel Requisites Wholesale,"Trading of travel bags of various types and sizes, including leather, metal, plastic or made of fabric and various textiles, as well as other tools and supplies for packing, preserving and transporting luggage and any other tools that are only used during travel."
AM-02643,4752037,Commercial,Building Hardware & Tools Trading - Import & Export,Trading all kinds of building materials and equipment of all kinds
AM-02645,4659203,Commercial,Wholesale of Workshop Metal Equipment and Tools Trading - Import & Export,"Trading of tools such as hammers, files, chisels, saws and pliers, as well as supplies used in workshops such as welding poles and skewers, replaced parts, accessories and other tools used in workshops include carpentry workshops, blacksmithing, car repair, goldsmithing, precious metals and others."
AM-02646,4649019,Commercial,Wholesale of Musical Instruments Trading - Import & Export,"Trading of musical instruments and instruments and their accessories, including string and electrical instruments, percussion instruments."
AM-02647,4662009,Commercial,Wholesale of Metal Barrels Trading - Import & Export,Trading in Metal Barrels
AM-02648,4772014,Commercial,Retai sale of Teeth Cleansers Trade,"Selling the preparations for oral hygiene, including denture adhesive cream, cushions, pastes, cleansing tablets, brushes, dental plate powder, teeth whiteners, also, oral solutions, mouth moisturizes, mouthwash, mouth and throat rinse."
AM-02649,4662010,Commercial,Wholesale of Metal Boxes and Container Trading - Import & Export,"Trading of metal cans, whether used in gifts or used in the preservation of materials of all kinds, including the activity of selling all types of other metal containers in various forms."
AM-02650,4690008,Commercial,Wholesale of Specialized Photography Equipment Tools and Outfit Trading - Import & Export,"Trading of cameras, lighting, projectors, loudspeakers, and montage systems used in broadcasting stations and television studios, as well as cinema and theater and radio and television transmission."
AM-02652,4662012,Commercial,Wholesale of Traffic and Guiding Boards and Outfit Trading - Import & Export,"Trading of plates that are used in streets, roads and public squares to guide cars and pedestrians, even if some or all of their parts are made of non-metallic materials, and also includes the sale of paper, metal or plastic traffic stickers (for the history of property), and this activity also includes the resale of traffic lights of all kinds, sizes and uses, and other supplies used in regulating the traffic of vehicles and pedestrians on the roads."
AM-02654,4663021,Commercial,"Wholesale of Buildings, Windows and Doors Metal Products Trading - Import & Export","Trading of metal manufactures for buildings, windows and doors of all kinds, except wooden ones, as well as fire-resistant, and this activity also includes the sale of locks and keys."
AM-02655,4662013,Commercial,Wholesale of Shipment Containers Trading - Import & Export,"Trading of equipment and machinery used in loading and lifting shipments, which operate manually or automatically or in trailers, whether small or large, for use in ports, airports, land customs points and others"
AM-02656,4663027,Commercial,Building & Construction Materials Trading Import & Export,Trading of all types of building materials of all kinds
AM-02659,4663002,Commercial,Wholesale of Cement and Gypsum Trading - Import & Export,Trading of cement and raw gypsum before its formation.
AM-02660,4663019,Commercial,"Wholesale of Building Sand, Pebbles and Stones Trading - Import & Export","Trading of sand, gravel and building stones"
AM-02662,4663009,Commercial,Tiles & Flooring Materials Trading,"Trading of f tiles of all kinds, such as mosaic tiles, ceramics and cement tiles, including stained tiles, and this activity also includes reselling the floors used in buildings, transportation, or other manufactured purposes"
AM-02663,4669204,Commercial,Wholesale of Agricultural and Veterinary Pesticides Trading - Import & Export,"Trade of agricultural and veterinary pesticides in the local markets, either through importing them or through local production."
AM-02664,4663020,Commercial,Wholesale of Glass and Mirror Trading - Import & Export,Trading of glass and mirrors of all kinds and various shapes
AM-02665,4669207,Commercial,sterilizers & disinfectants Trading,"Trading of disinfectants and sterilizers made of chemicals, either in a gaseous or liquid form and used to eliminate microorganisms from hands, surfaces, floors, and clothes"
AM-02666,4663031,Commercial,Wires & Cables Trading - Import & Export,Trading of wires and cables
AM-02668,4663013,Commercial,Wholesale of Cement Products Trading - Import & Export,Trading of all products made mainly of cement.
AM-02669,4669205,Commercial,Paint & Varnish Trading - Import & Export,"Trading of liquid or powdered paints and varnish painting buildings, cars, ships, furniture, including thinners, thickeners, pastes and base paints as well as varnish and similar materials."
AM-02670,4663014,Commercial,Wholesale of Gypsum Products Trading - Import & Export,Trading of products made mainly of gypsum
AM-02671,4669211,Commercial,Wholesale of Synthetic Gas Trading - Import & Export,"Trading of liquid gases used for industrial purposes, such as workshop welding, and gas for operating household air-conditioners and refrigerators, involving also, liquefied natural gas used for generation of electricity, production of hydrogen and ammonia after warming the LNG into natural gas , also, compressed natural gas is used as an alternate to gasoline / diesel for automobiles."
AM-02672,4663012,Commercial,Wholesale of False Ceiling Trading - Import & Export,"Trading of false ceilings made of aluminum, gypsum, plastic, wood others."
AM-02673,4669212,Commercial,Wholesale of Dyeing and Canning Material Trading - Import & Export,"Trading of the solutions that contain dyes and particular chemical material used to add color to textile products, it also involves the acidic chemical compounds for treating skins of animals to produce leather."
AM-02676,4663004,Commercial,Wholesale of Sanitary Ware and Connections Trading - Import & Export,"Includes commercial establishments that do wholesale trade in sanitary ware such as sinks, bathtubs, toilets and their accessories, and special sanitary installations such as iron and plastic pipes used in connections such as elbows, etc., faucets, valves, bathroom installation tools ..."
AM-02677,4669901,Commercial,Plastic & Nylon Raw Materials Trading - Import & Export,"Trading of high or low density chemicals (plastics ) for manufacturing plastic products, nylon and PVC, whether granules or polyethylene, polypropylene, polystyrene or others."
AM-02678,4663010,Commercial,Electrical Fittings Trading - Import & Export,"Includes commercial establishments that do wholesale trading in the sale of electrical tools and their extensions from assembly boxes, distribution panels, wire-carrying columns, rails, ducts or sewers through which cables are passed, and this activity does not include any other activities for the sale of any of the electricity ..."
AM-02679,4669902,Commercial,Trade polyurethane foam - Wholesale,"Trading of natural and industrial sponges in the form of its raw material, which is used in various industries, as well as the sale of chemicals used in the manufacture of industrial sponges"
AM-02680,4752045,Commercial,Retai sale of Prefabricated Houses and Parts,Sale of Prefabricated Houses and Parts
AM-02681,4669903,Commercial,Wholesale of Rubber Trading - Import & Export,Trading of raw rubber for use in industrial purposes
AM-02682,4663037,Commercial,Wholesale of Swimming Pools Trading - Import & Export,Trading of swimming pools of all kinds and sizes
AM-02683,4669214,Commercial,Wholesale of Development Material Trading - Import & Export,Trading of photography processing chemicals and photographs printing papers.
AM-02684,4663005,Commercial,Wholesale of Tanks and Reservoirs Trading - Import & Export,"Trading of tanks and fixed tanks made of metal, plastic, reinforced fibers, or other materials, and used in residential, commercial and industrial buildings to store water"
AM-02685,4669210,Commercial,Wholesale of Medical Gas Trading - Import & Export,"Trading gases packed in special containers and prepared for use in medical and therapeutic purposes such as oxygen, sterilization and anesthesia gases, and others."
AM-02686,4663018,Commercial,Pipes & Fittings Trading Import & Export,"Trading of galvanized iron, plastic or copper pipes and tubes, as well as plastic, rubber or other hoses used in water or sewage installations, electrical wires, gas, or fuel"
AM-02687,4669215,Commercial,Wholesale of Fire Fighting and Resisting Material Trading - Import & Export,"Trading of fire control and extinguishing gases, foams and specially treated water, as well as these materials original chemicals."
AM-02688,4663023,Commercial,Wholesale of Fibre-glass Products Trading - Import & Export,"Trading of wires and cables made of optical fibers for various purposes, as well as the resale of their accessories and accessories such as connections, sockets, feeding points, control and distribution boxes and other devices, supplies and accessories related to them"
AM-02692,4752026,Commercial,Retail Sale of Décor and Partitions Material - Import & Export,"Trading of indoor and outdoor decoration materials and products as well as home and office interior design, including gypsum engraves, wood and cement partitions, fittings of artificial decorators such as fountains, waterfalls and water ways, ready-made partitions used to divide space in offices made of wood, carton, aluminum, steel sheets or others."
AM-02693,4669218,Commercial,Wholesale of Self-adhesive Material Trading - Import & Export,"Trading of glass, metal, plastic, wood fixing adhesive, packs, boxes, carton boxes closing tapes, paper, tiles, flooring and cladding adhesives and tapes, and any other material not classified under glue and gum."
AM-02694,4753006,Commercial,Retail Sale of Wallpaper,Selling wallpaper in different designs to cover cracks and decorate interior walls in residential and commercial facilities.
AM-02695,4669219,Commercial,Wholesale of Glue and Gum Trading - Import & Export,Trading of glue as well as glue for direct use or for various industrial uses in the production of other chemical compounds such as adhesives
AM-02696,4753005,Commercial,Retail Sale all kinds of ready-made curtains,Preparing all kinds of curtains and fixing in different facilities.
AM-02697,4669220,Commercial,Wholesale of Insulating Material Trading - Import & Export,"Trading of insulators and requisites used as humidity proof, water sealants, sun or generated heat proof, acoustic enclosures, vibration isolators, anti-radiators, electric and magnetic insulation, metal and wood protectors of rust, corrosions, humidity, and heat, as well as any material used in constructions wood, machinery, furnaces, vehicles marine equipment etc."
AM-02698,4662016,Commercial,Wholesale of Lighting Columns Trading - Import & Export,Trading in Lighting Columns
AM-02699,4669222,Commercial,Wholesale of Oil Well Chemicals Trading - Import & Export,"Trading of chemicals for various oilfield applications like production, well stimulation, drilling and injection."
AM-02700,4752028,Commercial,Retail sale of Scaffold,Trading in scaffold
AM-02701,4669104,Commercial,Wholesale of Plastic Waste Trading - Import & Export,"Trading of all non- hazardous plastic waste, such as water bottles, boxes, shopping bags, dishes and food containers, after being used and disposed of by households, industrial and agricultural facilities, in order recycle and transform into new plastic products."
AM-02703,4663008,Commercial,Wholesale of Natural Stone Trading - Import & Export,"Trading of types of natural stones and others, such as limestone, include this activity includes establishments that sell these materials in their raw form in the form of blocks or slabs before performing any industrial or transformational operations on them."
AM-02705,4669208,Commercial,Wholesale of Synthetic Chemical Trading - Import & Export,"Trading of intermediate chemicals such as resins, compounds, salts, sulfates, sulfurs, and others used in manufacturing by blending with other substances to produce paints, ink, cosmetics, detergents, fertilizers, pesticides, final chemical products, manufacturing metals, water purification and sterilization, in food industries such as preservatives, colorants, additives, flavors and fragrances, or in environment protection."
AM-02706,4663001,Commercial,Timber trade - Import & Export,"Trading of all types of wood in its original condition or after cutting it in the form of panels, slices or blocks so that they are ready to be used for construction or various industrial purposes."
AM-02707,4669223,Commercial,Wholesale of Chemical Material Trading for Building Purposes - Import & Export,"Trading of chemical agents and products to use in building for concrete improving and curing before and after pouring, water and humidity proofing, pounding and adhesion, joints sealing, solvents, floors handling, pasting and painting."
AM-02708,4663015,Commercial,Wholesale of Wood Products Trading - Import & Export,"Trading of products made mainly of wood, such as doors, windows, stairwells, mashrabiyas, interior decoration supplies, and others."
AM-02709,4669224,Commercial,Wholesale of House Pesticides Trading - Import & Export,Trading in Household Pesticide
AM-02712,4669203,Commercial,Wholesale of Chemical Fertilizers Trading - Import & Export,"Trading of synthetic chemical compounds containing plant nutritive elements, usually containing one or more fertilizing elements."
AM-02713,4669904,Commercial,Wholesale of Canvas and Ropes Trading - Import & Export,"Trading of bags and ropes made of natural fibers, linen, plastic or other materials."
AM-02714,4669905,Commercial,Wholesale of Paper Trading - Import & Export,"Trading of natural raw materials or otherwise and used for commercial or industrial purposes such as printing paper, newspapers, construction purposes or other purposes"
AM-02715,4669907,Commercial,Packaging Materials Trading - Import & Export,"Materials used in the purposes of wrapping and packing, whether those materials are paper, plastic, metal, or consisting of more than one of those materials, including containers, cans, bottles, plates, sheets, chips, laces, etc."
AM-02716,4620206,Commercial,Wholesale of Tanned Leather Trading - Import & Export,Trading of tanned and processed animal leather to render for industrial or any other use.
AM-02717,4669101,Commercial,Waste Paper Trading - Import & Export,"Trading of paper waste is collected from various sources which are recyclable, and the production of new paper products, these are the remnants of paper waste in the snippets, as well as the remains of the consumed paper both after packaging and printed materials."
AM-02718,4669106,Commercial,Wholesale of Scrap Trading of Used Pipes and Tubes - Import & Export,"Trading of Scrap, Used Pipes and Tubes"
AM-02719,4669908,Commercial,Wholesale of Upholstery Material and Outfit Trading - Import & Export,"Trading upholstery-related materials such as fabrics, leather, buttons upholstering to automobile and marine seats furniture and marine."
AM-02720,4641108,Commercial,Wholesale of Tailoring Outfit Trading - Import & Export,"Trading of sewing supplies such as buttons, sewing needles, scissors, rulers, embroidery supplies of gold and silver threads, lobes, colored ribbons, logos, badges, stickers or embroidered or made of certain materials and others."
AM-02721,4669909,Commercial,Wholesale of Plastic Bags and Containers Trading - Import & Export,"Trading of f plastic containers such as bottles, cans and buckets include plastic bags used in shops to pack goods and goods."
AM-02722,4669910,Commercial,Wholesale of Threads and Yarns Trading - Import & Export,"Trading of all kinds of threads for tailoring and embroidering garments, curtains, drapery and upholstery, also, includes cotton and wool yarns used in weaving and spinning industries."
AM-02723,4753004,Commercial,Retail Sale of Curtains and Upholstery Cloth,Trading of different fabrics for curtains and upholstery.
AM-02724,4620208,Commercial,Fish & Meat Wastes Trading - Import & Export,"Trading of fish crusts and intestines, slaughtered animals and bird’s blood, intestines, and non-edible parts in order to be used commercially or industrially.."
AM-02725,4659957,Commercial,Wholesale of Poultry Equipment and Apparatuses(Farms) Trading - Import & Export,"Trading of machinery and equipment used in livestock and sheep farms or pens or in chickens, ducks, pigeons and other birds and animals"
AM-02726,4669911,Commercial,Wholesale of Raw Material Trading - Import & Export,Trading of raw materials which are included in industrial that they are not suitable for use in any way before they are processed.
AM-02727,4659914,Commercial,Wholesale of Vending Equipment Trading - Import & Export,"Trading of equipment and machinery used in public places for the automated sale of refreshments, fruits and snacks, as well as the sale of newspapers and publications, CDs, cigarettes, photography booths, and also includes machines for paying utility bills such as telecom bills and others."
AM-02728,4669226,Commercial,Wholesale of Laboratory and Factory Chemicals Trading - Import & Export,"Trading of chemicals that are used for the purposes of conducting experiments and scientific research or conducting analyzes, tests and examinations in laboratories , such as organic and inorganic acids, alkalis, alcohols, salts, samples of elements, compounds"
AM-02730,4669912,Commercial,Wholesale of Natural Fibres and Cotton Trading - Import & Export,"Trading of raw cotton before conducting any industrial or manufacturing operations on it for use in various industrial or commercial purposes, as well as the trade of other natural fibers such as flax, jute, hemp and others"
AM-02732,4669227,Commercial,Wholesale of Petrochemical Material Trading - Import & Export,"Trading of petrochemicals derived from the conversion of light petroleum refining derivatives such as olefins to butylene, ethylene, propylene and aromatics to benzene, toluene, xylene and methanol to formaldehyde in addition to ammonia and urea, as well as petrochemicals intermediates such as monophenyl chloride or final petrochemicals such as polyethylene and polyvinyl chloride in addition to carbon and hydrogen used for various commercial and industrial purposes in their initial form before processing or any conversion operations on them"
AM-02733,4659206,Commercial,Wholesale of Painting Equipment and Machinery Trading - Import & Export,"Trading of equipment and machinery used in dyeing, painting, painting or polishing include the sale of building materials."
AM-02734,4669913,Commercial,Wholesale of Plastic Plates Trading - Import & Export,"Trading of panels made of plastic or similar materials including PVC panels, fiberglass panels, acrylic and others"
AM-02735,4659207,Commercial,Wholesale of Mills and Bakeries Equipment and Machinery Trading - Import & Export,"Trading of milling and bakery equipment and machinery, such as flour sifting machines, milling machines, crunching machines and seed screening, and includes conveyor belts for bread during production stages and automatic baking ovens."
AM-02736,4653001,Commercial,Wholesale of Agricultural Machinery And Equipment And Outfit Trading - Import & Export,"Trading tractors and agricultural machinery such as plows, seeders, harvesters and others and their accessories from the parts that are added to them to diversify their uses."
AM-02737,4659111,Commercial,Wholesale of water treatment equipment and purification Trading - Import & Export,"Trading of water treatment equipment and machinery, including domestic water treatment and purification machines."
AM-02738,4653002,Commercial,Wholesale of Equipment and agricultural machinery and accessories Trading - Import & Export,"Trading tractors and agricultural machinery such as plows, seeders, harvesters and others and their accessories from the parts that are added to them to diversify their uses."
AM-02739,4659915,Commercial,Wholesale of Water Cooling and Heating Equipment and Machinery Trading - Import & Export,"Trading of equipment used in buildings, factories and hotels for the purpose of cooling or heating water centrally, such as central refrigerators, boilers and others, include water coolers used in public places such as hospitals, schools, mosques, and others."
AM-02740,4659941,Commercial,Wholesale of Spare Parts Trading of Machines and Motors - Import & Export,"Trading of spare parts, components and elements that go into installing machines, motors, pumps, transmission, driving and rotating boxes such as flexible tubes and hoses made of metal, plastic or special tissues, and other hoses with specialized uses for machines and motors that operate with hydraulic pressure or Gas, as well as other spare parts such as belts (belts), load rests, gears, clutch gears, drive shafts, bearings, drive arms, and others other than the parts used in automobile and vehicle engines."
AM-02741,4659208,Commercial,Printing Equipment & Instruments Trading - Import & Export,"Trading of equipment used for different printing methods and techniques including optical offset, drilling, drilling and engraving, printing fabrics, recessed manual printing, Bindery"
AM-02742,4659201,Commercial,Workshop Equipment and Machines and Spare Parts Trading - Import & Export,"Includes reselling of workshops cutting, welding, balancing, pressure gauging and other equipment and machinery, also, any other equipment and machinery for carpentry, smithery, lathe workshops, auto and electronic workshops."
AM-02743,4773509,Commercial,Retail sale of Lighting Equipment and Outfits - Import & Export,"Trading of lighting devices in public gardens, parks, squares, airports, sports stadium and others."
AM-02744,4659202,Commercial,Industrial Plant Equipment & Spare Parts Trading - Import & Export,"Trading of equipment and machinery installed in industrial plants or used in industrial production, such as, oil refineries, petrochemicals, food and plastic industries …etc., such firms are allowed to carry out the installation, repair and maintenance services for the equipment they deal in."
AM-02745,4659916,Commercial,Wholesale of Restaurants and Kitchens Equipment and Outfit Trading - Import & Export,"Trading of industrial kitchens equipment and machinery usually used by hotels, restaurants and hospitals to prepare, preserve and serve meals. These equipment are ovens, grillers, dishwashers, cold rooms, chillers, warmers and refrigerators, (glass fronts) service counters, conveyor belts etc.."
AM-02746,4659901,Commercial,Wholesale of Oil and Natural Gas Well Equipment and Devices and Spare Parts Trading - Import & Export,Trading in Oil and Natural Gas Well Equipment and Devices and Spare Parts
AM-02747,4659917,Commercial,Wholesale of Cities Cleaning Equipment Trading - Import & Export,Trading in Cities Cleaning Equipment
AM-02748,4652001,Commercial,Wholesale of Telecommunication Equipment Trading - Import & Export,"Trading and operation of wired communication equipment such as installations, equipment and devices necessary for the telecommunications network and public calling, such as exchanges and central exchanges, as well as sub-exchange equipment used in large residential facilities and complexes, intercom systems, fiber optic or copper connection networks, voice amplification and internal pager systems"
AM-02749,4659918,Commercial,Wholesale of Building Cleaning Equipment Trading - Import & Export,Trading in Building Cleaning Equipment
AM-02750,4659902,Commercial,Wholesale of Solar Power Equipment and Outfit Trading - Import & Export,"Trading of solar panels and slabs energy systems (photovoltaic) installed on tops and facades of residential and commercial buildings, or on the ground to generate power for use in water heating and cooling and energy supply."
AM-02751,4773930,Commercial,Retail sale of Sea Cleaning Equipments,Retai sale of Sea Cleaning Equipments
AM-02752,4659910,Commercial,Wholesale of Safety and Fire Fighting Equipment and Devices Trading - Import & Export,"Trading of equipment and devices that are used for occupational safety and prevention of work accidents and natural hazards, such as lightning rods and firefighting and extinguishing equipment, with the exception of firefighting vehicles."
AM-02753,4659920,Commercial,Wholesale of Environment Protection Equipment Trading - Import & Export,"Trading in machinery, equipment, equipment and devices for protecting the environment from pollutants or factors affecting it negatively, including equipment for wastewater treatment, waste recycling and others."
AM-02754,4659903,Commercial,Wholesale of Scientific and Practical Equipment and Devices Trading - Import & Export,"Trading in all devices, machines and equipment that are used inside scientific or medical laboratories and laboratories or research and laboratory tests or others."
AM-02755,4659921,Commercial,Wholesale of Clothes Cleaning Equipment Trading - Import & Export,"Trading of machinery and equipment used in laundries and laundries for the purpose of removing dirt from clothing and textiles include bedspreads, linens, curtains, rugs and other textiles by washing or cleaning them with steam or dry, as well as ironing and preservation equipment."
AM-02756,4659211,Commercial,Wholesale of Measurement and Control Equipment and Devices Trading - Import & Export,"Trading of all equipment and devices that are used in measurement, whether to measure areas or quantities such as accurate balances or to measure distances and height or to monitor dimensions and environmental and geographical variables, and also includes the resale of equipment and devices used in controlling the quantities of flowing materials such as water, liquids and electrical energy, as well as all devices and tools for rationalizing water and electric energy, gases, etc., speeds, or in organizing movement at the level of production, This includes water and electricity meters, taxi equipment, surveying and meteorological devices, as well as door and window control systems, among others."
AM-02758,4659107,Commercial,Wholesale of Preservation and Cooling Equipment and Devices Trading - Import & Export,"Trading of central equipment used in cooling foodstuffs, medicines and chemicals or freezing them to save them from damage, including refrigerated stores and freezers (freezers), whether for the purpose of storing those materials or for display in grocery stores and consumer complexes (supermarkets)"
AM-02759,4659923,Commercial,Wholesale of Office Equipment and Machinery Trading - Import & Export,Trading in Office Equipment and Machinery
AM-02761,4659924,Commercial,Wholesale of General Stores Equipment and Installations Trading - Import & Export,"Trading of Office Equipment and Machinery Trading equipment and installations that are used in public stores such as grocery stores, consumer complexes, libraries, shops and exhibitions such as shelves and cabinets for display or food preservation or shelves for storing goods and goods, reception platforms (counters), electronic promotional machines and others, as well as all their requirements of tools such as goods transport vehicles, equipment for registering purchases, keeping money, insect traps, etc."
AM-02763,4659925,Commercial,Wholesale of Packaging and Wrapping Equipment Trading - Import & Export,Trading of packaging equipment
AM-02764,4659301,Commercial,Wholesale of Construction and Building Equipment and Machinery and Outfit Trading - Import & Export,Trading of construction equipment and machinery and their accessories
AM-02765,4659926,Commercial,Wholesale of Well Drilling Equipment Trading - Import & Export,Trading of equipment for drilling wells and accessories
AM-02767,4659927,Commercial,Wholesale of Insects and Rodents Pesticides Equipment Trading - Import & Export,"Trading of pests control and fighting devices, except pesticides"
AM-02768,2824011,Commercial,Construction Equipment & Machinery Spare Parts Trading  Import & Export,"Trading of construction equipment and machinery, such as stationary and mobile machinery and equipment used in the construction and building operations, for example crawler tractors, downhill tractors, quarries and other construction machinery used on construction sites."
AM-02769,4659304,Commercial,Wholesale of Airport Equipment Trading - Import & Export,Trading in Airport Equipment
AM-02771,4659928,Commercial,Wholesale of Parks Equipments Trading - Import & Export,"Trading of out-door and parks equipment and fittings such as seats, umbrellas, flower pots, garbage baskets, camping items and others."
AM-02773,4659929,Commercial,Sports Field Equipment Trading Import & Export,Trading in Sports Field Equipment
AM-02774,4659302,Commercial,Wholesale of Lifting and Loading Equipment and Machinery Trading - Import & Export,"Trading of equipment and machinery used in loading and lifting shipments, which work manually or automatically or trailer, whether small or large, for use in ports, airports, land customs points and others such as cranes"
AM-02777,4659931,Commercial,Wholesale of Veterinary Apparatuses and Outfit Trading - Import & Export,Trading of Veterinary Apparatuses and Outfit
AM-02778,4652003,Commercial,Wholesale of Precise Electronic Devices Trading - Import & Export,"Trading of electronic devices specialized in monitoring phenomena that cannot be perceived by ordinary senses, such as devices used in monitoring sound waves, vibrations, seeing nanobodies"
AM-02779,4659210,Commercial,Wholesale of Sewing Machine and Outfit Trading - Import & Export,"Trading of sewing machines, accessories and spare parts, including buttonhole machines (overlock) and waxing machines for fabrics."
AM-02780,4659932,Commercial,Wholesale of Elevators and Escalators and Spare Parts Trading - Import & Export,"Trading of elevators used to carry people, goods or others inside buildings, as well as the resale of escalators and moving belts used in public facilities such as airports, shopping centers, hotels, and others."
AM-02781,4659103,Commercial,"Pumps, Engines, Valves & Spare Parts Trading - Import & Export","Trading of pumps used in pumping water or other liquids, as well as engines and machines used in means of transportation such as ships, boats, vehicles, machinery, etc., as well as used in the operation of equipment"
AM-02782,4659933,Commercial,Wholesale of Calculators and Outfit Trading - Import & Export,Trading of Calculators and Outfit
AM-02783,4659934,Commercial,Wholesale of Typewriter and Photocopier and Outfit Trading - Import & Export,"Trading of experiments include the sale of typewriters, copiers (photocopiers) and printing machines (stencils), as well as microfilm photocopiers, microfilm and microfilm display machines and copies, as well as the resale of accessories for these machines, spare parts and operating supplies such as tapes, inks and chemicals."
AM-02784,4659104,Commercial,"Power Generation, Transmission & Distribution Equipment Trading -Import & Export","Trading of equipment and devices include turbines, generators or reactors used in electric power plants, as well as transmission equipment such as relay and feeding stations, and distribution equipment such as switchgear, current rectifiers, control and grounding devices, and others, whether used for general or private purposes."
AM-02785,4659935,Commercial,Wholesale of E-gates and Barriers Trading - Import & Export,"Trading of gates and electronic equipment for doors that are controlled in the opening and closing of automatic remote control, as well as barriers that are used to regulate entry and exit in private and public parking automatically."
AM-02786,4653010,Commercial,Wholesale of Irrigation Equipment and Devices and Outfit Trading - Import & Export,"Trading of irrigation equipment and devices and their supplies. This includes trading in pivot irrigation devices, their spare parts and supplies, irrigation equipment, irrigation hoses and irrigation network components."
AM-02787,4662005,Commercial,Gold and Diamond trading Import & Export,"Trading of precious metals such as gold, silver, platinum and others or their raw materials in their original state in nature before extracting from them or in the form of ingots, blocks, threads or chips before they are formed, manufactured or formulated."
AM-02788,4659936,Commercial,Wholesale of Engineering Drawing Equipment Trading - Import & Export,Trading of Engineering Drawing Equipment
AM-02790,4659962,Commercial,Wholesale of Alarm And Monitor Devices And Equipment Trading - Import & Export,Trading in alarm and surveillance devices
AM-02792,4653009,Commercial,Wholesale of Agricultural Greenhouse Equipment And Outfit Trading - Import & Export,"Trading all types of ordinary agricultural greenhouses, equipment and accessories such as air-conditioned agricultural greenhouses - plastic covers and air-conditioned agricultural greenhouses - fiberglass cover Multi-arch air-conditioned halls"
AM-02797,4711002,Commercial,Super Market,"Selling of consumer goods and products such as fresh, preserved and canned foodstuffs, as well as household tools and utensils, cleaning supplies and other consumer goods for personal and household use, with fewer spaces than cooperative societies."
AM-02798,4659937,Commercial,Wholesale of Meat and Fish Preparation Machines Trading - Import & Export,"Trading of equipment and machinery used in the preparation of slaughtered livestock and poultry, as well as fish and marine life, such as skinning, plucking feathers, removing scales, cleaning and removing unwanted parts, as well as equipment and machinery for processing their meat such as cutting into slices or links, for chopping or other operations."
AM-02800,4659209,Commercial,Wholesale of Sewing and Weaving Equipment and Spare Parts Trading - Import & Export,"Trading of industrial equipment for textile machinery and equipment, including the sale of spare parts and supplies for spinning equipment and machinery."
AM-02801,4711004,Commercial,Mini Market,"Selling of refreshments, gifts, magazines and newspapers and some personal goods and requisites."
AM-02802,4659938,Commercial,Equipment and Apparatuses Trading of E-games and Entertainment Halls - Import & Export,"Trading of equipment, devices, and tools that are used in the entertainment and entertainment halls such as billiard tables and their accessories, bowling hall equipment and accessories, electronic game halls and home video games."
AM-02803,4711005,Services,Mill,"Grinding some types of foodstuffs such as grains, spices, coffee and others for others for a fee, or grinding and packing them in containers of consumer sizes and pre-processing"
AM-02805,4711006,Services,Roasting Shop,"Roasting nuts, coffee beans, spices, cereals or others, and make the packing in small consumer packs, as well as carry out roasting for others, also, reselling gifts, novelties, artificial flowers and some foodstuff items, such shops are small that they are not classified as industrial firms of category"
AM-02806,4659305,Commercial,Wholesale of Ships and Boats Trading - Import & Export,Trading of ships and boats
AM-02809,5629002,Services,Ready-made Food Catering Contracts (Meal Preparation),"Provide companies such as schools, institutes, hospitals, aircraft, ships, contractors and others with ready-made meals that are prepared and prepared in the kitchens of the facility and are equipped with the necessary equipment and equipment to prepare, pack, package and transport these meals, in addition to establishments that have the technical capabilities and trained labor to prepare these meals in the kitchens of the bodies and companies that contract with them for this purpose."
AM-02810,4659307,Commercial,Wholesale of Spare Parts and Sections Trading of Ships and Boats - Import & Export,Trading of ship and boat spare parts and components
AM-02812,4773708,Commercial,Aircraft Spare Parts & Components Trading Import & Export,"Trading of aircraft spare parts and other components and supplies used in the repair, maintenance, renewal, or upgrading of their operational efficiency, or providing them with security and safety devices, or other components and supplies."
AM-02814,4659940,Commercial,Wholesale of Children Games Outfit Trading - Import & Export,"Trading of equipment and equipment installed inside indoor halls or in parks and public squares that are used for children's games and entertainment such as swings, sliding platforms, stabilization, house models or other equipment, whether these toys are safe solids or inflatable toys."
AM-02815,4719001,Commercial,Multi-section Store,"Stores that sell a variety of goods and products and are distributed in different sections included in the place of work to facilitate sales operations such as the sale of furniture, home furnishings, ready-made clothes, shoes, electrical appliances, utensils, household appliances, perfumes, medicines, gifts, toys, as well as foodstuffs and may contain a restaurant to provide meals to other sections.."
AM-02819,4791012,Commercial,Retail sale of Goods Using Catalogues,Sale of various goods and products through books or illustrated lists (catalogs).
AM-02821,4799002,Commercial,Sale of goods by vending equipment (except for food and drinks) - Stores,"Selling through self-service machines for refreshments, fruits and snacks as well as selling newspapers and publications, CDs, cigarettes,"
AM-02822,4659942,Commercial,Wholesale of Blast Furnaces and Smelters Trading - Import & Export,"Reselling blast furnaces used for smelting iron ores to produce semi-finished products, such firms are allowed to carry out the installation, repair and maintenance services for the equipment they deal in"
AM-02824,4773949,Commercial,Wholesale of Testing and Commissioning Equipments and Apparatuses,"Selling of devices, equipment and accessories of the number and tools used in the inspection, testing, detection or inspection operations on civil engineering constructions, buildings, marine and industrial equipment, vehicles, means of transport of all kinds, and other purposes of examination and testing at sites other than devices and tools used inside laboratories and laboratories."
AM-02827,4772001,Commercial,Pharmacy,A licensed facility where certain prescribed medicines are prepared and dispensed by a pharmacist licensed under the law of the country.
AM-02828,4659308,Commercial,Wholesale of Marine Equipment and Machinery Trading - Import & Export,Trading of marine equipment and machinery
AM-02829,4773935,Commercial,Retai sale of General Stores Equipments and Installations,"Selling of specialized retail stores of equipment and fixtures that are used in public stores such as grocery stores, consumer complexes, libraries, shops and exhibitions, including shelves and cabinets for display, or for keeping foodstuffs, or shelves for storing goods and merchandise, reception platforms (counters), electronic promotional machines and others, as well as all their requirements from Tools such as goods transport vehicles, purchase registration equipment, cash preservation, insect repellents, etc. This branch is not entitled to import from abroad."
AM-02830,4659945,Commercial,Wholesale of Development Equipment and Outfit Trading - Import & Export,Trading of t Equipment and Outfit
AM-02832,4773608,Commercial,Retail sale of Measurement and Control Equipments and Devices,"Trading of equipment and devices that are used in measurement, whether to measure areas or quantities such as accurate balances or to measure distances, temperatures, humidity and altitude, or to monitor environmental and geographical dimensions and variables, and also includes the resale of equipment and devices used in controlling the quantities of flowing materials such as water, liquids, electric power, gases, etc., speeds, or in organizing movement at the production level, This includes water and electricity meters, taxi equipment, surveying and meteorological devices, as well as door and window control systems, among others."
AM-02833,4774001,Commercial,Retail Sale of Used Furniture,"Selling of second-hand furniture of any kind, any material for any place"
AM-02836,4774006,Commercial,Retail sale of Building Used Equipment and Machinery,"Selling of second-hand building and construction equipment and machinery for excavating, filling, demolition, earth leveling, road paving, cement mixing, as well as cranes, elevators and heavy objects lifts."
AM-02842,3312007,Services,"Repair and maintenance of Air-conditioners, Cooling Equipments And Central Air Refining",Repair and maintain regular air conditioning equipment and devices (window units) as well as separate units (split) and their maintenance.
AM-02843,3312006,Services,Repair and maintenance of Balances and Scales,Repair and maintenance operations for the equipment of scales and weights by using various techniques and protecting them from corrosion or interaction with the surrounding natural materials or to extend the life of their use or maintenance
AM-02844,9512001,Services,Telecommunication Equipments and Apparatuses Repairing,"Repair and maintenance equipment and devices related to wired communications, telephones, telex, telefax, etc., as well as related to wireless communications such as internal and external wireless devices."
AM-02846,9522003,Services,Cookers & Cook Stove Repair,"Repairing electric, gas, coal or kerosene burners, ovens and cookers."
AM-02847,4321002,Services,"Alarm Systems Installation, Fitting and Repair","Installing alarm systems for some facilities whose nature of work requires the presence of alarm devices such as jewelry stores, banks and banks, and this activity includes the installation and extension of cables for alarm lines, as well as the repair and maintenance of alarm systems."
AM-02848,4520028,Services,Auto Phones Installation & Repair,Installing and repairing mobile phones that are installed in various types of cars
AM-02850,3319901,Services,Light Machines and Machinery Repairing and Maintenance,"Repairing machines and light machines and conducting maintenance operations on them, whether on demand or according to the implementation of special contracts for maintenance."
AM-02852,3319902,Services,Heavy Machines and Machinery Repairing and Maintenance,"Repair, maintenance and operation of machinery and heavy equipment such as central kitchen appliances, automatic laundry and equipment, electric power generators and water pumping machines. etc., this also includes the operation of such equipment and the conduct of periodic maintenance."
AM-02854,3319903,Services,Marine Machines and Equipments Repairing and Maintenance,Maintenance and repair of all marine machinery and equipment operating all types of boats and marine boats.
AM-02855,5510001,Services,Hotel,"Providing accommodation services to visitors, including furnished accommodation in rooms and suites, housekeeping services, food and beverages, and may also contain additional facilities such as swimming pools, restaurants and entertainment venues."
AM-02856,4329902,Services,Central Air-conditioners Maintenance,Maintenance of central air conditioning devices for buildings and various facilities
AM-02858,9529005,Services,Antiquities and Precious Acquisitions Repairing,"Repair and maintenance of archaeological and valuables such as luxury furniture, antiques, artifacts, manuscripts, books"
AM-02859,5610001,Services,Restaurant,"Preparation and types of meals, including fast food. It also includes preparing types of drinks and presenting them for immediate consumption by the public and equipped with appropriate equipment to eat meals inside those stores."
AM-02860,9524002,Services,Curtains Cutting and Tailoring,"Cut and detail curtains, including taking measurements and choosing the type according to the desire of customers and all the work related to curtains until their installation."
AM-02861,5630001,Services,Café,Preparing coffee and tea and serving various other hot drinks such as drinks based on spices and ice cream and serving them to the public.
AM-02862,9523001,Services,Shoes and Other Leather Manufactured Products Repairing,"Manual and mechanical repairing of different gents, ladies and children footwear."
AM-02864,9529002,Services,Gold and Jewellery Repairing,"Repair jewelry or craft some of its parts of precious metals such as gold,"
AM-02866,9529001,Services,Watches Repairing,"Repairing watches of all kinds, including the maintenance of watches and the replacement of their batteries, as well as the change of leather and metal belts."
AM-02867,5630003,Commercial,Fresh Juice Selling,Preparing juices from various types of fruits and presenting them to customers for immediate consumption.
AM-02868,9609012,Services,Key Cutting and Lock Fixing,"Copying all types of keys for all types of doors and cars, whether it was done manually or using modern copying machines."
AM-02869,5610007,Commercial,Iced Beverages Selling,"Preparing various types of ice cream for all products that are only frozen, such as iced sugar desserts, ice cream and ice cream cakes."
AM-02870,9529006,Services,Glasses Repairing,"Repair and maintenance of glasses and accessories, whether medical or sun,"
AM-02871,5621005,Services,Fish and Marine Animals Toasting and Frying,"Preparing and cooking fish and sea foods, whether this is done by grilling or frying."
AM-02872,9529007,Services,Knives and Scissors Repairing and Grinding,"Repairing knives, sharp scissors or other cutting tools such as cutting blades used in devices by replacing some of their parts or sharpening them by manual or electric methods"
AM-02881,5610002,Services,Floating Restaurant,"Ships, boats or yachts equipped with the appropriate equipment to eat meals on board, and this includes services for preparing meals and types of drinks and providing them for immediate consumption by the public, whether these restaurants provide their services in a fixed location or during the journey."
AM-02882,9529004,Services,Bicycles Repairing,Repair and maintain bicycles by replacing damaged spare parts or adjusting wheels .
AM-02884,3311008,Services,Shipment Containers Maintenance and Repairing,"Maintain maintenance include equipment and machinery used in loading and lifting cargo, which operate manually or automatically or in trailers, whether small or large"
AM-02886,3319906,Services,Removing Corrosion off Metals,"Rust removal of tools, utensils and metal artifacts, especially those made of silver or copper, polishing and repair, as well as facilities that carry out rust removal operations for metal and marine equipment and constructions and supply them with stainless materials."
AM-02888,9523002,Services,Repair leather products,"Repairing leather goods such as hand bags, wallets, and belts, wearing apparel, whether made of natural or synthetic leather."
AM-02890,3319908,Services,Entertainment Halls Apparatuses and Equipments Repairing and Maintenance,"Repair and maintenance of amusement and entertainment equipment such as billiard tables, electronic game consoles, handheld game consoles and other equipment used in amusement and entertainment halls."
AM-02892,3311001,Services,"Repair of metal tanks, reservoirs and containers","Repair and maintenance of tanks, tanks and non-petroleum mineral vessels using various techniques and protecting them from corrosion or interaction with surrounding natural materials or to prolong the life of their use or maintenance"
AM-02895,7710002,Services,Trucks Rental,Renting public trucks to transport public materials only without drivers.
AM-02899,4923001,Services,Goods Land Transportation,Goods Land Transportation
AM-02900,4923002,Services,Raw Materials Land Transportation,Transfer of raw materials across states to states
AM-02901,4923004,Services,Petroleum Materials Land Transportation,"Includes specialized facilities that transport materials, petroleum liquids and their derivatives by tankers according to demand or through contracts and agreements"
AM-02902,4923005,Services,Water Transportation,Transporting drinking or waste water on tanks and as per order.
AM-02903,4923006,Services,Refrigerated Transportation,"Transport materials whose transport operations require the use of vehicles equipped with different coolers. These materials include fruits, vegetables, fish, meat and other frozen materials."
AM-02905,8010002,Services,"Money, Jewellery and Precious Items Transporting Services","Transporting money, money and precious metals such as gold, silver and other collectibles and precious commodities such as jewelry and antiques in specialized and insured vehicles in accordance with the requirements of the security authorities."
AM-02908,5012004,Services,Marine Transportation of Petroleum and Gas Between Countries,Maritime transport of oil and natural gas from one country to another by sea by ships and ships
AM-02909,5021001,Services,Internal Water Transportation of Passengers,"Water transport of passengers from one place to another by sea by ships, ships and boats."
AM-02910,5021002,Services,Excursion Boats and Ships Renting,"Renting boats, small vessels and yachts equipped for individuals or tour groups for the purposes of tourism and outing within cities or between them through making irregular trips."
AM-02912,7730018,Services,Marine Locomotives and Lighters Renting,Rental of tugs and barges used for cargo transport purposes
AM-02915,5224006,Services,Shipment Containers Loading and Offloading Services,"Providing services for loading or unloading shipping containers with their equipment or machinery on vehicles, ships or aircraft in preparation for loading them or unloading ships, vehicles and aircraft."
AM-02916,5021003,Services,Running Marine Tourist Voyages,"Operate cruises within or between cities through regular or irregular sea transportation lines, including the transport of individuals and tourist groups and the provision of accommodation and subsistence services to them, in addition to other tourism services."
AM-02917,7490003,Services,Air Means of Transportation Inspection and Classification,"Inspecting air transport means to estimate their purchasing value or to determine their productive life or the type of cargo that is suitable for that means to be used in transporting them and the amount of that cargo or to estimate the type of maintenance that you need and the amount of its cost, as well as inspecting the load of that means and preparing reports thereon for the owners of the means of transport or for its tenant or other competent authorities."
AM-02918,7911002,Services,Marine Lines Agent,"Handling shipments and cargoes and transport of passengers on behalf of ship owners, their services involve, arranging for the pilot and the tugs, drawing up the documents for the customs and harbor services, arranging for storage bunkers, organizing the supply, contacting shippers and the receivers of the goods."
AM-02919,5222005,Services,Ships Management and Operation,"Management of ships, ships and other means of maritime transport of all kinds, operating them for the benefit of others in the field of maritime transport, carrying out all operations required by arrangements for the transport of passengers and goods, and changing crews of sailors and seafarers."
AM-02923,5229007,Services,Ship Renting Intermediate,"Renting ships and marine pieces and between charterers from the owners of shipping lines or travel agents and others, and the role of this broker is limited to conducting mediation operations and charging a commission for that."
AM-02929,7911001,Services,Airline Travel Agency,"Providing reservation services in hotels and other means of travel such as airlines, car rental, etc., as well as this activity includes international shipping line agents who work in organizing the transport of goods by sea and are authorized to reserve places for goods that are imported from abroad, exported or re-exported abroad."
AM-02936,5224001,Services,Goods Loading and Offloading Services,"Providing services for loading goods from vehicles, ships or aircraft"
AM-02938,5224005,Services,Goods Packaging Services,"Packing and preparing goods so that they become fit for shipping, and carrying out transport operations to shipping berths or locations, and this activity also includes providing services for packing household and personal supplies and effects, or packing goods stored in warehouses for the purpose of transporting and re-storing them ."
AM-02939,7911006,Services,International AirLines Office,"The offices established by international airlines that have regular routes through which they promote the company's activity, supervise the management of its affairs and other related activities."
AM-02940,5224002,Services,Sea Cargo Services,"Shipping exported or imported goods on maritime transport means and includes receiving the goods of others for shipment and carrying out related services to store them in warehouses, packing or unloading, sorting and the like in preparation for their shipment, and also includes the services performed by providing the necessary spaces for goods shipped on aircraft and booking those spaces with the carrier company or its agent, as well as carrying out insurance on shipped goods."
AM-02948,5210002,Services,Storing in Public Storehouses,Warehouses equipped with loading and unloading equipment to store dry foodstuffs as well as other goods and goods.
AM-02949,5320002,Services,Letter-post Dispatches Delivery,"Delivering surface and registered mail, usually letters, postcards, publications, small packs and publication pouches weighing 1 kg. in most."
AM-02950,5210003,Services,Gas and Petroleum Materials Storing,"Storage activities for liquefied gases in tanks, as well as storing petroleum materials and derivatives such as fuels, kerosene, diesel (diesel), greases, derivative oils, petrochemicals and others, whether they are liquid or solid. and methodology in storage."
AM-02951,5320007,Services,Documents and Instruments Delivery,Document transfer including express delivery.
AM-02953,4773405,Commercial,Retail sale of Old Stamps and Coins and the Like,"Sale, purchase and exchange of old and commemorative items such as postage stamps, coins and banknotes, phone cards, photos of celebrities, whether historically ordered, themed or single pieces."
AM-02956,7490002,Services,Marine Means of Transportation Inspection and Classification,"Inspecting the means of maritime transport to estimate its purchasing value or to determine its useful life or the type of cargo that is suitable for that means to be used in its transportation and the amount of that cargo or to estimate the type of maintenance you need and the amount of its cost, as well as the inspection of cargo ..."
AM-02967,4773914,Commercial,Retail Sale of Balances and Scales,"Selling of electric and sensitive scales, dry measures and balance equipment used for weighing."
AM-02971,4610012,Services,Facilities and Low Prices Cards Issuance Services,"Selling of cards that can be used to obtain discounted prices or certain facilities when purchasing goods or services from a group of stores, shops, hotels or other institutions participating in the discounted rates program or the facilities provided by those cards."
AM-02974,6499002,Services,"Industrial Enterprises Investment, Institution and Management","It includes institutions and companies that are established for the purpose of investing their funds or providing the financial investments necessary for the establishment of industrial projects that engage in various industrial activities such as factories and industrial plants, as well as extractive or transformative industries and the like fields of investment in or contribution to industrial projects. This also includes the management of these affiliated institutions and the organization of their affairs."
AM-02976,6499003,Services,"Agricultural Enterprises Investment, Institution and Management","It includes institutions and companies that are established for the purpose of investing their funds or providing the necessary financial investments for the establishment of agricultural projects that engage in agricultural activities such as land reclamation, the establishment of agricultural projects, livestock, sheep and poultry breeding farms, marketing agricultural crops and investment in the exploitation of fish and marine resources, and the activity of these institutions includes the management of their affiliated institutions and the organization of their affairs. Contribution"
AM-02987,6820001,Services,Real Estate Lease and Management Services,"Requirements: 1-Register and take permission from Department of Land and Real Estate Regulation 2- financial report 3- Business plan 4- Location type : Executive Office Customer Should Do After Registration of the License: 5-Hiring Compliance Officer (Internal Hiring or Outsourcing) 6-Hiring Auditors ((Internal Hiring or Outsourcing)) 7-Goaml Registration (Register In goAML | Ministry Of Economy - UAE ( https://www.moec.gov.ae/ ). 8-Subscribe in The Automated Notification System Related to TFS Lists of the Executive Office for Control and Non-Proliferation, In Order to Receive Updated Lists of United Nations Sanctions and Local Terrorists List. Link (UN Page | EXECUTIVE OFFICE FOR CONTROL & NON-PROLIFERATION (Uaeiec.Gov.Ae) It includes establishments that operate in managing the real estate of others and their lands and commercial, residential, industrial buildings, offices or warehouses, and their activity is limited to renting those real estate for temporary or long periods, in addition to improving or maintaining them."
AM-02993,5510003,Services,Hotel Apartments Rental,Establishments that prepare suitable accommodation in rooms equipped for this purpose for guests who stay for a temporary period and its activity is limited to providing housing services to its guests without other familiar services usually provided by hotels
AM-03002,6619001,Services,Financial Investment Consultancy,"It includes establishments that make recommendations to third parties, directly or in writing, with regard to investing in stock exchanges, stock markets, or any other financial instruments such as currencies and precious metals, or providing advice regarding the value of securities or any banking services, or providing general guidelines related to the development of banking services and investment programs. And preparing periodic and non-periodic reports with limited circulation related to its fields of activity. It also includes preparing consultations for investment in banking, financial or investment projects in the financial markets, preparing the necessary documents and documents for procedures for offering investment projects that take the form of joint stock companies for subscription, and drawing up strategies aimed at improving the level of The performance of these projects as well as the financial analysis, which includes the systematic scientific treatment of data on the status and performance of companies in the past, present and future expectations of the results of their work, and for securities, commodities, commodity contracts, price trends and trading volumes in order to obtain information used in the decision-making process when providing financial advice. That is for a fee."
AM-03005,7721004,Services,Bicycles Renting,"Renting bicycles that operate without any engines of various types or sizes, whether in specialized stores or specific public places."
AM-03007,7730025,Services,Cargo Containers Rental.,"Rent containers intended for transporting goods and storing, whether for commercial use, for the purpose of leasing to individuals or establishments for a temporary period."
AM-03019,7730014,Commercial,Converting Industries Equipment & Machinery Rental,"Rent manufacturing equipment and other equipment used in industrial production for commercial or industrial investment for institutions, individuals and government companies"
AM-03024,7729001,Services,"Textiles, Clothes and Shoes Renting","Renting textiles, clothing and shoes of all kinds, whether professional or formal, for use by tenants for an agreed period."
AM-03026,7110902,Services,Computer Engineering Consultancy,"Prepare designs, drawings and specifications for consulting in the field of computers"
AM-03027,6311005,Services,E-Guide and Building E-Complexes,"It includes facilities specialized electronically in the development of technical and advisory studies for the quality of activity practiced by institutions and companies, its scope and the volume of expected services, in addition to the design of electronic dealing complexes, which is a site or service complex equipped with hardware, information bases and software that qualify it to work as a portal or entrance accordingly and how to link them with complexes and other electronic and computer networks, and this activity also includes determining the specifications of devices and equipment and their sources and the quality of computer databases."
AM-03028,6201001,Services,Computer Systems and Software Designing,"Analysis and design of applied systems for the use of computers (computers), and what is required for that from the development of programs that operate those systems. An economical solution and the provision of the necessary programs to achieve this solution. This activity also includes simplified writing of the program based on the user's instructions, especially those activities that include developing, providing, processing and documenting programs prepared according to the request based on requests from specific users and ready-made applications. It also includes the preparation and design of Internet pages for individuals and government and private institutions."
AM-03029,8299006,Services,Commercial Information Services,"Collecting information about institutions and companies, as well as inquiring about businessmen regarding their commercial activities, providing information about opportunities and industrial commercial events, processing that information."
AM-03030,6201002,Services,Electronic Chips Designing and Programing,"Programming activities for chips or electronic chips used in computers, or in electronic devices and equipment that operate automatically, especially machines used in industrial production, vehicles, home electronic devices, electronic games and others."
AM-03031,6820005,Services,Real Estate Consultancy,"Providing data, information and prices related to real estate of all kinds."
AM-03032,6202003,Services,Information Technology Consultancy,"Includes providing technical services and consultancies with respect to information technology and applications like internet, internet and data warehousing to enhance the administrative and technical performance in different corporations. In addition to offering consultancies, to involve proposing the adequate softwares and handling the surveys and studies to determine the appropriate technology consistent with the nature of the firm, these firms are not entitled to market or produce any of the"
AM-03034,6201005,Services,Network Websites Designing,Designing websites for electronic service.
AM-03035,7020008,Services,Human Resources Consultancy,"Preparing studies and consultations related to planning human resources and manpower, as well as raising the level of their performance by studying functional problems that face the employee during the performance of his job tasks, whether technical, psychological or behavioral, diagnosing them, identifying the problem and providing appropriate solutions to avoid it, including preparing reports and providing advice and advice And designing professional and administrative programs and proposing training courses to help the employee overcome those problems and perform his work better."
AM-03036,9511001,Services,Computer Maintenance and Repairing,"Repair and maintenance of all laptops, including fixed and fixed and includes this activity replacement of damaged parts and includes the activity repair services inside home."
AM-03037,7020006,Services,"Quality, Standardization and Measuring Consultancy","Consulting services in the areas of raising the level of quality in the services provided by service establishments or the level of products produced or manufactured by industrial and production facilities, and also includes the provision of calibration and standardization consultations for conformity with standard specifications in services and products."
AM-03038,3312008,Services,Office Machines and Calculators Maintenance and Repairing,"Repair and maintenance of machinery and office equipment such as calculators, typewriters, office packaging equipment, paper sorting machines, etc."
AM-03041,7020026,Services,Consulting technical equipment and technical,"Consulting services in the field of electronic equipment, audio-visual systems, television and radio production, lighting systems and other services for studios, theaters, conference rooms, teaching aids laboratories, etc., including identifying and characterizing appropriate equipment and equipment, evaluating offers submitted for purchase, and technical supervision of implementation."
AM-03042,6202005,Services,Information Technology Network Services,"Providing subscription services and connection to global information networks, specialized data banks and electronic data exchange, which in addition includes operational and practical applications such as e-mail and electronic exchange of information through the use of communication networks and its local and international lines (Internet) and the role of these establishments is limited to facilitating the task of subscription for a fee or a specific subscription"
AM-03043,7020004,Services,Hotel Consultancy,"Preparing marketing studies, economic feasibility studies and the required field surveys and questionnaires, in addition to providing technical advice related to economic investments in the field of hotel services, and whether this relates to new projects or the development of existing projects."
AM-03044,6311009,Services,Computer System Housing Services,Computer System Housing Services
AM-03045,7110506,Services,Tourism Recreational and Entertainment Areas Planning Engineering Consultancy,"Preparing designs, drawings and specifications for consultations in the field of planning recreational areas and tourist entertainment"
AM-03048,7210003,Services,Pharmaceutical Consultancy and Studies and Researches,"Institutes, academies, or centers that take care of scientific and research issues in the field of pharmaceutical sciences and their modern technologies and adapt them to serve the pharmaceutical and pharmaceutical products industry and raise the level of the pharmacy profession, as well as in the field of developing pharmaceutical education and taking care of developing raw materials that serve the pharmaceutical industries."
AM-03051,7110205,Services,Civil Engineering Consultancy,"Prepare designs, drawings and specifications for consultations in the field of civil engineering (includes establishments working in the field of preparing studies, designs, drawings, providing engineering consultancy and developing technical specifications related to all branches of civil engineering and its subspecialties or most of the subspecialties affiliated to it, and this includes coordinating the practical relations between these elements with regard to movement, shape, etc., It also includes the preparation of preliminary engineering and technical studies for buildings projects and commercial and economic facilities of various purposes, including the services of preparing tender documents, qualifying consultants and contractors, evaluating financial offers, and following up the implementation work on the engineering side. ) includes the work of those offices in the design and supervision of implementation"
AM-03053,7110702,Services,Road Engineering Consultancy,"Providing engineering services related to long-distance external roads and their precise specializations, and this includes preparing studies, designs, drawings and technical specifications related to those roads and their layouts, tunnels for vehicles and others. The work of these offices also includes in the supervision of implementation or design and supervision of Execution and that depends on the license granted by the local authorities."
AM-03055,7110911,Services,Engineering Consultancy of Ship Building Engineering,"Preparation of designs, drawings and specifications for consultancy in the field of shipbuilding engineering (including the preparation of designs and drawings for the construction of ships, boats and other similar means of transport)"
AM-03057,7110916,Services,Foundations and Soil Mechanics Engineering Consultancy,"Prepare designs, drawings and specifications for consultancy in the field of foundation engineering and soil mechanic."
AM-03059,7110901,Services,Consultancy of Survey Engineering,"Preparing designs, drawings and specifications for consultations in the field of surveying engineering, determining signs, boundaries, service paths and road campuses, determining the direction of the qibla, making contour plans and entrance levels, conducting a survey on the construction works that have been carried out ."
AM-03062,7120022,Services,"Services, quality certification, evaluation and calibration, Altqays","It includes establishments that act as agents for international organizations and bodies specialized in granting and issuing quality certificates for products and services, as well as certificates of conformity to international standards for goods and services, standards and measurement for the competent meteorological and seismological agencies, and other similar certificates and documents."
AM-03065,7110202,Services,Architectural Engineering Consultancy,"Preparing designs, drawings and specifications for consultations in the field of architecture, preliminary engineering and technical studies for building and construction projects, evaluating financial offers, and following up the implementation work in the technical and engineering side of them, and its activity also includes supervising the construction and implementation of those buildings and projects. ."
AM-03068,6920001,Services,Accounts Auditing.,"Auditing the accounts of companies and institutions, conducting a comprehensive examination and audit of all types of accounts, records and accounting books of an establishment and the results of its work, and preparing reports related to showing its financial position, in addition to the competence of these offices to carry out all other accounting work in their various branches, as well as providing accounting advice."
AM-03069,7110507,Services,Sites Landscaping and Coordinating Engineering Consultancy,"Preparation of designs, drawings and specifications for the beautification of external courtyards, lands and gardens, organizing them and coordinating aesthetic relations between them and neighboring buildings and landscapes, and the work of these offices also includes supervising the implementation or design and supervising the implementation, depending on the license granted by the local authorities."
AM-03070,6920003,Services,Accounting Records and Books Keeping Organization,"Includes the offices specialized in setting and designing accounting systems for companies and firms, designing accounting documents, records and books, setting documentary cycles or other accounting processes. These offices offer services against fixed fees, but may not examine or audit accounts."
AM-03073,7110501,Services,Comprehensive Architectural Planning Engineering Consultancy,"Urban design in all or most of its branches and subspecialties, such as city and regional planning engineering, urban and environmental design engineering, and others"
AM-03074,7320002,Services,Marketing Management,"Planning the marketing of a specific good or service, with determining price values, promotion, determining distribution outlets, etc. related to the marketing process of the owner of the good or service, and also includes digital marketing using digital channels to promote all types of goods and services"
AM-03076,5229011,Services,Transportation Consultancy,"Preparing studies and providing solutions about transportation and how to ensure the flow of traffic, and this includes the effect of establishing large projects on traffic movement, adjusting the timing of traffic lights, proposing ports and alternative routes at events and events ..."
AM-03077,7110704,Services,Bridges Engineering Consultancy,"Prepare designs, drawings and specifications for consultancy in the field of bridges"
AM-03078,7020002,Services,Economical Feasibility Consultancy and Studies,"Establishments that work in preparing technical and economic studies for new projects to determine the profitability of those projects or their economic feasibility over a certain period of operation, such as technical, economic and other feasibility studies, these establishments ."
AM-03080,7110104,Services,Electronic Engineering Consultancy,"Prepare designs, drawings and specifications for consultations in the field of electronic engineering in all its branches and subspecialties,"
AM-03081,7110946,Services,Heavy Machinery Engineering Consultancy,Heavy Machinery Engineering Consultancy
AM-03083,4772012,Commercial,Retai sale of Soup and Hair Care Composition,Retail sale of Soup and Hair Care Composition
AM-03092,4659944,Commercial,Trading In Electronics And Communication - Import & Export,"Trade of electronics, communication systems and equipment used in communications of all kinds, including main switchboards such as exchanges, exchanges, communication transmission and organization devices, as well as equipment for telecommunications earth stations, satellite positioning systems (GPS)"
AM-03093,4641102,Commercial,"Wholesale of Blanket, Ready-made Linen and Sheets Trading - Import & Export","Trade of all types of blankets, blankets and home furnishings such as bed linen, furniture and linens, as well as towels and towels, including pillows, pillows and their covers."
AM-03095,8549012,Services,Computer Software Training,"Training on the design and development of computer systems and computing environments, including the study of design, maintenance and integration of software applications, and includes programming, systems analysis and design, electronic data processing, network management, programming languages (Visual Basic)."
AM-03099,8549025,Services,Hotel Education and Training,"Training services for personnel working in tourism establishments such as hotels and restaurants, etc., on reception, making accommodation reservations, car rental, accounting, and training on how to deal with guests."
AM-03107,4649038,Commercial,"Authentic Antiques, Artefacts & Artworks Trading - Import & Export","Trade of frames, pictures and paintings that are used in wall decoration or as art collectibles."
AM-03109,6499005,Services,"Tourist Enterprises Investment, Institution and Management","It includes institutions and companies that are established for the purpose of investing their money or providing the financial investments necessary to establish tourism projects and that engage in various tourism activities such as building hotels, lodges and tourist resorts, and other areas of investment in tourism projects or contributing to them. This also includes managing those affiliated institutions and organizing their affairs."
AM-03110,7110932,Services,Oil Refining Engineer Consultancies,"Includes providing engineering consultancies to oil and gas industries and fertilizers factories with regard to oil refining engineering, thermodynamics, chemical engineering, control process, gas processing, thermal and bloc transmission, the minimal qualifications required is bachelor degree in chemical or Petroleum engineering, along with three years hands-on experience."
AM-03117,7911002,Services,Shipping Lines Agents,"Includes the designated agents held responsible for handling shipments and cargoes and transport of passengers on behalf of ship owners, their services involve, arranging for the pilot and the tugs, drawing up the documents for the customs and harbor services, arranging for storage bunkers, organizing the supply, contacting shippers and the receivers of the goods."
AM-03119,2011016,Industrial,Chemicals Blending,Producing one or several chemical products by combining chemical compounds and by using several different chemical reactions.
AM-03120,2220010,Industrial,Table Plastic Covers Manufacturing,Manufacturing of Table Plastic Covers
AM-03132,7020020,Services,Consultancy project development,"Preparing project studies and its components, formulating strategies for development opportunities, supervising economic feasibility studies and marketing, reviewing development requirements and obstacles, analyzing and evaluating the cost, supervising development stages And implementation."
AM-03141,5229004,Services,Freight Forwarding & Clearing Services,"Clearing goods from customs facilities, whether they are land, sea or air"
AM-03143,4659312,Commercial,Heavy Equipment & Machinery Spare Parts Trading Import & Export,"Trade of heavy machinery and equipment, such as factory machinery and equipment, machinery, hoisting and loading mechanisms, excavators, loaders and others."
AM-03145,9311006,Services,Sports Research & Consultancies,"Providing specialized services to various sports clubs and sponsoring them, and their services include organizing contracts with coaches and undertakings to organize external and internal camps for sports teams, organizing contacts with foreign sports teams"
AM-03151,2396006,Industrial,Manufacturing Marble & Granite - Import & Export,Manufacturing Marble & Granite
AM-03156,2740004,Industrial,Lighting Fitting & Fixtures Assembling,"Assembling lighting devices in public gardens, parks, airports, sports stadium and others."
AM-03158,8620009,Services,Thoracopathy Clinic,Medical facilities (clinics) that provide simple medical and therapeutic advisory services and do not provide emergency services. Patients are taken care of by one or more medical practitioners working in the field of various chest diseases and providing treatment and prescriptions for patients.
AM-03159,4781009,Industrial,Instant Coffee Preparation,"Preparing, mixing and packaging of instant coffee, coffee creamers and mixes there off in well sealed packs, bags or jars."
AM-03164,3100003,Industrial,Manufacture of Metallic Furniture,Manufacture of Metallic Furniture
AM-03165,3290020,Industrial,Coal Cubes Manufacturing,Manufacturing of Coal Cubes
AM-03167,4690005,Commercial,Smelters & Furnaces Refractory Materials Trading  Import & Export,"Trade of Precious Stones trafficking in firearms, which are used in furnaces, smelleders and those stones of various kinds are factors that help to increase the fusion furnaces"
AM-03168,2395005,Industrial,Manufacture of other Metal Products,"Manufacture metal parts and artifacts that are used in buildings and interiors by pre-casting molds such as columns, stairwells, balconies, mesh partitions, flower beds, statues, figures, etc."
AM-03173,7010009,Services,Management Services,Management Services
AM-03179,2813003,Industrial,Valves Manufacturing,Manufacturing Valves
AM-03180,8010001,Services,Party Security and Bodyguards,"Includes providing guarding services to facilities and residential and commercial buildings. Also includes the use of automatic systems in guarding, such as linking these buildings to an electronic system for emergency, security and safety to warn of the exposure of these buildings to burglary and intrusion."
AM-03184,8211004,Services,Restaurants Management,Restaurant management and all operations related to processing and operation.
AM-03200,8541006,Services,Sports Academy,"""Includes specialized scientific establishments that are established to serve those interested in the field of sports and those wishing to increase their knowledge in the various fields of sport. One of the main goals of establishing academies is the preparation of sports research and scientific studies related to all sports disciplines to reach the best results to benefit from them in the applied fields for coaches, specialists and decision-makers. Mathematical scientific. Follow-up of mathematical scientific developments and study their implications on sports reality"
AM-03201,5610004,Services,Shisha Lounge,Establishments that have a dedicated hall for this purpose and provide shisha services
AM-03208,4659922,Commercial,Wholesale of Car Cleaning and Washing Equipment Trading,"Trading of car cleaning and washing equipment, whether powered by steam power, such as steam cleaning devices or devices constituting large car wash stations"
AM-03223,4510101,Commercial,New Motor Vehicles Trading Import & Export,Trading of new cars .
AM-03225,4690004,Commercial,Glass Bottles Trading,Glass Bottles Trading
AM-03228,7110924,Services,Electronic Devices Engineering Consultancy,"Preparing designs, drawings and specifications for consultations in the field of electronic equipment engineering."
AM-03229,7110114,Services,Communications Engineering Consultancy,"Preparing designs, drawings and specifications for consulting in the field of power plants and supervising the implementation"
AM-03230,7110106,Services,Mechanical Engineering Consultancy,"Preparing designs, drawings and specifications for consultations in the field of mechanical engineering in all its branches and subspecialties and supervising the implementation."
AM-03231,7110925,Services,Industrial Production Engineering Consultancy,"Prepare designs, drawings and specifications for consultancy in the field of industrial production engineering related to the use and maintenance of machinery and devices and plant planning"
AM-03233,7110927,Services,Liquids Mechanics Engineering Consultancy,"Engineering activities and services provided to gas, thermal and hydroelectric power plants, automotive engineering, internal combustion engines and water pumping units in the fields of fluid mechanics, propulsion systems, air regeneration and air conditioning and air conditioning systems."
AM-03234,7110928,Services,Consultancy of Aviation Engineering,"Preparing designs and drawings for building aircraft of all kinds, including developing detailed specifications for materials used in manufacturing and installing equipment, equipment and engines suitable for each type according to the uses and purposes that will be allocated to them."
AM-03236,7110948,Services,Petroleum Recycling Units Engineering Consultancy,"Engineering activities and services provided to petroleum companies and oil refineries in the fields of thermodynamics, fluid mechanics, petroleum refining engineering, heat transfer, reaction engineering, petroleum refining industry, building their plants and stations, operating and planning their production, etc."
AM-03237,7110405,Services,Mines and Mining Engineering Consultancy and Geological Engineering,"Preparing designs, drawings and specifications for consultations in the field of mines, mining and geological engineering, including the study of the layers of the earth, the quality of the minerals they contain, the movement of groundwater, the degrees of hardness of the layers, the properties of minerals and rocks, the analysis of data related to them from a technical point of view, and the preparation of studies, data and drawings related to them."
AM-03245,7110301,Services,Chemical Industries Consultancy,"Preparing designs, drawings and specifications for consultations in the field of chemical industries"
AM-03246,7110952,Services,Petrochemical Engineering Consultancy,"Preparing designs, drawings and specifications for consultations in the field of petrochemicals such as the industries of detergents, paints, synthetic fibers and others."
AM-03247,7110932,Services,Petroleum Recycling Engineering Consultancy,"Providing engineering consultancy to petroleum companies, gas manufacturing and fertilizer plants in the fields of petroleum refining engineering, thermodynamics, chemical engineering, control operations, gas manufacturing, thermal and mass transfer phenomena."
AM-03248,7110601,Services,Marine Consultancies,"Specialized engineering consultancy offices that prepare designs, drawings and specifications for consultations in the field of sea ports and maritime transport. Engineering consultancy may not be practiced except after being registered in the registry of engineering consultancy offices (the authority or the local authority of the emirate subject of issuance). An engineer or engineering consultancy office may work in a specialty other than the licensed classification."
AM-03249,7110933,Services,Manufacturing and Materials Engineering and Consultancy,"Preparation of designs, drawings and specifications for consultancy in the field of metallurgy"
AM-03254,7120002,Services,Chemical and Biological Analysis Lab,"Chemical and biological analysis, measurement and weight verification of various materials, metals or elements, such as analysis of building materials, soil metals and chemical materials or foodstuffs, to determine the chemical composition thereof. This also includes laboratory tests of materials and elements to determine mechanical characteristics such as solidity, cohesion, or resistance etc. The establishment's activities are restricted to offering said services and issuing certificates or reports thereon."
AM-03255,7110907,Services,Quantities Calculations and Inventory Engineering Consultancy for Engineering Projects,"Preparing designs, drawings and specifications for consultations in the field of calculating and counting quantities for engineering projects, studying the quantities involved in the implementation of construction projects, estimating their sizes and prices"
AM-03256,7120008,Services,Pipelines Testing Services,"Includes firms that provide Inspection of water, oil, gases, sewage water, or other pipelines, whether these pipelines are on the surface, underground or submerged, to ensure intactness or specify places of damage or leakage and then the method of repair according to the nature of the material the pipes are made of and the material flow in them, and to carry out the techniques of repair, whether, thermal, chemical, blowing or water-flow treatments"
AM-03257,7110921,Services,Industrial Projects Management,"Preparation of the basic principles of industrial project management. From project analysis, planning, programming, organization, and monitoring during implementation. Study the different ways of programming industrial projects, including the study of the critical path. Studying methods of distribution, controlling and settling costs and needs, determining the time period of the project, monitoring safety and quality control during implementation."
AM-03258,7120011,Services,Metals and Precious Stones Testing and Analyzing Lab,Conducting chemical and physical analyzes and tests on gold bullion and precious metals to determine their purity or on their raw materials or on alloys mixed with non-precious metals to determine the percentage of gold or precious metals in their components or determine their degree of hardness or other tests and examinations.
AM-03259,7110936,Services,Technical Consultancy of Buildings and Engineering Models Execution,"Preparing miniature stereoscopic models for buildings and construction projects or models, shapes and engineering designs of all kinds, such as designs for tools, utensils, devices, vehicles and others."
AM-03260,7120013,Services,Industrial Installations Inspection Consultancies.,"Engineering technical detection of defects in industrial facilities equipment and equipment such as mechanical and electromechanical machines for power plants, water desalination and sewage, petrochemical plants and their extensions, workshop equipment, factories, machine engines, etc., including non-destructive inspection and testing of engineering technical detection, analysis of results, and numbers of studies and reports showing the status of cases and treatment programs"
AM-03262,7020018,Services,Professional Safety and Health Consultancy,"Providing services and consultations related to occupational safety and health, such as checking equipment and machinery used in construction and contracting works or in industrial establishments and issuing certificates that the conditions for occupational safety and health are met."
AM-03263,7110937,Services,Architectural Production and Drawing Technical Consultancy,"Providing services for drawing projects of buildings and civil establishments of all kinds includes a graphic drawing of what they will look like after completing their construction, implementation and production, an architectural output that shows its relations with the existing and neighboring projects, buildings, terrain and landscapes"
AM-03264,7120015,Services,Mechanical and Physical Tests Lab,"Carry out mechanical, physical, electrical and optical measurements and examinations, as well as conduct measurements of temperature, thermal transfer, measurements of sound vibrations, vibrations and other examinations, mechanical and physical measurements, and give reports or certificates thereof."
AM-03265,7110404,Services,Petroleum and Natural Gas Searching and Exploration Consultancy,"Prepare designs, drawings and specifications for consultancy in the field of oil and natural gas research and exploration (including facilities that provide hydrographic, ground and geophysical surveys and related consultations in the field of oil and natural gas research and exploration)."
AM-03266,7120005,Services,Weights and Measurements Standardization Lab,"Examining the metrology used in laboratories, factories and trade and services firms, to ensure their intactness and accuracy. These firms use internationally-recognized methodologies and metrology and issue certificates on the results."
AM-03269,7110508,Services,Marine Survey Engineering Consultancy,"Preparing plans and drawings for water bodies, carrying out works and studies related to marine surveying, participating in the implementation of construction projects inside waters, water bodies and beaches, preparing maps for engineering and marine works, preparing tide schedules, supervising the implementation or design and supervising the implementation, depending on the license granted by the local authorities."
AM-03271,7110941,Services,Geographical Maps Drawing Technical Consultancy,"Preparing natural, political, and civil geographic drawings and maps, whether digital or linear, as well as preparing topographic and contour plans for the terrain and nature of the land, as well as preparing analytical reports."
AM-03272,7310004,Services,Promotional Gifts Preparing.,"Creative designing and creating promotional gifts used by commercial entities to promote themselves and products, such gifts include pens, diaries, commemorative and sport medals, sport trophies, tires covers, names engraving etc."
AM-03281,7110945,Services,Machines Mechanics Engineering Consultancy,"Engineering consultancy services are provided to desalination plants and power generation in the fields of engineering mechanics, machine design and preparation of plans."
AM-03285,7110947,Services,Petroleum and Gas Tank Pipes Building Engineering Consultancy,"Preparing designs, drawings and specifications for consultations in the field of building pipes and oil and gas tanks"
AM-03287,7110906,Services,Security Systems Consultancy,"Preparing designs, drawings and specifications for consulting in the field of security systems."
AM-03288,7120006,Services,Security Systems Testing and Checking Services,"Inspecting security systems to ensure safety, workability and consistency with standard specifications, then to provide technical reports and certificates accordingly."
AM-03290,8010010,Services,Security Training Services,"Security training, which includes the concept of security, preparing reports, technical skills, awareness of social and security issues, training on responding to inquiries, reception and guarding."
AM-03291,8121001,Services,Interior cleaning services for buildings and dwellings,"Providing services for cleaning residential buildings and offices of other commercial units, our services for surfaces and external surfaces."
AM-03292,7420003,Services,Photography Studio,"Production of photographs for personal purposes, whether inside or outside private studios, such as the production of personal photos of individuals used on passports, employment applications, travel visas, etc., and also includes photographing weddings or other parties and personal events, and this activity also includes institutions that use automated equipment for photography using coins."
AM-03293,7420006,Services,Film Developing and Photo Printing,"Personal photographing either in or outside specialized studios for different purposes such as passports, employment immigration visa applications. It also involves photographing weddings and other personal events. Firms which use coin photography machines are also included."
AM-03296,8219002,Services,Typing & Photocopying Services,"Typing and photocopying documents to be submitted to governmental and non- governmental bodies, as well as personal documents, such as curriculum vitae etc."
AM-03297,8219003,Services,Maps and Drawings Copying Services,"Preparation of copies of maps and drawings of all kinds, whether printed or recorded on audio or visual tapes or in the form of photographs or Miro film slides or otherwise, whether this is done through the use of the capabilities available to establishments specialized in the work of printer, recording and copying, or the establishments have the necessary equipment for that themselves, and the activity includes redrawing maps and drawings manually to reproduce them"
AM-03299,7490005,Services,Legal Translation Services,"Translation of texts with general content, specialized texts such as commercial contracts, legal, commercial, technical, scientific and other texts, and this activity also includes sequential translation."
AM-03303,8299003,Services,Transactions Follow-up Services,Transactions Follow-up Services
AM-03305,7010001,Services,Management Office,"Offices opened by one of the existing commercial or industrial institutions or companies to be used in organizing administrative and office affairs related to the same institution or company to which the office belongs, and accordingly, these offices are not allowed to conduct any commercial business, and this office must be linked to an establishment with a commercial or industrial activity"
AM-03307,4659911,Commercial,Wholesale of Dive Gear Equipment Trading - Import & Export,Trading in equipment used by underwater divers
AM-03311,8291001,Services,Debts Collection,"Follow up the rights of companies, institutions or individuals, carry out the necessary tasks and services in order to protect assets, and strive to collect debts incurred in favor of those entities due to others, including post-dated checks and bad debts."
AM-03313,7490001,Services,Inspection and Pricing Services,"Examining, and estimating immovables such as lands and buildings and movable such as goods, machines, equipment and furniture, for the various purposes like holding public auction sales, be it upon the disputant parties' desire or an assign by court, arbitration committee or any other administrative body."
AM-03315,8230001,Services,Exhibitions Organization and Management,"Organizing trade fairs that are held to promote or stimulate trade at the local or international level, and it also includes holding exhibitions to encourage local industrial and agricultural products, and it also includes holding other exhibitions of a specialized nature,"
AM-03317,6399001,Services,Press Material Preparation and Distribution,"Preparing interviews and journalistic investigations, as well as preparing reports, research, studies and archival materials needed by newspapers and magazines, processing and distributing them to those newspapers and magazines according to their needs and requirements."
AM-03319,7410001,Services,Fashion and Clothes Designing,"Design fashion and men's and women's clothing and for children of all kinds, including formal uniforms or uniforms for official authorities or bodies and institutions that need to allocate uniform clothes for some categories of their employees."
AM-03321,8211001,Services,Hotel Management,"It includes facilities or sectors specialized in the management of the hotel system to identify users, their powers and control over them, as it enables you to make backup copies and enter all hotel information in terms of rooms, services, employees, types of companies and entities that are dealt with. Through the management of the system, you can determine the information of the hotel, which expresses the administrative policy used by the hotel management in terms of automatic migration, the sequence of cash invoices, the term and the system options that are in line with the administrative policy of the hotel, which can vary from hotel management to other hotel management according to the needs of the hotel management"
AM-03323,8211010,Services,Non-specialized Facilities Management,"Management of third party establishments for which licenses have been issued by the competent authorities, provided that the facilities are managed for others according to specific criteria agreed upon by the two parties subject to the contract."
AM-03327,8211002,Services,Theatres and Cinemas Management,Management of theaters and cinemas and related operations. .
AM-03333,8230005,Services,Fashion Shows Organization,Preparing and organizing fashion shows and selecting and training exhibitors to present presentations.
AM-03334,8549031,Services,Institute of Education Languages,"Foreign language training taught as a second language, including the study of cultures related to language, literature and linguistics, not including mother tongue education or foreign culture education."
AM-03335,8230002,Services,Conferences and Symposiums Organization and Management,"Organizing and managing conferences and seminars organized by government agencies or private institutions, including carrying out activities, events and procedures required by holding conferences and seminars, such as receiving participants, organizing their residence, and organizing their residence."
AM-03336,8549013,Services,Administrative Business Training,"Training on planning, directing and operating administrative activities for various institutions that focus on economic, financial and administrative management issues, including training on managing various operations and institutions such as educational institutions, recruitment processes, logistics management."
AM-03337,8291003,Services,Importing Services of Taxes Paid Abroad,"Follow up on the documents, forms and information necessary to complete the procedures for recovering the tax fees imposed on goods and services purchased from outside the country, such as value-added tax or other taxes paid by third parties, individuals, companies or businessmen on the basis of their refundability according to certain conditions ."
AM-03339,8230003,Services,Auctions Organization and Management,Sell used movables by public auction by an expert appraiser and in a hall designated for this purpose or in the place where the movables are located
AM-03341,8219005,Services,Documents Shredding Services,Destroying documents and documents from papers or other means of preserving data and information that other facilities wish to dispose of.
AM-03347,6399003,Services,Non-Commercial Information Services,"Includes firms that provide various types of information and non-commercial data to others and by various types of means, this does not include information related to commercial, industrial and professional activities, as well as investment opportunities and commercial events."
AM-03354,8550002,Services,Administrative Training Services,"Training in all areas of administrative work, where these facilities provide and prepare learning halls and link them to the latest educational means and other services related to these institutes."
AM-03356,8549020,Services,By-contact Training,"Training using live and direct means through the Internet or other modern means of communication, instead of the traditional classroom system."
AM-03358,8610001,Services,General Hospital,"Facilities with an independent building to provide health care, such as providing inpatient services of 24 hours or more for patients undergoing treatment for illness, injury or deformities and the hospital provides basic emergency services and intensive care for patients"
AM-03360,3250006,Industrial,Prosthetics & Orthotics Center,Providing artificial alternatives for lost or injured physical limbs or prosthetic or supportive devices to relieve patients' pain and help them move and walk according to the instructions of the treating doctor.
AM-03361,8620005,Services,Pediatric Clinic,Medical facilities (clinics) that provide simple medical and therapeutic advisory services and do not provide emergency services. Patients are taken care of by one or more medical practitioners working in the field of children and newborn diseases.
AM-03362,8690005,Services,Optics Centre,"Eye examination, prescription eyeglasses and contact lens fitting based on an ophthalmologist's report"
AM-03363,8610004,Commercial,Gynecology and Midwifery Hospital,"Providing medical services represented in receiving cases of women (pregnant), including equipping outpatient clinics to receive, supervise and follow up these cases during pregnancy, as well as the service of conducting childbirth operations."
AM-03364,8690002,Services,X-ray Diagnosis Centre,"Medical and health facility in which a specialist radiologist or nuclear medicine doctor is present and is equipped to examine the patient for the purposes of medical radiological diagnostics of all kinds, including diagnostic rays and nuclear medicine."
AM-03366,8690009,Services,Medical Analysis Lab,"Conducting medical examinations, which include collecting and preserving samples"
AM-03369,8620002,Services,Internal Diseases Clinic,Examine patients and prescribe appropriate treatment in the field of internal medicine.
AM-03370,7020027,Services,Pharmaceutical Consultancies,"Supporting scientific and research issues in the field of pharmaceutical sciences and their modern technologies and adapting them to serve the pharmaceutical industry and pharmaceutical products and raising the level of the pharmacy profession, as well as in the field of developing pharmaceutical education and taking care of the development of raw materials that serve the pharmaceutical industries."
AM-03371,8620004,Services,Cardiopathy Clinic,Examine patients and prescribe appropriate treatment in the field of heart disease
AM-03375,8620006,Services,Ophthalmology Clinic,Examination of patients and prescribing appropriate treatment in the field of ophthalmology.
AM-03381,8620010,Services,Gynecology Clinic,"Examination of patients and prescribing appropriate treatment in the field of Gynecology,"
AM-03383,8620011,Services,Urinology Clinic,Examination of patients and prescribing appropriate treatment in the field urology.
AM-03387,8620013,Services,Dermatology and Venerology Clinic,Examination of patients and prescribing appropriate treatment in the field of dermatologists.
AM-03389,8620014,Services,"Ear, Nose and Throat Clinic (ENT)",Examination of patients and prescribing appropriate treatment in field of otolaryngology.
AM-03390,8121003,Services,"Insects, Rodents and Harmful Animals Control and Exterminating","Domestic insect control services with pesticides and poisons, as well as the extermination of harmful animals such as mice and others and the disinfection of sewage, and does not include facilities that work in the field of pest control and agricultural pests, where they are classified under the section of agriculture."
AM-03391,8620015,Services,Dental Surgery Clinic,Examination patients and prescribed appropriate treatment in the field of dental surgery
AM-03392,3811006,Services,Seas and Coasts Cleaning Works,"Collecting marine waste and polluting materials for beaches, sea water, and natural and artificial lakes and removing such wastes and materials and disposing or treating them."
AM-03395,8620016,Services,Plastic Surgery Clinic,Examination of patients and prescribing appropriate treatment in the field of plastic surgery. .
AM-03396,3812001,Commercial,Used Lubricants Collection Works,"Collecting various types of lubricating oils used in machines and engines, which are disposed of in workshops, repair shops, and oil exchange shops for cars and vehicles due to their unfitness, and this also includes their packaging and reselling for use as raw materials for various industrial purposes."
AM-03397,8620025,Services,General Surgery Clinic,Examination of patients and prescribing appropriate treatment in the field of general surgery. .
AM-03399,8620018,Services,Endocrine Gland Diseases Clinic,Examination of patients and prescribing appropriate treatment in the field of endocrine diseases .
AM-03402,3900001,Services,Pollution Consequences Treatment and Environment Protection,"Treatment and removal of the effects of pollution of all kinds, whether by applying pollution prevention techniques before it occurs, or by removing waste and waste and disposing of them by mechanical or chemical methods, or by absorbing on the carbon surface or other techniques for treating the effects of environmental pollution."
AM-03407,8690001,Services,Natural and Rehabilitation Medicine Centres,"Examination and rehabilitation of patients by stimulating the normal functions of the human body and benefiting from them in treatment, after conducting the necessary medical examinations to ensure the reasons for treatment."
AM-03409,3250005,Services,Dental Laboratory,Dental Laboratory
AM-03415,5911002,Services,Television Programs and Series Production,"Produce television programs and series for use in the media, educational institutions and the distribution of television programs on audio tapes, CDs or others through a television studio that includes facilities that produce radio programs and audio recordings such as news, drama, comedy, sports, musical, documentary films, commercial advertisements and others, for use in the media or for institutions distributing television programs and video recordings or for tape and record shops Visual installations and artistic production processes"
AM-03422,9312011,Services,Men Body Fitness Club,"Training services for men on sports movements to gain fitness and weight loss, or practice certain sports such as tai fu and others, and these clubs also contain saunas, saunas, etc."
AM-03424,9311012,Services,Sports Entertainment Games Square,"Provide various sports facilities for the purpose of entertainment, such as providing arenas, arenas, and playgrounds, and practicing some games such as car races, bicycles, remote-controlled aircraft, and shooting targets with guns, arrows and other games"
AM-03426,9311003,Services,Sports Races and Championships Organization Services,"Organizing types of sports races and tournaments, such as making contacts with international and local sports federations, as well as sports teams or participating competitors, as well as registering contestants, setting competition schedules, and preparing stadiums or fields."
AM-03428,9312012,Services,Women Body Fitness Club,"Training services for women on sports movements to gain fitness and weight loss, or practice certain sports such as tai fu and others, and these clubs also contain saunas, saunas, etc."
AM-03429,8542001,Services,Dance Training,"Teaching professional and specialized curricula in the field of motor performance and teaching dance for a fee, and this activity does not include renting dance halls. ."
AM-03431,9000102,Services,Entertainment Parties and Occasions Contracting,"Equipping venues for parties, weddings, special and entertainment events with appropriate designs and decorations, renting equipment, devices, lighting supplies and sound effects, in addition to contracting with artists' bands, musical bands and service teams from a photographer"
AM-03433,7420005,Services,Parties and Occasions Photographing,"Photograph parties and personal events such as weddings, opening ceremonies, exhibitions etc."
AM-03434,9311008,Services,Billiard & Pool Room,Establishments that own or rent indoor spaces to play billiards and snooker include those facilities that re-rent tables to individuals wishing to play the game.
AM-03435,9000104,Services,Music Band,"Groups or bands regardless of gender considerations (male or female) or tradition, style and size, and includes performing at private and public events for a fee or at no cost to the contractor, and this classification also includes the promotion and marketing of their services, offers and events."
AM-03436,9321002,Services,Electronic Games Hall,"Providing various means of electronic games, whether toy boxes that work with metal pieces or other electronic devices for certain fees or fees."
AM-03437,9000106,Services,Laser Shows Presentation,"Presenting at trade shows, television commercials, conferences, seminars, sports tournaments, parties or other events using lasers, including image production. ."
AM-03439,9000103,Services,Artistic Bands Contracting,"Mediation and contacts with artists and artistic groups, including musical, theatrical, lyrical, and spectacular, and an agreement with them to organize public artistic concerts in return for a commission.."
AM-03442,9321008,Services,Recreational Horses and Camels Leasing,Renting horses and camels for a walk in the designated places and with specific specifications commensurate with the use of these animals. .
AM-03443,7020015,Services,Fine Arts Consultancy,"Counsulting services on investment, acquisition, storage and restoration of original artworks, in addition to services related to the coordination, management and evaluation of fine art exhibitions, festivals and events, and includes promotional activities for these works such as advertising, public relations and events, to be carried out by licensed advertising companies."
AM-03447,9000904,Services,Art Gallery,"Display works of art such as paintings, drawings, sculptures, photographs, handicrafts and rare works, or choose these works of art to organize art exhibitions for artists every now and then. This includes the sale and auction of works of art as well as hosting public and private events such as performing arts, films, festivals and other special events, and includes promotional activities for these works such as advertising, public relations and events. ."
AM-03450,9601001,Services,Clothes Ironing,"Ironing clothes by simple manual methods,. This activity also includes a delivery and receiving counter for all types of ironing clothes. ."
AM-03452,9601002,Services,Clothes Washing,"Laundry underwear, outerwear, dishdasha and all kinds of clothes. . ."
AM-03454,9601005,Services,"Clothes, Curtains, Sheets, Blankets and Carpets Dry Cleaning (Steam)","Automatic washing, cleaning and ironing services using steam machines and equipment, as well as dry cleaning services, including washing and cleaning household linens such as curtains, blankets, linens, carpets, etc. ."
AM-03455,4761003,Commercial,Retai sale of Stationery,"Selling stationery used such as writing tools (pens and notebooks) and all kinds of binding papers, colors of all kinds and basic supplies used in writing"
AM-03456,9601006,Services,Carpets and Textiles Sewing Up,"Repair of textiles such as carpets, fabrics, curtains, clothes, etc. The activity also includes sewing textiles, fabrics including pillows and pillows, and sewing household linen."
AM-03457,9312001,Services,Sports Entertainment Club,"Clubs that have facilities that include sporting and recreational activities such as rowing, sailing, speedboat driving, ground tennis, fast car driving, polo, and swimming, in addition to that, to a limited extent, provide these facilities to members"
AM-03458,2930109,Industrial,manufacture of car seats,"Manufacture and providing vehicles seats with padding, springs, webbing, and fabric and leather covers."
AM-03459,9312010,Services,"Equestrian, Camels, Hunting and Stables Clubs","Sports clubs that contain facilities for practicing equestrian sports, whether competing in local, regional or international competitions, whether at the level of hobby or professionalism. ."
AM-03461,9312003,Services,Bowling Club,"Sports clubs that contain facilities for bowling, whether competing in local, regional or international competitions, whether at the level of hobby or professionalism. ."
AM-03462,9602101,Services,"Men Hairdressing, Trimming and Styling","Cutting and styling hair and shaving for men The activity includes the process of trimming and shaving the hair or beard, as well as washing hair with different types of shampoo with hot air drying and the activity also includes straightening hair from wrinkles with different types of creams with the preparation of dyes and henna to change hair color. ."
AM-03464,9609001,Services,Women Personal Care and Beauty,"It includes the shops or centers that provide beauty services, body care, hair or skin care for women, and this includes making make-up, skin cleaning and body hair removal by regular methods (such as preparing materials used for removal or using modern methods called AWACS) as well as"
AM-03471,9312008,Services,Body Building Club,"Sports clubs that contain facilities for practicing bodybuilding, whether competing in local, regional or international competitions, whether at the level of hobby or professionalism."
AM-03472,9609005,Services,Men Personal Care and Beauty,"Provide beauty services and care for the body, hair or skin for men, including cleaning the skin or activating the muscles using degrading preparations or using certain preparations or using scientific devices or exercises in addition to the use of lotions to strengthen the hair of the head, and this activity also includes shops that trim nails, clean the ends and maintain them from dryness, cracking and other cosmetic services."
AM-03473,9602903,Services,Wig Fixing Centre,"Preparing wigs for men and women, whether in the form of ready-made wigs or complementary strands of hair from imported natural and synthetic hair, and it includes carrying out all necessary operations such as weaving, assembling, shaping, washing, etc. This activity includes re-assembly ..."
AM-03474,8549021,Services,Men Beauty Saloon Works Training,Professional institutes specialized in the field of grooming and hairdressing for men and teaching practical skills with different goals of the programs. The goal of these centers may be in different locations the ability to teach associate individuals the principles of beauty and decorating for men
AM-03481,149008,Services,animals Pets Raising,"Raising pets that are frequently used in homes and palaces for the purpose of production and propagation for commercial purposes such as cats, dogs, etc"
AM-03486,9609007,Services,Men Oriental Bath,"Specialized bathrooms for men in the oriental and Arabic way, the purpose of which is to clean the body in the ways followed in each bathroom with the use of preparations unique to the method used and adhered to the type of bathroom, such as the Moroccan and Turkish baths..."
AM-03492,4630132,Commercial,Wholesale of Dried Vegetables and Fruits Trading - Import & Export,Trading of dried vegetables and fruits that have been processed and manufactured to be preserved for long periods to become usable.
AM-03493,4789001,Commercial,Publications and Stationery Selling Kiosk,"Selling stationery, such as writing paper, notebooks, record books, writing and drawing instruments, rulers, sharpeners, paper perforators, paper clipping requisites, stamps, typewriters ribbons in kiosk ."
AM-03496,4630208,Commercial,Foodstuff & Non Alcoholic Beverage Trading - Import & Export,Food & Non-Alcoholic Beverages Trading
AM-03501,8549042,Services,Training on the development of personal competencies,"Includes training on programs that affect the development of the mental and social capabilities of individuals through learning the skills that support those abilities such as argumentation skills, communication skills, teamwork, behavior development, creative thinking, job search, public speaking, self-esteem, social competence, management Time, the art of leadership and more."
AM-03505,2829011,Industrial,Specialized Industrial Machinery & Equipment Manufacturing,Specialized Industrial Machinery & Equipment Manufacturing
AM-03509,2750008,Industrial,Manufacturing & Assembling Of Electrical Appliances,Manufacturing & Assembling Of Electrical Appliances
AM-03517,8291003,Commercial,Tax Reclaim Services,"It includes offices specialized in making contacts with tax authorities and following up on documents, forms and information necessary to complete the procedures for recovering tax fees imposed on goods and services such as value-added tax or other taxes that third parties, individuals, companies or businessmen pay on the basis of their refundability according to certain conditions."
AM-03521,1410118,Industrial,Industry headdress,Manufacture and wrap headband used in headgear such as ghutra and other related products
AM-03524,2592002,Industrial,Manufacturing Window Cleaning Equipment & Allied Fabrication,Manufacturing Window Cleaning Equipment & Allied Fabrication
AM-03533,4773201,Commercial,Jewellery and Precious Metal Trading,Jewellery and Precious Metal Trading
AM-03539,5229013,Commercial,Freight Broker,"Shipping broker of various types, sea, air and land"
AM-03549,2740001,Industrial,Electrical Lamps Manufacturing,"Manufacture of discharge, incandescent, fluorescent, ultra-violet, infra-red lamps"
AM-03561,7010003,Services,Representative Office,"One of the international companies or institutions to represent it in particular within the country in order to promote its products or services or to activate its business or to facilitate the processes of concluding commercial contracts between the company represented by the office and its clients, and this office is not allowed to engage in any business or conclude deals. business himself."
AM-03562,4662005,Commercial,Ferrous And Non Ferrous Metal Trading Import & Export,"Trade in precious metals such as gold, silver, platinum and others or their raw materials in their original state in nature before extraction from them or in the form of ingots, blocks, threads or chips before they are formed, manufactured or formulated. ."
AM-03566,4630111,Commercial,Fresh & Chilled & Frozen Meat Trading - Import & Export,"Trade in fresh meat such as beef, sheep and other livestock"
AM-03568,5229013,Services,Logistics,"Providing logistics services related to the management, planning and handling of goods from production sources to markets, including shipping, clearance, storage, parcel organization, air/sea/land distribution and other value-added services."
AM-03570,8549037,Services,First Aids Training,"Providing training programs in the field of first aid and applying them scientifically aimed at saving the life of the injured or mitigating the effects of the injury to a minimum and facilitating the therapeutic work to be conducted by the doctor, and it is required that these facilities have qualified trainers ."
AM-03572,8549024,Services,Banking & Finance Training,"Providing training on planning, directing, organizing and controlling financial resources and activities of the financial of institutions and individuals, including Banking services, finance theory, investment analysis, investments and securities, stock-brokering."
AM-03574,8542003,Services,Acting and Related Arts Training,"Provide training services for all ages in the fields of music, theater and dance arts, regardless of gender (male or female), traditions and style, in addition to all elements of theater production management for a fee or no cost to the customer. Licensed commercial performing arts training centers are allowed To seek sponsorship funding and to obtain financial resources from multiple commercial sources such as entrance fees, membership fees, retail stores, renting parts of facilities, as well as informal education programs, publications, etc., these centers can obtain a separate license to sell food and drinks, and these can be managed. Facilities directly or with the help of external consultants. This classification also includes promotional and marketing activities for its services and activities such as advertisements, public relations, publications and other media"
AM-03578,7729007,Services,Shopping carts Rental & Retrieval services - Import & Export,"Providing special manually or automatically controlled trolleys for children under the age of six, in shopping malls or parks and public facilities, so that they are rented to shoppers and visitors who accompany their children while visiting these places. ."
AM-03580,4773953,Commercial,(G.P.S) Retai sale of Global Positioning System,"Selling specialized devices linked to satellites that enable their users on land or sea to determine their exact locations, as well as use them as navigation systems in various means of transportation. ."
AM-03586,8292002,Services,Gift-wrapping,"Gift wrapping services for others, providing them with ribbons, flowers, or artificial buttons, designing and printing gift cards, as well as providing gifts to homes or workplaces."
AM-03597,3011903,Industrial,Ambulant Manufacturing,Ambulant Manufacturing
AM-03598,3314001,Services,Repair and maintenance of generators,"Repair and maintenance of electronic generators using a variety of techniques, including the activity of winding motors for those generators and electric motors"
AM-03605,4761001,Commercial,Sales and Import books and stationery Import & Export,"Selling all kinds of books, newspapers and magazines"
AM-03613,4773204,Commercial,Retail sale of Watches & Clocks & Spare Parts,Selling watches and accessories such as leather or metal bracelets for watches or electronic batteries. .
AM-03618,7110929,Services,Mechanical Power Engineering Consultancy,"Engineering consultancy and studies for power plants, air conditioning companies and automotive engineering in the fields of thermodynamics, heat transfer of thermal machines, power plants, combustion technology, fuel, propulsion systems and others."
AM-03619,4659913,Commercial,Beauty & Personal Care Requisites Trading - Import & Export,"Includes commercial establishments that deal in wholesaling in equipment and supplies that are used in beauty salons, barbershops and personal care centers, as well as health behavior care devices such as fresh air or perfumed equipment, relaxation and massage equipment such as chairs"
AM-03623,2211001,Industrial,Rubber Tyres Manufacturing,Rubber Tyres Manufacturing
AM-03626,4649007,Commercial,Wholesale of Sunglasses Trading - Import & Export,"Trading of sunglasses and accessories, and this activity does not include trade in eyeglasses and lenses"
AM-03627,7721001,E-Commerce,E-Commerce,Trade in consumer goods through the Internet
AM-03651,1410103,Industrial,Uniforms Manufacturing,"Manufacturing uniforms and uniforms worn by male and female workers in one facility, such as school uniforms, as well as workers' uniforms"
AM-03671,9524005,Industrial,Spraying and painting and polishing furniture,"This activity involves the surface treatment and finishing of wooden or metal furniture to enhance appearance, protect against damage, and extend product life. It includes"
AM-03674,4530001,Commercial,Cars New Spare Parts Trading - Import & Export,"Trading of new car parts, which are replaced in entire vehicles or parts of them in the repair and maintenance of cars, vehicles, etc., in addition to the resale of related supplies such as types of detergents, dyes, etc."
AM-03675,4530010,Commercial,Cars Accessories Trading - Import & Export,"It includes trading of car accessories and decorations, which are materials that are affixed to cars in order to improve their external or internal appearance and so that they do not affect their operating power or modify their external shape. This also includes small flags that are affixed to cars as well as small metal pieces that symbolize certain shapes Such as the well-known brands of cars, and it also includes the sale and installation of materials reflecting thermal radiation (anti-heat), such as insulating or reflective paper that is installed on car windshields. This branch does not include the sale of car recorders and televisions."
AM-03677,4771904,Commercial,Baby Food Trading - Import & Export,"Includes commercial establishments engaged in the wholesale trade of baby food such as liquid or powdered milk, as well as other beverages, juices, and food products, whether dried or liquid."
AM-03679,4630134,Commercial,Wholesale of Frozen Foodstuff Trading - Import & Export,Frozen foodstuffs trading
AM-03680,4620101,Commercial,"Wholesale of Crops, Cereals and Greens Trading - Import & Export","Trade in grains, wheat, barley, corn and other fruits, citrus fruits and the like, as well as pulses such as beans, chickpeas, beans and others ."
AM-03682,4630204,Commercial,Wholesale of Mineral Water Trading - Import & Export,Mineral Water Trading
AM-03686,4641901,Commercial,Wholesale of Men Shoes Trading - Import & Export,Commercial establishments specialized in wholesale trading include all types of men's shoes of all sizes and colors outside the stores dedicated to this type. .
AM-03689,4641906,Commercial,Wholesale of Professional Shoes Trading - Import & Export,"Trading of professional shoes for various uses such as fireproof shoes, shoes worn at work sites for engineers and workers, protective medical shoes, athletes, body coolers that can be worn"
AM-03692,4641901,Commercial,Wholesale of Men Shoes Trading,It includes commercial establishments specialized in wholesale trade in all types of men's shoes of all sizes and colors outside the stores dedicated to this type ...
AM-03698,4649003,Commercial,Wholesale of Chandeliers and Lighting Items Trading - Import & Export,"Includes commercial establishments that carry out wholesale trade in chandeliers, chandeliers, pendants such as crystal chandeliers and so on."
AM-03699,4663011,Commercial,Wholesale of Water Heater Trading - Import & Export,"It includes commercial establishments that engage in wholesale trade in local markets, through import or from the product produced from the local market, in water heating devices used in bathrooms and kitchens, including those that operate on electrical or solar energy."
AM-03700,4649061,Commercial,Wholesale of House Furniture and Cabinet Work Trading - Import & Export,"Trading of home furniture of all kinds such as beds, bedroom sets, cabinets, seating sets, chairs, tables and accessories such as mirrors, clothes hangers, etc., as well as furniture used in hotels and restaurants and the like, which is made entirely or parts of it from wood, plastic, glass, metal, fiberglass or otherwise."
AM-03706,4663024,Commercial,Wholesale of Décor and Partition Material Trading - Import & Export,"Trading of materials and products used in the beautification of the internal and external courtyards of homes and offices such as gypsum carvings, wooden and concrete barriers, as well as artificial landscape installations comparable to landscapes such as fountains, waterfalls, waterways, etc., as well as prefabricated walls used in dividing spaces inside offices, which are made of wood, cardboard, aluminum, sheet or otherwise."
AM-03707,4663025,Commercial,Wholesale of Wallpaper Trading - Import & Export,Wholesale of Wallpaper Trading
AM-03708,4663026,Commercial,Trading all kinds of ready-made curtains - Wholesale - Import & Export,"It includes commercial establishments specialized in wholesale trade in the local markets for all types of ready-made curtains, and this activity includes the trade of metal, plastic and wooden curtains, and this activity does not include the trade of upholstery fabrics"
AM-03710,4663007,Commercial,Wholesale of Marble Trading - Import & Export,"Trading of marble types such as granite and others, and this activity includes establishments that sell these materials in their raw raw form in the form of blocks or slabs before conducting any industrial or manufacturing operations on them."
AM-03711,4669225,Commercial,Wholesale of Natural Fertilizers and Agricultural Reclamation Material Trading - Import & Export,"Trading of bulk include the sale of animal waste, such as animal dung, birds, plant residues or a mixture of animal waste, which is suitable for use to improve soil properties, provided they are in their original state or after some changes or transformations have been made to make them marketable, used or to increase their effectiveness in enriching agricultural soils, as well as reselling agricultural interests, namely materials and microorganisms added to the soil to improve their properties and increase crop production."
AM-03718,4659309,Commercial,Wholesale of Spare Parts and Sections Trading of Airplanes - Import & Export,"Trading of aircraft spare parts and other components and supplies used in aircraft repair, maintenance, refurbishment, operational efficiency, security and safety equipment, or other components and supplies."
AM-03723,6499009,Services,"Health Services Enterprises Investment, Institution and Management","**Conditions : 1- Business plan 2- Location type : Executive Office It includes institutions and companies that are established for the purpose of investing their funds or providing the financial investments necessary for the establishment of health projects that engage in various industrial activities such as health insurance companies, building hospitals and health facilities, and the like fields of investment in or contribution to health projects and services. This also includes the management of these affiliated institutions and the organization of their affairs."
AM-03725,7110505,Services,Traffic and Means of Transportation Planning Engineering Consultancy,"It includes specialized engineering consultancy offices that prepare designs, drawings and specifications for engineering consultancy and supervise the implementation of projects in the field of traffic planning and means of transportation, which includes everything related to traffic management in business sites. Engineering consultations may not be practiced except after being registered in the register of engineering consulting offices (the Authority Or the local authority of the emirate subj"
AM-03745,9601003,Services,Laundry Services,"They are shops specialized in cleaning and washing curtains, bedspreads, blankets and any other types of blankets used in home furnishings."
AM-03751,8549022,Services,Women Beauty Salon Works Training,Training on women's beauty and cosmetics and teaching practical skills according to the different objectives of the programs
AM-03766,4721035,Commercial,Activity Flavours & fragrances trading - Import & Export,"Trade in flavors and fruit extracts used in the manufacture of foodstuffs, as well as perfumes used in the manufacture of aromatics and cleaning products."
AM-03773,2393008,Industrial,Manufacturing Marble & Granite,Manufacturing Marble & Granite
AM-03774,4663027,Commercial,Building & Construction Materials Trading,Building & Construction Materials Trading
AM-03779,4641904,Commercial,Wholesale of Sports Shoes Trading,"Trading in Sports shoes, including all types of different racing shoes, as well as specialized shoes for all types of sports games, and this activity does not include the sale of sportswear."
AM-03780,4652009,Commercial,Mobile Phones Trading - Import & Export,"Trading in Mobile phone and receives phone calls within a wide geographical area based on wireless communication, in addition to telephone communications, it allows benefiting from a wide variety of services and applications such as text messages, e-mail, Internet access, games and photography, as well as various types of spare parts and supplies such as memory cards, car chargers, batteries, leather covers, screen protectors, Bluetooth headphones, cables, silicone covers, holders and others."
AM-03781,4651002,Commercial,Wholesale of Computer Systems And Software Trading,"Trading of computer systems and programs (software for computer operation or Bram C for the operation of computer networks,"
AM-03782,4662002,Commercial,Steel & Basic Steel Products Trading – Import & Export,"Trading of semi-iron products made, processed or unprocessed from blocks, sections, plates, bars, sheets or alloys made of iron for various uses."
AM-03783,4669225,Commercial,Organic Fertilizer & Plant Feed Trading - Import & Export,"Commercial enterprises that trade in bulk include the sale of animal waste, such as animal dung, birds, plant residues or a mixture of animal waste, which is suitable for use to improve soil properties, provided they are in their original state or after some changes or transformations have been made to make them marketable, used or to increase their effectiveness in enriching agricultural soils, as well as reselling agricultural interests, namely materials and microorganisms added to the soil to improve their properties and increase crop production."
AM-03785,4329901,Services,General cleaning of buildings,"Companies which provide interior, exterior and outer areas cleaning to residential buildings and governmental and professional premises , it excludes providing domestic workers who perform as cooks, gardeners, housekeepers, laundress, caring for children and elderly, it also excludes providing these workers to conduct cleaning residential buildings on temporary basis."
AM-03787,4220904,Services,Electrical and structural contracting,Electrical and structural contracting
AM-03788,4321009,Services,Installation and maintenance services,Installation and maintenance services
AM-03789,910018,Services,"Oil and gas fields, land and sea services and Utilities","Providing services, construction, supply or catering to petroleum companies"
AM-03790,4773509,Commercial,led lighting trading,Led lighting trading
AM-03793,8211013,Services,Facility Management,"Manage and operate public utilities (this includes public toilets, whether they are in the streets and parks or inside facilities such as shopping centers, service stations and train stations), and it includes carrying out cleaning work and providing the necessary health requirements for a fee paid by its users."
AM-03794,56211003,Services,Hospitality Management Service,"Management firms specialized in taking care of or serving the guests in the personal and corporate events such as weddings, birthdays, exhibitions, meetings, as well as receiving visitors at airports."
AM-03797,4774002,Commercial,Jewellery Trading Import & Export,Jewellery Trading
AM-03798,4649026,Commercial,Wholesale of Perfume Trading,Local and foreign perfume trade This activity includes mixing perfumes in a manual way in order to reach specialized types of local perfumes. .
AM-03851,4741012,Commercial,SIM Trading,"Sale of electronic service cards with specialized tasks such as plastic membership cards, magnetic cards with magnetic stripe used in opening doors or in ATMs, credit cards and the like, and also includes smart cards and regular phone cards"
AM-03853,5610004,Services,Shisha café,Shisha café
AM-03854,7721001,Services,Beach Camping,"Renting sports and recreational equipment and tools for specialized establishments or clubs, as well as for individuals to practice water sports of all kinds, such as snorkeling, skiing, sailing and others."
AM-03855,4711003,Services,Grocery,"Sale of some products and consumer goods such as fresh, preserved and canned foodstuffs, household utensils and cleaning supplies."
AM-03857,9609009,Services,Men Relaxation and Message Center,"Provide various physical care and massage services for men's such as body massage, foot massage, care and other massage-related services for the purposes of physical relaxation without providing medical treatment."
AM-03858,9609013,Services,Women Massage and Relaxation Centre,"Provide various physical care and massage services for Womens such as body massage, foot massage, care and other massage-related services for the purposes of physical relaxation without providing medical treatment."
AM-03867,2511004,Industrial,Manufacture of structural metal products,"Manufacturing all types of metal works for buildings and shops such as the manufacture of showcases, barriers and metal fences for stairs, gardens and balconies, as well as the manufacture of decorations and supplies of metal interior design, gates, overhead water tanks, window protection nets, drainage covers, wire and cable complexes, stairs edges and other similar works, whether made of Iron, aluminum, copper or other metals made by casting method or cutting boards and sections and securing them again as required"
AM-03868,5520003,Services,"Services, fishing, and hunting camps","Providing services of hunting and hunting camps such as the provision of necessary tools and equipment of tools and supplies used in hunting and hunting for the hunting of land, including rifles, ammunition, nets, traps, bows, arrows and others."
AM-03870,4751004,Commercial,"Blankets, Towels & Linens Trading - Import & Export","Blankets, Towels & Linens Trading"
AM-03871,7490002,Services,Vessel Classification Services,Inspection of maritime transport means to estimate their purchasing value or to determine their useful life or the type of cargo that this means is suitable for use in transporting and the amount of that cargo or to estimate the type of maintenance that needs it and the amount of its cost
AM-03872,7490002,Services,Marine Means of Transportation Inspection,Inspection of maritime transport means to estimate their purchasing value or to determine their useful life or the type of cargo that this means is suitable for use in transporting and the amount of that cargo or to estimate the type of maintenance that needs it and the amount of its cost
AM-03873,4540102,Commercial,Motorcycles Spare Parts and Outfit Trading - Import & Export,"Trading of motorcycle spare parts and other accessories such as tires, etc."
AM-03874,4649058,Commercial,Wholesale of Bicycles and Spare Parts and Outfits Trading - Import & Export,"Trading of two or three wheeled bicycles used for recreation, transportation, racing and as children's toys, such firms are allowed to carry out the repair and maintenance services"
AM-03875,4610004,Commercial,Auction Hall-Import & Export,Adopted and dedicated lounges that offer different goods and products to hold large auctions for wholesale.
AM-03876,4661002,Commercial,Wholesale of Grease and Lubricants Trading,"Wholesale of solid, liquid and gaseous fuels and related products"
AM-03879,4661010,Services,Wholesale of Pledges refueling and fuel,"Supply the sea and air transport companies, industrial facilities, power plants or other establishments with their needs in terms of fuel, oils, fuels and other similar materials that are used by these companies and establishments in operating ..."
AM-03882,5222005,Services,Ship Chandlers,"Includes catering operations for ships, ships and other modes of maritime transport and equipping them with sunscreen systems for ports, boat deck covers, deck covers, foil rolling hoses, rescue devices for marine rescue operations, technical equipment for ships, oil extraction fabrics, etc"
AM-03885,2432001,Industrial,Casting of Gold and Precious Non-Ferrous Metals,"Smelting, purifying shaping gold and precious in ingots with standardized weights and sizes. It also includes gold and precious metals rolling and extrusion to make respective wires, papers and chips."
AM-03886,7721006,Services,Water Bikes Leasing,Rent water bikes for recreation or maritime sports for clubs or individuals to engage in types of recreational and sports activities.
AM-03891,2023008,Industrial,Perfumes Manufacturing,"Manufacture of perfumes of various types of heavy and diluted (toilet water) of aromatic chemicals or natural compounds (excluding eastern fragrances), as well as the manufacture of shaving fragrances and body perfumes including deodorants and perfumes clothing and bedspreads and floors and whether these aromatic substances fluid or rigid or in the form of Creams or offspring (powder) or otherwise."
AM-03892,3700001,Industrial,Assembling of water treatment systems and blending of related chemicals,Mixing chemicals to form substances used in the treatment of contaminated water
AM-03893,1709019,Industrial,Packing & Packaging Materials Manufacturing,"Manufacturing and packaging materials used in the packaging of industrial and domestic products such as ordinary and waxed paper packages and envelopes, nylon foils and printed plastic foil, and also includes metal packaging materials such as aluminum foil or composite materials of one or more of the mentioned materials, as well as bags and other materials made of resin, starch and natural tissues that have the degradability of their basic vital elements within several weeks. ."
AM-03900,4773509,Commercial,Lighting Equipment & Requisites Trading-Import & Export,"Trading of lighting devices in public gardens, parks, squares, airports, sports stadium and others."
AM-03902,3313007,Services,"Measuring, Control Systems Installation & Repairing","Installation of all equipment and devices that are used in measurement, whether they are to measure areas or quantities, such as accurate scales, or to measure distances or temperatures, humidity and altitude, or to monitor dimensions and environmental and geographical variables, and also includes the resale of used equipment and devices"
AM-03904,5224003,Services,Air Cargo Services,"Shipment of exported or imported goods on air transport and its mission is to receive the goods of third parties for shipment and to perform the related services for storage in the warehouses, packaging or unloading, sorting and the like in preparation for shipment, as well as the services they provide to provide the necessary space Reserving such areas with the carrier or its agent as well as carrying out insurance on the goods shipped"
AM-03905,8220001,Services,call center,"Organize the reception of telephone, telex, postal and other work-related communications of other individuals and institutions and respond to them on their behalf or register them in accordance with the instructions given to the facility."
AM-03907,4649026,Commercial,Perfumes & Cosmetics Trading- Import & Export,Trading of local and foreign perfumes. This activity includes mixing perfumes by the manual method in order to reach specialized types. And cosmetics from local perfumes.
AM-03912,6499004,Commercial,Investment and development of real estate projects and their establishment and management,"Includes institutions and companies that are established for the purpose of investing their money or providing financial investments necessary to establish giant real estate projects that engage in various real estate activities such as real estate development, construction of large residential complexes and other areas of investment in projects. Real estate or contribution to it, including the management and organization of these subsidiary institutions."
AM-03914,7220007,Services,Consulting and research and development in the field of technology education,"Preparing studies, experimental research and development in the field of modern educational technology"
AM-03915,4649014,Commercial,Kitchen Cabinets & Fixtures Products Trading,"Trading of home kitchens and their accompanying installations, whether these kitchens are made of wood, aluminum or other materials, and this activity includes the detailing and installation of these kitchens according to the area and shape of the place and the customer's desire."
AM-03916,8299009,Services,Agents Care Centre,"Providing services to customers of establishments in the areas of arranging reservations, providing information, receiving complaints. etc"
AM-03917,4669216,Commercial,Ink and Printing Material Trading - Import & Export,Ink and Printing Material
AM-03918,4220201,Commercial,Water Desalination and Treatment Stations Contracting,"Constructing water projects of all kinds, and includes the stages of desalination, treatment and sterilization in water distribution stations and related work."
AM-03919,8620021,Services,Medical Complex,"Medical facilities that serve Health care is provided Designed as a multidisciplinary clinic, with additional support services such as laboratory and radiology services The center does not provide emergency services"
AM-03920,4669102,Commercial,Wholesale of Waste and Scrap Metal Import & Export,"Trading of metal wastes for use in recycling, and this includes collecting them from various sources, sorting them and separating the parts that may be valid from them such as spare parts from car debris, and does not include any transformative operations, the facilities that engage in this activity are not allowed to deal in waste Military such as weapons, explosives, and others."
AM-03921,7020019,Services,Spa & Fitness Clubs Consultant,"Preparation of technical consultations and studies related to investment in the field of health centers and clubs, and includes site and design study, economic and technical feasibility, analysis of operational..."
AM-03922,1079005,Industrial,"Coffee Grinding, Roasting and Packaging",Roasting and grinding coffee and packing it in sealed containers or bags for the purpose of commercial marketing.
AM-03923,4630134,Commercial,Wholesale of Frozen Foodstuff Trading,"Frozen food stuff trading such as meat ,vegetable and fruit"
AM-03925,4649061,Commercial,Home Furniture Trading - Wholesale,"Trading of household furniture such as beds, bed sets, cabinets, seating sets, chairs, tables and accessories such as mirrors, clothes ties, etc., as well as furniture used in hotels and restaurants and the like, which are made entirely or parts of it from wood, plastic, glass, metal, fiberglass, or Other than that."
AM-03926,4630101,Commercial,Wholesale of Canned and Preserved Foodstuff Trading,"Trading of canned and preserved food in bulk and suitable for consumption of fruits, vegetables, meat and other plant and animal food products and preserved in sealed metal cans or frozen or kept in packages"
AM-03928,4630103,Commercial,Wholesale of Healthy Foodstuff Trading,Trading in all types of healthy foods
AM-03929,4630104,Commercial,Wholesale of organic food Trading,Trading of organic foodstuffs from fresh or preserved fruits and vegetables without introducing any chemicals to fresh products of food and beverages
AM-03930,4630102,Commercial,Wholesale of Fresh Foodstuff Trading,Trading of fresh food
AM-03931,4659908,Commercial,Wholesale of Office Furniture Trading,"Trading of furniture used in offices. This includes seats, tables, cabinets, offices, and all office furniture accessories"
AM-03932,7911004,Services,Travel and Tourism Agent,"Selling travel cards abroad, providing related services such as residence transactions, visa extraction, organizing trips and providing transportation, and selling tourism programs organized by foreign tour operators."
AM-03933,7911007,Commercial,Travel Tickets Selling,It includes commercial establishments that open offices that sell travel cards to individuals on behalf of the authorized agent of international airlines to travel on those lines
AM-03934,4641911,Commercial,Wholesale of Leather Bags and Other Leather Products Trading - Import & Export,"Commercial establishments specializing in the sale of all types of handbags include whether they are made of leather or from textile materials, fabrics, plastics or others. It also includes the resale of leather products such as wallets, belts, leather c..."
AM-03935,4791006,E-Commerce,Equipment E-Trading,"Trading of equipment and devices for ordinary consumers or other companies using many applications that depend on the Internet and without the need for the intervention of the human element in the process, including coordination with banks and financial institutions to apply electronic payment mechanisms to dispense with paper currencies in payment operations, which may be through credit cards, smart cards, digital money or electronic cash. ."
AM-03937,4641101,Commercial,Wholesale of Textiles and Clothes Trading,Trading of textiles and fabrics used for sewing and fashion wear or making readymade garments.
AM-03938,4773201,Commercial,Retail sale of Jewellery and Gold Formations,"Trade in brooches, necklaces, bracelets and rings made of gold, platinum, palladium, titanium, silver and precious stones."
AM-03939,7721001,Services,Entertainment Tools and Sports Equipment Renting,"Trade of tickets for sports and entertainment events for specialized establishments or clubs, as well as for individuals to practice water sports of all kinds, such as snorkeling, skiing, sailing and others"
AM-03941,1073903,Industrial,Manufacture of Arabic Sweets,Manufacturing Arabic sweets
AM-03942,4690018,General Trading,General Trading Import & Export,"includes commercial establishments that import all types of goods, products and goods (except for those that need to obtain special licenses for this) for example: jewelry & Gold - Education - Health and Beauty - Petrochemical and Chemical Products– Media – Tobacco - Food & Beverages - fertilizers and Pesticides - Bank & Insurance (Money Exchange and Money Transfer) - Advance Technology - Security Equipment and Protection Systems Trading , and all services , industrial and E-Commerce activities"
AM-03949,3320003,Services,Telecommunication Systems Equipment Installation and Maintenance,"Installing equipment used in telecommunications, such as exchanges, main switches, telecommunications transfer and regulation equipment, as well as equipment for earth stations for satellite communications, among others."
AM-03950,3320006,Services,Installation and maintenance of equipment and instrumentation and control,"Install and maintain central control and measurement systems such as those used to measure quantities, distances, temperatures, humidity, speed, etc., or that are used to monitor environmental and geographical dimensions and variables, or used to control quantities or speeds, or to regulate movement at the level of production, etc. That includes counters such as water meters, electricity, surveying and meteorological equipment, and that includes classification of technical specifications for devices and equipment and selection of appropriate devices. This activity also includes the installation and testing of these devices and equipment in addition to maintenance Here, reform and development."
AM-03951,4652002,Commercial,Wireless Communication Devices And Equipment Trading,Trade of wireless telecommunication devices
AM-03952,4773912,Commercial,Retail sale of Alarm and Surveillance Apparatuses and Equipments,Selling of Alarm and Surveillance Apparatuses and Equipments.
AM-03953,4652004,Commercial,Wholesale of Electronic Devices Trading For Specializations,"Trade of sensors, imaging devices, electromagnetic devices and groundwater drilling devices that are used in the fields of mineral exploration or devices and that does not include specialized devices that have been classified in their own activity in this Guide."
AM-03954,4773905,Commercial,Retail sale of Public Call Equipment,Selling of specialized retail stores for receivers that are used in the public call system to receive messages and calls addressed to them without the wire
AM-03955,4742004,Commercial,Retail sale of Electronic Devices Trading For Specializations,"Selling of sensors, imaging devices, electromagnetic devices and groundwater drilling equipment that will be used in the fields of mineral exploration or devices"
AM-03956,4741010,Commercial,Retai sale of Wireless Communication Devices,"Selling of specialized retail stores of wireless communication and communication devices, including mobile units from them, as well as fixed equipment as equipment and devices for sending phone messages and organizing communication between mobile units through them. This activity also includes the resale of earth station equipment to receive information or communications or other It is a type of transmission and communication directed by satellites."
AM-03957,4741009,Commercial,Retai sale of Land Phones And Wired Communication Devices,"Selling of specialized retail stores for fixed telephone equipment as well as intercom devices and other wired communication devices such as fax, telex, internal switches, etc."
AM-03958,4652017,Commercial,Wholesale of GBC Systems Trading,"Trading of specialized and satellite-linked devices that enable their users on land or sea to determine their exact locations, as well as use them as navigational systems in various modes of transportation."
AM-03959,4652015,Commercial,Wholesale of Radar Devices Trading,"Trading of Equipment Radar devices and spare parts for the operation of such specialized electronic equipment, including motion detectorsOptical positioning ."
AM-03960,2610009,Industrial,Electronic Precision Devices Manufacturing,Electronic Precision Devices Manufacturing
AM-03961,2630099,Industrial,"Other Activities Related to Manufacture of Manufacture of Radio, Television Transmitters and Telecommunication Equipment",Manufacture of communication equipment
AM-03962,2630005,Industrial,Remote Control Systems Manufacturing,"Manufacturing guiding devices for navigating flying or moving objects and such as planes, boats, vehicles and others by transmitted signals remotely controlled systems."
AM-03963,4773924,Commercial,Retai sale of E-cards and Slices and Outfits,Selling of E-cards and Slices and Outfits in specialized stores
AM-03965,4773966,Commercial,Retail sales of microelectronic devices,"Selling of electronic devices specialized in monitoring and detecting of phenomena that cannot be recognized through ordinary senses, such as devices used to detect sound waves and vibrations and to see micro-objects,"
AM-03966,6110001,Services,Telecommunications services,"Services that transmit voice, image, data and other information by wired means, including telephone, telegram, telex, fax and Internet communications in the form of wireless networks and others."
AM-03967,6120003,Services,Cable and Wireless Networks Installation and Maintenance,Wireless telecommunications activities
AM-03968,7730015,Services,Renting Of Measuring and controlling equipment,"Lease all measuring and control equipment and devices, such as devices measuring area, distance, temperature, humidity, meteorology, earthquakes, quantities, scales, or devices used in quantities of flowing materials such as water, fluids, electric energy, gases, etc. for individuals or institutions for a temporary period for individuals or institutions"
AM-03969,6120004,Services,Satellite Spatial Communications,"Includes firms providing satellite telephone services via their own satellites and ground stations. The volume of services must cover a vast region of the globe. The system involves a capacity of integrating different satellite systems. The services provided are voice data, facsimile, messaging and GPS location."
AM-03970,7730007,Services,Wireless Communication Devices Renting,Renting wireless communication equipment and devices used in audio or video communication.
AM-03972,8299007,Services,Health Treatment Undertakings Services,"Providing specialized services for individuals with various disease cases as well as for hospitals and institutions whose activity is based on organizing communications with hospitals and specialized and surgical clinics and treatment centers and coordinating with health insurance companies and institutions both inside and outside the country, making reservations and providing those who wish In conducting surgical operations or receiving treatment or conducting examinations or other medical and health services with information, prices, dates for performing surgical operations, medical diagnosis, and others, in addition to performing all necessary administrative procedures for that, collecting amounts and arranging cash flows for different parties"
AM-03973,8292003,Industrial,Repackaging & Refilling Services,"Repackaging services for solid or liquid goods and goods (Except restrictive products such as chemical ,medical ,tobacco and their products and cosmetics Products ) in the form of bulk packages manufactured in other places by repackaging and packaging them in consumer or commercial packages in preparation for sale to the final consumer or for processing for export."
AM-03976,8230009,Services,Organization and event management,"Festival management and organization, including facilities specialized in providing event and festival management services including studying the challenges that may beset the event, identifying the target audience, proposing concepts and ideas, planning logistical requirements, coordinating various technical aspects before proceeding with the implementation of the final form of the event. The activity of these establishments is not limited to festivals and mega events, but includes other forms such as corporate activities, marketing programs, parties and award ceremonies, fashion shows, marriage parties and others."
AM-03977,2710007,Industrial,Motors and Generators Assembling,"Assembling all types of devices, generators and transformers, pumps and motors that use high energy in pumping water and liquids, engines and machines for ships, boats, vehicles, industrial operating machines and generators that convert electrical energy into mechanical energy to operate machines"
AM-03986,4661005,Commercial,Wholesale of Coal and Firewood Trading - Import & Export,"Trading of wood and charcoal and stone coal to use in heating, cooking and in factories."
AM-03987,4630115,Commercial,Wholesale of Fresh Fish and Marine Animals Trading - Import & Export,Trading of Fish and other fresh marine animals trade .
AM-03991,9311006,Services,Sports Services and Contracting,"Providing specialized services for various sports clubs and their care, regulating contracts with coaches, undertakings to organize external and internal camps for sports teams, organizing contacts with foreign sports teams, preparing and renting stadiums and other activities directly related to this type of activity, and also includes Providing fitness and bodybuilding trainers for sporting places and homes"
AM-03993,1079012,Industrial,Flavors and Fragrances Manufacturing (Food Additions)-Import & Export,"Manufacture materials, flavorings, flavorings and fruit extracts that are used in the manufacture of food products, as well as the manufacture of synthetic concentrates and odor enhancers that are used in the manufacture of aromatic substances and detergents."
AM-03995,2022007,Industrial,Ink & Printing Materials Manufacturing,"Manufacturing printing inks either being in powder, paste or as liquid, in addition to inject cartridges used in fax machines, photo copiers and computer printers."
AM-03996,5224004,Services,Goods Land Shipment Services,"Establishments specialized in shipping exported or imported goods include land transport and their task is to receive the goods of others for shipment and to carry out related services for storage in warehouses, packing or unloading, sorting them and the like in preparation for shipment"
AM-04000,4791007,E-Commerce,"Jewellery, Pearls and Precious Stones E-Trading","Selling jewelry, pearls and precious stones, as well as displaying them through the use of electronic means and computer programs, which use the Internet as a means of communication"
AM-04001,2432099,Industrial,Non-Ferrous Metal Casting,Non-Ferrous Metal Casting
AM-04004,4649008,Commercial,Household Utensils Trading Import & Export,"Trade of household utensils include all kinds and their measurements in bulk outside specialized stores for this type. This activity includes trading in tools, glass, plastic and metal utensils."
AM-04007,2710015,Industrial,Electric Motors & Generators Manufacturing,Manufacturing of Electric Motors & Generators
AM-04008,1313002,Industrial,"Fabrics, Textiles & Readymade Garments Screen Printing","Fabrics, Textiles & Readymade Garments Screen Printing"
AM-04012,4669209,Commercial,Wholesale of Synthetic Cleanser Trading - Import & Export,"Trading of industrial detergents, which are used in cleaning machinery, engines, equipment and machines inside factories or workshops, or what is used in cleaning engines of air conditioning and central refrigeration, elevators and boilers (boilers)"
AM-04013,4669207,Commercial,Wholesale of Cleaners and Detergents Trading - Import & Export,"Trade in detergents, household disinfectants and other detergents used in cleaning clothes, carpets or floors, removing stains from them, bleaching and washing clothes, deodorants, as well as materials used in disinfection ."
AM-04014,3290023,Industrial,Beauty & Personal Care Requisites Manufacturing,"Manufacturing body care requisites and cleaning such as cotton buds, toothbrushes and picks, dental floss, combs, hairbrushes, nail and hair cutters and other requisites apart from pharmaceuticals and cosmetics, also, some beautification and personal care items."
AM-04015,2610009,Industrial,Printed circuit boards,"Manufacture the flat plate that is used to electrically connect electronic components by welding them in conductive passages, which are engraved from copper sheet foils on a non-conductive substrate. and"
AM-04022,3830106,Industrial,Recycling of Waste Electrical & Electronic Equipment,"Waste collection, treatment and disposal activities; materials recovery"
AM-04024,4669226,Commercial,Laboratory and Factory Chemicals Trading - Import & Export,"Trading of solutions and chemical materials that are used for the purposes of conducting experiments and scientific research or conducting analyzes, tests and checks in laboratories and laboratories, and this includes organic and inorganic acids, alkalis, alcohol, salts, samples of elements, compounds, rocks, minerals and other materials Chemical, whether in its solid or liquid state"
AM-04025,4662014,Commercial,Wholesale of empty gas cylinder trading,Trade of empty gas cylinders and gas tank as empty bottles export
AM-04027,7110602,Services,Port Operations Management Consultancy,"Prepare designs, drawings and specifications for consultancy in the field of port operations management"
AM-04029,6910005,Services,Intellectual Compilations Registration Agents,Preparing documents and completing the administrative and legal requirements required by registering intellectual property works belonging to their owners in government agencies and sectors or outside the country...
AM-04030,6910006,Services,Agents titling,"Preparing documents and completing the administrative and legal requirements required by the transfer of ownership of property, except for real estate, from the seller to the buyer according to the laws."
AM-04031,6910003,Services,"Patent Registration, Fees and Models Agents","Preparing documents for others, completing legal and technical requirements, then carrying out the legal procedures for registering patents and industrial designs and models with the competent authorities for registration"
AM-04032,6910004,Services,Trade Marks Registration Agents,Preparing documents and completing the administrative and legal requirements required by the registration of trademarks in government agencies and sectors or even outside the country in order to preserve the right of their workers to register the trademark as an original right belonging to those companies or individuals
AM-04033,7740001,Services,Intellectual Property Rights managment,"Managing and marketing various practices related to property rights and intellectual works by obtaining authorization from the owner to do so, and then contracts, certificates and sales are issued regarding those rights according to the owner's desire and conditions, and this includes evaluation services, pricing and issuance of certificates for that, as well as mediation between the owners of those rights And its buyers to reach settlements"
AM-04035,1622002,Industrial,Fireproof Doors Manufacturing,Manufacture the wooden fire rated doors
AM-04036,2819904,Industrial,Fire Fighting Equipment Manufacturing,"Manufacturing of equipment and machinery used in vocational safely labor accident preventives natural hazards protective tools ,also firefighting equipment like electric cables , smoke exhaust fans alarm bells .manual extinguishers. hoses ,sprinklers ,pumps ,dampers, emergency / exit lights, nozzles, automatic fire detectors, wet fore system"
AM-04037,5229004,Services,Customs Clearance Services,"Establishments specialized in practicing the preparation of customs declarations, signing them and submitting them to the customs office and completing the customs procedures for clearing the goods for the account of others. It also includes preparing documents and documents issued by the customs authorities and completing the customs transactions"
AM-04038,4759008,Commercial,Retai sale of Unit Air-conditioner,"Selling air-conditioners that are installed in the manner of the window, as well as air conditioning units with separate components (split) that are installed as units, whether linked or not linked to a comprehensive central air conditioning system, and also includes air conditioning equipment for the external yards of hotels, resorts, restaurants and others"
AM-04043,4791001,E-Commerce,Foodstuff E-Trading,"Food trade through the Internet, including coordination with banks and financial institutions to implement electronic payment mechanisms to dispense with paper currencies in payment operations, which may be through credit cards, smart cards, digital money or electronic cash."
AM-04044,6311001,Services,Data Preparation,"Processing and entering data into computer systems and programs, and this includes entering regular data and converting them into programs equipped according to the customer’s request. It also includes scanning documents and documents and entering them electronically into their own filing systems"
AM-04045,2829017,Industrial,Robots and Simulation Devices Manufacturing,"Processing and robotic numbers is a mechanical or virtual synthetic agent, usually an electromechanical machine that is managed by a computer program or electronic circuits. Robots can be autonomous, semi-autonomous, remotely controlled, and of several types of robots, including humanoid and synthetic. And the real-life imitation of robots with automated operating movements"
AM-04047,7010006,Services,Corporate Services Provider (CSP),"** Includes firms that perform many administrative services aimed at assisting establishments and companies wishing to conduct business by carrying out the procedures required to register and obtain the necessary licenses from official authorities, assisting these companies in obtaining partnerships with foreign companies, it excludes provision of any kind of legal services."
AM-04048,7730016,Commercial,Commercial Ships Rental,"It includes establishments that rent commercial vessels intended for the transportation of passengers or goods, whether for commercial use, for transportation and luggage transport for the purpose of leasing individuals or economic establishments, according to a temporary period and according to the contracting system."
AM-04052,47720,Commercial,"Retail sale of pharmaceutical and medical goods, cosmetic and toilet articles in specialized stores","Selling of pharmaceutical and medical goods, cosmetic and toilet articles in specialized stores"
AM-04055,51200,Services,Freight air transport,Air cargo transport services and rental of air transport equipment with the operator for cargo transport purposes
AM-04058,6209001,Services,IT Infrastructure,"Technical services in the fields of using information technology in the completion of administrative and technical work in various institutions and their applications, such as using the Internet, the Internet and data warehouses (DATA WAREHOUSE) and establishing the infrastructure for the information network"
AM-04060,4659944,Commercial,Wholesale of Central Air Refining Equipment Trading,"Trading of ventilation equipment and air purification from impurities, fumes, suspended solids and dust used in factories, workshops and warehouses, as well as central ventilation devices used in buildings with a closed environment"
AM-04061,8549018,Services,Cultural Handicrafts Training,"Providing training on items made by hand originating among the people (community) of UAE, often with the use of simple tools, and is generally artistic and traditional in nature. They are also objects of utility and objects of decoration."
AM-04063,8542007,Services,Fine Arts Training,"Training in the arts, including drawing, sculpture, calligraphy, music, dance, etc."
AM-04064,8549034,Services,Electrical and Electronic Devices,"Training and qualifying technical personnel to perform services or tasks in the field, workshops, installation of devices and equipment, implementation of technical works, technical examination, operation of electronic and electrical devices, as well as automated systems."
AM-04065,8549030,Services,Environment Protection Training,"Training on the role that the relationship between living organisms and the environment can play, which enables the preservation and protection of natural resources such as water, air, wildlife and others, and this includes training on controlling and combating pollution of food, water, air and noise, ecology, disposal from waste, recycling, the role of establishing parks and national parks in supporting this trend."
AM-04067,6499010,Commercial,"Education Services Enterprises Investment, Institution and Management","It includes institutions and companies that are established for the purpose of investing their money or providing the financial investments necessary for the establishment of educational projects and that engage in various educational activities such as establishing universities, institutes, specialized and non-specialized colleges, vocational and technical schools and other areas of investment in educational projects or contributing to them. This also includes the management of those affiliated institutions and the organization Its affairs."
AM-04068,8549038,Services,Training on marketing and advertising,Training on marketing and advertising
AM-04069,8542004,Services,Film-making Training,"Film production training includes within the units that provide this type of education, called school, studio, class, etc., which provide formal, structured learning from hobby, entertainment, or self-development, but does not lead to a professional scientific degree or university degree."
AM-04071,8541005,Services,Ice Skating Training,Ice ski tranning
AM-04072,3830907,Industrial,Plastic Waste Recycling,"Recycling of plastic waste, including the mechanical or chemical conversion processes used: and the sorting of recoverable materials from non-hazardous waste"
AM-04073,3830901,Industrial,Glass Waste Processing,"Treatment of glass waste and waste, such as cleaning, crushing or crushing it with certain sizes and packing it in different containers in preparation for recycling or use in the production of other materials or products."
AM-04074,3830199,Industrial,Recycling waste metal materials,"Treating metal wastes and wastes, such as cleaning them, crushing them or crushing them with specific measurements, and packing them in different packages in preparation for recycling or for use in the production of other materials or products."
AM-04078,8690027,Services,Cupping Treatment,Providing cupping therapy services (removing bad blood from the body) through qualified and licensed individuals to provide treatment.
AM-04080,7730046,Commercial,Renting robots and smart devices,"Rental of robots that apply artificial intelligence to enable them to think intelligently in the similar manner the intelligent humans think, and which can take the place of humans in dangerous environments, manufacturing, also, smart machines applying the same techniques to conduct any kind of tasks."
AM-04081,7020039,Services,Innovation & Artificial Intelligence Research & Consultancies,"Providing studies and consultancies on innovation to technical and administrative personnel in the public and private sector to stimulate extraordinary thinking procedures and innovative solutions to the challenges comforting them, also, providing the same on artificial intelligence which is based on computers that capable of imitating the intelligent human behavior to understand future developments"
AM-04082,4630201,Commercial,Wholesale of Tea Trading,"Trade in dried tea, whether loose or after packaging in different packages"
AM-04083,7210108,Services,Protection Systems Consulting,"Providing administrative advice to public institutions or companies, such as consultations in equipment and devices in public facilities and buildings, used for security purposes and protection from burglary, vandalism, or exposure to various dangers, such as surveillance equipment from cameras, other visual devices, and other security equipment."
AM-04084,6201008,Services,Oil & natural Gas Fields Production’ Software Design Production’ Software Design,"Designing special software for oil and natural gas wells and fields, which depend on the scientific ability in the oil field along with the scientific ability in the field of computers."
AM-04085,6201006,Services,Design & Production Of Frame Prototypes,Design products and models through the computer and produce a prototype that helps to imagine the final product or the final model.
AM-04086,6202007,Services,Cyber Risk Management Services,"Identify and asses cyber threats which might include users themselves, networks, devices, all software, processes, information in storage, applications, including recommending effective measures to eliminate or manage cyber threats."
AM-04087,6201004,Services,Designing the databases,"Designing database systems, creating and programming data for institutions In computer systems and programs, this includes the entry of regular data as well as scanning documents and documents and entering them electronically into their filing systems as a complement to the data collection process. The activity does not include archiving documents only."
AM-04088,6202009,Services,Network Consultancies,Provide management advice to public institutions related to electronic and informational networks and consultations
AM-04089,6201003,Services,Electronic Equipment and Devices Systems and Software Designing,"Design software systems, hardware, electronic devices, and related to computer activities"
AM-04090,6312001,Services,Operation of web sites that use a search engine,Run the portal include media sites
AM-04091,7210125,Services,Development and innovation in computer systems and programs,Develop and innovate services in computer systems and programs
AM-04092,4791008,E-Commerce,Travel & Leisure Services E- Trading,Travel and leisure services to the general over the internet
AM-04094,4773620,Commercial,Simulation Equipment & Systems Trading & Maintenance,"Trading of hardware and software that model and simulate the characteristics of the real processes, which will enable carrying out experiments on physical objects rather than on real objects, including flight, ships, trains and trucks simulators that are used for training performance optimization and safety."
AM-04095,4721016,Commercial,Food Supplements Trading import and Export,"Trading of foods and supplements that are classified as a type of food and not as a medicine and whose purpose is to supplement the diet, such as foods intended for certain medical conditions, as well as foods made from natural food free of artificial substances, flavorings or colors that are usually added to canned and preserved foods, including vitamins, salts, refreshing drinks, fatty and amino acids, tonics prepared from honey, herbs, food substitutes for athletes or diet recipes."
AM-04096,5229007,Services,Ship Charter,"Renting and operational leasing of water-transport boats and ships for passenger or cargo transport, whether owned by the company or chartered."
AM-04098,4773924,E-Commerce,E-Electronic Cards Trading,"Trading of electronic cards with tasks specialized in electronic games, such as magnetic cards with magnetic stripe used in games and other electronically programmed cards."
AM-04099,4652018,Commercial,Wholesale of Accessories and supplies trade mobile phones,Trading of accessories and mobile phone supplies. This activity does not include repair or sale of mobile phones.
AM-04101,6311007,Services,Internet Content Provider,Includes institutions specialized in websites for displaying and formatting content.
AM-04102,6312004,Services,Portal,"Operating websites that act as portals to the internet, via PCs and digital devices, to link buyers and sellers as well as services providers and users together to make deals, it also involves listing sellers’ products as well as hotel rates to make consumers shop online and travelers to make hotel reservations, the role of such firms is restricted to brokerage only apart from finalizing the transactions between said parties."
AM-04103,7020017,Services,Sports Consultancy and Studies,"Preparing sports consultations and studies related to investment in the field of sports centers and clubs, and includes study, analysis of operational and administrative processes, and development of plans and programs"
AM-04104,4652012,Commercial,Electronic Chips & Semiconductors trading -Import/Export,"Trading include all types of electronic chips and semiconductors such as computer chips, gym and transistors integrated circuits"
AM-04105,8299002,Services,Translation Services,"Provide interpretation services for all languages, whether it is audio, written or sign language interpretation through a professional interpreter who interprets voice, written or sign language on all direct and indirect communication channels."
AM-04107,4630124,Commercial,Confectionary & Chocolate Trading,"Trading of flavored confectionaries such as caramels, toffee, gums, lollipops, boiled sweets."
AM-04108,4721039,Commercial,Nuts Trading,"Trading of nuts, such as pistachio, almond, and peanuts, whether raw or after b peeling, processing, roasting, salting, or packing in well-sealed packs for consumption."
AM-04109,4649039,Commercial,Artificial Flowers and Plants Trading,"Trading of flowers and dried plants, in addition to those made from other materials such as textiles, glass, pottery, metals, etc."
AM-04110,4773402,Commercial,Gifts Trading,"Trading of pen sets, lighters, purses, key holders, exquisite gift boxes, golden buttons, make-up sets, tiny antiques and handicraft souvenir and other miscellaneous items used for personal use or presenting as gifts."
AM-04111,4773403,Commercial,Novelties Trading,"Trading of antiques such as paintings, old photographs, statues, pots, antiques and other artifacts made of metals such as silver, copper, wood, ivory, crystal, glass, and so on."
AM-04113,5610007,Commercial,Ice Cream Shop,Prepare and sell ice cream to the public for immediate consumption
AM-04114,4630107,Services,Food & Dairy Consultant,"Providing consultancy on food as well as health food to provide a key liaison between marketing and product development to meet the increasing needs to acquire fundamental knowledge and skills in food concepts, involving also, development of new recipes, sourcing raw material and ingredients, design and sourcing of machinery and method of production, also, packaging, cost, quality compliance auditing and project management and marketing"
AM-04115,4630101,Commercial,Food & Beverages Trading,"Trading of organic and non-organic food and beverages that can be used as food intended for human consumption, including fresh or preserved fruit and vegetables, dairy products and eggs, meat products and poultry, bakery products, sugar confectionery, non-alcoholic beverages."
AM-04117,7210129,Services,Development and innovation in electronic trading in electronic products and services,Innovations in electronic commerce with electronic products and services and have an impact on improving and improving trade efficiency
AM-04118,7220004,Services,Consultancy and Studies and Researches in Linguistics,"Preparing studies, experimental research and development in linguistics, so that these studies and research lead to the effect of the stock of knowledge and the creation of new methods for their practical applications"
AM-04119,7310013,Services,Audio-visual Devices and Network Advertisements,"Advertising and promotional services through the use of audio-visual equipment and the Internet such as brochures, catalogs, posters and advertising gifts, as well as the distribution of samples and models of various products the company for the purposes of promotion and advertising"
AM-04120,4781013,Commercial,Retail sale via stalls Of Traditional Products and Commodities,"Selling popular goods and products and traditional household items such as mats, rugs, utensils, hand tools, etc. in kiosks"
AM-04126,8211013,Services,Management and operation of public utilities,"It includes establishments that manage and operate public utilities (this includes public toilets, whether they are in the streets and parks or inside facilities such as shopping centers, service stations and train stations), and it includes carrying out cleaning work and providing the necessary health requirements for a fee paid by its users."
AM-04127,6820011,Services,Self-owned property Management Service,"Requirements: 1-Register and take permission from Department of Land and Real Estate Regulation 2- financial report 3- Business plan 4- Location type : Executive Office Customer Should Do After Registration of the License: 5-Hiring Compliance Officer (Internal Hiring or Outsourcing) 6-Hiring Auditors ((Internal Hiring or Outsourcing)) 7-Goaml Registration (Register In goAML | Ministry Of Economy - UAE ( https://www.moec.gov.ae/ ). 8-Subscribe in The Automated Notification System Related to TFS Lists of the Executive Office for Control and Non-Proliferation, In Order to Receive Updated Lists of United Nations Sanctions and Local Terrorists List. Link (UN Page | EXECUTIVE OFFICE FOR CONTROL & NON-PROLIFERATION (Uaeiec.Gov.Ae) It includes the specialized real estate offices established by the owners of the buildings for themselves, and the purpose of which is the leasing and management of the private properties owned by these individuals. The activity includes real estate services for the lands owned by them."
AM-04128,4100014,Services,Real Estate Development Construction,"Requirements: 1-A pre-approval is required from Department of Land and Real Estate Regulation 2- financial report 3- Business plan 4- Location type : Executive Office Customer Should Do After Registration of the License: -Hiring Compliance Officer (Internal Hiring or Outsourcing) -Hiring Auditors ((Internal Hiring or Outsourcing)) - goAML Registration (Register In goAML | Ministry Of Economy - UAE ( https://www.moec.gov.ae/ ). -Subscribe in the automated notification system related to TFS lists of the Executive Office for Control and non-Proliferation, in order to receive updated lists of United Nations sanctions and local terrorists list. Link (https://www.uaeiec.gov.ae/en-us/un-page It includes companies that are established for the purpose of establishing and developing real estate projects through the establishment of residential and commercial complexes and tourist facilities with the development of infrastructure and provision of all components and amenities. A contract between the developer and the land owner, and the developer must register in the real estate developer’s escrow account before starting the project."
AM-04129,6311006,Services,Data Entering,"Provision of data entry services in computer systems and programs, including the entry of regular data, as well as scanning documents and documents and entering them electronically into their preservation systems, as well as converting data written in a specific language from computer languages to another language, to other similar services, provided that these services lead from specialized establishments to other establishments for a fee, and this activity does not include establishments that perform this service for themselves."
AM-04130,7020011,Services,Plague Resisting Consultancy,"includes offices or facilities specialized in providing technical advice related to controlling public health pests such as fungal, insect and rodent pests. It also includes technical training for workers on various control techniques. This activity does not have the right to executive work in pest control."
AM-04131,7110108,Services,Power Transmission and Distribution Engineering Consultancy,"Prepare designs, drawings and specifications for consultancy in the field of energy transmission and distribution. The work of these offices includes design and supervision of implementation."
AM-04133,7110305,Services,Food Industries Consultancy,"Prepare designs, drawings and specifications for consultancy in the field of food industries."
AM-04134,7020003,Services,Management Consultancies,"Management consultancy to public institutions or companies such as consultancy dealing with analysis of operational and administrative processes, engineering and procedure consultancy, preparation of flows maps and associated documentary courses, the formulation of internal policies and the restructuring of the organization, the development of consultancies associated with the development of strategic plans, the development of business systems and the design of balanced business cards in addition to other related consultancies."
AM-04135,2399007,Industrial,Polyurethane Ornamental Moldings,Manufacture of polyurethane molds .
AM-04136,4771108,Commercial,Protective Garments & Vests Trading - Import& Export,"Trading of protective costumes and vests for different uses, like fire resistant wears, athletes and medical wears, also, body cooling vests, which can be wore under and above clothes."
AM-04137,7110922,Services,Agricultural Research & Consultancy,"Providing consultations, conducting studies, research, and economic feasibility studies related to agriculture, land reclamation, irrigation, establishing agricultural projects and related matters, as well as consulting for livestock, animals and poultry."
AM-04138,4630104,Industrial,Natural (organic) Food Manufacturing,"Manufacturing natural organic food from vegetables, fruits and cereals, produced free from chemical fertilizers, pesticides and pollutants, no additives, artificial flavors, colors or preservatives are added at the packaging process."
AM-04139,4659108,Commercial,Wholesale of Electricity Transformers and Outfit Trading,Trading of all types of electrical transformers
AM-04140,4653009,Commercial,Green Houses & Equipment Trading,"Trading of greenhouses, whether made of glass or plastic, which work to protect the germination environment inside them in terms of temperature, humidity and ventilation, the activity includes carrying out installation, repair and maintenance services for the equipment in which it deals"
AM-04142,7710009,Services,Refrigerator Trucks Rental,"Renting, without drivers, refrigerated trucks to transport perishable freight, such as fruits, vegetables, meats, fish, drugs, medical materials or any materials entail such kind of transport."
AM-04143,4773926,Commercial,Vending Machines Trading,"Trading of vending machines located in public places for selling beverages and snacks, newspapers and publications, DVD's, cigarettes, photo booths, as well as paying public services charges such as Etisalat bills payment machines."
AM-04144,4663032,Commercial,Special Fabrics & Fibers For Construction Trading,"Trading of fabrics and fibers made of natural, artificial or synthetic or metal materials and used for specialized construction processes, such as molding and concrete forms made by cement injection or coating and covering of installations or tilting used in buildings and other construction works"
AM-04145,4761002,Commercial,Retail sale of Education Media and Models,"Selling the devices used by a teacher to clarify a subject, including drawings, Shapes, maps, samples, puzzles, mathematics and alphabets resources..etc."
AM-04146,4669222,Commercial,Oilfield Chemicals Trading,"Trading chemicals for various oilfield applications like production, well stimulation, drilling and injection."
AM-04147,4630132,Commercial,Dried Vegetables & Fruit Trading,"Trading of vegetables and fruit dried through sun, or through dryers or dehydrators, such as figs, pineapple, peaches, apricots."
AM-04148,8550003,Services,"Auditing, Reviewing &Testing Cyber Risks","Auditing, Reviewing &Testing Cyber Risks"
AM-04149,6202002,Services,Computer Systems Consultancies,"Providing comprehensive professional consultancies to IT organizations to help them match their needs with the networking solutions, it involves securing, analyzing and designing network solutions that maintain the security and integrity of their IT assets"
AM-04151,6201001,Services,Cyber Security Consulting,Provide consultations and studies on providing the minimum basic requirements for cybersecurity based on best practices and standards to reduce cyber risks on the information and technical assets of the entities from internal and external threats. The protection of the region's information and technical assets requires a focus on the basic objectives of protection.
AM-04152,6202003,Services,Software installation,"Computer systems analysis services and software design to the facilities involved in education and training process, it involves analyzing the user's needs and problems and offering consultancy on the best economical solution and the programs necessary for realizing such a solution, also, the software installation, testing and operation"
AM-04155,6311001,Services,Data classification and analysis services,"Data auditing, analysis and classification services based on common characteristics among them, with the aim of reshaping and storing them or deriving information on the basis of which decisions can be made that lead to improving the return on investment and the optimal use of available resources, as well as supporting the capabilities to solve problems and face future challenges, including the use of various technologies to do so, including artificial intelligence"
AM-04159,7110207,Services,Consulting Engineering for Green Buildings,"Preparation of designs, drawings and specifications for the construction of green buildings, which are buildings whose construction depends on environmentally friendly standards, and includes carrying out all engineering works that enable the optimal use of resources and the exploitation of alternative resources to reduce the consumption of electric power, water and resources other, which will have positive effects on the environment and public health. The work of these offices includes designing and supervising the implementation."
AM-04160,7110407,Services,Power Preservation Consultancy,"Prepare designs, drawings and specifications for consultancy in the field of energy conservation."
AM-04161,4100010,Commercial,Green Buildings Construction materials Trading,"Trading of environment friendly building materials and supplies for constructing green buildings. Green buildings are designed to reduce carbon dioxide emission and eventually reduce global warming, including, wall materials, insulators, doors and window insulation, central heating and cooling systems, solar and renewable energy sources energy efficient lighting systems and energy efficient air conditioning."
AM-04164,4659915,Commercial,Cooling and Heating Equipment and Machinery Trading - Import & Export,"Trading of equipment for use in buildings, factories, and hotels For the purpose of cooling or heating, such as central refrigerators, boilers, and others,"
AM-04166,4649040,Commercial,Smoking Equipment Trading- Import & Export,"**Conditions : 1-Business plan contents 2- Approval from HSE Dept. 3- Location type : Executive Office/shop Includes commercial establishments that trade in the local market in the trade of all types of smoking supplies, such as kettles, boiler holders, hookahs, lighters, ashtrays, matchboxes, cigarette storage boxes, tobacco humidifiers, and other tools used by smokers."
AM-04167,4773965,Commercial,Retail sale of Cutters (sheet metal) Fire,Selling all types of metal cutters (metal panels of all kinds - aluminum iron - or any other metals) fire-resistant and installed on the facades of external or internal buildings
AM-04168,4663044,Commercial,Wholesale of Trade Cutters (sheet metal) Fire Resistance,Trading all kinds of metal and fire resistant cutters
AM-04171,7110101,Services,General Facilities and Services Engineering Consultancy,"Preparation of designs, drawings and specifications for public utilities and engineering services"
AM-04173,7120010,Services,Examination of the devices and electronic equipment,"Technical examination of electronic devices, identification of their malfunctions, maintenance and selection of the number of equipment needed to perform the various works in the electrical workshops in order to verify their durability and compliance with specifications and standards and prepare technical reports or certificates for that."
AM-04174,7110113,Services,Medical Services and Laboratories Engineering Consultancy,"Prepare designs, drawings and specifications services for consultancy in the field of medical services and laboratories. The work of these offices includes design and supervision of implementation."
AM-04175,7110403,Services,Alternative Power and Researches Consultancy,"Prepare designs, drawings and specifications for consultancy in the field of alternative energy and research."
AM-04176,1061003,Industrial,Production of dry food from cereals,"Preparing grains and cereals and manufacturing them for the production of dry food materials, such as the production of mash beans, groats, semolina, corn flakes, quaker, and others, and packing them in appropriate containers and according to the approved specifications."
AM-04177,7110924,Services,Electronic hardware engineering services,"Providing consulting and engineering services in the field of equipment based on electron passing technology in gases, vacuums or semiconductors, which are used in various fields such as data processing, communications, signal transmission and reception, tests and research, medicine, signals and transmission."
AM-04178,7020024,Services,Heritage Consulting,"Providing ideas and advice on the heritage of the Emirates to the parties that hold events related to that heritage, providing suggestions about the heritage paragraphs included in the various celebrations, assisting companies on how to design and build camps to reflect the geographical environment of the Emirates, as well as suggesting appropriate heritage events for that, providing advice to advertising companies about advertisements which are interspersed with heritage images, and it also includes assisting these bodies in finding qualified cadres to carry out these works."
AM-04179,7990004,Services,Tourism and Leisure Consulting,"Preparing studies and consultations related to the leisure tourism sector, which deal with strategies, planning and development, marketing and technical and economic feasibility studies, exploring opportunities that can be provided by new tourism facilities and services."
AM-04180,4791005,E-Commerce,Vehicles and transport means E-Trading,Trading of Vehicles & Transportation
AM-04181,4773924,E-Commerce,Sport & Recreational Events Tickets E-Trading,"Selling tickets for entertainment events and sports competitions to the public, using many applications that depend on the Internet"
AM-04182,4791004,E-Commerce,"Household, Professional & Personal Goods E-Trading","Trading of household, professional and personal goods to the general public or to other businesses over the internet"
AM-04184,4791003,E-Commerce,Publications and media Materials E-Trading,"Trading publications and media materials for ordinary consumers or other companies using many Internet-based applications, including coordination with banks and financial institutions to implement electronic payment mechanisms to dispense with paper currencies in payment operations, which may be through credit cards, smart cards, digital money or electronic cash. ."
AM-04186,7990004,Services,Tourist Attractions Smart Cards Services,"Issuing and operating prepaid tourist smart cards services which allow the holder a cash–free access to tourist facilities and attractions purchased and loaded in the card, such as hotels, furnished apartments,"
AM-04187,4791002,E-Commerce,"Garments, Textiles & Gifts E-Trading","Trading clothing, textiles and gifts for ordinary consumers or other companies using many applications that depend on the Internet, including coordination with banks and financial institutions to apply electronic payment mechanisms to dispense with paper currencies in payment operations, which may be through credit cards, smart cards, digital money or electronic cash. ."
AM-04188,4649064,Commercial,Wholesale of veterinary medicines,Trading of veterinary medicines
AM-04190,7730002,Services,Motorcycles Rental,"Renting motorbikes, fitted with two wheels or more, motorized, and intended for recreation and other uses, in paved and off roads."
AM-04260,910008,Services,Oil and Gas Production Facilities Operation and Maintenance Services,Petroleum Operating services and maintenance services to the oil and gas facilities and other necessary operations of the oil and gas-making facilities
AM-04261,910009,Services,Technical maintenance of factories and oil installations,"Maintenance services for petroleum equipment, factories and facilities, including the replacement of spare parts to extend the life of those machines in factories or petroleum facilities"
AM-04269,910017,Services,Oil and Natural Gas Pipe Lines Installation and Maintenance,"Services of installation, maintenance and repair of oil and natural gas pipelines using various techniques and protecting them from corrosion or interaction with surrounding natural materials or to extend the life of their use, maintenance or re-installation of damaged pipes"
AM-04275,0990001,Services,Services Exploration (exploration) for oil and natural gas,"Preparation of hydrographic surveys: geophysical, geological and seismic."
AM-04292,1050007,Industrial,Dried and Concentrated Milk Manufacturing,Includes the manufacture Milk such as liquid or dried powdered milk
AM-04304,1071006,Industrial,Frozen Pastries Manufacturing,"Manufacture of frozen pastries, including food pasta, glash, kunafa, katayef, samosa pastry, pastry rolls, crisp pastry chips, baklava dough slices."
AM-04306,1071008,Industrial,Snack Products Manufacturing,"Manufacture of snack products such as cookies, crackers, pretzels etc."
AM-04312,1073902,Industrial,Manufacture of Tahineya Sweets,"Manufacture of Sesame Halva which is made of sesame seeds under different stages and the seeds are roasted, ground then filled for final consumption."
AM-04324,1079019,Industrial,food Gelatin Manufacturing,"Manufacture gelatin and its derivatives as a gelling agent in food production, in products such as Jell-O and gummy candy."
AM-04335,1080001,Industrial,Manufacture of prepared animal feeds,"It includes industrial facilities specialized in the production of feed prepared for animals, whether these feeds and other animal origin such as fish meal and dried animal waste or from slaughterhouse waste to produce animal feed."
AM-04358,1392016,Industrial,"Face Masks, Dust Cloth, Dishcloths, and Similar Textile Articles Manufacturing","The activity is concerned with the manufacture of face masks for medical, personal or industrial use for the purpose of protection from infection, odors or other reasons. It also includes the manufacture of various dust cloths, dishcloths used for cleaning, and similar products from different textiles materials woven or non-woven."
AM-04460,1820004,Services,Copying of Computer Software,"Copy computer programs on tapes and CDs from their original sources, and produce copies in duplicate quantities in limited quantities and by providing this service directly to the public"
AM-04481,2013001,Industrial,Crudes Plastics in Primary Forms Manufacturing,"Manufacture plastic materials such as high-density polyethylene, low density or other similar products that are derived from their primary components and are in the form of compounds, granules or powders that can be formed by molding or extrusion."
AM-04485,2219005,Industrial,Synthetic Sponge Manufacturing,"Manufacture industrial sponges from its raw materials of various chemicals and the production of sponges in the form of pieces, cubes or slices suitable for use in other industrial processes such as the manufacture of mattresses, furniture, packaging."
AM-04495,2023009,Industrial,Agarwood and Incense Manufacturing,It includes manufacturing of incense
AM-04507,2029008,Industrial,Manufacture of dyestuffs and pigments,"Manufacturing printing inks either being in powder, paste or as liquid, in addition to inject cartridges used in fax machines, photo copiers and computer printers."
AM-04510,2029013,Industrial,"Manufacture of photographic plates, films",Manufacture of photographs and films
AM-04513,2029021,Industrial,Essential Oils Manufacturing (Essence),"Manufacture of concentrated essential oils containing volatile compounds known as volatile oils, ethereal oils, extracted from plants by distillation. Often by steam, other processes involving the expression or extraction of solvents"
AM-04516,2029024,Industrial,Matches Manufacturing,Manufacturing of matchsticks of various kinds
AM-04535,2220001,Industrial,Disposable Plastic Cutlery Manufacturing,"Manufacture of knives, spoons, forks, plates, cups, and other products used for food or tables, such as plastic table mats."
AM-04540,2220008,Industrial,Plastic Bags Manufacturing,"Manufacture of types of plastic bags such as packing bags that are used in shops, as well as garbage collection bags and bags for packing various products"
AM-04542,2220015,Industrial,Plastic Chips Manufacturing,"Manufacture foils (films) of plastic and nylon for wrapping or packaging purposes, as well as the manufacture of chips used in the manufacture of agricultural and plastic houses"
AM-04545,2220024,Industrial,Plastic Buckets and Containers Manufacturing,"Manufacture of buckets (buckets), trays and other pots and containers made of plastic, which are used for various purposes (other than household utensils) such as pots, pots and containers used in the cultivation and propagation of plants, utensils used in laboratories and workshops and for the purposes of preserving or transporting water and liquids, etc."
AM-04559,2220048,Industrial,Glass Fibre-fortified Tube Outfits Manufacturing,Manufacture of Glass Fiber-fortified Tube Outfits.
AM-04564,2219008,Industrial,Sponge Products Manufacturing,"Manufacture some sponge products from natural or industrial sponges, such as bathroom sponge pieces, cleaning sponges, washing household utensils, or sponges that go into packaging or in the manufacture of clothing or other manufactures that sponges enter into their manufacture or installation."
AM-04574,2310012,Industrial,Toughened or Laminated Flat Glass Manufacturing,"Manufacture of types of tempered glass. Under this activity, safety glass is produced and safety glass"
AM-04588,2395007,Industrial,Gypsum Manufacturing,Gypsum Manufacturing
AM-04701,2630003,Industrial,Transmitting and Receiving Antennas Manufacturing,"Manufacturing the electric devices which convert electric power into radio waves to use in radio and television broadcasting, telecommunication receivers, wireless computer network, radar."
AM-04729,2651019,Industrial,Radar Equipment Manufacturing,"Manufacturing, producing, assembling or equipping all types of military radar equipment or any of its parts, spare parts or technologies by various methods and means."
AM-04730,2651021,Industrial,Manufacture of measurment and control equipment,"Manufacture of equipment and devices used in the measurement, whether to measure areas or quantities such as accurate scales or to measure distances and height or to monitor the dimensions and variables of the environment and geography, and includes the devices used to control the quantities of flowing materials such as water, Electric, gas and other speeds or in regulating movement at the level of production, including water meters, electricity, taxi meters, survey"
AM-04781,2733006,Industrial,Electrical Wiring Switches Manufacturing,Electrical Wiring Switches Manufacturing
AM-04784,2733009,Industrial,Bus Bars and Electrical Conductors Manufacturing,Bus Bars and Electrical Conductors Manufacturing
AM-04834,2817001,Industrial,Calculators Manufacturing,Manufacture of calculators of all kinds.
AM-04912,2930901,Industrial,Air Filters Manufacturing,"Manufacture of air filters that are used in factories, workshops and general stores to get rid of impurities such as fumes, dust, gases and volatile solids, which are suspended in the air and provide clean air, as well as devices and equipment used to filter and purify water from impurities, salts, chemicals or others, whether they are That water is used for industrial purposes, domestic purposes, or otherwise."
AM-04915,2819102,Industrial,Water Filters Manufacturing,"Manufacture of water filters that are used in factories, workshops and public stores to get rid of impurities such as fumes, dust, gases and volatile solids, which are suspended in the air and provide pure water, in addition to devices and equipment used to filter and purify water from impurities, salts, chemicals or others, whether Was that water used for industrial purposes, domestic purposes, or otherwise."
AM-04933,3030004,Industrial,Dirigibles and Hot Air Balloons Manufacturing,Manufacture of dirigibles and hot air balloons
AM-04959,3211008,Industrial,Working Of Diamonds,Working Of Diamonds
AM-04984,3290002,Industrial,Protective Safety Equipment Manufacturing,"the process of designing, producing, and assembling various types of safety gear and equipment that protect individuals from physical harm or injury in various environments. This includes equipment used in industries such as construction, manufacturing, healthcare, and emergency services."
AM-05014,3313003,Services,Repair and maintenance of electromedical equipment,"Repair and maintenance operations of medical devices and equipment such as pressure devices, glucose meters and electronic audiometry devices, by using various techniques and protecting them from corrosion or interaction with surrounding natural materials or to extend the lifespan of their use or maintenance."
AM-05023,3315003,Services,Wood Boat Repairing,"Repair or maintenance of all types of boats and boats of various manufacture, including the repair and maintenance of boats for all types of boats made of fiberglass, boats and boats made of wood and this includes the repair of damaged places and re-painting them."
AM-05042,3320004,Services,"Medical and Laboratories Equipments and Apparatuses Installation, Maintenance and Repairing","Repairing and maintaining instruments and equipment used in hospitals, clinics and laboratories for diagnosis, treatment, surgical operations, medicine and blood preservation, X-raying, sterilization, waste disposal, physical therapy and rehabilitation."
AM-05130,4322005,Services,"Air-Condition, Ventilations, Air Filtration Systems Installation & Maintenance","Contracting for the installation and maintenance of air conditioning, ventilation, and air conditioning systems"
AM-05131,4322002,Services,Plumbing & Sanitary Contracting,Includes establishments specialized in the installation and repair of tools and sanitary installations for buildings and public facilities. This includes the replacement and installation of damaged parts. This does not include the sale of those tools necessary for sanitary installations.
AM-05154,4330006,Industrial,Installation of furniture Works,"It includes establishments specialized in undertakings and furniture installation works. This includes office furniture, building and villa furniture, and furniture for companies and government institutions."
AM-05158,4330013,Commercial,Aluminium Installation Works,o
AM-05159,4330014,Commercial,Glass Plates Installation Works,o
AM-05174,4390020,Services,Landscaping Works,Landscaping Works
AM-05178,4510103,Commercial,Specialized Vehicles Trading- Import & Export,"Selling specialized motor vehicles as ambulances, fire engines, garbage collectors, street sweepers, truck- mounted cranes for loading and discharging and truck mixers it also includes food trucks, motor home (Caravan) and others"
AM-05179,4510104,Commercial,Electrical Carriages Trading for Specialized Purposes,"Trading of Electric mini cars designed to serve in golf clubs, football stadiums, horse racetracks as well as passengers and visitors shuttles in airports and malls."
AM-05185,4510111,Commercial,Trading in new Semi-Trailers,"Trading of new trailers for personal usage like the ones used for bicycles, horses, boats, mobile houses and other personal use trailers."
AM-05240,4620202,Commercial,Wholesale of Sheep Trading,هي المنشأت التجارية المتخصصة بالإتجار فى الأغنام كالماعز والضأن الأسواق المحلية بالجملة وذلك بغرض بيعها وإعدادها للذبح والإنتاج المحلى للحوم أو تخصيصها للمزارع للأستفادة من تربيتها وذلك عن طريق الأستيراد أو الناتج المحلى .
AM-05243,4620902,Commercial,Wholesale of birds -Trading,"It includes commercial establishments specialized in the trade of all different types of birds such as rare species, raptors such as hunting birds, eagles, eagles, as well as ornamental birds and others (provided that they are not internationally banned), as well as their own food, breeding and breeding supplies."
AM-05245,4620904,Commercial,Wholesale of Pets Trading,"They are the establishments specialized in the wholesale trade of all kinds of animals that are raised indoors or sold in retail animal stores, which are mostly pets, meaning that can be raised in those places such as cats and dogs."
AM-05252,4630121,Commercial,Wholesale of Olive and Pickles Trading,Wholesale of Olive and Pickles Trading
AM-05254,4630133,Commercial,Wholesale of Rice Trading,"The commercial establishments that wholesale in the local markets include all types of rice of different grains, such as husked rice, basmati or Indian rice, medium-grain rice, and short-grain rice."
AM-05265,4641206,Commercial,Wholesale of clothing accessories Trading,"Commercial establishments specialized in dealers include ready-made clothing accessories such as (excesses, ties and pants suspenders wholesale outside the specialized stores for this type)"
AM-05269,4649015,Commercial,Wholesale of Watches Trading- Import & Export,The commercial establishments that trade wholesale in all types of watches (the ‘normal’ value) in the local markets include the sale of watch accessories such as leather or metal bracelets for watches and electronic batteries.
AM-05272,4649028,Commercial,Wholesale of Cosmetics and Trading Import & Export,They are commercial establishments specialized in wholesale trading in the local markets or by importing from abroad all kinds of cosmetics and supplies used for decoration
AM-05276,4649035,Commercial,Wholesale of Cultural Environmental and Hand Made Products Trading,"It includes specialized establishments that carry out wholesale trade in handicrafts such as painting, sculpture, photography and heritage crafts, as well as drawing on glass or wood, forming pottery, metals, etc., as well as trading in bamboo, wicker and jungle artifacts, which make up all heritage environmental artifacts."
AM-05281,4649046,Commercial,"Wholesale of accessories and supplies animals, birds","They are commercial establishments specialized in wholesale trade in local markets or by importing from abroad saddles and supplies for taming animals and birds such as cages, wires and nests"
AM-05282,4649050,Commercial,Wholesale of Ignition Materials Trading,"Trading in materials and tools used in igniting stoves, ovens and heating machines, including matches of various kinds, oven lighters and cooking appliances that operate on fuels other than electric power, as well as non-luxury lighters."
AM-05283,4649053,Commercial,Cloth Hangers Trading - Import & Export,"Trading of wire, wooden or plastic hangers which are designed to facilitate the hanging of coats, jackets and other"
AM-05284,4649055,Commercial,Wholesale of Photocopiers and Outfit Trading,"Trading of photographic equipment, photocopiers, light meters, optical microscopes, binoculars, telescopes, optical magnifiers, film cameras, digital cameras, motion picture projectors, slides, etc."
AM-05290,4649071,Commercial,video games Wholesale Trading,the establishment that sale all kind of CD game for paly station like ( Nintendo wii – nintendo 3DS – x Box – PC game – PC Vista - PSP )
AM-05293,4651005,Commercial,Wholesale trading of smart Systems,Wholesale trading of smart Systems
AM-05311,4659110,Commercial,Wholesale of Water Desalination Equipment and Machinery and Outfit Trading,"It includes establishments specialized in wholesale trading through local production or importing from abroad for all types of water desalination equipment and machines and their accessories, such as sea water desalination machines. Central water purification treatment machines."
AM-05312,4659106,Commercial,Wholesale of Unit Air-conditioner Trading,"It includes commercial establishments or outlets for factories that carry out wholesale trade in units and air conditioners that are installed in the window method, as well as air conditioning units with separate components (split) that are being installed as units, whether they are connected or not linked to a comprehensive central air conditioning system, and also includes air conditioners for outdoor yards for hotels, resorts, restaurants and others"
AM-05330,4659956,Commercial,Wholesale of Marine Equipment and Machinery Spare Parts Trading,Marine Equipment and Machinery Spare Parts Trading
AM-05336,4659964,Commercial,Wholesale of Metal Constructional Ropes Trading,It includes wholesale of Metal Construction Ropes Trading
AM-05376,4669105,Commercial,Trading Of Aluminum And Copper Scrap,"Facilities include specialized in the sale and trafficking of all kinds of aluminum and copper scrap cars, which are assembled from both factories or used equipment that could include the activity of all types of devices or materials of aluminum and copper and the activity does not include import from abroad."
AM-05388,4669201,Commercial,Wholesale of Medications Trading,Trading of all kinds of medicinal drugs or used in scientific research
AM-05396,4669915,Commercial,Wholesale of Plastic Products Trading,Trading of various plastic products
AM-05401,4690003,Commercial,Wholesale of Container and Bottle Caps Trading,Wholesale of Container and Bottle Caps Trading
AM-05404,4669230,Commercial,Water Treatment & Purification Chemicals Trading - Import & Export,"Trading of chemicals which purify water by assisting in the removal of the organic and inorganic particles suspended in water, it involves coagulants such as aluminum sulfate and iron chloride"
AM-05454,4722001,Commercial,Retail sale of Soft Beverages,"Selling of sweetened, flavored and synthetic beverages, as well as carbonated water prepared from the dissolution of carbon gas in mineral water."
AM-05483,4742005,Commercial,Electric Vehicles Charging Stations & Systems & Spare Parts Trading,"Includes reselling public charging stations used to supply electric energy for the recharging of electric vehicles that use electricity instead of conventional petrol, whether such stations located at retail shopping or public places or on-streets, as well as the same charging systems used for residential and offices charging."
AM-05484,4751001,Commercial,Retail sale of Textiles and Clothes Trading,Trading of textiles and fabrics used for sewing and fashion wear or making readymade garments.
AM-05515,4752036,Commercial,Retail sale of Agricultural Equipments,"Selling of agricultural, horticultural and nursery tools and equipment such as soil conditioners Tree pruning, plant planting, palm pollination, irrigation hoses and pots, pots, transport carts, fruit-collecting baskets, and others. Livestock and animal breeding farms."
AM-05526,4752051,Commercial,Retail Sale Of insulation material,"Selling of insulating materials and their accessories that are used in insulation from moisture, water leakage, and heat, whether natural such as the heat of the sun or generated by an industrial source, as well as insulating materials from sound, noise, vibration, radiation effects, electric and magnetic fields, and others. It also includes reselling materials Which are used to protect metals from rust or corrosion, or to protect wood from corrosion and moisture, or to protect against thermal impact..etc. These materials include those used in buildings and civil constructions of all kinds and materials."
AM-05527,4752052,Commercial,Retail sale of Water Filters,"Selling water filters that are used in factories, workshops and general stores to get rid of impurities such as fumes, dust, gases and volatile solids that suspend water, as well as devices and equipment used to filter water and purify it from impurities, salts, chemicals or others, whether those Water is used for industrial purposes, domestic purposes, or otherwise."
AM-05546,4759015,Commercial,Retail sale of Selling video games devices,Selling video game consoles such as PlayStation or any other devices used to play children's games
AM-05552,4759021,Commercial,Retail sale of coffee machines and accessories,Retail sale of coffee machines and accessories in specialized stores
AM-05585,4771906,Commercial,Retail sale of Leather Products and Handbag,"Selling handbags, whether made of leather, textile materials, fabrics, plastic or others, and also includes the resale of leather products such as money wallets, belts, leather hats and office tools"
AM-05597,4772011,Commercial,Retai sale of People of Determination Equipment,"Selling of all tools and supplies used by people of determination or people with emergency or permanent disabilities, as well as for the elderly, which are used as prosthetic or assistive devices or organs in order to complete treatment requirements or permanent use in place of the lost or incapacitated member, and this includes wheelchairs and walkers Special beds, heart rate regulators, blood pressure, sugar and cholesterol levels, hearing aids and other supplies."
AM-05598,4772008,Commercial,Retail Sale Of Cosmetics,Selling cosmetic products and supplies such as nail polish of various kinds - creams of various kinds - makeup of various kinds - hair removal materials of various kinds - oils of various kinds - wigs - eyelashes - hairspray (spray - gel)
AM-05605,4772015,Commercial,Retail sale of Medical Equipment and Apparatuses,"Selling machinery, devices and equipment used in hospitals and clinics for the purposes of diagnosing and treating diseases and performing surgeries, as well as preserving medicines, blood, radiology, sterilization, disposal of waste and harmful substances, physiotherapy and rehabilitation equipment, and others, as well as tools and hand tools used in medical examination, surgery, dressing, etc."
AM-05610,4773105,Commercial,Retail sale of Specialized Photography Equipment Tools and Outfits,"Selling films (strips), chips, plates, discs and other materials used in specialized imaging equipment such as medical imaging radiology and imaging for aerial surveying purposes, as well as acidification supplies such as chemicals and sensitive papers for printing images to the consumer directly, and this branch is not entitled to import from abroad. ."
AM-05638,4773510,Services,Retail sale of Spare Parts Electrical and Electronic Devices,"Resale in specialized stores includes all types of spare parts for electrical and electronic devices, and this includes only the replacement of all spare parts necessary to operate all electrical and electronic devices."
AM-05641,4773513,Commercial,Retail sales of mechanical equipment,Sale of electrical equipment
AM-05645,4773602,Commercial,Industrial Plant Equipment & Spare Parts Trading - Import and Export,"Selling of equipment and machinery installed in industrial plants or used in industrial production, such as, oil refineries, petrochemicals, food and plastic industries …etc., such firms are allowed to carry out the installation, repair and maintenance services for the equipment they deal in."
AM-05654,4773621,Commercial,Retail sale of Hydropanels,Sale of water plates that extract and extract water from the surrounding moist air molecules.
AM-05668,4773903,Commercial,Retail sale of Coal and Firewood,"Selling of wood and charcoal and stone coal to use in heating, cooking and in factories."
AM-05685,4773925,Commercial,Retail sale of Cosmetics equipment and tools,"Selling of equipment, machinery, salon furniture and tools that are used in beauty centers or by individuals for example (salons furniture - autoclaves steam devices and accessory - hair removal devise and accessory - trim, installation and paint nail tools (Pedicure & manicures ) – hair cutting tools- hair & makeup brushes - hair dryers and what unmarked or measured,"
AM-05729,4774003,Commercial,Retail sale of Used Electrical and Electronic Apparatuses and Tools,Selling of Used Electrical and Electronic Apparatuses and Tools
AM-05761,4791013,Commercial,Electronic trading products and services online,Trading consumer products through websites
AM-05767,4799001,Commercial,Retail sale of Commodities Via Vending Equipment.,"Resale in commercial establishments that sell food, beverages and packaged by machines and equipment vending machines that those facilities developed within the public roads or vital installations"
AM-05815,5221007,Services,"Transport and Withdrawal Prix boats, boats and jet skis","Land transport services and towing all boats, boats and jet skis"
AM-05840,5229012,Services,Aviation Consultancy,"Aviation feasibility studies and consultancies as regarding airplanes buying and selling, fleet planning and aircraft selection, safety audits, crew selection and appointment, maintenance follow-up, aircraft registration, ownership transfer, lease delivery and return."
AM-05843,5229017,Services,Sea Shipping Lines Agents,"Includes the designated agents held responsible for handling shipments and cargoes and transport of passengers on behalf of ship owners, their services involve, arranging for the pilot and the tugs, drawing up the documents for the customs and harbor services, arranging for storage bunkers, organizing the supply, contacting shippers and the receivers of the goods."
AM-05847,5320009,Services,Express delivery services and parcels,"Postal parcel delivery services to homes, offices, factories, airports, airplanes and other workplaces, where parcels are transported to customers"
AM-05857,5610009,Services,Tourist Restaurant,"Preparation and types of meals, including fast food. It also includes preparing types of drinks and presenting them for immediate consumption by the public and equipped with appropriate equipment to eat meals inside those stores."
AM-05860,5621003,Services,Hospitality Services,"Providing hospitality services such as providing food and beverages on personal and official occasions such as weddings, birthdays, exhibitions, meetings, funerals, etc., and also includes receiving guests at airports."
AM-05880,5820003,Services,Publishing of computer games,Publishing electronic computer games by providing publishing facilities and making the necessary contracts for this with printing presses and bookstores and publications to distribute these games. .
AM-05891,5913003,Services,Visual Recorded Media Distribution,"Production of video recordings Distribute their original recordings, whether cinematic films, television or other materials, which are recorded on videotapes, CDs, digital media, or downloaded from the Internet directly to the public or to their customers such as hotels, restaurants, malls and public places."
AM-05899,6110006,Services,Operating of cable distribution of data and television signals,Operate the data distribution networks and television signals
AM-05903,6190002,Services,Online Gaming Services,"Develop various free and paid games that use computer networks, the Internet, and electronic game devices, by downloading them from various electronic application stores or via CDs, provided that these applications do not include any type of electronic applications that violate the legislation in force in the country, such as gambling applications. Or blunt applications of public modesty."
AM-05904,6190003,Services,Internet Services Provision,"Subscription services and connection to information networks in global information networks and specialized data banks and electronic data exchange, which in addition to operational and practical applications such as e-mail and electronic exchange of information through the use of communication networks and local and international lines) and the role of these establishments is limited to facilitating the task of subscription for a fee or a specific subscription"
AM-05906,6190005,Services,Managing and operating satellites and providing satellite services,"Management and operation of satellites, receiving and transmitting earth stations, in addition to providing space services such as telecommunications, satellite imagery and navigation services, and management of space data that includes receiving, storing, processing, distributing, archiving or disposing of any space data."
AM-05918,6311004,Services,Web-hosting,Web hosting and web hosting is the process through which the organization can obtain a special space for the website on the World Wide Web
AM-05919,6311010,Services,Cloud Service &Datacenter Providers,"Provide computing elements, such as software or platform as services provided in the world"
AM-05940,6499007,Services,"Infrastructure Enterprises Investment, Institution and Management","It includes the institutions and companies that are established for the purpose of investing their money or providing the financial investments necessary for the establishment of projects. It includes the institutions specialized in building and establishing the technical infrastructure for information technology, which constitute the network, the main devices and databases. This activity also includes the institutions that prepare the necessary consultancy studies for that and install networks and devices in the field. Except for the installation of electronic dealing complexes, its activity also includes the rehabilitation of human cadres, and the related fields of investment in industrial projects or participation in them. This also includes the management of these affiliated institutions and the organization of their affairs."
AM-05941,6499008,Services,"Power Enterprises Investment, Institution and Management","Includes firms and holding companies formed in order to invest their funds through setting up subsidiaries to invest in non-renewable and renewable energy resources, it also involves managing and organizing such subsidiaries."
AM-05947,6499020,Commercial,Investment in Oil & Natural Gas Projects,"Includes holding companies formed in order to invest their funds through establishing subsidiaries to carry out investment in oil and natural gas projects, it involves exercising operational control and managing the operations of their related units."
AM-05965,6619002,Services,Banking Services Consultancy,"Providing advice to individuals and institutions regarding the planning of various monetary issues including savings, cash flows, as well as on the best financing conditions provided by banks and financing entities, as well as short- and long-term borrowing issues, interest rates and others."
AM-05976,6619021,Services,Consulting in listing securities,Consulting and supporting services for the issuing company and verifying that it meets the listing requirements and its continuous compliance with those requirements.
AM-06005,6920002,Services,Tax Consultancy,"Specialized firms engaged in tax advisory to UAE businesses on the VAT as well as tax levied abroad reclaim, also, advising foreign companies in UAE on how to avert double taxation, how to implement tax treaties between countries, reviewing the periodical forms and statements of the companies,"
AM-06009,6920007,Services,Tax Agent Services,"Representation services for taxpayers to act in their names and on their behalf before the Authority regarding their tax affairs and assist them in fulfilling their tax obligations, as well as exercising all rights related thereto in accordance with the issued tax legislation, including preparing and submitting tax returns on forms prepared by the Authority."
AM-06011,7010004,Services,Companies Representation,"Representation services for international companies or enterprises in the UAE in order to promote their products and services, boost business, or facilitate commercial agreements between the principals the potential customers, such firms are not allowed to carry out any trading activity nor enter into transactional operations and deals by themselves"
AM-06025,7020023,Services,Procurement Consulting,"Procurement consulting, including analyzing procurement processes and identifying savings opportunities, identifying deficiencies and how to address them to reduce purchasing costs, determining specifications and bidding procedures, determining procurement sources using the best standards, including e-commerce and electronic purchasing."
AM-06026,7020025,Services,Food Safety Consulting,"Providing consultations in the fields of safety and preservation of foodstuffs from contamination during the stages of preparation, storage, handling, serving, transportation and other processes that take place in the production and circulation of foodstuffs"
AM-06029,7020033,Services,Tourism & Recreation Consultants,"Provide consulting and specialized studies related to tourism and recreational, including strategies, planning and development, marketing plans, feasibility and technical studies, identifying opportunities for new tourist facilities and services."
AM-06031,7020037,Services,Maritime Consultancies Services,"Includes providing consultations on various marine aspects, such as, shipbuilding and repair contracts, sale, purchase, operation and leasing of ships, shipping documents and insurance for goods and ships, marine debts and guarantees for lifting the seizure of ships, marine pollution damage and compensation claims, the manager must have a Bachelor degree in business administration, economics, law, or a related discipline, along with three years hands-on experience"
AM-06032,7020038,Services,Innovative Business Incubator,"Headquarters for entrepreneurs where all forms of support and assistance are provided to build innovative and pioneering start-up companies in all sectors and economic activities, especially in the field of technological and future activities, and this includes providing ready-to-work facilities with technical and office support, providing advice and ideas for development and improvement, preparing plans Marketing and business for entrepreneurs, providing financing options, coordinating"
AM-06038,7110110,Services,Water Transmission and Distribution Engineering Consultancy,"Prepare designs, drawings and specifications for consultancy in the field of water transmission and distribution. The work of these offices includes design and supervision of implementation."
AM-06054,7110401,Services,Oil and Gas Facilities Consultancy,"It includes specialized engineering consulting offices that prepare designs, drawings and specifications for consultations in the field of oil and gas facilities, and it is not permissible to practice engineering consultations except after registration in the register of engineering consultancy offices (the authority or the local authority of the emirate subject to issuance) and the registration in the records is considered a license to practice the profession, and the engineer or engineering consultancy office may not work in a specialization or classification licensed."
AM-06056,7110406,Services,Petroleum and Chemical Engineering Consultancy,"Includes firms which offer chemical engineering services and consultancies with all precise specializations such as oil refining engineering, industrial, metal and plastic engineering, chemical compound testing of the materials and the atomic composition of the elements and services related to the branches of chemical engineering, the minimal qualifications required is bachelor degree in chemical or Petroleum engineering, along with three years hands-on experience."
AM-06058,7110503,Services,Urban Planning Engineering Consultancy,"It includes specialized engineering consulting offices that prepare designs, drawings and specifications for consultations in the field of urban planning, and it is not permissible to practice engineering consultancy until after registration in the register of engineering consultancy offices (the authority or the local authority of the emirate subject to issuance) and the registration in the records is considered a license to practice the profession, and the engineer or engineering consultancy office may not work in a specialization or classification licensed."
AM-06073,7110904,Services,Agriculture and Animal and Fisheries Wealth Engineering Consultancy,"Providing consultations, conducting studies, research, and economic feasibility studies related to agriculture, land reclamation, irrigation, establishing agricultural projects and related matters, as well as consulting for livestock, animals and poultry."
AM-06089,7110938,Services,"Drilling Engineering, Reservoir and Production Consultancy","Provide consultancy and engineering services on the design and implementation of procedures to ensure drilling of wells in a safe and economical way, as well as production engineering that focuses on the design and selection of equipment for the extraction and treatment of oil and gas wells fluids."
AM-06091,7110940,Services,Geo-engineering Survey Engineering Consultancy,"It includes the implementation of networks of horizontal and vertical control points of different degrees, the implementation of gravity reading networks, measuring the degrees of stability of buildings, determining and calculating the isogravitational line, studying the movements of the earth's crust, earthquakes and volcanoes, implementing pipeline projects and international borders, finding and calculating sea level."
AM-06099,7110954,Services,Claims Analysis Engineering Consultancy,"Includes firms specialized in offering engineering services related to roads, traffic and their precise specializations. These services also include the elaboration of studies, designs, plans and technical specifications for bridges, tunnels, pedestrian accesses and motion studies etc."
AM-06101,7110956,Services,Development Planning Engineering Consultancy,"Designing, implementing and evaluating development plans for cities, assessing the quality of studies and reports prepared by others, and advising on their development policies and programs."
AM-06103,7110959,Services,Green Buildings Consultant,"Offering counseling and technical assistance on environmentally sustainable building and community design, building science, and energy efficiency, including all the services enable the efficient use of energy, water and other resources, which will have impact national health and global environment."
AM-06105,7110961,Services,Consulting maintenance and technical operation solutions for industrial machines,Preparation of initial studies to improve the performance of the operating processes and create a negative gaps and to develop new mechanisms for programming processes for the maintenance and operating IT solutions for machines and industrial machinery and reform has no right to exercise or installation as well as training activity on those machines.
AM-06113,7120014,Services,Medical Caterpillars Lab,Production of medical maggots used in the treatment of wounds that are slow to heal or infected with gangrene
AM-06132,7210004,Services,Geological and Geophysical Consultancy and Studies and Researches,"Providing consulting services related to the development of conducting geophysical and geological surveys on deep ground layers using audio wave technology to identify oil, gas and mineral reservoirs."
AM-06133,7210005,Services,Consultancy and Studies and Researches in Renewable Energy,"Providing advisory services related to the development of the exploitation of renewable energy sources, especially wind, waves, solar energy, and hydrogen for adoption as a clean alternative to conventional energy, and includes conducting technical and economic feasibility studies, studying available alternatives, and comparing the environmental impacts of each of the two sources."
AM-06141,7210112,Commercial,Research and development in the field of smart systems,Research and development in the field of smart systems
AM-06142,7210113,Services,Research and development in the field of equipment and devices security and surveillance,Research in the field of equipment related to security and surveillance
AM-06147,7210118,Services,Research and development in the field of robots,"Activities focused on research and development in the field of robotics including hardware and software research related to Robotics across different technologies (AI, IoT … etc.)"
AM-06161,7210002,Services,Environmental Consultancy and Studies and Researches,"Technical studies and research on the polluters affecting the environment elements, mainly air, water and soil and how to handle the subsequent impacts as well as determining the techniques and practical preventive measures, such firms are not allowed to conduct field surveys and questionnaire before getting approval from the competent authority."
AM-06165,7210206,Services,Development and innovation in medical instruments and supplies,Research and experimental development in the fields of natural sciences and engineering
AM-06171,7220005,Services,Consultancy and Studies and Researches in Legal Sciences,"Establishments, centers, or institutes specialized in the field of preparing studies, experimental research and development in the sciences of law, so that these studies and research lead to an impact on the balance of knowledge and the creation of new methods for their practical applications."
AM-06174,7310011,Services,Mobile Cars Advertisements,design an innovative way to advertise a product through a television material or changing fixed panels in the form of variable pieces that are displayed on the surface of the vehicle or the car in an organized manner.
AM-06185,7310026,Services,Advertising services through websites,Provide advertising services by marketing and promoting of different products through their accounts in social media or via the Internet.
AM-06186,7320003,Services,Statistical Services Consultancies,"Includes firms engaged in conducting statistics consultancies and services in economic, social and other domains, it involves data collection whether through questionnaires or from administrative records and then draw indicators which can assist decision makers to know how to find alternatives in order to evaluate the status quo as well as to plan for the future, the manager must have a Bachelor degree in statistics, along with three years hands-on experience."
AM-06190,7410002,Services,"Jewelry design, jewelry, precious","Designing the models of gold and precious metals jewelry prior to mechanical or manual production, involving pre-manufacturing drawings, setting technical specifications, materials and production costs calculation, testing to ensure compliance of materials with safety and quality standards."
AM-06200,7490006,Services,"Translation services, movies and television programs","Translating speech in artistic works such as films and film and television tapes into written text, including translation operations of all kinds, whether voice, written or commentary, and also includes dubbing these works by installing an alternative vocal performance to the original text in another language"
AM-06206,7490012,Services,Translation Publications Services,Regular and simple translation services for commercial or personal correspondence and editorial. It also translates all kinds of illegal publications and documents (for example: books - stories)
AM-06209,8890003,Services,Lifestyle Development Consultancy,"Providing consultancy advice and coaching to help clients transform from sedentary lifestyle into more healthy and active, in order to achieve specific personal or professional goals in different human endeavors, ranging from their concerns in health, personal, professional, sport, social, family, working closely with them to facilitate healthy and sustainable behavior change, with a focus on improving personal behavior as well as enhancing personal appearance to make them look more beautiful"
AM-06215,7500006,Services,Veterinarian Consultancy,"Provide consultations and prepare technical feasibility studies for veterinary projects such as the establishment of poultry and dairy farms, slaughterhouses, veterinary clinics, providing information to local authorities regarding animal diseases, and guiding external slaughterhouses that wish to supply meat to the state about slaughter in accordance with Islamic law."
AM-06228,7722002,Services,Renting Films on Magnetic Tapes,Rent movies and series on magnetic tapes devices
AM-06241,7730006,Services,Photography Film Equipment Renting,"It includes facilities that own photographic equipment and re-lease (renting for long periods or hours) according to the type of contract to the facilities or individuals that wish to use them, including audio and photography equipment machines, lighting equipment and the like."
AM-06244,7730013,Commercial,Commercial Equipment and Professional Machines Renting,"Rent professional and commercial equipment such as manufacturing equipment and other commercial equipment such as lighting equipment and laser equipment that are used in optical games and that are used in celebrations and other equipment for commercial purposes or for individuals, institutions and government companies"
AM-06263,4659943,Commercial,Wholesale of Testing and Commissioning Equipment and Apparatuses Trading,"Renting and leasing equipment and devices used in testing, examining, and inspecting construction of civil engineering projects, marine and industrial equipment, vehicles and transport means."
AM-06267,7730045,Services,Rental of alternative energy equipment and supplies,"Rental of energy equipment, such as solar panels (photovoltaic) and solar energy systems that are installed on the roofs and facades of residential and commercial buildings or on the surface of the ground to provide alternative electric energy that is used to heat and cool water and supply energy, as well as batteries and devices that store the generated energy."
AM-06275,7912004,Services,Internal Tourism Journeys Organizer,"Organizes domestic tourism programs for foreign tourists, including incentive tourism and expatriate tourism for conferences, exhibitions and local events, and services include the provision of transportation, accommodation in hotel establishments and other services."
AM-06276,7912005,Services,External Tourism Voyages Organizer,Organizing tourist trips
AM-06278,7912007,Services,Safari Trips & Private Hunting Organizer,"Organize safari trips for the purpose of tourism, watching wild animals, enjoying the wilderness and practicing hunting. This includes providing all required supplies such as tents, umbrellas, trailers, temporary health facilities, barbecue stoves, lighting and air conditioning devices, and others."
AM-06298,8020001,Services,Vehicles Tracking Systems Services,"It includes facilities that work to receive or monitor warning signals of theft, intrusion or relief of a medical crisis for its subscribers in the service by responding to them by providing assistance, as well as facilities that monitor subscribers' sites on television to ensure their safety and security. Follow up the movements of vehicles secured with tracking devices, and inform the competent authorities in case of need for assistance."
AM-06302,8129001,Services,Buildings Cleaning Services,"Providing external cleaning services for residential buildings, commercial offices, offices of government agencies and others and this includes cleaning and washing the exterior glass and other cleaning work"
AM-06332,8211015,Services,Project Management Services,"Managing and guiding project processes from start to finish as regarding planning, organizing, motivating, and controlling resources, procedures in order to achieve all of the project goals, it involves managing budgets, resources and relationships to achieve organizational objectives, planning, developing schedules to ensure timely completion of projects"
AM-06334,8219004,Services,Documents Saving Services,"Services for preserving or storing documents and documents on paper or saved on electronic, mechanical or documentary means by preparing appropriate places for this"
AM-06342,8291004,Services,Credit Rating,"Studying and analyzing the capabilities of the companies to determine their credit worthiness, based on information obtained from the concerned companies or from other reliable sources. Following the evaluation, the process involves granting such companies points according to facts found, such firms."
AM-06344,8291007,Services,Services for the collection of fees and payments,Organizing and managing bill payment and collection for customers
AM-06362,8299010,Services,Home Delivery Services,"Conditions : 1-A pre-approval is required from : Emirates Post 2- Business plan 3- Location type : Executive Office Includes delivering consumer goods and food of the general stores, offices, factories, airports and others, **it excludes delivering mail and parcels and postal item cooperatives and restaurants to homes,"
AM-06370,8541007,Services,Football Training,Football Training
AM-06381,8549023,Services,Hospitality & Tourism Training Services,"Training on hospitality equipment and arrangements, from serving food and beverages on personal and official occasions such as weddings, birthdays, exhibitions, meetings, funerals, etc., and also includes receiving guests at airports."
AM-06382,8549019,Services,Technical and Professional Training,"Training and qualifying technical cadres to perform services, jobs or tasks in various technical fields such as laboratories and workshops, installing devices and equipment, implementing auxiliary technical works, quality control, technical examination, and operating medical devices and automated systems. It also includes training workers in marine jobs such as captains and ship workers."
AM-06384,8549033,Services,Training On Accountancy And Auditing,Training On Accountancy And Auditing
AM-06436,8690008,Services,Regime and Weight Control Services,"Diet regimens, slimming programs, getting rid of obesity, and losing or controlling weight. These services include providing advice, advice, instructions, and continuous health follow-up to ensure the person’s commitment to changing the pattern of eating habits and physical activities and providing support. This service also includes preparing healthy, well-equipped meals. Low calories with accompanying nutrition plans. In addition, this activity includes the provision and marketing of audio-visual tapes for such programs."
AM-06438,8690012,Services,Chinese Acupuncture,"Providing medical treatment through the use of metal needles in the skin and lining tissues, as it is believed that these needles affect the virtual channels and spaces in the body, and the place of needle insertion is chosen to affect a specific organ for the purpose of treatment."
AM-06451,8690028,Services,Ozone Treatment,Provide ozone therapy services by qualified and licensed personnel to provide treatment
AM-06459,8690038,Services,Hearing screening services,Hearing examination and the preparation and installation of hearing aids based on the report of an audiologist
AM-06473,8810002,Services,Health education services,"Providing awareness programs and health education about diseases, including the distribution of printed leaflets and audio-visual materials, conducting awareness campaigns periodically, holding awareness seminars in various facilities such as clubs and universities, working closely with the media to reach a larger number of people, creating various websites to provide information, conducting campaigns to conduct examinations from time to time, This activity may only be practiced after obtaining the approval of the competent health authorities"
AM-06479,9000109,Services,implementation of the festivals and performing arts and music,"Organize and coordinate festivals and events that aim to implement festivals, performing arts and music"
AM-06484,9000902,Services,Plays Show Theatre,"Providing live or recorded shows and events to the public such as theaters and others, for or without fees, this activity does not include commercial cinemas, and they can obtain financial resources from entrance fees, membership, retail rental, or obtain an additional license to sell food, and they can use external consultants to assist in the work of the administration, and also includes promotional and marketing activities for their services and events such as advertising, public relations, publications and other media."
AM-06502,9311001,Services,Sports Clubs and Facilities Management and Operation,"Providing management and operation services to sporting facilities belonged to sport entities for engaging in sports events, such as, football, equestrian, golf and water sports clubs. It involves carrying out all the tasks concerning running these entities, preparing and renting facilities, organizing activities, promoting products... etc."
AM-06503,9311002,Services,"Management and organization of sporting events, external and internal","Establishments specialized in organizing and revitalizing tourism, whether inside or outside the country, and carrying out all the necessary procedures and contacts with the concerned authorities to arrange travel and accommodation procedures, facilitate transportation, prepare visit programs and other necessary operations that would organize races in addition to organizing trips and visits of a school and scientific nature with objectives Recreational and cultural"
AM-06536,9319004,Services,sports brokerage service,"Includes providing consultancies and ideas in general and to entities that organize events involving UAE heritage, proposing to events’ organizers the right folkloric show for their event, helping companies in designing and building camps whih reflect the geographical aspects of UAE, to give consultancy to media agencies on the advertisements that include folkloric scenes, the manager must have a Bachelor degree in Arts, along with three years hands-on experience."
AM-06547,9329004,Services,Marina Management and Operation,"Establishments that provide various services for marinas, which include the operation of moorings for boats and yachts, guarding and cleaning, provision of fuel, water and electricity as well as television, telephone and internet services for boats, provision of boats, fishing and diving equipment through a specialized store."
AM-06561,9512002,Services,Mobile Phones Repairing,"Includes firms engaged in cellular mobile phones maintenance and repair, including reconditioning, screen replacement, antenna, phone housing, water damaged phones and damaged parts change."
AM-06563,9521001,Services,House Electronic Apparatuses Repairing,"Repair of electrical appliances such as refrigerators, household washing machines, irons, vacuums, fans, electric kitchen appliances such as mixers, toasters and others, as well as repair of televisions, video and radios."
AM-06564,9522001,Services,"Repair of refrigerators, washing machines and water heaters","Workshops and workshops specialized in repair and maintenance of all domestic and commercial cooking appliances (stoves and ovens) of all kinds, as well as commercial coolers (display refrigerators) and washing machines."
AM-06572,9529010,Services,Sewing Machines Repairing,"Shops or centers specialized in repairing manual and electronic sewing machines, whether by maintaining those machines or making them workable."
AM-06590,8299005,Services,Valet Parking Services,"Provide hotels, restaurants and other companies, institutions or government buildings with a team of workers whose job is to provide services to receive the cars of guests and customers who frequent such places at their entrances, park those cars in private or public parking and then return them to their owners at a certain time or upon request."
AM-06599,4659949,Commercial,Wholesale of Security Apparatuses and Equipment Trading,"Trading of all security equipment and devices used by government and private security agencies include security gates, metal detectors, anti-spy devices, thermal binoculars, and specialized police equipment."
AM-06600,1079004,Industrial,Instant Tea Preparation,"Preparing, mixing, and packaging of instant tea, tea creamers and mixes there off in well-sealed packs, bags or jars."
AM-06601,1079032,Industrial,Powdered Food Products manufacturing,"Manufacture food product powders and pack them in packages or bags in order to prepare sweets and pies from them after cooking them with other ingredients, including custard powder, jelly, cream caramel, vanilla, whipped cream, pancakes, oats and others, as well as other powders that are used in the processing of bakery products such as baking powder, sodium bicarbonate and others."
AM-06602,2592001,Industrial,Metal Products Coating With Precious Metals,"Plating silverware, cutlery, art works and other metallic products with precious metals such as silver and gold. It also includes gold-plated jewelry."
AM-06603,9601004,Services,Carpets Washing and Cleaning,Washing and cleaning all types of carpets
AM-06604,4510104,Commercial,Specialized Electric Cars Trading,"Electric mini cars designed to serve in golf clubs, football stadiums, horse racetracks as well as passengers and visitors shuttles in airports and malls."
AM-06605,4510901,Commercial,Used Automobile Trading for Export - Only,"Includes firms dealing in exporting used cars only, these firms are not allowed to open shops and sell cars directly to the public"
AM-06606,6190002,Services,Gaming Content Production,"Creating, developing, and providing creative content for use in the gaming industry, including animations, texts, images, videos, infographics, and the 3D computer-generated imagery, in order to use on applications and digital platforms, and ensuring that the content is formatted and configured for use on a variety of devices and platforms, such as, videos, mobiles and computer games."
AM-06607,1079009,Industrial,"Sauces, Spreads & Condiments Preparation","Prepare and mix spices including packing in airtight containers, pressed cubes or tablets. ."
AM-06608,6810010,Services,Kitchen Center,Central kitchen that produces food for large groups of individuals
AM-06609,275,Industrial,Kitchen Appliances Manufacturing,"Manufacturing household’s kitchen electric appliances such as, blenders, toasters, food warmers, can openers, knives sharpeners, water boilers, juice extractors, kneaders, coffee and grains grinders, meat mincers and food processors."
AM-06610,4510901,Commercial,Used Luxury Automobiles Trading,Trading of used Luxury car with high-end designs
AM-06611,3830101,Commercial,Aircraft Scrap & Used Spare Parts Trading,Trading of aircraft scrap and used spare parts obtained from dismantling and scraping old aircrafts
AM-06613,6209001,Services,IT professional resourcing and services,Providing the services of subscribing & Connecting to international information networking as well as specialized information banks and exchange of electronic mail which includes operating systems and applications such as electronic mail and the exchange of data electronically by using communication networks as well as their local and international lines.
AM-06615,7020014,Services,health innovation activities,Services of innovations and studies in the health field of all types and different divisions .
AM-06616,4772021,Commercial,Retail sale of Face Masks & Gloves,Selling of regular medical masks and face masks
AM-06617,2511001,Industrial,Building Stainless Steel Products Manufacturing,"Manufacture of all types of works made of steel for buildings and shops such as the manufacture of doors, windows, showcases, barriers and fences for stairs, gardens and balconies, as well as the manufacture of decorations and interior design supplies"
AM-06619,5221007,Services,"Marine Transport and Withdrawal Prix boats, boats and jet skis",Providing a special marine carrier for boats and jet skis disabled in half the sea
AM-06620,8690003,Industrial,Manufacture of medical instruments and supplies that are used for dental treatment,Manufacture medical tools and supplies that are used for dental treatment
AM-06622,4649002,Commercial,"Refrigerators, Freezers & Water Coolers Trading Import & Export","Trading refrigerators, freezers, water coolers for household and commercial and industrial use."
AM-06623,4649002,Commercial,Air water generators Trading Import & Export,"Trading of water extraction devices from air include recycling, generation, filtering and purification of water and extracting fresh water from the air."
AM-06625,4923003,Services,New & Used Furniture Removal,Transfer furniture to others with vehicles of specific specifications and sizes
AM-06626,1030006,Industrial,Potato Manufacturing,"Manufacture of fresh potatoes by frying, packing and freezing"
AM-06628,6190101,Services,Offshore Gaming Operator,Preparing and developing software for electronic platforms and online games
AM-06629,4659202,Commercial,Wholesale of Laboratory Equipment and Machines and Spare Parts Trading,"Trading of laboratory requisites for scientific and medical testing and analysis, including glassware, instruments, apparatuses other than chemical solutions and equipment."
AM-06630,7020001,Services,Public Relations Management,"Includes firms perform as connecting link between commercial entities and the media to introduce and shed light on their activities and achievements as well as promoting corporate image through leaflets, produce information reflecting transparency, establish positive relations with customers by visits and participation in gatherings, enhance their employees sense of belonging."
AM-06632,4649064,Commercial,Veterinary medicine trade - import & export,Trading of all kinds of veterinary medicinal medicines that are therapeutic for animals or used in scientific research
AM-06641,2811001,Industrial,Turbines Manufacturing,"Requirements 1-Business plan 2- Approval from HSE Dept. + Sign - the Undertaking to HSE requirements 3-Location type should be : Warehouse / Land Includes manufacturing the turbo machines that extract energy from fluids or gases and convert into rotational energy used in moving blades attached to rotors, such technology is applied in power generation, water pumps, ships, jet engines."
AM-06642,2599399,Industrial,Metal Sheets and Plates Manufacturing,"Manufacturing of metal fabrication, for use in construction and for fastening sheet and sheet metal."
AM-09971,8890003,Services,Social Counseling,"It includes social offices that provide social support, advice and guidance to families and individuals in accordance with the nature of society in terms of customs and traditions."
AM-09975,4620103,Commercial,Wholesale of Medical Herbs and Plants Trading - Import & Export,"Trading of all types of trade in herbs, plants, flowers and fruits that are used for the purposes of treatment and treatment in their natural state or are dried without conducting any transformational operations"
AM-09979,6920004,Services,"Accounting, bookkeeping and auditing activities; tax consultancy","Recording of commercial transactions from businesses or others, preparation or auditing of financial accounts, examination of accounts and certification of their accuracy, preparation of personal and business income tax returns, advisory activities and representation on behalf of clients before tax authorities"""
AM-10340,4651001,Commercial,Computer Equipment Requisites Trading - Import & Export,"Trading of computers (computers) such as monitors, memory storage units, printers, stamp cables, plotters, CD readers, text formatting devices and other devices and accessories."
AM-10701,7310017,Services,Advertising Researches & Consultancies,"Providing consultations on the design of advertising campaigns and how to display advertisements on various media in order to influence consumers' choices regarding advertised commercial offers, and also includes conducting research that helps the aforementioned institutions improve their advertising performance, these establishments are not allowed to conduct field surveys without the approval of the competent authorities."
AM-10755,7310005,Services,Advertisement Material and Samples Distribution,"Distributing promotional materials such as pamphlets, catalogs, posters and gifts, besides distributing samples of the products which a company produces and is bidding to promote.-"
AM-10995,6201001,Freelancer,"Web, Mobile, Software Development and Architecture","(A person providing services in desktop software development, Ecommerce development, game development, mobile development, product management, Q&A testing, scripts and utilities, web development, web and mobile design and software development)"
AM-10996,,Freelancer,Telecommunication Networking Freelancer,"(A person providing services in database administration, ERP/CRM software, information security, network and system administration, IT and networking)"
AM-10997,,Freelancer,Data Science and Analytics Freelancer,"(A person providing services in A/B testing, data visualisation, data extraction ETL, data mining and management, machine learning, quantitative analysis, data science and analytics)"
AM-10998,,Freelancer,Actor,"(A person taking an acting role in a film, TV programme, commercial or an event)"
AM-10999,,Freelancer,Aerial Shoot Photographer,(A person who does aerial still photography as a medium to communicate ideas and express opinions)
AM-11000,,Freelancer,Animator,"(A person who creates characters for animation and produces these animations in motion pictures, video games or animation design)"
AM-11001,,Freelancer,Artist,"(A person specialised in one of the visual or fine arts, such as painting, sculpting or singing)"
AM-11002,,Freelancer,Audio / Sound Engineer,(A personal responsible for the technical aspects of a sound recording system or sound broadcast)
AM-11003,,Freelancer,Cameraman,(A person in charge of photography and motion pictures using all types of camera equipment)
AM-11004,,Freelancer,Choreographer,(A person who creates original dances and develop new interpretations of existing dances)
AM-11005,,Freelancer,"Commentators: Radio, Events, Sports, Television","(A person who acts as a commentator, journalist or opinion maker to readers, viewers and listeners)"
AM-11006,,Freelancer,Composer,(A person who creates original music)
AM-11007,,Freelancer,Concept Designer,"(A person who create works of art based on their client's specifications. In this role, you may draw an illustration of their idea, produce a sample 3D version of the art, or use graphic design software to modify the design)"
AM-11008,,Freelancer,Content Provider,(A person who creates and maintains databases containing information from an information provider and/or provides documents containing information for a web site or electronic media)
AM-11009,,Freelancer,Copywriter,"(A person who creates written aspects to productions such as original catch phrases, slogans and strap-lines, write advertisements, brochures, sales and promotion materials)"
AM-11010,,Freelancer,Costume Designer,(A person who creates clothes or accessories for a store or a fashion brand)
AM-11011,,Freelancer,"Critics: Music, Film, Theatre",(A person providing documented feedback on industry on goings)
AM-11012,,Freelancer,"Director: Film, Television, Music, Theatre",(A person who is responsible for the creative decisions of a production)
AM-11013,,Freelancer,Editor: Publishing,"(A person who develop ideas for upcoming issue themes, identifies and collaborates editorially with writers and contributes own writing and analysis to the project for publications)"
AM-11014,,Freelancer,Events Planner,"(A person who designs, organizes and coordinates conferences, meetings, exhibitions, shows and other events)"
AM-11015,,Freelancer,Fashion Designer,"(A person who works with clients on short- or long-term projects where they design and assist with the production of shoes, clothing, and accessories)"
AM-11016,,Freelancer,Fashion Stylist,"(A person who researching various brands of clothing, monitoring the latest trends in fashion, and styling outfits for a wide variety of clients."
AM-11017,,Freelancer,Graphic Designer,"(A person who creates and arranges images to communicate a message, including logo design, 3D design, product decoration, packaging, signs, identities, etc.)"
AM-11018,,Freelancer,Jewelry Designer,"(A Person who focus on the design of rings, earrings, bracelets, and other jewelry and fashion accessories.)"
AM-11019,,Freelancer,Journalist,"(A person writing articles and reports for broadcast or publication media such as newspapers, television, radio, magazines, documentary film and the Internet)"
AM-11020,,Freelancer,Lighting Specialist,"(A person skilled in setting the mood, and who shapes and moulds the visual image captured on the television, on film and on video using lighting effects)"
AM-11021,,Freelancer,Makeup Artist,A person cosmetology professional who works independently
AM-11022,,Freelancer,Market Analyst,"(A person who collects and analyses data to evaluate existing, and potential product, and service markets)"
AM-11023,,Freelancer,Marketing Specialist,"(A person who creates and manages marketing strategies to promote products and services, through coordination with Advertising and distribution agents)"
AM-11024,,Freelancer,Media Planner,"(A person who translates a client’s marketing objectives into a media plan, by identifying the most appropriate target audience(s) and the advertising media)"
AM-11025,,Freelancer,Music Director,"(A person who conducts, direct, plans and leads instrumental or vocal performances by musical groups)"
AM-11026,,Freelancer,Musician,(A person who plays a musical instrument for a profession)
AM-11027,,Freelancer,Photographer,(A person who uses still photography as a medium to communicate ideas and express opinions)
AM-11028,,Freelancer,Photojournalist,"(A person specialising in collecting photographic news content, editing, and presenting of news material for publication or broadcast)"
AM-11029,,Freelancer,PR Specialist,(Public relations specialists handling media relations; promotional campaigns and press releases; conflict mediation through media communications either by print or broadcast. Also arranges media related events between organization representatives and the public)
AM-11030,,Freelancer,Presenter (TV/Radio),(A person who presents content and news on radio or TV)
AM-11031,,Freelancer,Print Media Specialist,"(A person specialized in organizing, structuring and editing information for printed publications, like newspapers and magazine)"
AM-11032,,Freelancer,Producer,"(A person who oversees the business and financial decisions for a motion picture including obtaining resources, creating scripts, and overseeing production)"
AM-11033,,Freelancer,Scriptwriter,"(A person who creates the written material for television, radio, theatre and film productions)"
AM-11034,,Freelancer,Set and Exhibit Designer,"(A person who designs and creates sets for movies, television and theatre productions and special exhibition displays)"
AM-11035,,Freelancer,Social Media Specialist,(A person who specializes in social media platforms)
AM-11036,,Freelancer,Special Effects Producer,"(A multi-media artist who creates special effects or other visual images on film, video or other electronic media)"
AM-11037,,Freelancer,Translator,(A person certified by a competent authority to convert written materials from one language into another)
AM-11038,,Freelancer,Videographer,"(A person who responsible for planning, filming, and editing videos that could be used for a variety of projects such as movies, advertisements)"
AM-11039,,Freelancer,Web Developer,(A software developer who is engaged in the development of worldwide web applications)
AM-11040,,Freelancer,Web Designer,(A professional web designer who conceptualizes and creates websites on the worldwide web)
AM-11041,,Freelancer,Writer,"(A person who composes all types of creative literature including novels, children's literature, plays and poetry)"
AM-11042,,Freelancer,Social Media Influencer,(A person who is a user of social media platforms and who has access to a network of followers and who can influence those followers to utilise third party products or services)
AM-11043,,Freelancer,Researcher,"(To conduct research to serve educational institutions, students, faculties, Human Resource Management fields and other participants in the education industry)"
AM-11044,,Freelancer,Business Analyst,(A person who is a professional who helps organizations improve their operations)
AM-11045,,Freelancer,Economics Analyst,(A person who is Monitor and analyze local and international economic )
AM-11046,,Freelancer,Financial Analyst,"(A person recommend portfolios and individual investments, evaluate historical and current financial data, and study business and economic trends."
AM-11047,,Freelancer,Investment Analyst,"(A person collect information, perform research, and analyze assets, such as stocks, bonds, currencies, and commodities)"
AM-11101,70200030,Services,Marketing Research Consultancies,"Includes the provision of management consultancy to public institutions or companies such as consultancy dealing with analysis of operational and administrative processes, engineering and procedure consultancy, preparation of flows maps and associated documentary courses, the formulation of internal policies and the restructuring of the organization, the development of consultancies associated with the development of strategic plans, the development of business systems and the design of balanced business cards in addition to other related consultancies."
AM-11102,7110201,Services,Interior Design Engineering Consultancy,"Preparing designs, drawings and specifications for consultations in the field of interior design and preparing drawings and designs for interior spaces to beautify the interior courtyards, including the selection of materials, colors, fixtures, lighting and other elements used in implementation."
AM-11103,7020014,Commercial,Health Planning & Consultancies,"It includes facilities licensed by health authorities, and is specialized in providing consultations and feasibility studies for health facilities licensed or under license to renew the needs of medical devices and supplies and professional individuals with determining their qualifications, as well as providing suggestions about engineering designs for health facilities to comply with medical needs, in addition to designing quality assurance programs in health services in order to raise the level of services provided."
AM-11105,4649065,Commercial,Trading of Pharmaceuticals (Re Export out side),Trading of pharmaceutical products directly used for medication or treatment outside UAE only.
AM-11106,6201008,Services,Computer programming activities,"Includes designing the structure and content of, and/or writing the computer code necessary to create and implement: • systems software (including updates and patches) • software applications (including updates and patches) • databases • web pages"
AM-11110,4721016,Industrial,Food Supplements Manufacturing and Export,"Manufacturing of foods and supplements that are classified as a type of food and not as a medicine and whose purpose is to supplement the diet, such as foods intended for certain medical conditions, as well as foods made from natural food free of artificial substances, flavorings or colors that are usually added to canned and preserved foods, including vitamins, salts, refreshing drinks, fatty and amino acids, tonics prepared from honey, herbs, food substitutes for athletes or diet recipes."
AM-11114,4610002,Commercial,Trading Agencies,"Commercial establishments specialized in representing the principal by an agent to distribute, sell, display or provide a commodity or service within the country in return for a commission or profit resulting from the provision of this commodity must include the validity of the agency that the agent is directly linked to the original principal by a written and documented contract."
AM-11116,4649073,Commercial,Wholesale of coffee machines and accessories,Commercial establishments that practice wholesaling of coffee machines and their accessories
AM-11119,7410001,Services,Specialized design activities,"Graphic Design, Industrial Design, Fashion design related to textiles, wearing apparel, shoes, jewelry, furniture and other interior decoration and other fashion goods as well as other personal or household goods"
AM-11121,4789005,Services,Retail sale via stalls and markets of other goods,"Sale of other goods via stalls or markets, such as: • carpets and rugs • books • games and toys • household appliances and consumer electronics • music and video recordings"
AM-11122,4659956,Commercial,Wholesale of other machinery and equipment,"Include the resale in specialized stores of heavy machinery and equipment, such as factory machinery and equipment, machinery, hoisting and loading mechanisms, excavators, loaders and others."
AM-11123,4774007,Commercial,Used Heavy Equipment & Machinery Trading,"Includes reselling used heavy plants machinery and equipment, marine engines, lifting and loading equipment...etc."
AM-11124,5913001,Services,"Motion picture, video and television programme distribution activities","Distributing film, video tapes, DVDs and similar productions to motion picture theatres, television networks and stations and exhibitors"
AM-11125,5819002,Services,Other publishing activities,"Publishing (including on-line) of: • catalogs • photos, engravings and postcards • greeting cards • forms • posters, reproduction of works of art • advertising material • other printed matter"
AM-11127,3830106,Commercial,Trading of Waste Electrical & Electronic Equipment - Import & Export,"Waste collection, treatment and disposal activities; materials recovery"
AM-11129,8211010,Services,Combined office administrative service activities,"Provision of a combination of day-to-day office administrative services, such as reception, financial planning, billing and record keeping, personnel and physical distribution (mail services) and logistics for others on a contract or fee basis."
AM-11133,1811008,Services,Printing,"Printing of newspapers, magazines and other periodicals, books and brochures, music and music manuscripts, maps, atlases, posters, advertising catalogues, prospectuses and other printed advertising, postage stamps, taxation stamps, documents of title, cheques and other security papers, diaries, calendars, business forms and other commercial printed matter, personal stationery and other printed matter by letterpress, offset, photogravure, flexographic and other printing presses, duplication machines, computer printers, embossers etc., including quick printing. The material printed is typically copyrighted"
AM-11134,8230009,Services,Organization of conventions and trade shows,"Organization, promotion and/or management of events, such as business and trade shows, conventions, conferences and meetings, whether or not including the management and provision of the staff to operate the facilities in which these events take place"
AM-11135,7020008,Services,Other human resources provision,Provision of human resources for client businesses This provision of human resources is typically done on a long-term or permanent basis and the units classified here may perform a wide range of human resource and personnel management duties associated with this provision.
AM-11136,8219003,Services,"Photocopying, document preparation and other specialized office support activities","Document preparation , document editing or proofreading, typing, word processing, or desktop publishing, secretarial support services, transcription of documents, and other secretarial services, letter or resume writing, provision of mailbox rental and other mailing activities (except direct mail advertising) — photocopying — duplicating — blueprinting — other document copying services without also providing printing services, such as offset printing, quick printing, digital printing, prepress services"
AM-11137,5210007,Services,Warehousing and storage,"Operation of storage and warehouse facilities for all kind of goods: • operation of grain silos, general merchandise warehouses"
AM-11143,4652018,Commercial,Wholesale of electronic and telecommunications equipment and parts,"wholesale of electronic valves and tubes, wholesale of semiconductor devices, wholesale of microchips and integrated circuits ,wholesale of printed circuits, wholesale of blank audio and video tapes and diskettes, magnetic and optical disks (CDs, DVDs) ,wholesale of telephone and communications equipment"
AM-11148,7310012,Services,Advertising,"Creation and Realization of Advertising Campaigns: • Creating and Placing Advertising in Newspapers, Periodicals, Radio, Television, The Internet and Other Media • Creating and Placing of Outdoor Advertising, E.G. Billboards, Panels, Bulletins and Frames, Window Dressing, Showroom Design, Car and Bus Carding Etc. • Media Representation, I.E. Sale of Time and Space for Various Media Soliciting Advertising • Aerial Advertising • Distribution or Delivery of Advertising Material or Samples • Provision of Advertising Space on Billboards Etc. • Creation of Stands and Other Display Structures and Sites"
AM-11150,7420001,Services,Photographic activities,"Various photography activities such as commercial and consumer photo production include: • Photographing people for passports, schools, weddings, etc. • Photography for commercial advertising, publishing, fashion, real estate or tourism purposes. • Aerial photography. • Videotape events: weddings, meetings, etc."
AM-11152,9000905,Services,"Creative, arts and entertainment activities","Production of live theatrical presentations, concerts and opera or dance productions and other stage productions: • activities of groups, circuses or companies, orchestras or bands • activities of individual artists such as authors, actors, directors, musicians, lecturers or speakers, stage-set designers and builders etc."
AM-11157,,Commercial,Air Freight & Passengers Charters,"Includes firms involved in chartering airplanes under charter contracts for air flights in non-scheduled passengers and freight transport flights, it involves transporting all kinds of animals, including camels as well as horses for races abroad."
AM-11161,,Commercial,Sale of wireless equipment and tools - retail,"Includes the resale of wireless communication equipment, including mobile and fixed units, massaging devices or inter- communicative mobile unites, also, ground stations receiving information or communication or any transmission oriented by satellites"
AM-11183,5813001,Services,"Publishing of newspapers, journals and periodicals","Publishing of newspapers, including advertising newspapers, publishing of periodicals and other journals, including publishing of radio and television schedules Publishing can be done in print or electronic form, including on the Internet."""
AM-11185,4330005,Services,Carpentry & wood Flooring Works,Includes flooring installation and woodwork inside the house except home furniture.
AM-11187,4330019,Services,Floor & Wall Tiling Works,"Includes firms specialized in flooring and wall tiling with ceramic, cement and natural stones."
AM-11188,4329904,Services,Electrical Fittings & Fixtures Repairing & Maintenance,"Includes repair and maintenance of electrical installations in buildings and civil constructions, including cables, wires, switches and feeding points, distribution panels."
AM-11189,4330018,Services,False Ceiling & Light Partitions Installation,"Warehouse,Land"
AM-11191,4669113,Commercial,Used Cooking Oils Trading,Includes selling waste cooking oils collected from restaurants in order to recycle and use in producing soap and biodiesel.
AM-11192,4510202,Commercial,New Automobile Trading for Export,"Includes firms dealing in exporting new cars only, these firms are not allowed to open shops and sell cars directly to the public"
AM-11193,4540101,Commercial,Motorcycles Trading,"Includes reselling the two or three wheeled motorized motorcycles for cruising in paved roads or for off road use, including selling spare parts and motorcyclists accessories such as helmets ."
AM-11194,3830106,Commercial,"Recycle, Separation, Transport, Trade and Import & Export of Electronic waste scrap.","Recycle, Separation, Transport, Trade and Import & Export of Electronic waste scrap."
AM-11195,7710002,Commercial,Transportation Vehicles Rental,Includes renting heavy or medium vehicles without drivers to use in moving raw materials and goods.
AM-11196,4923007,Commercial,Transportation via Specialized Cars,"It is the specialized facilities that own a fleet of specialized cars for the purposes of transporting materials that are not transported by cars and regular vehicles such as trucks dedicated to transporting vehicles and cars, as well as transporting livestock, sheep and cows, as well as facilities that transport exceptional materials with specialized vehicles according to demand, such as antiquities and horses, i.e. includes facilities that provide transport service for certain types of goods by providing cars specially prepared for this type of activity (equipped with special specifications in terms of external and internal doubt) such as cars Dungeon for transporting money and trucks transporting animals"
AM-11197,4923009,Services,Freight transport by road,All freight transport operations by road.
AM-11198,4661003,Commercial,Petroleum Products Trading - Import & Export,"This activity covers the buying, selling, importing, and exporting of various petroleum-based products"
AM-11232,4690010,Commercial,Non-Specialized Wholesale Trading,"Trading of all types of goods, products and goods (except for those that need to obtain special licenses for this) for example: jewelry & Gold - Education - Health and Beauty - Petrochemical and Chemical Products– Media – Tobacco - Food & Beverages - fertilizers and Pesticides - Bank & Insurance (Money Exchange and Money Transfer) - Advance Technology - Security Equipment and Protection Systems Trading , and all services , industrial and E-Commerce activities"
AM-11248,5912003,Services,"Motion picture, video and television programme post-production activities","Post-production activities such as: • editing, titling, subtitling, credits • closed captioning • computer-produced graphics, animation and special effects • film/tape transfers"
AM-11251,5210007,Services,Chemical Material Storehouse,"Includes storing chemicals in storage containers in a variety of sizes and shapes and made of materials resistant to the chemicals stored, as well as resist being impacted by external considerations, such as heat, cold, pressure."
AM-11252,4651003,Services,"Wholesale of computers, computer peripheral equipment and software","Wholesale of computers and computer peripheral equipment, wholesale of software"
AM-11253,5229013,Services,Logistics & Transportation,"Providing logistics services related to the management, planning and handling of goods from production sources to markets, including shipping, clearance, storage, parcel organization, air/sea/land distribution and other value-added services."
AM-11254,4774002,Commercial,Used Jewellery Trading,"Includes reselling second-hand adornment jewellery such as brooches, earnings, necklaces, bracelets, rings, which are made of gold, platinum, palladium, titanium, silver and gemstones."
AM-11255,4610002,Services,Wholesale on a fee or contract basis,"Activities of commission agents and all other wholesalers who trade on behalf and on the account of others, activities of those involved in bringing sellers and buyers together or undertaking commercial transactions on behalf of a principal, including on the internet"""
AM-11258,6202012,Services,Distributed Ledger Technology Services,"Includes firms that provide database management solutions and ancillary services based on distributed ledger technologies, such as blockchain, such firms are not permitted to trade in, or setup an exchange for currencies or crypto currencies or commodities or provide any financial services, whether brokerage or payment processing."
AM-11259,7110407,Services,Energy Projects Engineering Consultancy,"Includes conducting engineering consultancy for energy and water related projects such as gas and coal energy, it involves engineering, technical, analytical and economic feasibility studies to identify alternatives, compare between the environmental impacts of energy sources, including design and drawings and supervising execution progress."
AM-11260,7410002,Services,Jewellery Designing,"Includes designing the models of gold and precious metals jewellery prior to mechanical or manual production, involving pre-manufacturing drawings, setting technical specifications, materials and production costs calculation, testing to ensure compliance of materials with safety and quality standards."
AM-11261,,Services,Light Archiving,"Includes facilities that use the electronic document management system (Smart Doc) is a compact solution easy to use for the network server and the user, to manage documents and images scanned or imported from other files scanning documents on any scanner type (TWAIN, ISIS, KoFax) and stored in an organized tree structure on the archiving server."
AM-11263,7110113,Services,Medical Engineering Services,"Includes providing public and private healthcare facilities with consultancies on how to build the facilities as well as the specifications of the equipment and instruments and where to locate. To healthcare industries on how to plan manufacturing, the process flow, analyzing equipment efficiency and marketing planning. To universities and medical institutions on instrumentation and to set standards for students learning and curriculum designing. To public authorities involved in medical equipment and to contracting companies constructing healthcare facilities, the minimal qualifications required is bachelor degree in mechanical or medical equipment engineering, along with three years hands-on experience."
AM-11264,8299007,Services,Medical Treatment Facilitation Services,"Includes offices which offer specialized services to patients seeking medical treatments in UAE, or act as health tourism provider for patients intend to obtain these services abroad, it involves contacting hospitals and healthcare providers, coordinating with health insurance providers, handling visas and travel issues, provision of logistical information, such as accommodation, ground transportation, expected duration of stay and cost of treatments, it also involves handling non-medical barriers that hinder patients’ treatments, such as cost and health insurance problems, as well as other administrative issues."
AM-11265,6202013,Services,Metaverse Services Provider,"Includes firms engaged in the development and hosting of digital virtual environments, which enable simulated interactions between individuals, such firms are not permitted to issue tokens which are traded on exchanges or trade in crypto commodities"
AM-11266,7020016,Services,Music Consultant,"Includes firms which provide consultation on the organization of events such as recitals, concerts, dance, chamber music, etc., as well as consultation on instrumental education and performance, the manager must have a Bachelor degree in music, along with three years hands-on experience."
AM-11267,7310021,Services,Natural Gas Technology Marketing,Includes firms conduct operations and activities to explore the demand on natural gas technology in order to assist the firms involved in such technology to how to meet such demands.
AM-11268,7110713,Services,"Noise Control, Vibration & Acoustics Consultancy","Includes offering noise control, vibration & acoustics services for commercial and industrial sectors. The objective is to address noise impact of loud sources near noise sensitive areas such as hospitals, airports, mosques, theatres, cinema halls...etc. It involves measures design, technical specifications setting, execution and supervising"
AM-11269,7020011,Services,Pests Management Consultancy,public health and pest's control. It includes training in pest's management techniques.
AM-11271,7110923,Commercial,Power & Automatic Control Engineering Services,"Includes providing engineering support and services to power stations and water desalination plants and to the fully automated factories with regard to control engineering and dynamic systems, the minimal qualifications required is bachelor degree in electrical engineering, along with three years hands-on experience."
AM-11272,7020018,Services,Occupational Safety Consultancy,"Includes providing safety and vocational health services and consultancies, such as the information must be given to employers on the risk and dangers arising from their works or from new circumstances, including the measures to reduce or get rid of the risks, and what employees should do if they are exposed to the risk, examination of construction or industrial machinery, non- destructive examination and inspection, issuance of certificates of safety and vocational health measures applied therein, elaborating technical and economic feasibility studies on these machinery and equipment."
AM-11273,7210013,Services,Science & Technology Consultancy,"Includes offering counseling and drawing plans on science and technology as regarding water desalination techniques, nanotechnology, health, power technology, also, studying and analyzing the reports submitted by laboratories and other analysis entities in respond to requests by governmental and private bodies, the manager must have a Bachelor degree in science or engineering, along with three years hands-on experience."
AM-11274,6201009,Services,Social Media Applications Development & Management,"Includes firms specialized in helping businesses and others to utilize such social media like Facebook, twitter, you tube, LinkedIn, Instagram to increase visibility and expand the number of regular visitors, which will boost customer base and consequently result in the grow of their businesses and services steadily over time, it involves providing contents as well as managing such channels."
AM-11275,7020023,Services,Sourcing & Procurement Consultant,"Includes providing procurement consultancies and analysis to determine where to achieve savings and minimize the cost, determine the purchases specifications and tender procedures, advise on purchasing sources by rendering to the best standards, advising on compliance with contracts and purchasing policies and procedures, the manager must have bachelor degree in business administration, economics or related discipline, along with three years hands-on experience."
AM-11276,7490001,Services,Surveying & Evaluating Services,"Includes firms specialized in examining, and estimating movables such as goods, machines, equipment and furniture, for various purposes, for holding public auctions, upon disputant parties' request or as an assignment by the court, arbitration committee or any other body, also, checking motor vehicles to determine the technical defects or value and not renewing registration by licensing authorities."
AM-11277,7020026,Services,Technical Installations Consultancies,"Includes offering technical consultancy services related to electronic installations, audio-visual systems, TV and radio production and lighting techniques to studios, theatres, conference rooms and educational laboratories. It involves determining the proper equipment, their descriptions, assessing their purchasing bids and the supervision over the technical execution, the manager must have a Bachelor degree in science or engineering, along with three years hands-on experience."
AM-11278,7490012,Services,"Translation, Editing & Proofreading Services","Includes offices which provide simple translation for ordinary personal and commercial letters and correspondences, also, editing and proofreading Arabic and English writings to correct spelling and grammar errors and improve the texts to university students as well as public and private entities"
AM-11279,7020009,Services,Waste management & Recycling Consultancy,"Includes firms specializes in providing professional advice on how to manage and monitor waste materials, whether to reduce their effect on health and environment or to obtain the ISO accreditation, it involves advising on eliminating waste through resources recovery practices like recycling materials"
AM-11280,7020002,Services,Feasibility Studies Consultancies,"Includes firms which prepare technical and economic feasibility studies on the new projects to determine the profitability of these projects over a period of operation, such firms are not allowed to conduct field surveys and questionnaire before getting approval from the competent authority,the manager must have a Bachelor degree in Economics, along with three years hands-on experience."
AM-11281,7110916,Services,Foundations & Soil Mechanics Engineering Services,"Includes providing services and consultancies related to soil mechanics to analyze the deformations of and flow of fluids within natural and man-made structures that are supported on or made of soil, also, the design foundations based on the load characteristics of the structure and the properties of the soils and bedrock at the site, the minimal qualifications required is bachelor degree in civil engineering, along with three years hands-on experience."
AM-11282,7020028,Services,Logistics Consultancy,"Includes providing consultancies and solutions to supply chain problems, as well as, providing methodology for improving performance, this involves analyzing the distribution network and delivering practical solutions, auditing the operation and identify the potentials for improvements, the manager must have a Bachelor degree in supply chain management and Logistics or business or economics, along with three years hands-on experience"
AM-11283,7110409,Services,Oil Exploration Engineering Services,"Includes providing hydrographic, land and geophysical survey services with regard to oil and natural gas exploration. These activities are restricted to exploration without extending to extraction and exploitation, the minimal qualifications required is bachelor degree in chemical or Petroleum engineering, along with three years hands-on experience."
AM-11284,9319004,Services,Sports Broker,"This covers facilities approved by official and international authorities as a broker for football players and clubs aiming to provide best offers and deals negotiate and sign transfer or secondment contracts with clubs. This also covers fostering interests of players and representing them before sports, local and international bodies."
AM-11285,5229011,Services,Transport Consultancies,"Includes firms specialized in providing consultancies and studies on transport as regarding the means for smooth traffic flow, the effect of big projects on traffic, traffic lights timing control, advising on alternative streets and way outs at events times (exhibitions, competitions), fix the crossings and exits for the services streets, the manager must have a Bachelor degree in Civil Engineering , along with three years hands-on experience."
AM-11286,1061002,Services,Flour Mills,"Includes blending wheat flour and prepare to produce various semi-final products, usable in processing final food products."
AM-11288,7110918,Services,Archeological Restoration & Conservation Engineering Services,"Includes providing services and consultancies related to conservation and preservation of archeological materials by using the method of examination, documentation, treatment, protection to keep that property in as close to its original condition as possible, the minimal qualifications required is bachelor degree in Architectural engineering, along with three years hands-on experience."
AM-11289,4771105,Commercial,Arab Wear Trading,"Includes reselling of Arab ready made wear, such as dishdashas, ghotra, bishts, oqal and caps, also, women traditional cloak (aba) head covers, veils."
AM-11290,4771103,Commercial,Baby Wear Trading,"Includes reselling of children’s swaddling clothes, nappies, night wear, party clothes, shirts, trousers and others."
AM-11291,4761005,Commercial,Advertising Requisites Trading,"Includes reselling indoor and outdoor advertising requisites like boards, electric and non-electric signs as well as promotional gifts and similar items."
AM-11292,4773512,Commercial,"Air-Condition, Refrigeration Spare Parts & Components Trading","Includes reselling spare parts of air-conditioning systems, central, window or split units as well as coolers, cold storage compartments, central water cooling and other refrigeration equipment."
AM-11293,4773616,Commercial,Animal & Poultry Farms Equipment Trading,"Includes reselling machinery and equipment used in cattle and sheep farms, or in raising and breeding of poultry other birds and animals for bred for trading and processing their products, such firms are allowed to carry out the installation, repair and maintenance services for the equipment they deal in"
AM-11294,4752023,Commercial,Building Metal Products Trading,"Includes reselling aluminum, steel or copper doors, windows, balconies, staircases, fences, window grids and garden fences, cladding panels, decorators, manhole covers and any other metal product."
AM-11296,4669213,Commercial,Acids & Alkalines Trading,Includes reselling acids and alkalines for producing other industrial products and compounds.
AM-11298,7110108,Services,Electrical Network & Distribution Engineering Services,"Includes providing services and consultancies related to the transmission of power from generating facilities to distribution centers and distribution to end users, the minimal qualifications required is bachelor degree in electrical engineering, along with three years hands-on experience."
AM-11300,7490017,Services,security consultancies,"Includes providing security consultancies and studies, set out security and technical solutions to ensure buildings and facilities safety, also advisory on designing and laying out technical specifications"
AM-11301,4773618,Commercial,Carbon Control Systems Trading,"Includes reselling systems and units that help reduce carbon and other gases arising from global warming, It includes providing these systems to industrial facilities for developing and improving their practices, which will be reflected in reducing gas emissions and thus preserving the environment., such firms are allowed to carry out the installation, repair and maintenance services for the equipment they deal in"
AM-11372,,Freelancer,Advertising Editor,People who work in Advertising are in charge of creating marketing communication that persuades an audience to buy a product or service.
AM-11373,,Freelancer,Analyst-Strategy & Policy Planning,"Helping research and present data analysis. Analysing and interpreting data to communicate market trends and industry predictions. Turning these predictions into a strategy plan, identifying areas for growth and resolving issues"
AM-11374,,Freelancer,Announcer,Announcers present news and sports or may interview guests on media such as radio and television.
AM-11375,,Freelancer,Art Critic,"An art critic is a person who is specialized in analyzing, interpreting, and evaluating art."
AM-11376,,Freelancer,Audiology Technician,"Audiologists are experts in providing services in the prevention, diagnosis, and evidenced-based treatment of hearing and balance disorders for people of all ages"
AM-11377,,Freelancer,Career Counsellor,"Enable students to choose the academic courses that can fit their future career goals. Also to help students and graduate job seekers to enhance their employability skills by providing consultation sessions, workshops and mock-interviews"
AM-11378,,Freelancer,Career Development Specialist,"Supervising the strategic and operational plans of the performance appraisal system, training and career development plans of human resources and linking them to the performance appraisal system and track and succession in order to attract and retain qualifications."
AM-11379,,Freelancer,Career Ladder Advisor,"Supervise the development of jobs identification, classifications and description framework covering all business fields in the organization. This includes mapping the activities in coordination with divisions managers and department heads concerned."
AM-11380,,Freelancer,Chief Editor,"Editors plan, coordinate, and revise material for publication in books, newspapers, or periodicals or on websites"
AM-11381,,Freelancer,Computer Instructor,"Provide training on MS office programs, graphics programs, editing programs, programming languages, web design, network security, software engineering and systems analysis."
AM-11382,,Freelancer,Computer Sciences Trainer,"Provide training, support and courses to professionals to increase access and exposure to computer science."
AM-11383,,Freelancer,Computer Systems Analyst,"Systems analysts analyse how well software, hardware and the wider IT systems fit the business needs of their employer or of a client."
AM-11384,,Freelancer,Correspondent,Correspondents are responsible for maintaining community awareness and finding local news and information of interest to a regional audience.
AM-11385,,Freelancer,Data Analyst,A Data Analyst is a professional who collects and analyzes data across the business to make informed decisions or assist other team members and leadership in making sound decisions.
AM-11386,,Freelancer,Database Analyst,"A database analyst is responsible for designing, maintaining, and implementing databases for various organizations."
AM-11387,,Freelancer,Director of Theatre,the director is responsible for shaping every aspect of the final performance—from the actors' performances to the setting and design choices
AM-11388,,Freelancer,E-Advisor for Organizational Development,"Provide virtual consultation to the senior leadership in the organization to enhance the efficiency of systems and procedures, prepare objectives and strategic plans, developing the organizational structure and apply best practices in the of institutional excellence."
AM-11389,,Freelancer,E-Coach for Personal Development,"A qualified professional who works with individuals virtually to motivate and develop their knowledge, skills, gain self-awareness, achieve personal goals, improve their achievements and unleash potential."
AM-11390,,Freelancer,E-Counsellor for Career Counsellor,"Virtually enables the students to choose the academic courses that can fit their future career goals. Also to help students and graduate job seekers to enhance their employability skills by providing consultation sessions, workshops and mock-interviews"
AM-11391,,Freelancer,Educational Means Specialist,"Design and produce graphic and visual aids to provide learning approach according to the capacity, ability, speed and level of the learner."
AM-11392,,Freelancer,E-Specialist for Career Development,"Enable students via virtual workshops to choose the academic courses that can fit their future career goals. Also to help students and graduate job seekers to enhance their employability skills by providing consultation sessions, workshops and mock-interviews"
AM-11393,,Freelancer,E-Supervisor for Programs Development,"Provide review and assessment of the current curriculum and evaluate its objectives via virtual workshops and meetings. Plan, develop new curriculum, conduct research and consult with faculty the best practices and its  effect in improving student outcomes."
AM-11394,,Freelancer,E-Trainer for ICT,"Provide virtual training in the use of software packages and information systems that are used in an organization. This includes how to operate, configure, and maintain new technology."
AM-11395,,Freelancer,Events Manager,"The roles and responsibilities of an event manager are to manage the events, manage the event budget, create event plan, manage event team, send event communications using event management software"
AM-11396,,Freelancer,Film Developer,"In the processing of photographic films, plates or papers, the photographic developer is one or more chemicals that convert the latent image to a visible image"
AM-11397,,Freelancer,ICT Trainer,"Provide training in the use of software packages and information systems that are used in an organization. This includes how to operate, configure, and maintain new technology."
AM-11398,,Freelancer,Information Programmes Organizer,"Professional organizers are individuals who use their talent and skills to declutter and rearrange spaces, rooms, homes or offices for clients, creating organization out of chaos and clutter."
AM-11399,,Freelancer,Information System Analyst,A systems analyst is a person who uses analysis and design techniques to solve business problems using information technology
AM-11400,,Freelancer,Instrumentalist,"someone who plays a musical instrument (as a profession) synonyms: musician, player."
AM-11401,,Freelancer,IT Expert,"include creating new computer systems, networks, and applications or finding software errors through troubleshooting"
AM-11402,,Freelancer,Languages Trainer,"Planning, preparing and delivering lessons to improve the four basic language skills of listening, speaking, reading and writing. Also encourages participants to communicate with each other and with the public."
AM-11403,,Freelancer,Literary Writer,"It includes response, a personal, subjective view through which the writer expresses their themes"
AM-11404,,Freelancer,Literature Critic,"It includes evaluates, studies and discusses literature"
AM-11405,,Freelancer,Management Sciences Trainer,"Preparation and the delivery of training programs in in the field of administrative sciences such as organization, planning, coordination and supervision."
AM-11406,,Freelancer,Marketing Studies Researcher,"Collect and analyze information, developing marketing plans, propose solutions and field research."
AM-11407,,Freelancer,Marketing Coordinator,A marketing coordinator works with management teams to improve marketing efforts by creating and managing advertising campaigns
AM-11408,,Freelancer,Motion Picture Photographer,It includes series of still photographs on film projected onto a screen using light in rapid succession.
AM-11409,,Freelancer,Music Critic,"It provide insights, opinions, and critiques that help guide and inform the public's engagement with music"
AM-11410,,Freelancer,News Editor,"A news editor curates and reviews content by other journalists to be published online, in newspapers or other forms of print media."
AM-11411,,Freelancer,News Listener,"someone who gives attention with the ear, especially for the purpose of hearing specific sounds, speech, instructions, etc"
AM-11412,,Freelancer,News Producer,"Gathering information, stories and pieces from team members throughout the day. Collaborating with news director to select and prioritize content. Adding stories and elements that will make the broadcast more attractive."
AM-11413,,Freelancer,Orchestrator,"An orchestrator is a trained musical professional who assigns instruments to an orchestra or other musical ensemble from a piece of music written by a composer, or who adapts music composed for another medium for an orchestra."
AM-11414,,Freelancer,Organizational Development Advisor,"Provide consultation to the senior leadership in the organization to enhance the efficiency of systems and procedures, prepare objectives and strategic plans, developing the organizational structure and apply best practices in the of institutional excellence."
AM-11415,,Freelancer,Personal Development Coach,"A qualified professional who works with individuals to motivate and develop their knowledge, skills, gain self-awareness, achieve personal goals, improve their achievements and unleash potential."
AM-11416,,Freelancer,Personal Trainer,Personal trainers are responsible for educating clients and enforcing policies regarding safe and proper use of equipment Assess customer's bodily strengths and weakness and create customized workout plans
AM-11417,,Freelancer,Planning Expert,"Planning specialists often create offer codes and coupons, convert weights and measurements into standardized values, and provide financial analysis and management reports"
AM-11418,,Freelancer,Plastic Arts Critic,Plastic art are art forms which involve physical manipulation of a plastic medium by molding or modeling such as sculpture or ceramics.
AM-11419,,Freelancer,Press Editor,"edit copy, written by reporters or features writers, to remove spelling mistakes and grammatical errors"
AM-11420,,Freelancer,Press Photographer,"Press photographers take photos for newspapers or magazines to tell stories in pictures of news, current affairs, people and events"
AM-11421,,Freelancer,Press Producer,A News Producer is a professional who curates and manages stories and topics to be utilized in news production
AM-11422,,Freelancer,Press Writer,"News Writers narrate or write news stories, reviews, or commentary for print, broadcast, or other communications media such as newspapers, magazines, radio, or television."
AM-11423,,Freelancer,Programs Development Supervisor,"Provide review and assessment of the current curriculum and evaluate its objectives. Plan, develop new curriculum, conduct research and consult with faculty the best practices and its effect in improving student outcomes."
AM-11424,,Freelancer,Project Analyst,Project analysts are in charge of collecting the research and data required for developing new projects
AM-11425,,Freelancer,Publication Designer,"They coordinate press releases and interviews, and manage projects with parent companies"
AM-11426,,Freelancer,Public Relation Coordinator,"Public relations specialists create and maintain a positive public image for the individuals, groups, or organizations they represent"
AM-11427,,Freelancer,Radio and Television Engineer,"Install, maintain, and repair radio broadcast and transmission equipment, test existing RF systems, check each electrical circuit, repair or replace radio antennas, and otherwise ensure the radio system receives the correct amount of power."
AM-11428,,Freelancer,Recording Sound Technician,"responsibility to assemble, operate and maintain the technical equipment used to record, amplify, enhance, mix or reproduce sound"
AM-11429,,Freelancer,Sales Analyst,A sales analyst is a professional whose main function is analyzing business data and responsible for monitoring trends both within and outside the business and identifying key areas for improvement or exploration.
AM-11430,,Freelancer,Scenario and Dialogue Writer,scenario helps learners visualize situations involving characters playing specific roles
AM-11431,,Freelancer,Service Delivery Analyst,"The Service Delivery Analyst is responsible for service delivery oversight, service level management, reviewing operational supplier performance reports, and highlighting potential productivity enhancements"
AM-11432,,Freelancer,Sound Technician,Sound technicians use technical knowledge and expertise to produce and manipulate the sound for performances and recordings
AM-11433,,Freelancer,Sports Commentator,"Sports commentators describe the action and give insights at sporting events for TV, radio and online audiences."
AM-11434,,Freelancer,Stage and Puppet Artist,"uppet Arts Major Website. The art of puppetry includes the making and manipulation of puppets for use in some kind of theatrical performance, for stage, television, or film"
AM-11435,,Freelancer,Television Photographer,"Operate television, video, or film camera to record images or scenes for television, video, or film productions."
AM-11436,,Freelancer,Television Photographer Assistant,"Photography assistants help photographers plan, set up, and complete photo sessions in their studios or at other worksites."
AM-11437,,Freelancer,Video Editor,"Video editors transform raw clips and video footage into high-quality finished videos used to inform, engage, and inspire their audience"
AM-11438,,Freelancer,Web Analyst,"Web analysts create and improve systems to organize, analyze, and share data and online content"
AM-11439,,Freelancer,Web Editor,"A Web editor develops the content or editorial plan of a Web site, working with a team that may include a creative director, a writer, a designer, and an information architect"
AM-11440,,Freelancer,Web Programmer,Web Programmer responsibilities to Design user interface and web layout using HTML/CSS practices.
AM-11441,,Freelancer,Web Technician,eb Technicians support web server hardware and software that run websites both on the internet and an organization's intranet
AM-11442,7310006,Services,Advertisement Designing & Producing,"Includes firms engaged in designing, creating commercial advertising to display in a printed medium such as a newspaper, magazine, periodicals, and also placing in radio, television, the Internet and other media"
AM-11454,4630210,Commercial,Trade Energy Drinks- Wholesale,Include commercial establishments specialized in wholesale trade in the domestic market or through imports from abroad for all types of energy drinks a beverage that is working to raise the levels of mental and physical activity and the activity includes
AM-11455,7020005,Services,Media Consultancy and Studies,"It includes providing advisory services in the fields of printing, publishing, issuance of newspapers and magazines, television, film and radio production, as well as in the field of organizing conferences, seminars and celebrations, as well as preparing studies and information for institutions and agencies that practice media services, whether they are productive, educational, planning, organizational or otherwise."
AM-11457,4773940,Commercial,"Medical, Surgical Equipment & Instruments Trading Import & Export","Trading of equipment which are used in hospitals and clinics for diagnosis, treatment, surgical operations, medicine and blood preservation, X-raying, sterilization, waste disposal, physical therapy and rehabilitation, also, manual kits and instruments used for check-up, surgical operations and bandaging."
AM-11460,4641202,Commercial,Retail Sale of Ready-made Garments,"Retail sale in underwear for men, women and children such as coats, suits, jackets, skirts, shirts, trousers, shorts, coats, gloves, swimming wear, socks."
AM-11463,6110002,Services,Wired telecommunications activities,"Operating, maintaining or providing access to facilities for the transmission of voice, data, text, sound and video using a wired telecommunications infrastructure, including: • operating and maintaining switching and transmission facilities to provide point-top oint communications via landlines, microwave or a combination of landlines and satellite linkups • operating of cable distribution systems (e.g. for distribution of data and television signals) • furnishing telegraph and other non-vocal communications using own facilities The transmission facilities that carry out these activities, may be based on a single technology or a combination of technologies."
AM-11464,6920003,Services,Accounting & Bookkeeping,"Includes the offices specialized in setting and designing accounting systems for companies and firms, designing accounting documents, records and books, setting documentary cycles or other accounting processes. These offices offer services against fixed fees, but may not examine or audit accounts."
AM-11465,4649018,Commercial,Wholesale of other household goods,"Trading of consumer electronics: radio and TV equipment, CD and DVD players and recorders, stereo equipment, video game consoles, wholesale of fabrics, household linen, haberdashery, clothing, clothing accessories"""
AM-11466,5229002,Services,Other transportation support activities,"Forwarding of freight, arranging or organizing of transport operations by rail, road, sea or air, organization of group and individual consignments (including pickup and delivery of goods and grouping of consignments) ,logistics activities, i.e. planning, designing and supporting operations of transportation, warehousing and distribution ,issue and procurement of transport documents and waybills ,activities of customs agents, activities of sea-freight forwarders and air-cargo agents"""
AM-11469,,Industrial,Limestone Extraction,"Ppreparation, grinding and cutting limestones extracted from the ground and preparing them until they become usable and used for various purposes."
AM-11470,4661003,Commercial,Trading Refined Oil Products Abroad,Includes the trading process carried outside the UAE for the crude oil before processing and refining into more useful products.
AM-11471,4772012,Commercial,Soap & Hair Care Products Trading,"Includes trading of hair care products like shampoo, oils, lotions, tonics, whether chemically originated or from natural extracts (herbs), also, toilet and hand washing soap in bars and liquid, in addition toilet foamy soap and similar products."
AM-11472,7320002,Services,Market research and public opinion polling,"Investigation into market potential, acceptance and familiarity of products and buying habits of consumers for the purpose of sales promotion and development of new products, including statistical analyses of the results"
AM-11473,7990001,Services,Other reservation service and related activities,"Provision of other travel-related reservation services: • reservations for transportation, hotels, restaurants, car rentals, entertainment and sport etc."
AM-11474,4659913,Commercial,Wholesale of Cosmetics and Makeup Trading - Import & Export,"Trading of equipment and equipment used in beauty salons, barbershops and personal care centers include health care devices such as fresh air jetting or freshener equipment and relaxation and massage equipment such as brochures"
AM-11475,6311008,Services,"Data processing, hosting and related activities","Provision of infrastructure for hosting, data processing services and related activities"
AM-11476,5820001,Services,Software publishing,Publishing of ready-made (non-customized) software: • operating systems • business and other applications • computer games for all platforms
AM-11477,7220010,Services,Artificial Intelligence Developing Services,Includes firms specializes in all aspects of artificial intelligence and machine learning research and development
AM-11479,4630124,Commercial,Wholesale of Confectionery & Chocolate Trading - Import & Export Wholesale,"Trading in flavored confectionaries, in bulk, packed or coated, it involves natural edible paper for creating preprinted images onto various confectionery products such as cookies, cakes and pastries"
AM-11486,7310032,Commercial,Marketing for Products and Services via Telephone,Includes all companies that operate in the field of marketing products and services using telephone communication (telemarketing) with targeted groups (consumers). These companies may use telemarketing for their own products or for marketing products of other companies by signing telemarketing contracts with companies. The contractual agreements will cover details of the products or services being marketed and the targeted consumer groups.
AM-11491,4791008,E-Commerce,Retail sale via mail order houses or via Internet,"Sell, buy or exchange products, services and information through computer networks, including the Internet"
AM-11492,5920001,Services,Sound recording and music publishing activities,"Production of original (sound) master recordings, such as tapes, CDs, sound recording service activities in a studio or elsewhere, including the production of taped (i.e. non-live) radio programming, audio for film, television etc., music publishing, i.e. activities of: • acquiring and registering copyrights for musical compositions • promoting, authorizing and using these compositions in recordings, radio, television, motion pictures, live performances, print and other media • distributing sound recordings to wholesalers, retailers or directly to the public."
AM-11499,6202003,Services,Computer consultancy and computer facilities management activities,"Planning and designing of computer systems that integrate computer hardware, software and communication technologies."
AM-11500,4773204,Services,Retaillsale of Watches & Clocks & Spare Parts,"Shops or commercial centers that resell watches of all kinds (value or ordinary) include retail to the final consumer, including the sale of watch accessories such as leather or metal bracelets for watches or electronic batteries for watches."
AM-11530,6209001,Services,Other information technology and computer service activities,—computer disaster recovery
AM-11541,5911001,Services,Cinema Films Production,"Produce motion pictures to be eventually released to the public for commercial, artistic or non-commercial purposes. Organizations may recruit technical and artistic staff to produce motion pictures, including technicians, set designers, costume designers, actors, musicians etc. Also includes promotional activities such as advertising, public relations and events through a licensed media provider."
AM-11543,6619007,Services,Other activities auxiliary to financial service activities,"Includes establishments specialized in advising others on how to mortgage private property such as real estate or other property to obtain financing from financial institutions to purchase other property, including areas of mortgage financing, how to choose a finance institution, how to mortgage and remove it, preparation of mortgage documents and documents, consequences of stopping financing arrangements or mortgage in the middle of the term, how to refinance or mortgage property paid in full, How to arrange another mortgage or transfer it to another financial institution, How to evaluate the fixed and variable financing rate, The activity of these enterprises should not include carrying out mortgage services for themselves for the benefit of the same entity."
AM-11544,4773306,Commercial,Cereals & Seeds Import & Export,"Resale in specialized retail stores for seeds, grains and seeds (which are used in re-cultivation) for agricultural and industrial purposes and not for direct consumption"
AM-11547,4659926,Commercial,Well Drilling Equipment Trading - Import & Export,Trading of equipment for drilling wells and accessories
AM-11548,4752028,Commercial,Scaffold Trading -Import & Export,Trading in scaffold
AM-11549,4662005,Commercial,Gold & Diamond and Jewellery Trading,"Trading of precious metals such as gold, silver, platinum and others or their raw materials in their original state in nature before extracting from them or in the form of ingots, blocks, threads or chips before they are formed, manufactured or formulated."
AM-11551,2825104,Industrial,Manufacture of machinery for food and beverage,Manufacture of machinery for food and beverage
AM-11552,4630902,Commercial,Electronic cigarettes trade and their supplies – wholesale,The commercial facilities that specialize in the wholesale trading in the local markets or through import from outside of all kinds of electronic cigarettes and their various flavors and supplies
AM-11553,7490005,Services,"Other professional, scientific and technical activities n.e.c.","It includes offices and establishments specialized in translation with its branches, including translation of texts with general content, specialized texts such as commercial contracts, legal, commercial, technical, scientific and other texts, and this activity also includes sequential and simultaneous translation carried out by translators during bilateral or group meetings or seminars and conferences, and this activity does not include other translation activities such as film translation"
AM-11554,4662005,Commercial,Wholesale of Unworked Gold and Precious Metals Trading,"""Establishments engaged in wholesale trading in the precious metals market—such as gold, silver, platinum, and others—or their raw forms, whether in their natural state before extraction or in the form of ingots, blocks, wires, or sheets prior to being shaped, manufactured, or crafted."""
AM-11555,8549039,Services,Consulting in the behavioral and social science,"Consulting in various sciences such as humanities, crime, population, economic history, human races, human rights, peace and conflict, political economy, political science, psychology, social geography, sociology and others."
AM-11556,7730046,Commercial,Robotics & Smart Machines Trading,"Includes reselling robotics that apply artificial intelligence to enable them to think intelligently in the similar manner the intelligent humans think, and which can take the place of humans in dangerous environments, manufacturing, also, other smart machines, such as, home automation devices that turn homes into smart homes."
AM-11558,,Freelancer,Nutritionist,"It includes establishments specialized in diet regimens, slimming programs, getting rid of obesity, and losing or controlling weight. These services include providing advice, advice, instructions, and continuous health follow-up to ensure the person’s commitment to changing the pattern of eating habits and physical activities and providing support. This service also includes preparing healthy, well-equipped meals. Low calories with accompanying nutrition plans. In addition, this activity includes the provision and marketing of audio-visual tapes for such programs."
AM-11561,6391001,Services,News agency activities,"News syndicate and news agency activities furnishing news, pictures and features to the media"
AM-11562,5811003,Services,Book publishing,"Publishing of books, brochures, leaflets and similar publications, including publishing of dictionaries and encyclopedias"
AM-11563,6110003,Services,Television programming and broadcasting activities,"Creation of a complete television channel program, from purchased program components (e.g. movies, documentaries etc.), self-produced program components (e.g. local news, live reports) or a combination thereof"
AM-11569,77300,Services,Media Equipment Rental,"This activity involves the rental and leasing of professional media equipment used in the production, recording, editing, and broadcasting of audio, video, and multimedia content. The service caters to media production companies, event organizers, filmmakers, content creators, advertising agencies, and corporate clients. Equipment typically includes cameras, lighting, audio systems, video recorders, drones, editing suites, and broadcasting tools."
AM-11579,6820011,Commercial,Holding Company,Holding Company
AM-11580,4649002,Commercial,"Wholesale of House Refrigerators, Washing Machines and Electrical Apparatuses Trading - Import & Export","Trading in refrigerators, freezers, water coolers, washing machines, dryers, dishwashers, vacuum cleaners, ironers, heaters, also, electric kitchenware, such as, mixers, mincers, cutters, blenders, toasters, juice extractors, grinders, kettles, hot drinks makers …etc., such firms are allowed to carry out repair and maintenance services for the equipment ."
AM-11651,7020014,Services,Business Consultancy,"Business Consultancy generally refers to providing professional advice and services to help businesses improve their performance, solve problems, and achieve their goals. This can cover a wide range of areas depending on the specific focus of the consultancy"
AM-11660,6312004,Services,Web portals,Operation of web sites that use a search engine to generate and maintain extensive databases of Internet addresses and content in an easily searchable format
AM-11664,4763003,Commercial,Sport Equipment & Articles Trading,"Trading of fixed sports equipment to carry out various exercises such as sports bicycles, training hall equipment, fixed jogging equipment, tennis tables, etc., as well as tools that are used in the performance of sports games such as nets, spears, pansies, etc., or that are used in training their performance, or in monitoring their results. This activity does not include selling sportswear"
