Code,Category,Group,Activity Name,Arabic Name,Third Party,When,Notes
1811,Media,181,Printing,الطباعة,UAE Media Council,POST,
1811.01,Media,181,"Printing of newspapers, magazines and other periodicals, books and brochures, music and music manuscripts, maps, atlases, posters, advertising catalogues, prospectuses and other printed advertising, postage stamps, taxation stamps, documents of title, cheques and other security papers, diaries, calendars, business forms and other commercial printed matter, personal stationery and other printed matter by letterpress, offset, photogravure, flexographic and other printing presses, duplication machines, computer printers, embossers etc., including quick printing. the material printed is typically copyrighted",طباعة الُصحف والمجلات والدوريات الأخرى، الُكتب والمنشورات، الموسيقى والمؤلفات الموسيقية، الخرائط، الأطالس، الملصقات، كتالوجات الإعلانات، النشرات التمهيدية وغيرها من مواد الإعلان المطبوعة، طوابع البريد، طوابع الضرائب، وثائق حقوق الملكية، الشيكات والسندات الأخرى، اليوميات، التقاويم، الاستمارات التجارية والمواد التجارية المطبوعة الأخرى، المواد المكتبية الشخصية والمواد المطبوعة بطابعات الحروف، طباعة الاوفست، الحفر الضوئي، الفليكسوغرافيا، آلات الطباعة الأخرى، ماكينات استخراج النُسخ، طابعات الحواسيب، طابعات الحروف البارزة، إلخ ، بما في ذلك الطباعة السريعة. وتكون المادة المطبوعة نمطيا خاضعة لحقوق الطبع,UAE Media Council,POST,
1811.02,Media,181,"Printing directly onto textiles, plastic, glass, metal, wood and ceramics (except silkscreen printing on textiles and wearing apparel)the material printed is typically copyrighted.",الطباعة المباشرة على النسيج والزجاج اللدائني والمعادن والخشب والخزف (باستثناء الطباعة السطحية على المنسوجات والملابس).وتكون المادة المطبوعة نمطيا خاضعة لحقوق الطبع,N/A,N/A,
1811.03,Media,181,"Printing on labels or tags (lithographic, gravure printing, flexographic printing, other)",الطباعة على بطاقات المنتجات أو الإعلانات (الطباعة الليثوغرافية، طباعة الحفر، والفلكسوغرافية، وغير ذلك),UAE Media Council,POST,
1811.04,Media,181,Multi dimensional printing services,خدمات الطباعة متعددة الأبعاد,UAE Media Council,POST,
1811.05,Media,181,"Printing,Advertising Agencies And Event Organizing",وكالات الطباعة والاعلان وتنظيم الفعاليات,UAE Media Council,POST,
1811.07,Media,181,"Packaging activities, Printing Services",أنشطة التعبئة والتغليف ، خدمات الطباعة,UAE Media Council,POST,
1812,Media,181,Service activities related to printing,أنشطة الخدمات المتصلة بالطباعة,UAE Media Council,POST,
1812.01,Media,181,"Binding of printed sheets, e.g. into books, brochures, magazines, catalogues etc., byfolding, assembling, stitching, glueing, collating, basting, adhesive binding, trimming, gold stamping",تجليد الصفحات المطبوعة، وذلك مثلاً في شكل كتب أو نشرات أو مجلات أو كتالوجات، إلخ ، عن طريق الطي أو التجميع أو الحياكة أو اللصق بالغراء أو تجميع الملازم أو التسريج أو التجليد باللصق أو التسوية أو الكتابة بحروف مذهبة,UAE Media Council,POST,
1812.02,Media,181,"Composition, typesetting, phototypesetting, pre-press data input including scanning and optical character recognition, electronic make-up",رص الحروف، جمع الحروف، جمع الحروف ضوئيا، إدخال بيانات قبل الطباعة بما في ذلك المسح الالكتروني والتعرف على الحروف بصري ، التجهيز الالكتروني للطباعة,UAE Media Council,POST,
1812.03,Media,181,Plate-making services including imagesetting and plate-setting (for the printing processes letterpress and offset),خدمات صنع ألواح الطباعة بما في ذلك تشكيل الصور و تجهيز الألواح (من أجل عمليات الطباعة وطابعات الحروف وطابعات الاوفست),UAE Media Council,POST,
1812.04,Media,181,Engraving or etching of cylinders for gravure,حفر الأسطوانات أو تنميشها بالأحماض لتشكيل النقوش,UAE Media Council,POST,
1812.05,Media,181,Plate processes direct to plate (also photopolymer plates),إجراء عمليات الألواح مباشرة على ا لألواح وأيضا ألواح البلمرات الضوئية)),UAE Media Council,POST,
1812.06,Media,181,Preparation of plates and dies for relief stamping or printing,إعداد الألواح والقوالب للختم البارز أو الطباعة,UAE Media Council,POST,
1812.07,Media,181,Production of proofs,إنتاج صور التجارب الطباعية,UAE Media Council,POST,
1812.08,Media,181,Artistic work including preparation of litho stones and prepared woodblocks,الأعمال الفنية بما فيها إعداد أحجار الليثوغراف والكتل الخشبية المحضرة,UAE Media Council,POST,
1812.09,Media,181,Production of reprographic products,إنتاج المنتجات المستنسخة بالرسم,UAE Media Council,POST,
1812.1,Media,181,"Design of printing products e.g. sketches, layouts, dummies etc.",تصميم منتجات الطباعة، مثل الرسوم التوضيحية والمخططات والنماذج المجسدة، إلخ،,UAE Media Council,POST,
1812.11,Media,181,"Other graphic activities such as die-sinking or die-stamping, braille copying, punching and drilling, embossing, varnishing and laminating, collating and insetting, creasing",أنشطة تصويرية أخرى مثل حفر القوالب أو الختم بالقوالب، استنساخ بطريقة بريل، الخرم والتثقيب، الطباعة البارزة، الطلاء بالورنيش والترقيق على شكل صفائح، و تجميع وإدخال الملازم، التحزيز,UAE Media Council,POST,
1812.12,Media,181,Composition and Typesetting,تركيب وتنضيد الحروف للطباعة,UAE Media Council,POST,
1812.97,Media,181,Design & Artwork Services,خدمات تصميم العمل الفني,UAE Media Council,POST,
1820,Media,182,Reproduction of recorded media,استنساخ وسائط الإعلام المسجَّلة,UAE Media Council,POST,
1820.01,Media,182,"Reproduction from master copies of gramophone records, compact discs and tapes with music or other sound recordings",استنساخ اسطوانات الغراموفون والأقراص المدمجة والشرائط التي سجلت عليها أعمال موسيقية أو تسجيلات صوتية أخرى من النُسخ الأم,UAE Media Council,POST,
1820.02,Media,182,"Reproduction from master copies of records, compact discs and tapes with motion pictures and other video recordings",استنساخ أسطوانات وأقراص مدمجة وشرائط ُسجلت عليها صور متحركة وتسجيلات فيديو أخرى من النُسخ الأم,UAE Media Council,POST,
1820.03,Media,182,Reproduction from master copies of software and data on discs and tapes,استنساخ برمجيات وبيانات موجودة على أقراص وأشرطة من النُسخ الأم,UAE Media Council,POST,
2396,Service and Consultancy,239,"Cutting, shaping and finishing of stone",قطع وتشكيل وصقل الأحجار,N/A,N/A,
3310,Service and Consultancy,331,"Repair of fabricated metal products, machinery and equipment",إصلاح منتجات المعادن المشكلة والآلات والمعدات,N/A,N/A,
3313,Service and Consultancy,331,Repair of electronic and optical equipment,إصلاح المعدات الإلكترونية والبصرية,N/A,N/A,
3313.01,Service and Consultancy,331,"Repair and maintenance of the measuring, testing, navigating and control equipment such as:• Aircraft engine instruments• Automotive emissions testing equipment• Meteorological instruments• Physical, electrical and chemical properties testing and inspection equipment• Surveying instruments• Radiation detection and monitoring instruments","إصلاح وصيانة معدات القياس، والاختبار، والملاحة، والسيطرة مثل: 
 • أجهزة محركات الطائرات
 • معدات اختبار انبعاثات السيارات
 • أجهزة الأرصاد الجوية
 • معدات اختبار وفحص الخواص الفيزيائية والكهربائية والكيميائية
 • أجهزة المساحة
 • أجهزة تحري ورصد الإشعاع",N/A,N/A,
3313.02,Service and Consultancy,331,"Repair and maintenance of irradiation, electromedical and electrotherapeutic equipment such as:• Magnetic resonance imaging equipment• Medical ultrasound equipment• Pacemakers• Hearing aids• Electrocardiographs• Electromedical endoscopic equipment• Irradiation apparatus","إصلاح وصيانة معدات الإشعاع والمعدات الكهربائية والإلكترونية المستخدمة للأغراض الطبية، مثل: 
 • معدات التصوير بالرنين المغناطيسي
 • المعدات الطبية فوق الصوتية
 • أجهزة ضبط نبضات القلب
 • المعينات الصوتية
 • أجهزة رسم نبضات القلب
 • معدات المناظير الطبية الإلكترونية
 • أجهزة الإشعاع",N/A,N/A,
3313.03,Service and Consultancy,331,"Repair and maintenance of optical instruments and equipment, if the use is mainly commercial, such as:• Binoculars• Microscopes (except electron and proton microscopes)• Telescopes• Prisms and lenses (except ophthalmic)• Photographic equipment","إصلاح وصيانة الأجهزة والمعدات البصرية إذا كان الاستعمال تجاريا في المقام الأول، مثل: 
 • النظارات المكبرة
 • المجهر (فيما عدا المجهر الإلكتروني والبروتوني)
 • التليسكوب
 • المخروطات والعدسات (فيما عدا المستخدمة في علاج الإبصار)
 • معدات التصوير",N/A,N/A,
3320,Service and Consultancy,332,Installation of industrial machinery and equipment,تركيب الآلات والمعدات الصناعية,N/A,N/A,
3320.01,Service and Consultancy,332,Installation of industrial machinery in industrial plant,تركيب الآلات الصناعية في المصانع,N/A,N/A,
3320.02,Service and Consultancy,332,Installation of industrial process control equipment,تركيب معدات ضبط العمليات الصناعية,N/A,N/A,
3320.03,Service and Consultancy,332,"Installation of other industrial equipment, e.g.:• Communications equipment• Mainframe and similar computers• Irradiation and electromedical equipment etc.","تركيب المعدات الصناعية الأخرى، مثل: 
 • معدات الإتصالات
 • أجهزة الحاسوب الرئيسية والطرفية
 • معدات الإشعاع والمعدات الكهربائية الطبية",N/A,N/A,
3320.04,Service and Consultancy,332,Dismantling large-scale machinery and equipment,فك الآلات والمعدات الضخمة,N/A,N/A,
3320.05,Service and Consultancy,332,Activities of millwrights,أنشطة ميكانيكا الآلات,N/A,N/A,
3320.06,Service and Consultancy,332,Machine rigging,تركيب آلات الحفر,N/A,N/A,
3320.07,Service and Consultancy,332,Installation of bowling alley equipment,تركيب تجهيزات صالات البولينغ,N/A,N/A,
3320.08,Service and Consultancy,332,Industrial installations inspection consultancy,استشارات فحص المنشآت الصناعية,N/A,N/A,
3320.09,Service and Consultancy,332,"Medical and laboratories equipments and apparatuses installation, maintenance and repairing",تركيب الأجهزة والمعدات الطبية والمخبرية,N/A,N/A,
3811.02,Service and Consultancy,381,Collection of recyclable materials,جمع المواد القابلة للتدوير,N/A,N/A,
3900,Service and Consultancy,390,Remediation activities and other waste management services,أنشطة المعالجة وخدمات إدارة النفايات الأخرى,N/A,N/A,
4321,Service and Consultancy,432,Electrical installation,التركيبات الكهربائية,Sharjah Municipality  / Sharjah Civil Defense Authority,POST,
4321.01,Service and Consultancy,432,"Installation of:• Electrical wiring and fittings• Telecommunications wiring• Computer network and cable television wiring, including fibre optic• Satellite dishes• Lighting systems• Fire alarms• Burglar alarm systems• Street lighting and electrical signals• Airport runway lighting","التركيبات التالية: 
 • مّد الأسلاك والتركيبات الكهربائية
 • مد أسلاك الاتصالات
 • مد شبكات الحاسوب والكابل التليفزيوني، بما في ذلك الأسلاك البصرية
 • الأطباق الساتلية
 • نُظم الإضاءة
 • نُظم الإنذار للحريق
 • نُظم الإنذار للسرقة
 • إضاءة الشوارع والإشارات الكهربائية
 • إضاءة المطارات والمهابط",Sharjah Municipality  / Sharjah Civil Defense Authority,POST,
4321.02,Service and Consultancy,432,"Connecting of electric appliances and household equipment, including baseboard heating",تركيب الأجهزة الكهربائية والمعدات المنزلية، بما في ذلك التدفئة الأرضية,N/A,N/A,
4322,Service and Consultancy,432,"Plumbing, heat and air-conditioning installation",أعمال السباكة والتدفئة وتكييف الهواء,Sharjah Municipality  / Sharjah Civil Defense Authority,POST,
4322.01,Service and Consultancy,432,"Installation in buildings or other construction projects of:• Heating systems (electric, gas and oil)• Furnaces, cooling towers• Non-electric solar energy collectors• Plumbing and sanitary equipment• Ventilation, refrigeration or air-conditioning equipment and ducts• Gas fittings• Steam piping• Fire sprinkler systems• Lawn sprinkler systems","تركيب ما يلي في المباني وغيرها من المشاريع الإنشائية: 
 • نُظم التدفئة (كهرباء، غاز، نفط)
 • الأفران، وأبراج التبريد
 • بطاريات تجميع الطاقة الشمسية غير الكهربائية
 • معدات السباكة والإصحاح
 • معدات التهوئة والتبريد وتكييف الهواء ومجاريها
 • تركيبات الغاز
 • أنابيب البخار
 • نُظم إطفاء الحريق
 • نُظم ري الحدائق",Sharjah Municipality  / Sharjah Civil Defense Authority,POST,
4322.02,Service and Consultancy,432,Duct work installation,تركيب مجاري التوصيلات,N/A,N/A,
4329,Service and Consultancy,432,Other construction installation,تركيبات إنشائية أخرى,Sharjah Municipality,PRE,
4329.01,Service and Consultancy,432,"Installation in buildings or other construction projects of:• Elevators, escalators• Automated and revolving doors• Lightning conductors• Vacuum cleaning systems• Thermal, sound or vibration insulation","تركيب ما يلي في المباني وغيرها من المشاريع الإنشائية: 
 • المصاعد والسلالم المتحركة
 • الأبواب ذاتية الحركة والدوارة 
 • موصلات الإضاءة 
 • نُظم التنظيف بالكنس
 • العزل الحراري أو الصوتي أو عزل الذبذبات",N/A,N/A,
4510.09,Service and Consultancy,451,Electric cars trading,تجارة العربات الكهربائية المتخصصة,N/A,N/A,
4510.12,Service and Consultancy,451,New automobile trading for export,تجارة السيارات الجديدة لاغراض التصدير,N/A,N/A,
4520,Service and Consultancy,452,"Sale, maintenance and repair of motorcycles and related parts and accessories",بيع وصيانة وإصلاح الدراجات النارية وقطع الغيار والملحقات ذات الصلة,N/A,N/A,
4530,Wholesale and Retail,453,Sale of motor vehicle parts and accessories,بيع قطع غيار المركبات ذات المحركات وملحقاتها,N/A,N/A,
4530.01,Wholesale and Retail,453,"Wholesale and retail sale of all kinds of parts, components, supplies, tools and accessoriesfor motor vehicles, such as:• Rubber tires and inner tubes for tires• Spark plugs, batteries, lighting equipment and electrical parts","بيع جميع أنواع قطع الغيار للمركبات ذات المحركات وأجزائها وملحقاتها، وتجهيزاتها ومعداتها، بالجملة والتجزئة، مثل: 
• الإطارات الداخلية والخارجية المطاطية.  
• شمعات الاحتراق والبطاريات وأجهزة الإضاءة وقطع الغيار الكهربائية",N/A,N/A,
4530.02,Service and Consultancy,453,"Trucks, equipment and machinery batteries trading",تجارة بطاريات الشاحنات والمعدات والاليات,N/A,N/A,
4530.03,Service and Consultancy,453,Cars accessories trading,تجارة زينة واكسسوارات السيارات,N/A,N/A,
4530.04,Service and Consultancy,453,Cars additional parts trading,تجارة الأجزاء الاضافية للسيارات,N/A,N/A,
4540.96,Wholesale and Retail,454,Commercial Brokers,وسيط تجاري,N/A,N/A,
4540.99,Service and Consultancy,454,Scooters trading,تجارة الدراجات الكهربائية,N/A,N/A,
4610,Wholesale and Retail,461,Wholesale on a fee or contract basis,البيع بالجملة نظير رسم أو على أساس عقد,N/A,N/A,
4610.01,Wholesale and Retail,461,Activities of commission agents and all other wholesalers who trade on behalf and on the account of others,أنشطة الوكلاء بالعمولة وجميع تجار الجملة الآخرين ممن يتاجرون باسم آخرين ولحسابهم,N/A,N/A,
4610.02,Wholesale and Retail,461,"Activities of those involved in bringing sellers and buyers together or undertaking commercial transactions on behalf of a principal, including on the internet",أنشطة الأشخاص الذين يعملون على الوصل بين البائعين والمشترين أو القيام بمعاملات تجارية باسم بائع رئيسي، بما في ذلك إبرام معاملات عن طريق الإنترنت,N/A,N/A,
4610.03,Wholesale and Retail,461,"Such agents involved in the sale of:• Agricultural raw materials, live animals, textile raw materials and semi-finished goods• Fuels, ores, metals and industrial chemicals, including fertilizers• Food and beverages• Textiles, clothing, fur, footwear and leather goods• Timber and building materials• Machinery, including office machinery and computers, industrial equipment, ships and aircraft• Furniture, household goods and hardware","الوكلاء الذين يعملون في بيع ما يلي: 
• المواد الخام الزراعية، والحيوانات الحية، ومواد النسيج الأولية والسلع شبه كاملة الصنع. 
• الوقود، والخام، والمعادن، والكيميائيات الصناعية، بما في ذلك الأسمدة . 
• الأغذية والمشروبات. 
• المنسوجات، والملبوسات، والفراء، والأحذية والمصنوعات الجلدية. 
• الأخشاب ومواد البناء . 
• الآلات بما في ذلك الآلات المكتبية والحواسيب، والمعدات الصناعية والسفن والطائرات. 
• الأثاث والسلع المنزلية والأدوات المعدنية",Sharjah Municipality/ Sharjah National Oil Corporation/ Sharjah Police Headquarters,POST,
4610.04,Wholesale and Retail,461,Activities of wholesale auctioneering houses,أنشطة بيع الجملة بالمزاد,N/A,N/A,
4610.11,Wholesale and Retail,461,Commercial brokerage services,خدمات الوساطة التجارية,N/A,N/A,
4610.12,Wholesale and Retail,461,Services Broker,وسيط خدمات,N/A,N/A,
4620,Wholesale and Retail,462,Wholesale of agricultural raw materials and live animals,تجارة المواد الخام الزراعية والحيوانات الحية بالجملة,N/A,N/A,
4620.01,Wholesale and Retail,462,Wholesale of grains and seeds,بيع الحبوب والبذور بالجملة,N/A,N/A,
4620.02,Wholesale and Retail,462,Wholesale of oleaginous fruits,بيع الفواكه الزيتية بالجملة,N/A,N/A,
4620.03,Wholesale and Retail,462,Wholesale of flowers and plants,بيع الزهور والنباتات بالجملة,Sharjah Municipality  / Ministry Of Climate Change And Environment,POST,
4620.04,Wholesale and Retail,462,Wholesale of live animals,بيع الحيوانات الحية بالجملة,Sharjah Municipality  / Ministry Of Climate Change And Environment,PRE,
4620.05,Wholesale and Retail,462,Wholesale of hides and skins,بيع الجلود والصلال بالجملة,N/A,N/A,
4620.06,Wholesale and Retail,462,Wholesale of leather,بيع المواد المدبوغة بالجملة,N/A,N/A,
4620.07,Wholesale and Retail,462,"Wholesale of agricultural material, waste, residues and by-products used for animal feed",بيع المواد الزراعية والمخلفات والفضلات والمنتجات الثانوية الزراعية المستخدمة لعلف الحيوان بالجملة,Sharjah Municipality  / Ministry Of Climate Change And Environment,POST,
4620.1,Wholesale and Retail,462,Atural herbs trading,جارة النباتات والأعشاب الطبيعية,N/A,N/A,
4620.11,Wholesale and Retail,462,Wholesale of plants and trees saplings trading,تجارة شتلات الأشجار و النباتات - بالجملة,N/A,N/A,
4620.12,Wholesale and Retail,462,Wholesale trade in soil stabilizers,تجارة مواد تثبيت التربة - بالجملة,N/A,N/A,
4620.14,Wholesale and Retail,462,Wholesale of parks equipment trading,تجارة معدات الحدائق - بالجملة,N/A,N/A,
4630,Wholesale and Retail,463,Wholesale of food and beverages,بيع الأغذية والمشروبات بالجملة,Sharjah City Municipality - Public Health Department,POST,
4630.01,Wholesale and Retail,463,Wholesale of fruit and vegetables,بيع الخضروات والفواكه بالجملة,Sharjah City Municipality - Public Health Department,POST,
4630.02,Wholesale and Retail,463,Wholesale of dairy products,بيع منتجات الألبان بالجملة,Sharjah City Municipality - Public Health Department,POST,
4630.03,Wholesale and Retail,463,Wholesale of eggs and egg products,بيع البيض ومنتجات البيض بالجملة,Sharjah City Municipality - Public Health Department,POST,
4630.04,Wholesale and Retail,463,Wholesale of edible oils and fats of animal or vegetable origin,بيع زيوت الطعام والدهون الحيوانية والدهون النباتية بالجملة,Sharjah City Municipality - Public Health Department,POST,
4630.05,Wholesale and Retail,463,Wholesale of meat and meat products,بيع اللحوم ومنتجات اللحوم بالجملة,Sharjah City Municipality - Public Health Department,POST,
4630.06,Wholesale and Retail,463,Wholesale of fishery products,بيع المنتجات السمكية بالجملة,Sharjah City Municipality - Public Health Department,POST,
4630.07,Wholesale and Retail,463,"Wholesale of sugar, chocolate and sugar confectionery",بيع السكر والشوكولاتة والحلويات بالجملة,Food Control Section - Sharjah Municibality,POST,
4630.08,Wholesale and Retail,463,Wholesale of bakery products,بيع منتجات المخابز بالجملة,Sharjah City Municipality - Public Health Department,POST,
4630.09,Wholesale and Retail,463,Wholesale of beverages,بيع المشروبات بالجملة,Sharjah City Municipality - Public Health Department,POST,
4630.1,Wholesale and Retail,463,"Wholesale of coffee, tea, cocoa and spices",بيع البن والشاي والكاكاو والتوابل بالجملة,Sharjah City Municipality - Public Health Department,POST,
4630.11,Wholesale and Retail,463,Wholesale of feed for pet animals,بيع أغذية الحيوانات الأليفة بالجملة,Sharjah City Municipality - Public Health Department,PRE,
4630.15,Wholesale and Retail,463,Baby food trading,تجارة اغذية الاطفال,Sharjah City Municipality - Public Health Department,Post,
4630.16,Wholesale and Retail,463,Canned and preserved food trading,تجارة المواد الغذائية المعلبة والمحفوظة,N/A,N/A,
4630.17,Wholesale and Retail,463,Flavors & fragrances trading,تجارة المنكهات ومكسبات الطعم,Sharjah Municipality,Post,
4630.22,Wholesale and Retail,463,Wholesale of frozen foodstuff trading,تجارة المواد الغذائية المجمدة - بالجملة,Sharjah Municipality,Post,
4630.28,Wholesale and Retail,463,Wholesale of organic food trading,تجارة المواد الغذائية العضوية - بالجملة,Sharjah Municipality,Post,
4630.44,Wholesale and Retail,463,Flavours & fragrances trading,تجارة المنكهات ومكسبات الطعم,N/A,N/A,
4641,Wholesale and Retail,464,"Wholesale of textiles, clothing and footwear",بيع المنسوجات والملبوسات والأحذية بالجملة,N/A,N/A,
4641.01,Wholesale and Retail,464,Wholesale of yarn,بيع خيوط الغزل بالجملة,N/A,N/A,
4641.02,Wholesale and Retail,464,Wholesale of fabrics,بيع الأقمشة بالجملة,N/A,N/A,
4641.03,Wholesale and Retail,464,Wholesale of household linen etc.,بيع المفروشات المنزلية وغيرها بالجملة,N/A,N/A,
4641.04,Wholesale and Retail,464,"Wholesale of haberdashery: needles, sewing thread etc.",بيع الخردوات بالجملة: إبر وخيوط الحياكة، إلخ,N/A,N/A,
4641.05,Wholesale and Retail,464,"Wholesale of clothing, including sports clothes",بيع الملبوسات بالجملة، بما فيها الملبوسات الرياضية,N/A,N/A,
4641.06,Wholesale and Retail,464,"Wholesale of clothing accessories such as gloves, ties and braces",بيع ملحقات لملبوسات بالجملة، مثل القفازات وربطات العنق وحمالات السراويل,N/A,N/A,
4641.07,Wholesale and Retail,464,Wholesale of footwear,بيع الأحذية بالجملة,N/A,N/A,
4641.08,Wholesale and Retail,464,Wholesale of fur articles,بيع الأصناف المصنوعة من الفراء بالجملة,N/A,N/A,
4641.09,Wholesale and Retail,464,Wholesale of umbrellas,بيع المظلات بالجملة,N/A,N/A,
4641.1,Wholesale and Retail,464,Wax candles trading,تجارة الشموع,N/A,N/A,
4641.30,Wholesale and Retail,464,Ace masks & gloves trading,جارة الاقنعة والقفازات,N/A,N/A,
4649,Wholesale and Retail,464,Wholesale of other household goods,بيع السلع المنزلية الأخرى بالجملة,N/A,N/A,
4649.01,Wholesale and Retail,464,Wholesale of household furniture,بيع الأثاث المنزلي بالجملة,N/A,N/A,
4649.02,Wholesale and Retail,464,Wholesale of household appliances,بيع الأجهزة المنزلية بالجملة,N/A,N/A,
4649.03,Wholesale and Retail,464,Wholesale of consumer electronics:• Radio and TV equipment• CD and DVD players and recorders• Stereo equipment• Video game consoles,"بيع الإلكترونيات الاستهلاكية بالجملة: 
• أجهزة الإذاعة والتليفزيون. 
• أجهزة تشغيل وتسجيل الأقراص الحاسوبية المدمجة وأقراص الفيديو الرقمية والمسجلات. 
• معدات الإستيريو. 
• أجهزة تشغيل ألعاب الفيديو",N/A,N/A,
4649.04,Wholesale and Retail,464,Wholesale of lighting equipment,بيع معدات الإضاءة بالجملة,N/A,N/A,
4649.05,Wholesale and Retail,464,Wholesale of cutlery,بيع أدوات المائدة بالجملة,N/A,N/A,
4649.06,Wholesale and Retail,464,Wholesale of china and glassware,بيع الصيني والزجاجيات بالجملة,N/A,N/A,
4649.07,Wholesale and Retail,464,"Wholesale of woodenware, wickerwork and corkware etc.",بيع الأصناف المصنوعة من الخشب، والأصناف المصنوعة من أماليد مجدولة، والأصناف المصنوعة من الفلين، إلخ، بالجملة,N/A,N/A,
4649.08,Wholesale and Retail,464,Wholesale of pharmaceutical and medical goods,بيع المستحضرات الصيدلانية والسلع الدوائية بالجملة,Ministry of Health,POST,
4649.09,Wholesale and Retail,464,"Wholesale of perfumery cosmetics, beauty products and soaps",بيع العطور ومستحضرات التجميل ومنتجات التجميل والصابون بالجملة,N/A,N/A,
4649.1,Wholesale and Retail,464,Wholesale of bicycles and their parts and accessories,بيع الدراجات وقطع غيارها وملحقاتها بالجملة,N/A,N/A,
4649.11,Wholesale and Retail,464,"Wholesale of stationery, books, magazines and newspapers",بيع الأدوات المكتبية والكتب والمجلات والُصحف بالجملة,UAE Media Council,POST,
4649.12,Wholesale and Retail,464,"Wholesale of photographic and optical goods (e.g. sunglasses, binoculars, magnifying glasses)",بيع السلع الفوتوغرافية والبصرية بالجملة (مثل نظارات الشمس والنظارات المقربة والنظارات المكبرة),N/A,N/A,
4649.13,Wholesale and Retail,464,"Wholesale of recorded audio and video tapes, CDs, DVDs",بيع الشرائط الصوتية والمصورة والأقراص الحاسوبية المدمجة وأقراص الفيديو الرقمية المسجلة بالجملة,UAE Media Council,POST,
4649.14,Wholesale and Retail,464,Wholesale of leather goods and travel accessories,بيع السلع الجلدية ولوازم السفر بالجملة,N/A,N/A,
4649.15,Wholesale and Retail,464,"Wholesale of watches, clocks and jewellery",بيع الساعات بأنواعها والمجوهرات بالجملة,Sharjah Police Headquarters,PRE,
4649.16,Wholesale and Retail,464,"Wholesale of musical instruments, games and toys, sports goods",بيع الأدوات الموسيقية والألعاب واللُعب والأدوات الرياضية بالجملة,N/A,N/A,
4649.21,Wholesale and Retail,464,Wholesale of personal requisites,بيع المتطلبات الشخصية بالجملة,N/A,N/A,
4649.22,Wholesale and Retail,464,Gifts trading,تجارة الهدايا,N/A,N/A,
4649.23,Wholesale and Retail,464,Equipment trading of e-games and entertainment halls,تجارة معدات الألعاب الإلكترونية و قاعات الترفيه,N/A,N/A,
4649.26,Wholesale and Retail,464,"Audio Visual, Recording Equipment & Accessories Trading",تجارة الاجهزة السمعية والمرئية واجهزة التسجيل ولوازمها,N/A,N/A,
4649.32,Wholesale and Retail,464,Wholesale of Photographic Films and Material Trading,تجارة افلام ومواد التصوير الفوتوغرافي - بالجملة,N/A,N/A,
4649.43,Wholesale and Retail,464,"Authentic antiques, artefacts and artworks trading",تجارة المقتنيات والقطع والأعمال الفنية الأصلية,N/A,N/A,
4651,Wholesale and Retail,465,"Wholesale of computers, computer peripheral equipment and software",بيع الحواسيب والمعدات الطرفية للحواسيب والبرمجيات بالجملة,N/A,N/A,
4651.01,Wholesale and Retail,465,Wholesale of computers and computer peripheral equipment,بيع الحواسيب والمعدات الطرفية للحواسيب بالجملة,N/A,N/A,
4651.02,Wholesale and Retail,465,Wholesale of software,بيع البرمجيات بالجملة,N/A,N/A,
4651.17,Wholesale and Retail,465,Wholesale of Specialized Photography Equipment Tools and Outfit Trading,تجارة مواد و لوازم معدات التصوير التخصصي - بالجملة,N/A,N/A,
4651.82,Wholesale and Retail,465,Wholesale of Photographic and Optic Apparatuses Trading,تجارة الأجهزة الفوتوغرافية و البصرية - بالجملة,N/A,N/A,
4652,Wholesale and Retail,465,Wholesale of electronic and telecommunications equipment and parts,بيع المعدات الإلكترونية ومعدات الاتصالات وقطع غيارها بالجملة,UAE Media Council,POST,
4652.01,Wholesale and Retail,465,Wholesale of electronic valves and tubes,بيع الصمامات والأنابيب الإلكترونية بالجملة,N/A,N/A,
4652.02,Wholesale and Retail,465,Wholesale of semiconductor devices,بيع أشباه الموصلات بالجملة,N/A,N/A,
4652.03,Wholesale and Retail,465,Wholesale of microchips and integrated circuits,بيع الرقائق الدقيقة والدارات المتكاملة بالجملة,N/A,N/A,
4652.04,Wholesale and Retail,465,Wholesale of printed circuits,بيع الدارات المطبوعة بالجملة,N/A,N/A,
4652.05,Wholesale and Retail,465,"Wholesale of blank audio and video tapes and diskettes, magnetic and optical disks (CDs, DVDs)",بيع الأشرطة والأقراص السمعية والبصرية غير المسجلة والأقراص المغناطيسية والضوئية (الأقراص الحاسوبية المدمجة وأقراص الفيديو الرقمية) غير المسجلة بالجملة,UAE Media Council,POST,
4652.06,Wholesale and Retail,465,Wholesale of telephone and communications equipment,بيع معدات الهاتف والاتصالات بالجملة,Telecommunications And Digital Government Regulatory Authority (TDRA),PRE,
4653,Wholesale and Retail,465,"Wholesale of agricultural machinery, equipment and supplies",بيع الآلات والمعدات واللوازم الزراعية بالجملة,N/A,N/A,
4653.01,Wholesale and Retail,465,"Wholesale of agricultural machinery and equipment:• Ploughs, manure spreaders, seeders• Harvesters• Threshers• Milking machines• Poultry-keeping machines, bee-keeping machines• Tractors used in agriculture and forestry","بيع الآلات والمعدات الزراعية بالجملة: 
• المحاريث وآلات نثر السماد والبذور. 
• الحصادات. 
• الدراسات. 
• ماكينات الحلب. 
• ماكينات تربية الطيور والنحل. 
• المحاريث المستعملة في الزراعة والحراجة.",N/A,N/A,
4653.02,Wholesale and Retail,465,Lawn mowers however operated,آلات قص الُعشب بغض النظر عن طريقة تشغيلها,N/A,N/A,
4659,Wholesale and Retail,465,Wholesale of other machinery and equipment,بيع الآلات والمعدات الأخرى بالجملة,N/A,N/A,
4659.01,Wholesale and Retail,465,"Wholesale of office machinery and equipment, except computers and computerperipheral equipment",بيع الأثاث والمعدات المكتبية بالجملة، فيما عدا الحواسيب والمعدات الطرفية للحواسيب,N/A,N/A,
4659.02,Wholesale and Retail,465,Wholesale of office furniture,بيع الأثاث المكتبي بالجملة,N/A,N/A,
4659.03,Wholesale and Retail,465,"Wholesale of transport equipment except motor vehicles, motorcycles and bicycles",بيع معدات النقل بالجملة، فيما عدا المركبات ذات المحركات والدراجات النارية والدراجات العادية,N/A,N/A,
4659.04,Wholesale and Retail,465,Wholesale of production-line robots,بيع روبوت خط الإنتاج بالجملة,N/A,N/A,
4659.05,Wholesale and Retail,465,Wholesale of wires and switches and other installation equipment for industrial use,بيع الأسلاك والقواطع ومعدات التركيب الأخرى للاستخدام الصناعي بالجملة,N/A,N/A,
4659.06,Wholesale and Retail,465,"Wholesale of other electrical material such as electrical motors, transformers",بيع المواد الكهربائية الأخرى بالجملة، مثل المحركات الكهربائية والمحولات,Telecommunications and Digital Government Regulatory Authority (TDRA),POST,
4659.07,Wholesale and Retail,465,Wholesale of machine tools of any type and for any material,بيع أدوات الورش من أي نوع وأي مواد بالجملة,N/A,N/A,
4659.08,Wholesale and Retail,465,"Wholesale of other machinery n.e.c. for use in industry, trade and navigation and other services",بيع الآلات الأخرى غير المصنفة في موضع آخر بالجملة، لاستخدام الصناعة أو التجارة أو الملاحة أو الخدمات الأخرى,N/A,N/A,
4659.09,Wholesale and Retail,465,Wholesale of computer-controlled machine tools,بيع أدوات الورش التي تدار بالحاسوب بالجملة,N/A,N/A,
4659.1,Wholesale and Retail,465,Wholesale of computer-controlled machinery for the textile industry and of computer controlled sewing and knitting machines,بيع الآلات التي تدار بالحاسوب لأغراض صناعة النسيج والحياكة والتطريز بالجملة,N/A,N/A,
4659.11,Wholesale and Retail,465,Wholesale of measuring instruments and equipment,بيع أدوات ومعدات القياس بالجملة,N/A,N/A,
4659.14,Wholesale and Retail,465,Heavy equipment and machinery spare parts trading,تجارة قطع غيار المعدات والآلات الثقيلة,N/A,N/A,
4659.19,Wholesale and Retail,465,"Refrigerators , washing machines & household electrical appliances trading",تجارة الثلاجات والغسالات والاجهزة الكهربائية المنزلية,N/A,N/A,
4659.28,Wholesale and Retail,465,Wholesale of shipment containers trading,تجارة حاويات الشحن - بالجملة,N/A,N/A,
4659.34,Wholesale and Retail,465,Wholesale of false ceiling trading,تجارة الأسقف المستعارة - بالجملة,N/A,N/A,
4659.35,Wholesale and Retail,465,"Wholesale of building sand, pebbles and stones trading",تجارة الرمل والحصى واحجار البناء - بالجملة,N/A,N/A,
4659.36,Wholesale and Retail,465,Wholesale of glass and mirror trading,تجارة الزجاج و المرايا - بالجملة,N/A,N/A,
4659.38,Wholesale and Retail,465,Wire and cable trade - wholesale,تجارة الاسلاك والكابلات - بالجملة,N/A,N/A,
4659.4,Wholesale and Retail,465,Wholesale of décor and partition material trading,جارة مواد الديكور و الفواصل - بالجملة,N/A,N/A,
4659.46,Wholesale and Retail,465,"Wholesale of accessories and supplies animals, birds",تجارة إكسسوارات ولوازم الحيونات والطيور - بالجملة,N/A,N/A,
4659.52,Wholesale and Retail,465,Wholesale of cosmetics equipment and tools,تجارة معدات وأدوات التجميل -  بالجملة,N/A,N/A,
4659.56,Wholesale and Retail,465,Wholesale of spare parts trading of machines and motors,تجارة قطع غيار المكائن والمحركات - بالجملة,N/A,N/A,
4659.6,Wholesale and Retail,465,Terilization equipment and devices trading,جارة معدات وأجهزة التعقيم,N/A,N/A,
4661.06,Wholesale and Retail,466,Lubricants & grease trading,تجارة الشحوم وزيوت التزليق,N/A,N/A,
4662,Wholesale and Retail,466,Wholesale of metals and metal ores except gold and other precious metals,بيع المعادن وركازات المعادن بالجملة باستثناء الذهب وغيره من المعادن الثمينة,N/A,N/A,
4662.01,Wholesale and Retail,466,Wholesale of ferrous and non-ferrous metal ores,بيع ركازات المعادن الحديدية وغير الحديدية بالجملة,N/A,N/A,
4662.02,Wholesale and Retail,466,Wholesale of ferrous and non-ferrous metals in primary forms,بيع المعادن الحديدية وغير الحديدية بالجملة في شكلها الأولي,N/A,N/A,
4662.03,Wholesale and Retail,466,Wholesale of ferrous and non-ferrous semi-finished metal products n.e.c.,بيع المنتجات المعدنية الحديدية وغير الحديدية شبه المصنعة غير المصنفة في موضع آخر بالجملة,N/A,N/A,
4663,Wholesale and Retail,466,"Wholesale of construction materials, hardware, plumbing and heating equipment and supplies",بيع مواد البناء والمواد الإنشائية المعدنية ومعدات السباكة والتدفئة ولوازمها بالجملة,N/A,N/A,
4663.01,Wholesale and Retail,466,Wholesale of wood in the rough,بيع الخشب غير المصقول بالجملة,N/A,N/A,
4663.02,Wholesale and Retail,466,Wholesale of products of primary processing of wood,بيع المنتجات الخشبية المعالجة أّوليا بالجملة,N/A,N/A,
4663.03,Wholesale and Retail,466,Wholesale of paint and varnish,بيع الطلاء والورنيش بالجملة,N/A,N/A,
4663.04,Wholesale and Retail,466,"Wholesale of construction materials:• Sand, gravel","بيع مواد البناء بالجملة: 
• الرمال والحصى.",N/A,N/A,
4663.05,Wholesale and Retail,466,Wholesale of wallpaper and floor coverings,بيع أوراق الحائط وكسوة الأرضيات بالجملة,N/A,N/A,
4663.06,Wholesale and Retail,466,Wholesale of flat glass,بيع ألواح الزجاج بالجملة,N/A,N/A,
4663.07,Wholesale and Retail,466,Wholesale of hardware and locks,بيع الأدوات الحديدية والأقفال بالجملة,N/A,N/A,
4663.08,Wholesale and Retail,466,Wholesale of fittings and fixtures,بيع التركيبات والملحقات بالجملة,N/A,N/A,
4663.09,Wholesale and Retail,466,Wholesale of hot water heaters,بيع سخانات المياه بالجملة,N/A,N/A,
4663.1,Wholesale and Retail,466,"Wholesale of sanitary equipment:• Baths, washbasins, toilets and other sanitary porcelain","بيع الأدوات الصحية بالجملة: 
• الحمامات والأحواض والمراحيض وغيرها من الأدوات الصحية الرخامية.",N/A,N/A,
4663.11,Wholesale and Retail,466,"Wholesale of sanitary installation equipment:tubes, pipes, fittings, taps, t-pieces, connections, rubber pipes etc.",بيع التركيبات الصحية بالجملة: الأنابيب وتركيباتها والصنابير وقطع الوصل والأنابيب المطاطية، إلخ,N/A,N/A,
4663.12,Wholesale and Retail,466,"Wholesale of tools such as hammers, saws, screwdrivers and other hand tools",بيع الُعدد بالجملة مثل الشواكيش والمناشير والمفكات و غيرها من الأدوات اليدوية,N/A,N/A,
4663.20,Wholesale and Retail,466,Wholesale of crystal products trading,تجارة منتجات البلور (الكريستال) بالجملة,N/A,N/A,
4663.26,Wholesale and Retail,466,Central ventilators & air filters trading,تجارة معدات التهوية وتنقية الهواء المركزية,N/A,N/A,
4663.29,Wholesale and Retail,466,Engines & machinery spare parts trading,تجارة قطع غيار المكائن والمحركات,N/A,N/A,
4663.31,Wholesale and Retail,466,Printing Equipment & Instruments Trading,تجارة معدات الطباعة ولوازمها,N/A,N/A,
4663.32,Wholesale and Retail,466,Water treatment equipment trading,تجارة معدات معالجة المياه وتنقيتها,N/A,N/A,
4663.36,Wholesale and Retail,466,Construction equipment & machinery trading,تجارة معدات واليات التشييد والبناء,N/A,N/A,
4663.43,Wholesale and Retail,466,Abrasive and minerals trading,تجارة المواد الكاشطة والمعادن,N/A,N/A,
4668,Wholesale and Retail,466,"Wholesale of Gold, Precious Metals and Precious Stones",بيع الذهب و المعادن الثمينة و الأحجار الثمينة بالجملة,N/A,N/A,
4668.01,Wholesale and Retail,466,Wholesale of gold and other precious metals,بيع الذهب وغيره من المعادن الثمينة بالجملة,Sharjah Police Headquarters,POST,
4668.02,Wholesale and Retail,466,Wholesale of precious stones,بيع الأحجار الثمينة بالجملة,Sharjah Police Headquarters,POST,
4669,Wholesale and Retail,466,"Wholesale of plastic materials, rubber, textile fibres, paper in bulk",بيع بالجملة:  اللدائن، المطاط، الورق، الألياف النسيجية وغيرها,Sharjah Municipalty / Sharjah Police Headquarters,POST,
4669.02,Wholesale and Retail,466,Wholesale of fertilizers and agrochemical products,بيع الأسمدة والمنتجات الكيميائية الزراعية - بالجملة,MOCCAE,Post,
4669.03,Wholesale and Retail,466,Wholesale of plastic materials,بيع اللدائن  بالجملة,N/A,N/A,
4669.04,Wholesale and Retail,466,Wholesale of rubber,بيع المطاط بالجملة,N/A,N/A,
4669.05,Wholesale and Retail,466,Wholesale of textile fibres etc.,بيع الألياف النسيجية وغيرها بالجملة,N/A,N/A,
4669.06,Wholesale and Retail,466,Wholesale of paper in bulk,بيع الورق بالجملة,N/A,N/A,
4669.08,Wholesale and Retail,466,"Wholesale of metal and non-metal waste and scrap and materials for recycling, including collecting, sorting, separating, stripping of used goods such as cars in order to obtain reusable parts, packing and repacking, storage and delivery, but without a real transformation process. additionally, the purchased and sold waste has a remaining value.",البيع بالجملة للنفايات المعدنية والخردة وغيرها من المواد بغرض إعادة التدوير، بما في ذلك جمع وفرز وفصل وتفكيك السلع المستعملة مثل السيارات للحصول على أجزاء قابلة للاستخدام من جديد، والتعبئة وإعادة التعبئة والتخزين والتسليم، دون إجراء أي عملية تحويل حقيقية. وإضافة إلى ذلك، تكون للنفايات المشتراة والمباعة قيمة متبقية,Sharjah Municipality Environmental Services Department,POST,
4669.09,Wholesale and Retail,466,"Dismantling of automobiles, computers, televisions and other equipment to obtainand re-sell usable parts",تفكيك السيارات بعد انتهاء عمرها الافتراضي، والحواسيب، وأجهزة التليفزيون، وغيرها من المعدات، للحصول على قطع غيار قابلة للاستخدام وإعادة بيعها,N/A,N/A,
4669.11,Service and Consultancy,466,Trading of carbon credits,تجارة أرصدة الكربون,Ministry of Climate Change and Environment,PRE,
4690,Wholesale and Retail,469,Non-specialized wholesale trade,تجارة الجملة غير المتخصصة,N/A,N/A,
4690.01,Wholesale and Retail,469,Wholesale of a variety of goods without any particular specialization,البيع بالجملة لطائفة من السلع دون تخصص معين,N/A,N/A,
4690.97,Wholesale and Retail,469,General Trading,التجارة العامة,N/A,N/A,
4711,Wholesale and Retail,471,Retail sale in non-specialized stores with food or beverages predominating,البيع بالتجزئة في المتاجر غير المتخصصة التي تبيع الأطعمة والمشروبات أساساً,Sharjah City Municipality - Public Health Department,POST,
4711.01,Wholesale and Retail,471,"Retail sale of a large variety of goods of which, however, food products and beverages should be predominant, such as:• Retail sale activities of general stores that have, apart from their main sales of food products and beverages, several other types of goods such as wearing apparel, furniture, appliances, hardware, cosmetics etc.","البيع بالتجزئة لمجموعة متنوعة من السلع، يتعين أن تكون المنتجات الغذائية أو المشروبات هي السلع السائدة فيها، مثل: 
• أنشطة البيع بالتجزئة التي تقوم بها المتاجر العامة التي تعرض، إلى جانب مبيعاتها الأساسية من المنتجات الغذائية و المشروبات، أنواعا أخرى من السلع مثل الملبوسات والأثاث والأدوات والأجهزة المنزلية، ومستحضرات التجميل وما إليها",Sharjah City Municipality - Public Health Department,POST,
4719,Wholesale and Retail,471,Other retail sale in non-specialized stores,أنواع البيع الأخرى بالتجزئة في المتاجر غير المتخصصة,N/A,N/A,
4719.01,Wholesale and Retail,471,"Retail sale of a large variety of goods of which, however, food products and beverages should be predominant, such as:• Retail sale activities of department stores carrying a general line of goods, including wearing apparel, furniture, appliances, hardware, cosmetics, jewellery, toys, sports goods etc.","البيع بالتجزئة لمجموعة واسعة من السلع لا تغلب عليها المنتجات الغذائية والمشروبات، مثل: 
•أنشطة البيع بالتجزئة في المتاجر الكبرى التي تبيع أصنافا مختلفة من السلع، بما فيها الملبوسات والأثاث والأجهزة والأدوات ومستحضرات التجميل والمجوهرات واللعب والأدوات الرياضية، إلخ",Sharjah Civil Defence Authority / Sharjah Police Headquarters,POST,
4721,Wholesale and Retail,472,Retail sale of food in specialized stores,بيع الأغذية بالتجزئة في المتاجر المتخصصة,Sharjah City Municipality - Public Health Department,POST,
4721.01,Wholesale and Retail,472,"Retail sale of any the following types of goods:• Fresh or preserved fruit and vegetables• Dairy products and eggs• Meat and meat products (including poultry)• Fish, other seafood and products thereof• Bakery products• Sugar confectionery• Other food products","بيع أٍي من أنواع السلع الآتية بالتجزئة: 
• الفواكه والخضروات الطازجة أو المحفوظة. 
• منتجات الألبان والبيض. 
• اللحوم ومنتجات اللحوم (بما في ذلك الدواجن). 
• الأسماك وغيرها من المأكولات البحرية ومنتجاتها. 
• منتجات المخابز. 
• الحلويات السكرية. 
• منتجات غذائية أخرى.",N/A,N/A,
4722,Wholesale and Retail,472,Retail sale of beverages in specialized stores,بيع المشروبات بالتجزئة في المتاجر المتخصصة,Sharjah City Municipality - Public Health Department,POST,
4722.01,Wholesale and Retail,472,Retail sale of beverages (not for consumption on the premises):• Non-alcoholic beverages,بيع المشروبات بالتجزئة (ليس للاستهلاك في المحل): •المشروبات غير الكحولية,Sharjah City Municipality - Public Health Department,POST,
4741,Wholesale and Retail,474,"Retail sale of computers, peripheral units, software and telecommunications equipment in specialized stores",بيع الحواسيب والمعدات الطرفية للحواسيب، والبرمجيات، ومعدات الاتصالات بالتجزئة في المتاجر المتخصصة,N/A,N/A,
4741.01,Wholesale and Retail,474,Retail sale of computers,بيع الحواسيب بالتجزئة,N/A,N/A,
4741.02,Wholesale and Retail,474,Retail sale of computer peripheral equipment,بيع المعدات الطرفية للحواسيب بالتجزئة,N/A,N/A,
4741.03,Wholesale and Retail,474,Retail sale of video game consoles,بيع أجهزة ألعاب الفيديو بالتجزئة,N/A,N/A,
4741.04,Wholesale and Retail,474,"Retail sale of non-customized software, including video games",بيع البرمجيات غير المعدة بناًء على الطلب بالتجزئة، بما في ذلك ألعاب الفيديو,N/A,N/A,
4741.05,Wholesale and Retail,474,Retail sale of telecommunication equipment,بيع معدات الاتصالات بالتجزئة,Telecommunications And Digital Government Regulatory Authority (TDRA),PRE,
4742,Wholesale and Retail,474,Retail sale of audio and video equipment in specialized stores,البيع بالتجزئة للمعدات السمعية والبصرية في المتاجر المتخصصة,N/A,N/A,
4742.01,Wholesale and Retail,474,Retail sale of radio and television equipment,بيع معدات الراديو والتليفزيون بالتجزئة,N/A,N/A,
4742.02,Wholesale and Retail,474,Retail sale of stereo equipment,بيع معدات الاستيريو بالتجزئة,N/A,N/A,
4742.03,Wholesale and Retail,474,Retail sale of CD and DVD players and recorders,بيع أجهزة تشغيل الأقراص الحاسوبية المدمجة وأقراص الفيديو الرقمية بالتجزئة,N/A,N/A,
4751,Wholesale and Retail,475,Retail sale of textiles in specialized stores,بيع المنسوجات بالتجزئة في المتاجر المتخصصة,N/A,N/A,
4751.01,Wholesale and Retail,475,Retail sale of fabrics,بيع الأقمشة بالتجزئة,N/A,N/A,
4751.02,Wholesale and Retail,475,Retail sale of knitting yarn,بيع غزل التريكو بالتجزئة,N/A,N/A,
4751.03,Wholesale and Retail,475,"Retail sale of basic materials for rug, tapestry or embroidery making",بيع المواد الأساسية المستخدمة ُفي صنع السجاد أو البُسط أو المطرزات بالتجزئة,N/A,N/A,
4751.04,Wholesale and Retail,475,Retail sale of textiles,بيع المنسوجات بالتجزئة,N/A,N/A,
4751.05,Wholesale and Retail,475,"Retail sale of haberdashery: needles, sewing thread etc.",بيع الخردوات بالتجزئة: الإبر وخيوط الحياكة، إلخ,N/A,N/A,
4752,Wholesale and Retail,475,"Retail sale of hardware, paints and glass in specialized stores",بيع الأدوات المعدنية والطلاء والزجاج بالتجزئة في المتاجر المتخصصة,N/A,N/A,
4752.01,Wholesale and Retail,475,Retail sale of hardware,بيع الأدوات المعدنية بالتجزئة,N/A,N/A,
4752.02,Wholesale and Retail,475,"Retail sale of paints, varnishes and lacquers",بيع الدهانات والطلاءات والورنيشات بالتجزئة,N/A,N/A,
4752.03,Wholesale and Retail,475,Retail sale of flat glass,بيع ألواح الزجاج بالتجزئة,N/A,N/A,
4752.04,Wholesale and Retail,475,"Retail sale of other building material such as bricks, wood, sanitary equipment",بيع مواد البناء الأخرى بالتجزئة، مثل الطوب والخشب والمعدات الصحية,N/A,N/A,
4752.05,Wholesale and Retail,475,Retail sale of do-it-yourself material and equipment,بيع المواد والمعدات التي يستعملها الشخص بنفسه بالتجزئة,N/A,N/A,
4752.06,Wholesale and Retail,475,"Retail sale of lawnmowers, however operated",بيع آلات قص الحشائش بالتجزئة، أيا كانت وسيلة تشغيلها,N/A,N/A,
4752.07,Wholesale and Retail,475,Retail sale of saunas,بيع حمامات الساونا بالتجزئة,N/A,N/A,
4752.95,Wholesale and Retail,475,Waste paper trading,تجارة مخلفات الورق,N/A,N/A,
4753,Wholesale and Retail,475,"Retail sale of carpets, rugs, wall and floor coverings in specialized stores",بيع السجاد والبُسط وكسوة الأرضيات والحوائط بالتجزئة في المحلات المتخصصة,N/A,N/A,
4753.01,Wholesale and Retail,475,Retail sale of carpets and rugs,بيع السجاد والبُسط بالتجزئة,N/A,N/A,
4753.02,Wholesale and Retail,475,Retail sale of curtains and net curtains,بيع الستائر والستائر المحبوكة بالتجزئة,N/A,N/A,
4753.03,Wholesale and Retail,475,Retail sale of wallpaper and floor coverings,بيع كسوة الأرضيات وورق الحائط بالتجزئة,N/A,N/A,
4759,Wholesale and Retail,475,"Retail sale of electrical household appliances, furniture, lighting equipment and other household articles in specialized stores",البيع بالتجزئة للأجهزة الكهربائية المنزلية والأثاث ومعدات الإضاءة وغيرها من الأصناف المنزلية في المتاجر المتخصصة,N/A,N/A,
4759.01,Wholesale and Retail,475,Retail sale of household furniture,بيع الأثاث المنزلي بالتجزئة,N/A,N/A,
4759.02,Wholesale and Retail,475,Retail sale of articles for lighting,بيع أدوات الإضاءة بالتجزئة,N/A,N/A,
4759.03,Wholesale and Retail,475,"Retail sale of household utensils and cutlery, crockery, glassware, china and pottery",بيع الأواني المنزلية وأدوات المائدة والخزفيات والأواني الزجاجية والصيني والأواني الفخارية بالتجزئة,N/A,N/A,
4759.04,Wholesale and Retail,475,"Retail sale of wooden, cork and wickerwork goods",بيع السلع الخشبية والمصنوعة من الفلّين والخوص بالتجزئة,N/A,N/A,
4759.05,Wholesale and Retail,475,Retail sale of household appliances,بيع الأجهزة المنزلية بالتجزئة,N/A,N/A,
4759.06,Wholesale and Retail,475,Retail sale of musical instruments and scores,بيع الأدوات الموسيقية والمدّونات الموسيقية بالتجزئة,N/A,N/A,
4759.07,Wholesale and Retail,475,"Retail sale of security systems, such as locking devices, safes, and vaults, without installation or maintenance services",بيع أجهزة الأمان بالتجزئة، مثل الأقفال والخزائن، دون تركيب أو خدمات صيانة,N/A,N/A,
4759.08,Wholesale and Retail,475,Retail sale of household articles and equipment n.e.c.,البيع بالتجزئة للأدوات والمعدات المنزلية، غير المصنفة في موضع آخر,N/A,N/A,
4759.09,Wholesale and Retail,475,Light fitting & fixtures trading,تجارة ادوات الانارة ولوازمها,N/A,N/A,
4761,Wholesale and Retail,476,"Retail sale of books, newspapers and stationary in specialized stores",بيع الكتب والصحف والأدوات الكتابية بالتجزئة في المتاجر المتخصصة,UAE Media Council,POST,
4761.01,Wholesale and Retail,476,Retail sale of books of all kinds,بيع الكتب بالتجزئة من جميع الأنواع,UAE Media Council,POST,
4761.02,Wholesale and Retail,476,Retail sale of newspapers and stationery,بيع الصحف والمجلات والأدوات الكتابية بالتجزئة,UAE Media Council,POST,
4761.03,Wholesale and Retail,476,"Retail sale of office supplies such as pens, pencils, paper etc.",بيع التجهيزات المكتبية بالتجزئة، مثل أقلام الحبر والرصاص والأوراق، إلخ,N/A,N/A,
4762,Wholesale and Retail,476,Retail sale of music and video recordings in specialized stores,بيع التسجيلات الموسيقية وتسجيلات الفيديو بالتجزئة في المتاجر المتخصصة,UAE Media Council,POST,
4762.01,Wholesale and Retail,476,"Retail sale of musical records, audio tapes, compact discs and cassettes",بيع الأسطوانات والشرائط والأقراص والكاسيتات الموسيقية بالتجزئة,UAE Media Council,POST,
4762.02,Wholesale and Retail,476,Retail sale of video tapes and DVDs,بيع شرائط الفيديو وأقراص الفيديو الرقمية بالتجزئة,N/A,N/A,
4762.03,Wholesale and Retail,476,Retail sale of blank tapes and discs,بيع الشرائط والأقراص غير المسّجلة بالتجزئة,N/A,N/A,
4763,Wholesale and Retail,476,Retail sale of sporting equipment in specialized stores,بيع الأدوات الرياضية بالتجزئة في المتاجر المتخصصة,N/A,N/A,
4763.01,Wholesale and Retail,476,"Retail sale of sports goods, fishing gear, camping goods, boats and bicycles",البيع بالتجزئة للأدوات الرياضية وأدوات الصيد وأدوات المخيّمات والزوارق والدّراجات,N/A,N/A,
4764,Wholesale and Retail,476,Retail sale of games and toys in specialized stores,بيع الألعاب والّلعب بالتجزئة في المتاجر المتخصصة,N/A,N/A,
4764.01,Wholesale and Retail,476,"Retail sale of games and toys, made of all materials",بيع الألعاب واللُعب بالتجزئة، أيا كانت المادة المصنوعة منها,N/A,N/A,
4771,Wholesale and Retail,477,"Retail sale of clothing, footwear and leather articles in specialized stores",بيع الملبوسات والأحذية والأصناف الجلدية بالتجزئة في المتاجر المتخصصة,N/A,N/A,
4771.01,Wholesale and Retail,477,Retail sale of articles of clothing,بيع أصناف معينة من الملبوسات بالتجزئة,N/A,N/A,
4771.02,Wholesale and Retail,477,Retail sale of articles of fur,بيع أصناف معينة من الفراء بالتجزئة,N/A,N/A,
4771.03,Wholesale and Retail,477,"Retail sale of clothing accessories such as gloves, ties, braces etc.",بيع ملحقات الملبوسات بالتجزئة، مثل القفازات وأربطة العنق وحمالات السراويل وما إليها,N/A,N/A,
4771.04,Wholesale and Retail,477,Retail sale of umbrellas,بيع المظلات بالتجزئة,N/A,N/A,
4771.05,Wholesale and Retail,477,Retail sale of footwear,بيع الأحذية بالتجزئة,N/A,N/A,
4771.06,Wholesale and Retail,477,Retail sale of leather goods,بيع المنتجات الجلدية بالتجزئة,N/A,N/A,
4771.07,Wholesale and Retail,477,Retail sale of travel accessories of leather and leather substitutes,بيع مستلزمات السفر من الجلود وبدائل الجلود بالتجزئة,N/A,N/A,
4772,Wholesale and Retail,477,"Retail sale of pharmaceutical and medical goods, cosmetic and toilet articles in specialized stores",بيع المنتجات الصيدلانية والطبية ومستحضرات التجميل وأدوات الزينة بالتجزئة في متاجر متخصصة,Ministry of Health / Sharjah Municipality,PRE,
4772.01,Wholesale and Retail,477,Retail sale of pharmaceuticals,بيع المواد الصيدلانية بالتجزئة,Ministry of Health / Sharjah Municipality,PRE,
4772.02,Wholesale and Retail,477,Retail sale of medical and orthopedic goods,بيع السلع الطبية والتعويضية بالتجزئة,Ministry of Health / Sharjah Municipality,PRE,
4772.03,Wholesale and Retail,477,Retail sale of perfumery and cosmetic articles,بيع العطور ومستحضرات التجميل بالتجزئة,N/A,N/A,
4773,Wholesale and Retail,477,Other retail sale of new goods in specialized stores,بيع البضائع الجديدة الأخرى بالتجزئة في متاجر متخصصة,N/A,N/A,
4773.01,Wholesale and Retail,477,"Retail sale of photographic, optical and precision equipment",بيع المعدات الفوتوغرافية والبصرية والمعدات الدقيقة بالتجزئة,N/A,N/A,
4773.02,Wholesale and Retail,477,Activities of opticians,أنشطة المتخصصين في مجال البصريات,Ministry of Health,PRE,
4773.04,Wholesale and Retail,477,"Retail sale of flowers, plants, seeds, fertilizers and pet food",بيع الزهور والنباتات والبذور والأسمدة وأغذية الحيوانات الأليفة بالتجزئة,Sharjah Municipality,POST,
4773.05,Wholesale and Retail,477,Retail sale of souvenirs and craftwork,بيع الهدايا التذكارية ومنتجات الحرف اليدوية بالتجزئة,N/A,N/A,
4773.06,Wholesale and Retail,477,Activities of commercial art galleries,أنشطة المعارض الفنية التجارية,N/A,N/A,
4773.08,Wholesale and Retail,477,Retail sale of cleaning materials,بيع أدوات التنظيف بالتجزئة,N/A,N/A,
4773.09,Wholesale and Retail,477,Retail sale of stamps and coins,بيع طوابع البريد والعملات بالتجزئة,N/A,N/A,
4773.1,Wholesale and Retail,477,Retail sale of non-food products n.e.c.,بيع المنتجات غير الغذائية غير المصنفة موضع آخر بالتجزئة,N/A,N/A,
4773.19,Wholesale and Retail,477,Detergents trading,تجارة المنظفات,Sharjah Municipality,POST,
4774,Wholesale and Retail,477,Retail sale of second-hand goods,بيع البضائع المستعملة بالتجزئة,N/A,N/A,
4774.01,Wholesale and Retail,477,Retail sale of second-hand books,بيع الكتب المستعملة بالتجزئة,N/A,N/A,
4774.02,Wholesale and Retail,477,Retail sale of other second-hand goods,بيع السلع الأخرى المستعملة بالتجزئة,N/A,N/A,
4774.03,Wholesale and Retail,477,Retail sale of antiques,بيع التحف القديمة بالتجزئة,N/A,N/A,
4774.04,Wholesale and Retail,477,Activities of auctioning houses (retail),أنشطة بيوت المزادات (بالتجزئة),N/A,N/A,
4781,Wholesale and Retail,478,Retail sale via stalls and markets of food and beverages,بيع الأغذية والمشروبات بالتجزئة في الأكشاك والأسواق,Sharjah Municipality,PRE,
4781.01,Wholesale and Retail,478,Retail sale of food and beverages via stalls or markets,بيع الأغذية والمشروبات في الأكشاك والأسواق بالتجزئة,Sharjah Municipality,PRE,
4782,Wholesale and Retail,478,"Retail sale via stalls and markets of textiles, clothing and footwear",بيع المنسوجات والملبوسات والأحذية بالتجزئة في الأكشاك والأسواق,N/A,N/A,
4782.01,Wholesale and Retail,478,"Retail sale of textiles, clothing and footwear via stalls or markets",بيع المنسوجات والملبوسات والأحذية بالتجزئة في الأكشاك والأسواق,N/A,N/A,
4789,Wholesale and Retail,478,Retail sale via stalls and markets of other goods,بيع السلع الأخرى بالتجزئة في الأكشاك والأسواق,N/A,N/A,
4789.01,Wholesale and Retail,478,"Retail sale of other goods via stalls or markets, such as:• Carpets and rugs• Books• Games and toys• Household appliances and consumer electronics• Music and video recordings","بيع السلع الأخرى بالتجزئة في الأكشاك والأسواق، مثل: 
• البُسط والسجاد
• الكتب
• الألعاب والّلعب
• الأجهزة المنزلية والأجهزة الإلكترونية الاستهلاكية
• التسجيلات الموسيقية وتسجيلات الفيديو",N/A,N/A,
4791,Wholesale and Retail,479,Retail sale via mail order houses or via Internet,البيع بالتجزئة عن طريق بيوت تنفيذ طلبات الشراء أو عن طريق الإنترنت,N/A,N/A,
4791.01,Wholesale and Retail,479,Retail sale of any kind of product by mail order,بيع أي نوع من أنواع المنتجات بالتجزئة عن طريق البريد,N/A,N/A,
4791.02,Wholesale and Retail,479,Retail sale of any kind of product over the internet,بيع أي نوع من أنواع المنتجات بالتجزئة عن طريق الانترنت,N/A,N/A,
4791.03,Wholesale and Retail,479,Direct sale via television and radio,البيع المباشر عن طريق التليفزيون والإذاعة,N/A,N/A,
4791.04,Wholesale and Retail,479,Internet retail auctions,مزادات البيع بالتجزئة على الإنترنت,N/A,N/A,
4791.09,Wholesale and Retail,479,"E-trading of jewellery, pearls, and precious stones",تجارة إلكترونية للمجوهرات واللؤلؤ والأحجار الكريمة,N/A,N/A,
4791.1,Wholesale and Retail,479,E-commerce through websites,المتاجرة الإلكترونية من خلال المواقع الإلكترونية,N/A,N/A,
4799,Wholesale and Retail,479,"Other retail sale not in stores, stalls or markets",أنواع البيع بالتجزئة الأخرى خارج المتاجر والأكشاك والأسواق,N/A,N/A,
4799.01,Wholesale and Retail,479,Retail sale of any kind of product:• By direct sales or door-to-door sales persons• Through vending machines etc.,"بيع أي نوع من المنتجات بالتجزئة: 
• بالبيع المباشر أو عن طريق البائعين الجوالين
• من خلال ماكينات البيع وما إليها",N/A,N/A,
4799.02,Wholesale and Retail,479,"Direct selling of fuel (heating oil, fire wood etc.), delivered directly to the customers premises",البيع المباشر للوقود (زيت التدفئة وخشب الوقود وما إليهما) ، وتوصيله مباشرة إلى أماكن الزبائن,N/A,N/A,
4799.03,Wholesale and Retail,479,Activities of non-store auctions (retail),أنشطة المزادات في غير المتاجر (بالتجزئة),N/A,N/A,
4799.04,Wholesale and Retail,479,Retail sale by (non-store) commission agents,البيع بالتجزئة عن طريق عملاء بالعمولة (في غير المتاجر),N/A,N/A,
5210.04,Service and Consultancy,521,Self storage services,خدمات التخزين الذاتي,N/A,N/A,
5220,Service and Consultancy,522,Support activities for transportation,الأنشطة الداعمة للنقل,N/A,N/A,
5224,Service and Consultancy,522,Cargo handling,مناولة البضائع,N/A,N/A,
5224.01,Service and Consultancy,522,Loading and unloading of goods or passengers’ luggage irrespective of the mode of transport used for transportation,شحن وتفريغ البضائع أو حقائب الركاب بغض النظر عن طريقة النقل المستعملة,N/A,N/A,
5224.02,Service and Consultancy,522,Stevedoring,شحن السفن أو تفريغها,N/A,N/A,
5224.03,Service and Consultancy,522,Loading and unloading of freight railway cars,تحميل وتفريغ عربات البضائع على السكك الحديدية,N/A,N/A,
5224.98,Service and Consultancy,522,Cargo packaging,خدمات حزم البضائع,N/A,N/A,
5229,Service and Consultancy,522,Other transportation support activities,أنشطة دعم النقل الأخرى,N/A,N/A,
5229.01,Service and Consultancy,522,Forwarding of freight,إرسال البضائع,N/A,N/A,
5229.02,Service and Consultancy,522,"Arranging or organizing of transport operations by rail, road, sea or air",ترتيب أو تنظيم عمليات النقل بالسكك الحديدية والنقل البري والبحري والجوي,N/A,N/A,
5229.03,Service and Consultancy,522,Organization of group and individual consignments (including pickup and delivery of goods and grouping of consignments),تنظيم الشحنات الجماعية والفردية (بما في ذلك تسلم البضائع وتوصيلها و تجميع الشحنات),N/A,N/A,
5229.04,Service and Consultancy,522,"Logistics activities, i.e. planning, designing and supporting operations of transportation, warehousing and distribution",الأنشطة اللوجستية، أي عمليات التخطيط والتصميم والعمليات الداعمة للنقل والتخزين والتوزيع,N/A,N/A,
5229.06,Service and Consultancy,522,Activities of customs agents,أنشطة الوكلاء الجمركيين,Sharjah Ports and Customs,PRE,
5229.07,Service and Consultancy,522,Activities of sea-freight forwarders and air-cargo agents,أنشطة وكلاء إرسال البضائع بالبحر والجو,Department Of Civil Aviation & Sharjah Airport Authority / Sharjah Ports and Customs,PRE,
5229.09,Service and Consultancy,522,"Goods-handling operations, e.g. temporary crating for the sole purpose of protecting the goods during transit, uncrating, sampling, weighing of goods",عمليات مناولة البضائع، مثل التعبئة المؤقتة في صناديق لغرض حماية البضاعة أثناء النقل، وتفريغ البضاعة من الصناديق وفرزها ووزنها,N/A,N/A,
5229.9,Service and Consultancy,522,Transport consultancies,استشارات النقل,N/A,N/A,
5310.03,Service and Consultancy,531,Distribution and delivery of mail and parcels  postal service,توزيع وتسليم البريد والطرود,N/A,N/A,
5320,Service and Consultancy,532,Courier activities,أنشطة شركات نقل البريد الخاصة,Emirates Post Sharjah Central Post Office,PRE,
5320.01,Service and Consultancy,532,"Pickup, sorting, transport and delivery (domestic or international) of letter-post and (mail-type) parcels and packages by firms not operating under a universal service obligation. one or more modes of transport may be involved and the activity may be carried out with either self-owned (private) transport or via public transport.",تسلم وفرز ونقل وتوصيل الرسائل البريدية والطرود البريدية والُرزم (محليا ودوليا) من قِبل شركات تعمل وفق التزام الخدمة البريدية العامة الشاملة. ويمكن أن تستخدم وسيلة نقل أو أكثر هذا النشاط كما يمكن القيام به باستخدام وسائل النقل الخاصة أو العامة,Emirates Post Sharjah Central Post Office,PRE,
5320.02,Service and Consultancy,532,Distribution and delivery of mail and parcels,توزيع وتوصيل الرسائل البريدية والطرود,Emirates Post Sharjah Central Post Office,PRE,
5320.03,Service and Consultancy,532,Home delivery services,خدمات التوصيل للمنازل,Emirates Post Sharjah Central Post Office,PRE,
5510.01,Service and Consultancy,551,Short-term rental management,إدارة الإيجارات قصيرة المدى,N/A,N/A,
5610,Service and Consultancy,561,Restaurants and mobile food service activities,أنشطة المطاعم وخدمات الأطعمة المتنقلة,Sharjah City Municipality - Public Health Department,POST,
5610.01,Service and Consultancy,561,Restaurants,المطاعم,Sharjah City Municipality - Public Health Department,POST,
5610.02,Service and Consultancy,561,Cafeterias,الكافيتريات,Sharjah City Municipality - Public Health Department,POST,
5610.03,Service and Consultancy,561,Fast-food restaurants,مطاعم الوجبات السريعة,Sharjah City Municipality - Public Health Department,POST,
5610.04,Service and Consultancy,561,Pizza delivery,توصيل البيتزا,N/A,N/A,
5610.05,Service and Consultancy,561,Take-out eating places,أماكن تقدم الوجبات التي تحمل إلى خارج المحل,N/A,N/A,
5610.06,Service and Consultancy,561,Ice cream truck vendors,عربات بيع الآيس كريم,N/A,N/A,
5610.07,Service and Consultancy,561,Mobile food carts,عربات بيع الأطعمة المتنقلة,Food Control Section - Sharjah Municibality,POST,
5610.08,Service and Consultancy,561,Food preparation in market stalls,تحضير الوجبات في الأكشاك و الأسواق,Sharjah City Municipality - Public Health Department,POST,
5621,Service and Consultancy,562,Event catering,تقديم وجبات الطعام في المناسبات,Sharjah City Municipality - Public Health Department,POST,
5629,Service and Consultancy,562,Other food service activities,أنشطة خدمات الطعام الأخرى,Food Control Section - Sharjah Municibality,POST,
5629.01,Service and Consultancy,562,Activities of food service contractors (e.g. for transportation companies),أنشطة المتعهدين الذين يقدمون خدمات الطعام (مثلا لشركات النقل),N/A,N/A,
5629.02,Service and Consultancy,562,Operation of food concessions at sports and similar facilities,تشغيل خدمات تقديم الطعام في المرافق الرياضية وما شابهها على أساس امتياز محدد,N/A,N/A,
5629.03,Service and Consultancy,562,"Operation of canteens or cafeterias (e.g. for factories, offices, hospitals or schools) on a concession basis",تشغيل المقاصف والكافيتريات (مثلا المصانع والمكاتب والمستشفيات والمدارس) على أساس امتياز محدد,Sharjah City Municipality - Public Health Department,POST,
5811,Media,581,Book publishing,نشر الكُتب,UAE Media Council,POST,
5811.01,Media,581,"Publishing of books, brochures, leaflets and similar publications, including publishing of dictionaries and encyclopedias",نشر الُكتب والكتيبات والنشرات وغيرها من المطبوعات بما في ذلك نشر القواميس ودوائر المعارف,UAE Media Council,POST,
5811.02,Media,581,"Publishing of atlases, maps and charts",نشر الأطالس والخرائط واللوحات,UAE Media Council,POST,
5811.03,Media,581,Publishing of audio books,نشر الُكتب الصوتية,UAE Media Council,POST,
5811.04,Media,581,Publishing of encyclopedias etc. on CD-ROM,نشر دوائر المعارف وما إليها على أقراص حاسوبية مدمجة,UAE Media Council,POST,
5811.11,Media,581,E-books publishing,نشر الكتب الإلكترونية,UAE Media Council,POST,
5811.15,Media,581,Visual Recorded Media Distribution,توزيع الوسائط البصرية,UAE Media Council,POST,
5811.99,Media,581,Commercial Publications Editing,اعداد وتنفيذ المطبوعات التجارية,N/A,N/A,
5812,Media,581,Publishing of directories and mailing lists,نشر الأدلة وقوائم العناوين البريدية,UAE Media Council,POST,
5812.01,Media,581,Publishing of mailing lists,نشر قوائم عناوين البريد,UAE Media Council,POST,
5812.02,Media,581,Publishing of telephone books,نشر أدلة الهواتف,UAE Media Council,POST,
5812.03,Media,581,"Publishing of other directories and compilations, such as case law, pharmaceutical compendia etc.",نشر الأدلة والتجميعات الأخرى، مثل تجميعات القوانين، و تجميعات المواد الصيدلانية، إلخ,UAE Media Council,POST,
5813,Media,581,"Publishing of newspapers, journals and periodicals",نشر الصُحف والمجلات والدوريات,UAE Media Council,POST,
5813.01,Media,581,"Publishing of newspapers, including advertising newspapers",نشر الصحف بما فيها الصحف الإعلانية,UAE Media Council,POST,
5813.02,Media,581,"Publishing of periodicals and other journals, including publishing of radio and television schedules publishing can be done in print or electronic form, including on the internet.",نشر الدوريات وغيرها من المجلات، بما في ذلك نشر برامج الإذاعة والتليفزيون,UAE Media Council,POST,
5813.04,Media,581,"Digital Newspaper Publishing, News Agency, Specialty Communication and PR",نشر الصحف الرقمية، وكالة الأنباء، الاتصالات المتخصصة والعلاقات العامة,UAE Media Council,POST,
5813.05,Media,581,News services through websites,الخدمات الاخبارية عبر المواقع الالكترونية,UAE Media Council,POST,
5815,Media,581,Audio Recordings Publication,نشر التسجيلات الصوتية,N/A,N/A,
5819,Media,581,Other publishing activities,أنشطة النشر الأخرى,UAE Media Council,POST,
5819.01,Media,581,"Publishing (including on-line) of:• Catalogs• Photos, engravings and postcards• Greeting cards• Forms• Posters, reproduction of works of art• Advertising material• Other printed matter","النشر (بما في ذلك على الشبكة) لما يلي: 
• الكتالوجات
• الصور والأشكال المحفورة وبطاقات البريد
• بطاقات التهنئة
• النماذج والاستمارات
• الملصقات ونُسخ الأعمال الفنية
• المواد الإعلانية
• المواد المطبوعة الأخرى",UAE Media Council,POST,
5819.02,Media,581,On-line publishing of statistics or other information,النشر على الشبكة للإحصاءات وغيرها من المعلومات,N/A,N/A,
5819.04,Media,581,Publications and media Materials E-Trading,المتاجرة الإلكترونية للمطبوعات والمواد الاعلامية,UAE Media Council,POST,
5819.05,Media,581,Gaming Publisher,نشر الألعاب,UAE Media Council,POST,
5819.07,Media,581,Electronic publishing and software implementation & Training,النشر الإلكتروني وتنفيذ البرامج والتدريب,UAE Media Council,POST,
5819.08,Media,581,Training & Consultancy,التدريب والاستشارات,UAE Media Council,POST,
5819.1,Media,581,"Publishing, Consultancy, Event Organizing",النشر والاستشارات وتنظيم الفعاليات,N/A,N/A,
5819.11,Media,581,"Publishing, Consultancy and Authoring Services",خدمات النشر والاستشارات والتأليف,N/A,N/A,
5819.12,Media,581,"Publishing, Event Organizing and Translating Services",خدمات النشر وتنظيم الأحداث والترجمة,N/A,N/A,
5819.13,Media,581,"Publishing, Advertising and Training",النشر والإعلان والتدريب,N/A,N/A,
5819.14,Media,581,Publishing and Advertising,النشر والإعلان,N/A,N/A,
5819.16,Media,581,Journalism/Content Writing,الصحافة / كتابة المحتوى,N/A,N/A,
5820,Media,582,Software publishing,نشر البرمجيات,UAE Media Council,POST,
5820.01,Media,582,Publishing of ready-made (non-customized) software:• Operating systems• Business and other applications• Computer games for all platforms,"نشر البرمجيات الجاهزة (غير المعدة حسب الطلب): 
• نُظم التشغيل
• تطبيقات الأعمال وغيرها من التطبيقات
• ألعاب الحاسوب التي تعمل على مختلف الأجهزة",UAE Media Council,POST,
5911,Media,591,"Motion picture, video and television programme production activities",أنشطة إنتاج الأفلام والفيديو والبرامج التليفزيونية,UAE Media Council,PRE,
5911.01,Media,591,"Production of motion pictures, videos, television programmes or television commercials",إنتاج الأفلام والفيديو وبرامج التليفزيون والإعلانات التجارية التليفزيونية,UAE Media Council,POST,
5911.02,Media,591,Theatrical Production,انتاج مسرحي,UAE Media Council,POST,
5911.03,Media,591,Documentary Filming,انتاج الافلام الوثائقية,UAE Media Council,POST,
5911.04,Media,591,Cartoons Production,انتاج الرسوم الكرتونية,UAE Media Council,POST,
5911.08,Media,591,"T.V Programs, Commercials & Visual Materials Production",انتاج وتصوير المسلسلات والاعلانات التلفزيونية والمواد المرئية,UAE Media Council,POST,
5911.09,Media,591,Special Effects Production,انتاج المؤثرات الفنية الخاصة,UAE Media Council,POST,
5911.1,Media,591,Motion Picture Studio,استوديو سينمائي,N/A,N/A,
5911.11,Media,591,Media support services,خدمات الدعم الإعلامي,UAE Media Council,POST,
5911.12,Media,591,Radio & tv broadcast consultancy,استشارات الإذاعة و البث التلفزيوني,UAE Media Council,POST,
5911.13,Media,591,Media content production,إنتاج المحتوى الإعلامي,UAE Media Council,POST,
5911.14,Media,591,Multimedia development,تطوير الإعلام متعدد الوسائط,UAE Media Council,POST,
5911.15,Media,591,Artistic Production Contracting Services,تعهدات خدمات الانتاج الفني,UAE Media Council,POST,
5912,Media,591,"Motion picture, video and television programme post-production activities",أنشطة ما بعد الإنتاج لأفلام السينما وأفلام الفيديو والبرامج التليفزيونية,UAE Media Council,POST,
5912.01,Media,591,"Post-production activities such as:• Editing, titling, subtitling, credits• Closed captioning• Computer-produced graphics, animation and special effects• Film/tape transfers","أنشطة ما بعد الإنتاج مثل: 
• التحرير ووضع العناوين والترجمة وقوائم الشرف على الأفلام
• إضافة الكتابة على الأفلام الناطقة
• وضع الأشكال والرسوم المتحركة والتأثيرات الخاصة على الأفلام بواسطة الحاسوب
• نقل الأفلام والشرائط",UAE Media Council,POST,
5912.02,Media,591,Activities of motion picture film laboratories and activities of special laboratories foranimated films:• Developing and processing motion picture film• Reproduction of motion picture film for theatrical distribution,"أنشطة مختبرات الأفلام السينمائية وأنشطة المختبرات الخاصة لأفلام الرسوم المتحركة: 
• طبع و تجهيز أفلام السينما
• إنتاج نسخ من الأفلام للتوزيع على دور السينما",UAE Media Council,POST,
5912.03,Media,591,Activities of stock footage film libraries etc.,أنشطة مكتبات الأفلام، إلخ,UAE Media Council,POST,
5913,Media,591,"Motion picture, video and television programme distribution activities",أنشطة توزيع الأفلام السينمائية والفيديو والبرامج التليفزيونية,UAE Media Council,POST,
5913.01,Media,591,"Distributing film, video tapes, DVDs and similar productions to motion picture theatres, television networks and stations and exhibitors",توزيع الأفلام السينمائية وأفلام الفيديو وأقراص الفيديو الرقمية وما شابهها من تسجيلات على دور العرض وشبكات التليفزيون و محطات التليفزيون والعارضين,UAE Media Council,POST,
5913.02,Media,591,"Acquiring film, video tape and DVD distribution rights",الحصول على حقوق توزيع الأفلام السينمائية وشرائط الفيديو وأقراص الفيديو الرقمية,UAE Media Council,POST,
5913.11,Media,591,Media archiving,أرشفة الإعلام,UAE Media Council,POST,
5914,Media,591,Motion picture projection activities,أنشطة عرض الأفلام السينمائية,UAE Media Council,POST,
5914.01,Media,591,"Motion picture or videotape projection in cinemas, in the open air or in other projection facilities",عرض الأفلام السينمائية وأفلام الفيديو في دور السينما أو الهواء الطلق أو مرافق العرض الأخرى,UAE Media Council,POST,
5914.02,Media,591,Activities of cine-clubs,أنشطة نوادي السينما,UAE Media Council,POST,
5915,Media,591,Special effects and trick photography,التأثيرات الخاصة وخدع التصوير الفوتوغرافي,N/A,N/A,
5916,Media,591,Films Production,إنتاج الأفلام,N/A,N/A,
5917,Media,591,Films Production Supportive Services,خدمات دعم إنتاج الأفلام,N/A,N/A,
5918,Media,591,Production of cartoons,إنتاج الرسوم المتحركة,N/A,N/A,
5919,Media,591,Television Sketches and Effects Photography,الرسوم التخطيطية التلفزيونية و التأثيرات الخاصة,N/A,N/A,
5920,Media,592,Sound recording and music publishing activities,أنشطة نشر التسجيلات الصوتية والموسيقى,UAE Media Council,POST,
5920.01,Media,592,"Production of original (sound) master recordings, such as tapes, CDs",إنتاج التسجيلات الأصلية (الصوتية) مثل الشرائط والأقراص الحاسوبية المدمجة,UAE Media Council,POST,
5920.02,Media,592,"Sound recording service activities in a studio or elsewhere, including the production of taped (i.e. non-live) radio programming, audio for film, television etc.",أنشطة خدمات التسجيل الصوتي الاستوديو أو في غيره، بما في ذلك إنتاج البرامج الإذاعية المسّجلة (غير برامج البّث المباشر) والتسجيلات الصوتية للإذاعة والأفلام والتليفزيون، إلخ,UAE Media Council,POST,
5920.03,Media,592,"Music publishing, i.e. activities of:• Acquiring and registering copyrights for musical compositions• Promoting, authorizing and using these compositions in recordings, radio, television, motion pictures, live performances, print and other media• Distributing sound recordings to wholesalers, retailers or directly to the public.","نشر الموسيقى، أي أنشطة نشر الموسيقى التالية: 
• الحصول على حقوق النشر للأعمال الموسيقية وتسجيلها
• نشر وترخيص واستعمال تلك الأعمال الموسيقية تسجيلات وفي الإذاعة والتليفزيون والأفلام السينمائية والعروض الحيّة والمطبوعات وسائر وسائط الإعلام 
• توزيع التسجيلات الصوتية إلى بائعي الجملة والتجزئة أو للبيع المباشر للجمهور",UAE Media Council,POST,
5920.04,Media,592,Publishing of music and sheet books,نشر ُكتب النوتة الموسيقية,UAE Media Council,POST,
5920.11,Media,592,Music production & recordings,الإنتاج الموسيقي و التسجيلات,UAE Media Council,POST,
5920.12,Media,592,Music promotion & management,الترويج الموسيقي و الإدارة,UAE Media Council,POST,
5925,Media,592,Audio Recorded Media Distribution,توزيع التسجيلات الصوتية,N/A,N/A,
5926,Media,592,Radio Programs and Audio Recordings Production,إنتاج برامج الإذاعة الصوتية والتسجيلات الصوتية,N/A,N/A,
5930,Media,593,Cinematic Studios Services,خدمات الاستوديوهات السينمائية,N/A,N/A,
5931,Media,593,Television Studios Services,خدمات الاستوديوهات التلفزيونية,N/A,N/A,
5932,Media,593,Audio Studios Services,خدمات الاستوديوهات السمعية,N/A,N/A,
5933,Media,593,Operating & managing cinemas,إدارة وتشغيل دور السينما,N/A,N/A,
5934,Media,593,Operating TV & Radio Broadcasting Stations except content managment,تشغيل محطات بث الإذاعة والتلفزيون فيما عدا إدارة المحتوى,N/A,N/A,
5941,Media,594,Art Production Services Contracts,خدمات التعاقد للإنتاج الفني,N/A,N/A,
5942,Media,594,"Translation services, movies and television programs",خدمات الترجمة للأفلام والبرامج التلفزيونية,N/A,N/A,
5943,Media,594,"Volume, Noise and Oscillation Control Consultancy",استشارات حجم الصوت والضجيج وضبط المذبذبات,N/A,N/A,
5944,Media,594,"Design, Production and installation of billboards",تصميم وإنتاج وتركيب اللوحات الإعلانية,N/A,N/A,
5945,Media,594,Marketing & Selling events tickets,تسويق وبيع تذاكر الفعاليات,N/A,N/A,
5946,Media,594,Festival Organization and Management,تنظيم وإدارة المهرجانات,N/A,N/A,
5947,Media,594,Social Events Management,إدارة المناسبات الإجتماعية,N/A,N/A,
5948,Media,594,Events Production,إنتاج الفعاليات,N/A,N/A,
5949,Media,594,Media Hardware Equipment and System Integration services,خدمات المعدات والأجهزة الإعلامية وتكامل النظام,N/A,N/A,
6010,Media,601,Radio broadcasting,الإذاعة الصوتية,UAE Media Council,POST,
6010.01,Media,601,"Broadcasting audio signals through radio broadcasting studios and facilities for the transmission of aural programming to the public, to affiliates or to subscribers",إذاعة الإشارات الصوتية من استوديوهات الإذاعة ومرافق إرسال البرامج الصوتية إلى الجمهور وإلى الكيانات التابعة وإلى المشتركين,UAE Media Council,POST,
6010.02,Media,601,"Activities of radio networks, i.e. assembling and transmitting aural programming to the affiliates or subscribers via over-the-air broadcasts, cable or satellite",أنشطة شبكات الإذاعة، أي تجميع وإذاعة البرامج الصوتية إلى الكيانات التابعة والمشتركين عن طريق الإذاعة على الهواء والكابل وشبكات السواتل,UAE Media Council,POST,
6010.03,Media,601,Radio broadcasting activities over the internet (internet radio stations),أنشطة الإذاعة الصوتية على الإنترنت (محطات الإذاعة على الإنترنت),UAE Media Council,POST,
6010.04,Media,601,Data broadcasting integrated with radio broadcasting,إذاعة البيانات كجزء متكامل من الإذاعة الصوتية,UAE Media Council,POST,
6020,Media,602,Television programming and broadcasting activities,أنشطة البرمجة والإذاعة والتليفزيون,UAE Media Council,POST,
6020.01,Media,602,"Creation of a complete television channel programme, from purchased programme components (e.g. movies, documentaries etc.), self produced programme components (e.g. local news, live reports) or a combination thereof",إنتاج برنامج كامل للقنوات التليفزيونية من أجزاء برنامجية مشتراة (مثلاً من أفلام سينمائية أو وثائقية وما إليها)، أو مكّونات برنامجية من الإنتاج الذاتي (مثل الأخبار المحلية والتقارير الحيّة) أو مزيج منهما,UAE Media Council,POST,
6020.02,Media,602,Programming of video-on-demand channels,برامج قنوات الفيديو حسب الطلب,UAE Media Council,POST,
6020.03,Media,602,Data broadcasting integrated with television broadcasting,إذاعة البيانات بشكل متكامل مع البث التليفزيوني,UAE Media Council,POST,
6025,Media,602,Global Television Networks Programs Rebroadcasting Services,خدمات إعادة بث برامج الشبكات التلفزيونية العالمية,N/A,N/A,
6110,Media,611,Wired telecommunications activities,أنشطة الاتصالات السلكية,UAE Media Council,POST,
6110.01,Media,611,"Operating, maintaining or providing access to facilities for the transmission of voice, data, text, sound and video using a wired telecommunications infrastructure, including:• Operating and maintaining switching and transmission facilities to provide point-top oint communications via landlines, microwave or a combination of landlines and satellite linkups• Operating of cable distribution systems (e.g. for distribution of data and television signals)• Furnishing telegraph and other non-vocal communications using own facilities the transmission facilities that carry out these activities, may be based on a single technology or a combination of technologies.","تشغيل أو صيانة أو تقديم خدمة نقل الصوت والبيانات والنصوص والتسجيلات الصوتية غير الفيديو باستعمال بنية تحتية للاتصالات السلكية، بما في ذلك: 
• تشغيل وصيانة مرافق التحويل والإرسال لتوصيل الإرسال من نقطة إلى نقطة عن طريق خطوط أرضية أو خطوط ميكرويف أو مزيج من الخطوط الأرضية والروابط الساتلية 
• تشغيل شبكات توزيع الكابل (أي توزيع البيانات والإشارات التليفزيونية)
• تقديم خدمات الإتصالات بالتلغراف وغيره من وسائل الإتصالات غير الصوتية باستخدام مرافقها الخاصة",Telecommunications And Digital Government Regulatory Authority (TDRA),PRE,
6110.02,Media,611,Purchasing access and network capacity from owners and operators of networks and providing telecommunications services using this capacity to businesses and households,شراء حق الدخول وقدرة الشبكة من مالكي ومشّغلي الشبكات وتقديم خدمات الإتصالات باستعمال تلك القدرة إلى دوائر الأعمال والمنازل,Telecommunications And Digital Government Regulatory Authority (TDRA),PRE,
6110.03,Media,611,Provision of internet access by the operator of the wired infrastructure,تقديم خدمة النفاذ إلى الإنترنت من قِبَل مشّغل الشبكة السلكي,Telecommunications And Digital Government Regulatory Authority (TDRA),PRE,
6120,Media,612,Wireless telecommunications activities,أنشطة الاتصالات اللاسلكية,Telecommunications And Digital Government Regulatory Authority (TDRA),PRE,
6120.01,Media,612,"Operating, maintaining or providing access to facilities for the transmission of voice, data, text, sound, and video using a wireless telecommunications infrastructure",تشغيل وصيانة وتقديم خدمة الاتصال بمرافق إرسال الصوت والبيانات والنصوص والتسجيلات الصوتية والفيديو باستخدام بيئة اتصالات لاسلكية,Telecommunications And Digital Government Regulatory Authority (TDRA),PRE,
6120.02,Media,612,Maintaining and operating paging as well as cellular and other wireless telecommunications networks.,إقامة وتشغيل شبكات الإستدعاء الهاتفي والخدمة الهاتفية الخلوية وغيرها من الاتصالات اللاسلكية,Telecommunications And Digital Government Regulatory Authority (TDRA),PRE,
6120.03,Media,612,Purchasing access and network capacity from owners and operators of networks and providing wireless telecommunications services (except satellite) using this capacity to businesses and households,شراء حق النفاذ إلى الشبكات وقدرة الشبكات من مالكي ومشّغلي الشبكات وتقديم خدمات اتصالات لاسلكية (باستثناء الساتلية) باستخدام هذه القدرة إ دوائر الأعمال والمنازل,Telecommunications And Digital Government Regulatory Authority (TDRA),PRE,
6120.04,Media,612,Provision of internet access by the operator of the wireless infrastructure,توفير خدمة الوصول إلى الإنترنت من قِبَل مشّغلي الشبكات اللاسلكية,Telecommunications And Digital Government Regulatory Authority (TDRA),PRE,
6130,Media,613,Satellite telecommunications activities,أنشطة الاتصالات الساتلية,UAE Media Council,POST,
6130.01,Media,613,"Operating, maintaining or providing access to facilities for the transmission of voice, data, text, sound and video using a satellite telecommunications infrastructure",تشغيل وصيانة وتقديم خدمة الوصول إلى مرافق البّث الصوتي وبّث البيانات والنصوص والتسجيلات الصوتية والفيديو باستعمال مرافق الاتصالات الساتلية,Telecommunications And Digital Government Regulatory Authority (TDRA),PRE,
6130.02,Media,613,"Delivery of visual, aural or textual programming received from cable networks, local television stations or radio networks to consumers via direct-to-home satellite systems (the units classified here do not generally originate programming material.)",توصيل البرامج المرئية والصوتية والنّصية المتلقات من شبكات الكابل أو من شبكات الإذاعة أو التليفزيون المحلية إلى المستهلكين عن طريق شبكات ساتلية مباشرة إلى المنزل (والوحدات المصنّفة هنا لا تقوم عادة بإنتاج مواد البرامج),Telecommunications And Digital Government Regulatory Authority (TDRA),PRE,
6130.03,Media,613,Provision of internet access by the operator of the satellite infrastructure,تقديم خدمة النفاذ إلى الإنترنت من قِبل مشّغلي الشبكات الساتلية,Telecommunications And Digital Government Regulatory Authority (TDRA),PRE,
6190,Media,619,Other telecommunications activities,أنشطة الاتصالات الأخرى,UAE Media Council,POST,
6190.01,Media,619,"Rovision of specialized telecommunications applications, such as satellite tracking, communications telemetry, and radar station operations",تقديم تطبيقات اتصالات متخصصة، مثل التتبع الساتلي، وقياس الاتصالات عن بُعد، وعمليات محطات الرادار,Telecommunications And Digital Government Regulatory Authority (TDRA),PRE,
6190.02,Media,619,Operation of satellite terminal stations and associated facilities operationally connected with one or more terrestrial communications systems and capable of transmitting telecommunications to or receiving telecommunications from satellite systems,تشغيل محطات الاستقبال الساتلي والمرافق ذات الصلة، المتصلة تشغيليا بشبكة اتصالات أرضية أو أكثر قادرة على إرسال الاتصالات أو استقبالها من الشبكات الساتلية,N/A,N/A,
6190.04,Media,619,Provision of telephone and internet access in facilities open to the public,تقديم خدمة الهاتف والإنترنت في مرافق مفتوحة للجمهور,Telecommunications And Digital Government Regulatory Authority (TDRA),POST,
6190.05,Media,619,Provision of telecommunications services over existing telecom connections:• Voip (voice over internet protocol) provision,"تقديم خدمات الاتصالات على توصيلات الاتصالات القائمة بالفعل: 
• تقديم خدمة الصوت باستعمال بروتوكول الإنترنت",Telecommunications And Digital Government Regulatory Authority (TDRA),PRE,
6190.06,Media,619,Telecommunications resellers (i.e. purchasing and reselling network capacity without providing additional services),إعادة بيع الاتصالات (أي شراء وإعادة بيع قدرات الشبكات دون تقديم خدمات إضافية),Telecommunications And Digital Government Regulatory Authority (TDRA),PRE,
6190.11,Media,619,Interactive services,الخدمات التفاعلية,N/A,N/A,
6190.12,Media,619,Online Gaming Services,خدمات الألعاب على الانترنت,N/A,N/A,
6190.13,Media,619,Metaverse Services Provider,تزويد خدمات الميتافيرس,N/A,N/A,
6190.14,Media,619,Gaming Streaming Social Media Platform,تشغيل منصات تدفق الألعاب عبر وسائل التواصل الاجتماعي,N/A,N/A,
6195,Media,619,Telecommunications services,خدمات الإتصالات,N/A,N/A,
6200,Media,620,"Computer programming, consultancy and related activities",أنشطة البرمجة الحاسوبية والخبرة الاستشارية وما يتصل بها من أنشطة,N/A,N/A,
6201,Media,620,Computer programming activities,أنشطة البرمجة الحاسوبية,N/A,N/A,
6201.01,Media,620,"Designing the structure and content of, and/or writing the computer code necessary to create and implement:• Systems software (including updates and patches)• Software applications (including updates and patches)• Databases• Web pages","تصميم هيكل ومحتوى ما يلي، و/أو كتابة الرمز الحاسوبي اللازم لإنشاء وتنفيذ ما يلي: 
• برمجيات النُظم (بما في ذلك التحديثات والترميمات)
• التطبيقات البرمجية (بما في ذلك التحديثات والترميمات)
• قواعد البيانات
• مواقع الشبكة",N/A,N/A,
6201.02,Media,620,"Customizing of software, i.e. modifying and configuring an existing application so that it is functional within the clients’ information system environment",إعداد البرمجيات حسب الطلب، أي تعديل وتشكيل التطبيق الموجود لكي يعمل في بيئة نظام المعلومات الخاصة بالعميل,N/A,N/A,
6201.03,Media,620,Design and production of social networking programs,تصميم وإنتاج برامج التواصل الإجتماعي,N/A,N/A,
6201.04,Media,620,Designing the databases,تصميم نظم قواعد البيانات,N/A,N/A,
6201.05,Media,620,Cyber Security Architecture,تصميم هيكلية الأمن الألكتروني,N/A,N/A,
6201.06,Media,620,Network Websites Designing,تصميم مواقع الشبكة المعلوماتية,N/A,N/A,
6201.07,Media,620,Computer Systems and Software Designing,تصميم نظم وبرامج الحاسب الألي,N/A,N/A,
6201.08,Media,620,Electronic Chips Designing and Programing,تصميم وبرمجة الرقائق الالكترونية,N/A,N/A,
6201.09,Media,620,Electronic Equipment and Devices Systems and Software Designing,تصميم نظم وبرامج المعدات والاجهزة الالكترونية,N/A,N/A,
6201.1,Media,620,Social Media Applications Development & Management,خدمات تطوير وادارة مواقع التواصل الاجتماعي,N/A,N/A,
6201.95,Media,620,Virtual reality and augmented reality service provider/developer,مزوّد/مطوّر خدمات الواقع الافتراضي والواقع المعزز,N/A,N/A,
6202,Media,620,Computer consultancy and computer facilities management activities,أنشطة الخبرة الاستشارية الحاسوبية وإدارة المرافق الحاسوبية,N/A,N/A,
6202.01,Media,620,"Planning and designing of computer systems that integrate computer hardware, software and communication technologies.",تخطيط وتصميم نظم الحاسوب التي تُستخَدم في تكامل تكنولوجيات المعدات الحاسوبية والبرمجيات والاتصالات,Telecommunications And Digital Government Regulatory Authority (TDRA),POST,
6202.02,Media,620,"Provision of on-site management and operation of clients’ computer systems and/or data processing facilities, as well as related support services",تقديم خدمة إدارة وتشغيل شبكة الحاسوب و/أو مرافق تجهيز البيانات لدى العميل في الموقع، وكذلك تقديم خدمات الدعم,Telecommunications And Digital Government Regulatory Authority (TDRA),POST,
6202.11,Media,620,Digital content services,خدمات المحتوى الرقمي,N/A,N/A,
6202.12,Media,620,Concept & design consultancy,إستشارات الرؤية و التصميم,N/A,N/A,
6202.99,Media,620,Marketing Services Via Social Media,خدمات التسويق عبر مواقع التواصل الاجتماعي,N/A,N/A,
6209,Media,620,Other information technology and computer service activities,أنشطة خدمات تكنولوجيا المعلومات والحاسوب الأخرى,N/A,N/A,
6209.01,Media,620,Computer disaster recovery,حّل المشكلات الكبيرة التي تتعرض لها الحواسيب,N/A,N/A,
6209.02,Media,620,Installation (setting-up) of personal computers,تركيب الحواسيب,N/A,N/A,
6209.03,Media,620,Software installation,تركيب البرمجيات,N/A,N/A,
6209.11,Media,620,IT security management,إدارة أمن تقنية المعلومات,N/A,N/A,
6209.12,Media,620,Cyber security consultancy,إستشارات الأمن السايبراني,N/A,N/A,
6209.13,Media,620,Security systems consultancy,إستشارات أنظمة الحماية,N/A,N/A,
6209.14,Media,620,Cyber risk management services,خدمات إدارة المخاطر السايبرانية,N/A,N/A,
6209.15,Media,620,Innovation and artificial intelligence research and consultancies,استشارات وأبحاث الذكاء الصناعي و الإبتكار,N/A,N/A,
6209.16,Media,620,Technological Projects Management,ادارة المشاريع التكنولوجية,N/A,N/A,
6209.17,Media,620,Information Technology Consultants,استشارات تقنية المعلومات,N/A,N/A,
6209.22,Media,620,"It consultancy, it services",استشارات تكنولوجيا المعلومات، خدمات تكنولوجيا المعلومات,N/A,N/A,
6209.23,Media,620,It consultancy and marketing consultancy,استشارات تكنولوجيا المعلومات والاستشارات التسويقية,N/A,N/A,
6209.24,Media,620,"E-commerce, it consultancy, business consultancy",التجارة الإلكترونية ، استشارات تكنولوجيا المعلومات ، استشارات الأعمال,N/A,N/A,
6311,Media,631,"Data processing, hosting and related activities",تجهيز البيانات واستضافة المواقع على الشبكة وما يتصل بذلك من أنشطة,N/A,N/A,
6311.01,Media,631,"Provision of infrastructure for hosting, data processing services and related activities",إقامة البنية الأساسية لاستضافة المواقع على الشبكة وخدمات تجهيز البيانات والأنشطة المتصلة بذلك,N/A,N/A,
6311.02,Media,631,Specialized hosting activities such as:• Web hosting• Streaming services• Application hosting,"الأنشطة المتخصصة المتعلقة بإنشاء المواقع على الشبكة مثل: 
• استضافة المواقع
• خدمات التحميل مع العرض
• إنشاء مواقع التطبيقات",N/A,N/A,
6311.03,Media,631,Application service provisioning,تقديم خدمات التطبيقات,N/A,N/A,
6311.04,Media,631,General time-share provision of mainframe facilities to clients,تنظيم تقاسم الوقت في استعمال الحاسوب الرئيسي بين العملاء بشكل عام,N/A,N/A,
6311.05,Media,631,Data processing activities:• Complete processing of data supplied by clients• Generation of specialized reports from data supplied by clients,"أنشطة تجهيز البيانات: 
• التجهيز الكامل للبيانات المقّدمة من العملاء. 
• إنتاج تقارير متخصصة من البيانات المقّدمة من العملاء",N/A,N/A,
6311.06,Media,631,Provision of data entry services,تقديم خدمات إدخال البيانات,N/A,N/A,
6311.08,Media,631,Data Classification & Analysis Services,خدمات تصنيف وتحليل البيانات,N/A,N/A,
6311.09,Media,631,Web hosting,استضافة مواقع الانترنت (الويب),N/A,N/A,
6311.1,Media,631,E Guide and Building E Complexes,الدليل الالكتروني وبناء المجمعات الالكترونية,N/A,N/A,
6311.11,Media,631,Data entering,دخال البيانات,N/A,N/A,
6311.12,Media,631,Network Websites Contents Entering and Supplying,ادخال وامداد محتويات مواقع الشبكة المعلوماتية,N/A,N/A,
6311.13,Media,631,Reproduction Software and Data on Discs and Tapes,إستنساخ برمجيات وبيانات على أقراص وأشرطة,N/A,N/A,
6311.14,Media,631,Copying of Computer Software,استنساخ برامج الحاسب الآلي الجاهزة (سوفت وير),N/A,N/A,
6311.15,Media,631,Light Archiving,الارشفة الضوئية,N/A,N/A,
6311.16,Media,631,Cloud Computing Services,خدمات الحوسبة السحابية,N/A,N/A,
6311.17,Media,631,E sports Data & Analytics Services,خدمات تحليل بيانات الرياضات الالكترونية,N/A,N/A,
6311.18,Media,631,Electronic Integration,الربط الإلكتروني,N/A,N/A,
6311.19,Media,631,Gaming Localization Services,خدمات تعريب الألعاب,N/A,N/A,
6311.2,Media,631,Electronic Directory,الدليل الإلكتروني,N/A,N/A,
6311.21,Media,631,Internet Content Provider,امداد مواقع الشبكة المعلوماتية (الانترنت) بالمحتويات,N/A,N/A,
6311.22,Media,631,Computer System Housing Services,خدمات ايواء اجهزة ونظم المعلومات,N/A,N/A,
6312,Media,631,Web portals,بوابات الشبكة,N/A,N/A,
6312.01,Media,631,Operation of web sites that use a search engine to generate and maintain extensive databases of internet addresses and content in an easily searchable format,تشغيل مواقع الشبكة التي تستخدم محرك بحث من أجل إنشاء قواعد بيانات واسعة لعناوين الإنترنت والمحتوى، وصيانتها، في نسق يسهل عملية البحث,N/A,N/A,
6312.02,Media,631,"Operation of other websites that act as portals to the internet, such as media sites providing periodically updated content",تشغيل مواقع الشبكة الأخرى التي تُستخَدم كبوابات إلى الإنترنت، مثل مواقع الإعلام، التي تقّدم تحديثا دوريا للمحتوى,N/A,N/A,
6312.03,Media,631,Blogging Services,خدمات التدوين الالكتروني,N/A,N/A,
6391,Media,639,News agency activities,أنشطة وكالات الأنباء,UAE Media Council,POST,
6391.01,Media,639,"News syndicate and news agency activities furnishing news, pictures and features to the media",أنشطة شركات الأنباء ووكالات الأنباء التي تقدم الأخبار والصور والرسائل الإخبارية إلى وسائط الإعلام,UAE Media Council,POST,
6395,Media,639,Online news services,الخدمات الإخبارية الإلكترونية,N/A,N/A,
6396,Media,639,Press Material Preparation and Distribution,إعداد وتوزيع المواد الصحفية,N/A,N/A,
6399,Media,639,Other information service activities n.e.c.,أنشطة خدمات المعلومات الأخرى غير المصنّفة في موضع آخر,UAE Media Council,POST,
6399.01,Media,639,Telephone based information services,خدمات المعلومات القائمة على أساس الهاتف,UAE Media Council,POST,
6399.02,Media,639,Information search services on a contract or fee basis,أبحاث المعلومات التي تتم بناًء على عقد أو أجر,UAE Media Council,POST,
6399.03,Media,639,"News clipping services, press clipping services, etc.",خدمات مقتطفات الأخبار وخدمات مقتطفات الصحف وما إليها,UAE Media Council,POST,
6399.04,Media,639,Media Monitoring Services,خدمات الرصد الاعلامي,N/A,N/A,
6399.05,Media,639,"Online Training, Project Management Services, Online Store for Consumer Products",التدريب عبر الإنترنت، خدمات إدارة المشاريع، المتجر الإلكتروني للمنتجات الاستهلاكية,N/A,N/A,
6399.06,Media,639,Media Production and Translation Services,خدمات الإنتاج والترجمة الإعلامية,N/A,N/A,
6399.07,Media,639,Project Management and Information Technology Consultancy and Service Providers,استشارات إدارة المشاريع وتكنولوجيا المعلومات ومقدمي الخدمات,N/A,N/A,
6399.08,Media,639,"Marketing Consultancy, Media Buying and Web Development",الاستشارات التسويقية وشراء الوسائط وتطوير الويب,N/A,N/A,
6399.09,Media,639,It services and education services,خدمات تكنولوجيا المعلومات والخدمات التعليمية,N/A,N/A,
6399.11,Media,639,"Media Production Services, Media and Marketing Consultancy",خدمات الإنتاج الإعلامي والاستشارات الإعلامية والتسويقية,N/A,N/A,
6420,Service and Consultancy,642,Activities of holding companies,أنشطة الشركات القابضة,N/A,N/A,
6420.01,Service and Consultancy,642,"Is class includes the activities of holding companies, i.e. units that hold the assets (owning controlling-levels of equity) of a group of subsidiary corporations and whose principal activity is owning the group. the holding companies in this class do not provide any other service to the businesses in which the equity is held, i.e. they do not administer or manage other units.",يشمل هذا الفرع أنشطة الشركات القابضة، أي الوحدات التي تستحوذ على أصول (امتلاك حصة مهيمنة من رأس المال) لمجموعة من الشركات التابعة، ويكون نشاطها الرئيسي هو ملكية تلك المجموعة. والشركات القابضة من هذا الفرع لا تقدّم أي خدمات أخرى إلى دوائر الأعمال التي تحتفظ فيها بحصة مالية، أي أنها لا تدير الوحدات الأخرى.,N/A,N/A,
6491,Service and Consultancy,649,Financial leasing,التأجير المالي,N/A,N/A,
6491.01,Service and Consultancy,649,Leasing where the term approximately covers the expected life of the asset and the lessee acquires substantially all the benefits of its use and takes all the risks associated with its ownership. the ownership of the asset may or may not eventually be transferred. such leases cover all or virtually all costs including interest.,التأجير الذي تغطي فيه المدة الإيجارية، تقريبا، العمر الافتراضي لأحد الأصول ويتمتع بمقتضاه المستأجر بالفعل بمنافع استخدامه ويتحّمل جميع المخاطر المرتبطة بملكيته. وقد تؤول إليه ملكية الأصل في النهاية أو لا تؤول إليه. وعقود الإيجار هذه تشمل جميع أنواع التكلفة بما في ذلك الفوائد، أو ُجلها,N/A,N/A,
6492,Service and Consultancy,649,Other credit granting,أشكال منح القروض الأخرى,N/A,N/A,
6492.01,Service and Consultancy,649,"Financial service activities primarily concerned with making loans by institutions not involved in monetary intermediation, where the granting of credit can take a variety of forms, such as loans, mortgages, credit cards etc., providing the following types of services:• Granting of consumer credit• International trade financing• Provision of long-term finance to industry by industrial banks• Money lending outside the banking system• Credit granting for house purchase by specialized non-depository institutions• Pawnshops and pawnbrokers","أنشطة الخدمات المالية التي تهتم أساسا بتقديم القروض من مؤسسات غير مشتغلة بالوساطة المالية، حيث يأخذ منح القروض أشكالاً مختلفة منها القروض والرهون وبطاقات الائتمان وغيرها، والتي تقدم الأنواع التالية من الخدمات: 
• منح قروض استهلاكية
• تمويل التجارة الدولية
• تقديم تمويل طويل الأجل للصناعة من المصارف الصناعية
• الإقراض خارج النظام المصرفي
• منح القروض لشراء المنازل من مؤسسات متخصصة لا تقبل الودائع
• محال الرهونات والمقرضون برهن",N/A,N/A,
6499,Service and Consultancy,649,"Other financial service activities, except insurance and pension funding activities, n.e.c.",أنشطة الخدمات المالية الأخرى باستثناء التأمين وتمويل المعاشات التقاعدية، غير المصنّفة في موضع آخر,N/A,N/A,
6499.01,Service and Consultancy,649,"Other financial service activities primarily concerned with distributing funds other than by making loans:• Factoring activities• Writing of swaps, options and other hedging arrangements• Activities of viatical settlement companies","أنشطة الخدمات المالية الأخرى التي تهتم أساسا بتوزيع الأموال بخلاف الإقراض: 
• أنشطة الوساطة التجارية
• تحرير المقايضات وحقوق الاختيار وغيرها من ترتيبات التغطية لتفادي الخسارة
• أنشطة الشركات التي تعمل في تسوية التعويضات",N/A,N/A,
6499.02,Service and Consultancy,649,"Own-account investment activities, such as by venture capital companies, investment clubs etc.",أنشطة الاستثمار للحساب الخاص للوحدات المعنية، مثل شركات رؤوس الأموال المجازفة، ونوادي الاستثمار، إلخ,N/A,N/A,
6510.01,Service and Consultancy,651,Insurance consultancies,استشارات التأمين,Central Bank,PRE,
6511,Service and Consultancy,651,Life insurance,التأمين على الحياة,Central Bank - Sharjah /Insurance Authority - Abu Dhabi,PRE,
6511.01,Service and Consultancy,651,"Underwriting annuities and life insurance policies, disability income insurance policies, and accidental death and dismemberment insurance policies (with or without a substantial savings element).",ضمان المستحقات السنوية وبوالص التأمين على الحياة، وبوالص تأمين الدخل عند العجز، وبوالص التأمين ضد الموت في حادث أو فقد وظائف أحد الأعضاء (مع عنصر اّدخاري كبير أو بدونه),Central Bank - Sharjah /Insurance Authority - Abu Dhabi,PRE,
6512,Service and Consultancy,651,Non-life insurance,التأمين، بخلاف التأمين على الحياة,Central Bank - Sharjah /Insurance Authority - Abu Dhabi,PRE,
6512.01,Service and Consultancy,651,"Provision of insurance services other than life insurance:• Accident and fire insurance• Health insurance• Travel insurance• Property insurance• Motor, marine, aviation and transport insurance• Pecuniary loss and liability insurance","تقديم خدمات التأمين غير التأمين على الحياة: 
• تأمين الحوادث والحريق
• التأمين الصحي
• تأمين السفر
• تأمين الممتلكات
• التأمين على السيارات والتأمين البحري وتأمين الطائرات والنقل
• التأمين ضد الخسائر المالية وتأمين الديون",Central Bank - Sharjah /Insurance Authority - Abu Dhabi,PRE,
6520,Service and Consultancy,652,Reinsurance,إعادة التأمين,Central Bank - Sharjah /Insurance Authority - Abu Dhabi,PRE,
6520.01,Service and Consultancy,652,Activities of assuming all or part of the risk associated with existing insurance policies originally underwritten by other insurance carriers,الأنشطة التي تتمثّل في تحمل جميع المخاطر أو جزء منها، المرتبطة ببوالص التأمين القائمة المضمونة في الأصل من قِبَل شركات تأمين أخرى,Central Bank - Sharjah /Insurance Authority - Abu Dhabi,PRE,
6612.92,Service and Consultancy,661,Brokerage in commodities listed in foreign markets,الوساطة في السلع المدرجة في الأسواق الأجنبية,N/A,N/A,
6619,Service and Consultancy,661,Other activities auxiliary to financial service activities,الأنشطة الأخرى المساعدة لأنشطة الخدمات المالية,Central Bank - Sharjah,PRE,
6619.01,Service and Consultancy,661,"Financial transaction processing and settlement activities, including for credit card transactions",تجهيز المعاملات المالية وأنشطة تسوية المعاملات المالية، بما في ذلك المعاملات المتعلقة ببطاقات الائتمان,Central Bank - Sharjah,PRE,
6619.02,Service and Consultancy,661,Investment advisory services,الخدمات الاستشارية الاستثمارية,Securities and Commodities Authority,PRE,
6619.03,Service and Consultancy,661,Activities of mortgage advisers and brokers,أنشطة المستشارين والسماسرة في مجال الرهن,Central Bank - Sharjah  of the United Arab Emirates,PRE,
6619.12,Service and Consultancy,661,Compliance consultancy,استشارات الإمتثال,N/A,N/A,
6619.13,Service and Consultancy,661,Financial advisory and financial analysis,الإستشارات المالية و التحليل المالي,Securities and Commodities Authority - Abu Dhabi,POST,
6619.15,Service and Consultancy,661,Economic advisory,الإستشارات الاقتصادية,Securities and Commodities Authority + Central Bank - Sharjah,PRE,
6619.21,Service and Consultancy,661,Financial consultation and financial analysis,الاستشارات المالية والتحليل المالي,Securities and Commodities Authority,POST,
6621,Service and Consultancy,662,Risk and damage evaluation,تقييم المخاطر والأضرار,N/A,N/A,
6621.01,Service and Consultancy,662,Assessing insurance claims• Claims adjusting• Risk assessing• Risk and damage evaluation• Average and loss adjusting,"تقييم طلبات التأمين: 
• تقدير التعويضات
• تقييم المخاطر
• تقييم المخاطر والأضرار 
• تقييم العوار والفاقد",N/A,N/A,
6621.02,Service and Consultancy,662,Settling insurance claims,تسوية مطالبات التأمين,N/A,N/A,
6622,Service and Consultancy,662,Activities of insurance agents and brokers,أنشطة وكلاء وسماسرة التأمين,N/A,N/A,
6622.01,Service and Consultancy,662,"Activities of insurance agents and brokers (insurance intermediaries) in selling, negotiating or soliciting of annuities and insurance and reinsurance policies",أنشطة وكلاء التأمين و سماسرة التأمين (وسطاء التأمين) بيع المستحقات السنوية للتأمين وبوالص التأمين وإعادة التأمين، والتفاوض عليها وترويجها,N/A,N/A,
6629,Service and Consultancy,662,Other activities auxiliary to insurance and pension funding,أنشطة أخرى مساعدة للتأمين وتمويل المعاشات التقاعدية,N/A,N/A,
6629.01,Service and Consultancy,662,Activities involved in or closely related to insurance and pension funding (except claims adjusting and activities of insurance agents):• Salvage administration• Actuarial services,"الأنشطة المتعلقة بتمويل التأمين والمعاشات التقاعدية أو المرتبطة ارتباطا وثيقا بها (فيما عدا تسوية المطالبات وأنشطة وكلاء التأمين): 
• إدارة نواتج عمليات الانتشال
• الخدمات الإكتوارية",N/A,N/A,
6820.11,Service and Consultancy,682,Real estate consultancy,الإستشارات العقارية,N/A,N/A,
6891,Service and Consultancy,689,Real Estate Development,التطوير العقاري,N/A,N/A,
6891.01,Service and Consultancy,689,"Development of building projects for own operation, i.e. for renting of space in these buildings",تطوير مشاريع البناء للتشغيل الخاص، أي لتأجير مساحات في المباني,Real Estate Registration Department,POST,
6891.02,Service and Consultancy,689,"Subdividing real estate into lots, without land improvement",تقسيم الأراضي إلى حصص دون إدخال إصلاحات على الأراضي,N/A,N/A,
6891.03,Service and Consultancy,689,Operation of residential mobile home sites,تشغيل مواقع البيوت المتنقلة السكنية,N/A,N/A,
6910.93,Service and Consultancy,691,Trade Marks Registration Agent,وكيل تسجيل العلامات التجارية,N/A,N/A,
6920,Service and Consultancy,692,"Accounting, bookkeeping and auditing activities; tax consultancy",الأنشطة المحاسبية وأنشطة مسك الدفاتر ومراجعة الحسابات، والاستشارات الضريبية,N/A,N/A,
6920.01,Service and Consultancy,692,Recording of commercial transactions from businesses or others,تسجيل المعاملات التجارية الخاصة بالمشاريع التجارية أو غيرها,N/A,N/A,
6920.02,Service and Consultancy,692,Preparation or auditing of financial accounts,إعداد الحسابات المالية أو مراجعتها,N/A,N/A,
6920.03,Service and Consultancy,692,Examination of accounts and certification of their accuracy,فحص الحسابات والتصديق على صحتها,N/A,N/A,
6920.04,Service and Consultancy,692,Preparation of personal and business income tax returns,إعداد إقرارات ضرائب الدخل الشخصية أو التجارية,N/A,N/A,
6920.05,Service and Consultancy,692,Advisory activities and representation on behalf of clients before tax authorities,الأنشطة الاستشارية وتمثيل العملاء أمام سلطات الضرائب,N/A,N/A,
6920.97,Service and Consultancy,692,Tax agent service,وكيل خدمات الضريبة,DNFBP,PRE,
7010,Service and Consultancy,701,Activities of head offices,أنشطة المكاتب الرئيسية,N/A,N/A,
7010.01,Service and Consultancy,701,Head offices,المكاتب الرئيسية,N/A,N/A,
7010.02,Service and Consultancy,701,Centralized administrative offices,مكاتب الإدارة المركزية,N/A,N/A,
7010.03,Service and Consultancy,701,Corporate offices,مكاتب الشركة الأم,N/A,N/A,
7010.04,Service and Consultancy,701,District and regional offices,المكاتب الإقليمية والفرعية,N/A,N/A,
7010.05,Service and Consultancy,701,Subsidiary management offices,مكاتب إدارة الفروع,N/A,N/A,
7010.97,Service and Consultancy,701,Government tourist liaison office,مكتب الاتصال السياحي الحكومي,Department Of Department Of Civil Aviation & Sharjah Airport Authority,PRE,
7020,Service and Consultancy,702,Management consultancy activities,أنشطة الإستشارات الإدارية,N/A,N/A,
7020.01,Service and Consultancy,702,"Marketing, public relations & communication consultancy",استشارات التسويق و العلاقات العامة و الاتصال,N/A,N/A,
7020.02,Service and Consultancy,702,Lobbying activities,"أنشطة السعي لدى ""الجهات الرسمية/الحكومية"" لتحقيق مصلحة",N/A,N/A,
7020.03,Service and Consultancy,702,"Design of accounting methods or procedures, cost accounting programmes, budgetary control procedures",تصميم طرق المحاسبة أو إجراءاتها، وبرامج محاسبة التكاليف، وإجراءات مراقبة الميزانية,N/A,N/A,
7020.04,Service and Consultancy,702,"Advice and help to businesses and public services in planning, organization, efficiency and control, management information etc.",تقديم المشورة والمساعدة إلى دوائر الأعمال والإدارة العامة في التخطيط والتنظيم والكفاءة والمراقبة ومعلومات الإدارة، إلخ,N/A,N/A,
7020.11,Service and Consultancy,702,Strategy advisory services,خدمات الإستشارات الإستراتيجية,N/A,N/A,
7020.12,Service and Consultancy,702,Digital content management,إدارة المحتوى الرقمي,N/A,N/A,
7020.13,Service and Consultancy,702,Project management services,خدمات إدارة المشاريع,N/A,N/A,
7020.14,Service and Consultancy,702,Immigration consultancy,إستشارات الهجرة,N/A,N/A,
7020.15,Service and Consultancy,702,Logistics consultancy,الإستشارات اللوجستية,N/A,N/A,
7020.16,Service and Consultancy,702,Public relation services,خدمات العلاقات العامة,N/A,N/A,
7020.17,Service and Consultancy,702,Hospitality management consultancy,إستشارات إدارة الضيافة,N/A,N/A,
7020.18,Service and Consultancy,702,Health management consulting services,خدمات إستشارات إدارة الصحة,N/A,N/A,
7020.19,Service and Consultancy,702,"Quality, standardization and measuring consultancy",استشارات الجودة و توحيد المعايير و القياس,N/A,N/A,
7020.2,Service and Consultancy,702,Procurement consulting,استشارات المشتريات,N/A,N/A,
7020.21,Service and Consultancy,702,Cargo freight consultancy,استشارات شحن البضائع,N/A,N/A,
7020.44,Service and Consultancy,702,Parliamentary consultancy,الاستشارات البرلمانية,N/A,N/A,
7110,Service and Consultancy,711,Architectural and engineering activities and related technical consultancy,الأنشطة المعمارية والهندسية والخدمات الاستشارية الفنية المتصلة بها,Sharjah Municipality,POST,
7110.01,Service and Consultancy,711,Architectural consulting activities:• Building design and drafting• Town and city planning and landscape architecture,"الأنشطة الاستشارية المعمارية: 
• تصميم المباني وإعداد الخرائط
• تخطيط المدن والهندسة المعمارية لتجميل المواقع",Sharjah Municipality,POST,
7110.02,Service and Consultancy,711,"Engineering design (i.e. applying physical laws and principles of engineering in the design of machines, materials, instruments, structures, processes and systems) andconsulting activities for:• Machinery, industrial processes and industrial plant• Projects involving civil engineering, hydraulic engineering, traffic engineering• Water management projects• Projects elaboration and realization relative to electrical and electronic engineering, mining engineering, chemical engineering, mechanical, industrial and systems engineering, safety engineering• Project management activities related to construction","التصميم الهندسي (أي تطبيق القوانين الفيزيائية والقواعد الهندسية في تصميم الآلات والمواد والأدوات والإنشاءات والعمليات والنظم) والأنشطة الاستشارية فيما يتعلق بما يلي: 
• الآلات والعمليات الصناعية والمصانع
• المشاريع التي تتضّمن هندسة مدنية أو هيدروليكية أو مرورية
• مشاريع إدارة المياه
• وضع المشاريع وتنفيذها بالنسبة للهندسة الكهربائية والالكترونية، وهندسة التعدين، والهندسة الكيميائية، والهندسة الميكانيكية والصناعية وهندسة النظم، وهندسة الأمن والسلامة
• أنشطة إدارة المشروع المتعلقة بالتشييد",Sharjah Municipality,POST,
7110.03,Service and Consultancy,711,"Elaboration of projects using air conditioning, refrigeration, sanitary and pollutioncontrol engineering, acoustical engineering etc.",إعداد المشاريع التي تستخدم هندسة تكييف الهواء وهندسة التبريد وهندسة الإصحاح ومكافحة التلّوث وهندسة الصوتيات، إلخ,Sharjah Municipality,POST,
7110.04,Service and Consultancy,711,"Geophysical, geologic and seismic surveying",المساحة ا لجغرافية والجيولوجية والزلزالية,Sharjah Municipality,POST,
7110.05,Service and Consultancy,711,Geodetic surveying activities:• Land and boundary surveying activities• Hydrologic surveying activities• Subsurface surveying activities• Cartographic and spatial information activities,"أنشطة المسح الجيوديسي: 
• أنشطة مسح الأراضي والحدود
• أنشطة المسح الهيدرولوجي
• أنشطة المسح تحت التربة
• أنشطة المعلومات الخرائطية والمكانية",Sharjah Municipality,POST,
7110.11,Service and Consultancy,711,Engineering consultancy,الإستشارات الهندسية,Sharjah Municipality,POST,
7110.12,Service and Consultancy,711,Civil engineering consultancy,إستشارات الهندسة المدنية,Sharjah Municipality,POST,
7110.13,Service and Consultancy,711,Engineering consultancy of ship building,الإستشارات الهندسية الخاصة ببناء السفن,Sharjah Ports and Customs,POST,
7110.14,Service and Consultancy,711,Aviation consultancy,استشارات الطيران,Department Of Civil Aviation & Sharjah Airport Authority,PRE,
7110.15,Service and Consultancy,711,Marine services consultancy,استشارات الخدمات البحرية,Sharjah Ports and Customs,POST,
7110.17,Service and Consultancy,711,Mass media engineering consultancy,شارات هندسة الإعلام الجماهيري,N/A,N/A,
7110.30,Service and Consultancy,711,"Volume, noise and oscillation control consultancy",استشارات التحكم في مستوى الصوت والضوضاء والتذبذب,N/A,N/A,
7110.41,Service and Consultancy,711,Products design services,خدمات تصميم السلع,N/A,N/A,
7120,Service and Consultancy,712,Technical testing and analysis,الاختبارات والتحاليل التقنية,Food Control Section - Sharjah Municibality,POST,
7120.01,Service and Consultancy,712,"Performance of physical, chemical and other analytical testing of all types of materials and products (see below for exceptions):• Acoustics and vibration testing• Testing of composition and purity of minerals etc.• Testing activities in the field of food hygiene, including veterinary testing and control in relation to food production• Testing of physical characteristics and performance of materials, such as strength, thickness, durability, radioactivity etc.• Qualification and reliability testing• Performance testing of complete machinery: motors, automobiles, electronic equipment etc.• Radiographic testing of welds and joints• Failure analysis• Testing and measuring of environmental indicators: air and water pollution etc.","إجراء الاختبارات الفيزيائية والكيميائية وسائر الاختبارات التحليلية من جميع الانواع للمواد والمنتجات (انظر الاستثناءات في ما يلي): 
• اختبار الصوتيات والذبذبات
• اختبار تركيب المعادن ودرجة نقاوتها، إلخ
• أنشطة الاختبار في مجال الصحة الغذائية، بما ذلك الاختبارات البيطرية وعمليات المراقبة ذات الصلة بالإنتاج الغذائي
• اختبار الخصائص الفيزيائية للمعادن وأدائها، مثل الشدة والكثافة ودرجة التحمل والنشاط ا شعاعي، إلخ
• اختبار الاهلية والاعتمادية
• اختبار أداء الآلات الكاملة: المحّركات والسيارات والمعدات الإلكترونية، إلخ
• اختبار اللحامات والوصلات عن طريق التصوير بالأشعة
• تحليل الأعطال
• اختبار وقياس المؤشرات البيئية: تلّوث الهواء والمياه، إلخ",N/A,N/A,
7120.02,Service and Consultancy,712,"Certification of products, including consumer goods, motor vehicles, aircraft, pressurized containers, nuclear plants etc.",شهادات صلاحية المنتجات، بما في ذلك السلع الاستهلاكية والمركبات ذات المحركات والطائرات وأوعية الضغط والمحطات النووية، إلخ,N/A,N/A,
7120.03,Service and Consultancy,712,Periodic road-safety testing of motor vehicles,الاختبارات الدورية للسيارات من حيث السلامة على الطرق,N/A,N/A,
7120.04,Service and Consultancy,712,"Testing with use of models or mock-ups (e.g. of aircraft, ships, dams etc.)",إجراء الاختبارات باستخدام النماذج أو النماذج المصطنعة بالحجم الطبيعي (مثل الطائرات والسفن والسدود، إلخ),N/A,N/A,
7120.05,Service and Consultancy,712,Operation of police laboratories,تشغيل مختبرات الشرطة,N/A,N/A,
7120.28,Service and Consultancy,712,Building inspection services,خدمات فحص المباني,N/A,N/A,
7131,Service and Consultancy,713,Alternative Energy Consultancy,استشارات الطاقة البديلة,N/A,N/A,
7132,Service and Consultancy,713,Environmental engineering Consultancy,استشارات الهندسة البيئية,N/A,N/A,
7133,Service and Consultancy,713,Waste Management Consultancy,استشارات إدارة المخلفات,N/A,N/A,
7134,Service and Consultancy,713,Sustainable Mobility Consultancy,استشارات النقل المستدام,N/A,N/A,
7210,Service and Consultancy,721,Research and experimental development on natural sciences and engineering,البحث والتطوير التجريبي في مجالي العلوم الطبيعية والهندسة,N/A,N/A,
7210.01,Service and Consultancy,721,"Esearch and experimental development on natural science and engineering:• Research and development on natural sciences• Research and development on engineering and technology• Research and development on medical sciences• Research and development on biotechnology• Research and development on agricultural sciences• Interdisciplinary research and development, predominantly on natural sciences and engineering","البحث والتطوير التجريبي في مجالي العلوم الطبيعية والهندسة: 
• البحث والتطوير في مجال العلوم الطبيعية
• البحث والتطوير في مجال الهندسة والتكنولوجيا
• البحث والتطوير في العلوم الطبية
• لبحث والتطوير في علوم التكنولوجيا الحيوية
• البحث و التطوير في العلوم الزراعية
• البحث والتطوير المتعّدد القطاعات، على الأغلب في العلوم الطبيعية و الهندسة",N/A,N/A,
7210.02,Service and Consultancy,721,Chemical industries consultancy,استشارات الصناعات الكميائية,N/A,N/A,
7220,Service and Consultancy,722,Research and experimental development on social sciences and humanities,البحث والتطوير التجريبي في مجال العلوم الاجتماعية والإنسانية,N/A,N/A,
7220.01,Service and Consultancy,722,Research and development on social sciences,البحث والتطوير في العلوم الاجتماعية,N/A,N/A,
7220.02,Service and Consultancy,722,Research and development on humanities,البحث والتطوير في العلوم الانسانية,N/A,N/A,
7220.03,Service and Consultancy,722,"Interdisciplinary research and development, predominantly on social sciences and humanities",البحث والتطوير المتعّدد القطاعات، على الأغلب في العلوم الاجتماعية والإنسانية,N/A,N/A,
7220.04,Service and Consultancy,722,Artificial Intelligence Developing Services,خدمات تطوير الذكاء الاصطناعي,N/A,N/A,
7220.05,Service and Consultancy,722,Consultancy and studies and researches in literature and arts,الاستشارات والدراسات والبحوث في الأدب والفنون,N/A,N/A,
7220.06,Service and Consultancy,722,Consulting and research and development in the field of technology education,الأستشارات والبحث والتطوير فى مجال تقنيات التعليم,N/A,N/A,
7220.07,Service and Consultancy,722,Gaming Industry Research Services,الدراسات والبحوث في مجال الألعاب,N/A,N/A,
7310,Media,731,Advertising,الإعلان,UAE Media Council,POST,
7310.01,Media,731,"Creation and realization of advertising campaigns:• Creating and placing advertising in newspapers, periodicals, radio, television, the internet and other media• Creating and placing of outdoor advertising, e.g. billboards, panels, bulletins and frames, window dressing, showroom design, car and bus carding etc.• Media representation, i.e. sale of time and space for various media soliciting advertising• Aerial advertising• Distribution or delivery of advertising material or samples• Provision of advertising space on billboards etc.• Creation of stands and other display structures and sites","ابتكار وتنفيذ حملات إعلانية:
• ابتكار الإعلانات ونشرها في الصحف والدوريات والإذاعة والتليفزيون وعلى شبكة الإنترنت
والوسائط الأخرى
• ابتكار الإعلانات ونشرها في الأماكن الخارجية، مثل لوحات الإعلانات والملصقات والنشرات والأُطُر
وواجهات المتاجر، وتصميم صالات العرض، والإعلان على السيارات والحافلات، إلخ
• تمثيل وسائط الإعلام، أي بيع الوقت والمساحة لمختَلف الإعلانات التي تجتذب وسائط الإعلان
• الإعلانات الجوية
• توزيع أو توصيل المواد الإعلانية أو العيِّنات
• إتاحة مكان إعلاني على لوحات الإعلان وغيرها
• إقامة أكشاك وهياكل عرض أخرى ومواقع للإعلان",UAE Media Council,POST,
7310.02,Media,731,Conducting marketing campaigns and other advertising services aimed at attracting and retaining customers:• Promotion of products• Point-of-sale marketing• Direct mail advertising• Marketing consulting,"القيام بحملات تسويقية وغيرها من خدمات الإعلان التي تهدف إلى اجتذاب الزبائن والاحتفاظ بهم: 
• الترويج للمنتجات
• التسويق عن طريق نقاط البيع
• الإعلان المباشر بالبريد
• الخبرة الاستشارية في مجال التسويق",UAE Media Council,POST,
7310.11,Media,731,Digital marketing,التسويق الرقمي,N/A,N/A,
7310.12,Media,731,Public relations consultancy,إستشارات العلاقات العامة,N/A,N/A,
7310.13,Media,731,Publications of brochures & leaflets,نشر الكتيبات و أوراق الإعلانات,N/A,N/A,
7310.14,Media,731,Online Marketing Services,خدمات التسويق الإلكتروني,N/A,N/A,
7310.15,Media,731,Direct marketing,التسويق المباشر,N/A,N/A,
7310.16,Media,731,Social media services,خدمات الإعلام الإجتماعي,N/A,N/A,
7310.17,Media,731,Sales promotion,ترويج المبيعات,N/A,N/A,
7310.18,Media,731,Online advertising,الإعلان عبر الإنترنت,N/A,N/A,
7310.19,Media,731,Publicity,الدعاية,N/A,N/A,
7310.2,Media,731,Digital media management,إدارة الإعلام الرقمي,N/A,N/A,
7310.21,Media,731,Social media consultancy,إستشارات وسائط التواصل الاجتماعي,N/A,N/A,
7310.86,Media,731,Marketing for products and services via telephone,التسويق للمنتجات والخدمات عبر الهاتف,N/A,N/A,
7310.90,Media,731,Distribution of advertising materials &amp; samples,توزيع المواد الإعلانية والعينات,N/A,N/A,
7315,Media,731,Marketing festivals and art events,تسويق المهرجانات و الأحداث الفنية,N/A,N/A,
7316,Media,731,Sports Events Marketing,تسويق الفعاليات الرياضية,N/A,N/A,
7317,Media,731,Advertising Agency,وكالة إعلان,N/A,N/A,
7320,Media,732,Market research and public opinion polling,أبحاث السوق واستطلاعات الرأي,N/A,N/A,
7320.01,Media,732,"Investigation into market potential, acceptance and familiarity of products and buying habits of consumers for the purpose of sales promotion and development of new products, including statistical analyses of the results",بحث إمكانات السوق ومدى قبول المنتجات والمعرفة بها وعادات المستهلكين فيما يتعلق بالشراء، وذلك بغرض تنشيط المبيعات وتطوير منتجات جديدة، ويشمل ذلك التحليلات الإحصائية للنتائج,N/A,N/A,
7320.02,Media,732,"Investigation into collective opinions of the public about political, economic and social issues and statistical analysis thereof",استطلاع الآراء الجماعية للجمهور حول المسائل السياسية والاقتصادية والاجتماعية، و تحليل النتائج إحصائيا,N/A,N/A,
7320.11,Media,732,Specialty communication & PR,الإتصال الخاص و العلاقات العامة,N/A,N/A,
7320.12,Media,732,Media representation,التمثيل الإعلامي,N/A,N/A,
7320.13,Media,732,Media monitoring,رصد وسائط الإعلام,N/A,N/A,
7320.14,Media,732,Media consultancy:• Broadcasting• Press• News• TV & Radio• Production• Post-Production,"استشارات إعلامية: 
• البث
• الصحافة
• الأخبار
• الإذاعة والتلفزيون
• الإنتاج
• ما بعد الإنتاج",N/A,N/A,
7320.15,Media,732,Communication consultancy,استشارات الإتصال,N/A,N/A,
7325,Media,732,Mass Media Engineering Consultancy,استشارات هندسة وسائط الإعلام,N/A,N/A,
7326,Media,732,Consultancy and Studies and Researches in Literature and Arts,استشارات وأبحاث ودراسات الأدب والفنون,N/A,N/A,
7331,Media,733,Consulting and advertising studies,إستشارات ودراسات الإعلان,N/A,N/A,
7332,Media,733,Branding and Corporate Identity,تكوين العلامة التجارية والهوية المؤسسية,N/A,N/A,
7333,Media,733,Content Rights Management,إدارة حقوق المحتوى,N/A,N/A,
7334,Media,733,Corporate Content Provider,مزود المحتوى المؤسسي,N/A,N/A,
7335,Media,733,Interactive Services,الخدمات التفاعلية,N/A,N/A,
7410,Media,741,Specialized design activities,أنشطة التصميم المتخصصة,N/A,N/A,
7410.01,Media,741,"Fashion design related to textiles, wearing apparel, shoes, jewelry, furniture and other interior decoration and other fashion goods as well as other personal or household goods",تصميم الأزياء المتصل بالمنسوجات والملبوسات والأحذية والمجوهرات والأثاث والديكور الداخلي وغير ذلك من سلع الموضة، وكذلك السلع الشخصية والمنزلية,N/A,N/A,
7410.02,Media,741,"Industrial design, i.e. creating and developing designs and specifications that optimize the use, value and appearance of products, including the determination of the materials, construction, mechanism, shape, colour and surface finishes of the product, taking into consideration human characteristics and needs, safety, market appeal and efficiency in production, distribution, use and maintenance",التصميم الصناعي، أي ابتكار وتطوير تصميمات ومواصفات تعظم من استعمالات المنتَج وقيمته ومظهره، بما في ذلك تحديد المواد والبنية والأليات والشكل واللون والملمس، مع مراعاة اعتبارات الخصائص والحاجات الإنسانية، والسلامة، والجاذبية السوقية، والكفاءة في الإنتاج والتوزيع والاستعمال والصيانة,N/A,N/A,
7410.03,Media,741,Activities of graphic designers,أنشطة مصممي الرسومات,N/A,N/A,
7410.04,Media,741,Activities of interior decorators,أنشطة أخصائيي الديكورات الداخلية,N/A,N/A,
7410.06,Media,741,Visual merchandising services,خدمات التسويق البصري,N/A,N/A,
7410.97,Media,741,Jewellery designing,تصميم المجوهرات,N/A,N/A,
7415,Media,741,Production models by the three-dimensional imaging,إنتاج النماذج ثلاثية الأبعاد,N/A,N/A,
7416,Media,741,Holograms production,إنتاج الصور المجسمة,N/A,N/A,
7420,Media,742,Photographic activities,أنشطة التصوير,N/A,N/A,
7420.01,Media,742,"Commercial and consumer photograph production:• Portrait photography for passports, schools, weddings etc.• Photography for commercials, publishers, fashion, real estate or tourism purposes• Aerial photography• Videotaping of events: weddings, meetings etc.","إنتاج الصور الفوتوغرافية التجارية والاستهلاكية: 
• تصوير الأشخاص من أجل جوازات السفر أو المدارس أو حفلات الزفاف، إلخ. 
• التصوير لأغراض الإعلانات التجارية والنشر والأزياء والأغراض العقارية أو السياحية. 
• التصوير الجوي. 
• تسجيل المناسبات على شرائط الفيديو: حفلات الزفاف والاجتماعات، إلخ.",N/A,N/A,
7420.02,Media,742,"Film processing:• Developing, printing and enlarging from client-taken negatives or cine-films• Film developing and photo printing laboratories• One hour photo shops (not part of camera stores)• Mounting of slides• Copying and restoring or transparency retouching in connection with photographs","تجهيز الأفلام: 
• التحميض والطبع والتكبير من الصور السلبية أو الأفلام السينمائية التي التقطها العميل. 
• مختبرات تحميض وطبع الأفلام. 
• محلات التحميض والطبع السريع (التي ليست جزًءا من محلات بيع آلات التصوير). 
• تركيب الشرائح الزجاجية. 
• الاستنساخ والترميم أو ترميم الأجزاء الشّفافة فيما يتعلق بالصور الفوتوغرافية.",UAE Media Council,POST,
7420.03,Media,742,Activities of photojournalists,أنشطة المصّورين الصحفيين,N/A,N/A,
7420.04,Media,742,Microfilming of documents,تصوير الوثائق على مايكروفيلم,N/A,N/A,
7423,Media,742,Air Photography,التصوير الجوي,N/A,N/A,
7424,Media,742,Parties and Occasions Photographing,تصوير الحفلات والمناسبات,N/A,N/A,
7425,Media,742,Renting instant photography equipment,تأجير معدات التصوير الفوري,N/A,N/A,
7426,Media,742,Renting Photo booths,تأجير أكشاك التصوير الفوتوغرافي,N/A,N/A,
7427,Media,742,Photography for construction projects,تصوير مشاريع البناء,N/A,N/A,
7428,Media,742,Documentary Films Photography,تصوير الأفلام الوثائقية,N/A,N/A,
7490,Media,749,"Other professional, scientific and technical activities n.e.c.",الأنشطة المهنية والعلمية والتقنية الأخرى غير المصنّفة في موضع آخر,N/A,N/A,
7490.01,Media,749,Translation and interpretation activities,أنشطة الترجمة التحريرية والشفوية,N/A,N/A,
7490.02,Media,749,"Business brokerage activities, i.e. arranging for the purchase and sale of small and medium-sized businesses, including professional practices, but not including real estate brokerage",أنشطة السمسرة التجارية، أي ترتيبات الشراء والبيع والمشاريع التجارية الصغيرة والمتوسطة الحجم، بما في ذلك الممارسات المهنية، ولكنها لا تشمل السمسرة العقارية,N/A,N/A,
7490.03,Media,749,Patent brokerage activities (arranging for the purchase and sale of patents),أنشطة الوساطة فيما يتعلق ببراءات الاختراع (ترتيبات شراء وبيع البراءات),N/A,N/A,
7490.04,Media,749,"Appraisal activities other than for real estate and insurance (for antiques, jewellery, etc.)",أنشطة التقييم، خلاف أنشطة التقييم العقاري والتأمين (للتحف والمجوهرات، إلخ),N/A,N/A,
7490.05,Media,749,Bill auditing and freight rate information,مراجعة الكمبيالات ومعلومات أجور الشحن,N/A,N/A,
7490.06,Media,749,Activities of quantity surveyors,أنشطة المساحين الخاصة بالكميات,N/A,N/A,
7490.07,Media,749,Weather forecasting activities,أنشطة التنبؤ بأحوال الطقس,N/A,N/A,
7490.08,Media,749,Security consulting,الخدمات الاستشارية في مجال الأمن,Sharjah Civil Defence / Sharjah Police Headquarters,POST,
7490.09,Media,749,Agronomy consulting,الخدمات الاستشارية في مجال الهندسة الزراعية,N/A,N/A,
7490.1,Media,749,Environmental consulting,الخدمات الاستشارية البيئية,Sharjah Municipality,POST,
7490.11,Media,749,Other technical consulting,الخدمات الاستشارية التقنية الأخرى,N/A,N/A,
7490.12,Media,749,"Activities of consultants other than architecture, engineering and management consultants",أنشطة الخبراء الاستشاريين غير الاستشارات المعمارية والهندسية والخاصة بالإدارة,N/A,N/A,
7490.13,Media,749,"Activities carried on by agents and agencies on behalf of individuals usually involving the obtaining of engagements in motion picture, theatrical production or other entertainment or sports attractions and the placement of books, plays, artworks, photographs etc., with publishers, producers etc.",الأنشطة التي يقوم بها الوكلاء والوكالات نيابة عن الأفراد، والتي تشمل عادة الحصول على عمل في السينما أو الإنتاج المسرحي أو الأعمال الترفيهية أو الرياضية، والعثور على ناشرين للكتب والمسرحيات والأعمال الفنية والتصويرية وما إليها، والوساطة مع المنتجين، إلخ,N/A,N/A,
7490.19,Media,749,Literary agency and author representation services,خدمات الوكالة الأدبية وتمثيل المؤلفين,N/A,N/A,
7490.21,Media,749,Human resources consultancy,إستشارات الموارد البشرية,N/A,N/A,
7710,Service and Consultancy,771,Renting and leasing of motor vehicles,تأجير المركبات ذات المحرّكات,Roads and Transport Authority Sharjah,PRE,
7710.01,Service and Consultancy,771,"Renting and operational leasing of the following types of vehicles:• Passenger cars (without drivers)• Trucks, utility trailers and recreational vehicles","تأجير الأنواع التالية من المركبات والتأجير التشغيلي لها: 
• سيارات الركوب (دون سائق)
• الشاحنات والمقطورات ومركبات الترفيه",Roads and Transport Authority Sharjah,PRE,
7721,Service and Consultancy,772,Renting and leasing of recreational and sports goods,تأجير السلع الترفيهية والرياضية,Roads and Transport Authority Sharjah,PRE,
7721.01,Service and Consultancy,772,"Renting of recreational and sports equipment:• Pleasure boats, canoes, sailboats,• Bicycles• Beach chairs and umbrellas• Other sports equipment• Skis","تأجير المعدات الترفيهية والرياضية: 
• زوارق المتعة، والزوارق ذات المجداف، والزوارق الشراعية
• الدراجات
• كراسي ومظلات الشواطئ
• المعدات الرياضية الأخرى
• معدات التزلج على الجليد",Roads and Transport Authority Sharjah,PRE,
7722,Service and Consultancy,772,Renting of video tapes and disks,تأجير شرائط وأقراص الفيديو,UAE Media Council,POST,
7722.01,Service and Consultancy,772,"Renting of video tapes, records, CDs, DVDs etc.",تأجير شرائط الفيديو والأسطوانات والأقراص المدمجة وأقراص الفيديو الرقمية، إلخ,N/A,N/A,
7729,Service and Consultancy,772,Renting and leasing of other personal and household goods,تأجير السلع الشخصية والمنزلية الأخرى,N/A,N/A,
7729.01,Service and Consultancy,772,"Renting of all kinds of household or personal goods, to households or industries (except recreational and sports equipment):• Textiles, wearing apparel and footwear• Furniture, pottery and glass, kitchen and tableware, electrical appliances and house wares• Jewellery, musical instruments, scenery and costumes• Books, journals and magazines• Machinery and equipment used by amateurs or as a hobby e.g. tools for home repairs• Flowers and plants• Electronic equipment for household use","تأجير جميع أنواع السلع المنزلية أو الشخصية للأسر المعيشية أو للصناعة (فيما عدا المعدات الترفيهية والرياضية): 
• المنسوجات والملبوسات والأحذية
• الأثاث والأواني الفخارية والزجاجية وأدوات المطبخ والمائدة والأجهزة الكهربائية والأدوات المنزلية
• المجوهرات والآلات الموسيقية والمناظر والأزياء
• الكتب والمجلات والدوريات
• الآلات والمعدات التي يستعملها الهواة، مثل الأدوات التي تُستخَدم في الإصلاحات المنزلية
• الزهور والنباتات
• المعدات ا الإلكترونية للاستعمال المنزلي",N/A,N/A,
7730,Service and Consultancy,773,"Renting and leasing of other machinery, equipment and tangible goods",تأجير الآلات والمعدات الأخرى والسلع الحقيقية,N/A,N/A,
7730.01,Service and Consultancy,773,"Renting and operational leasing, without operator, of other machinery and equipment that are generally used as capital goods by industries:• Engines and turbines• Machine tools• Mining and oilfield equipment• Professional radio, television and communication equipment• Motion picture production equipment• Measuring and controlling equipment• Other scientific, commercial and industrial machinery","التأجير والتأجير التشغيلي، دون مشغل، للآلات والمعدات الأخرى التي تُستعَمل عادة كسلع إنتاجية في الصناعات: 
• المحّركات والتوربينات
• عدد الورش
• معدات المناجم وحقول النفط
• معدات الإذاعة والتليفزيون والاتصالات المهنية
• معدات إنتاج الأفلام السينمائية
• معدات القياس والمراقبة
• الآلات العلمية والتجارية والصناعية الأخرى",N/A,N/A,
7730.02,Service and Consultancy,773,"Renting and operational leasing of land-transport equipment (other than motor vehicles) without drivers:• Motorcycles, caravans and campers etc.• Railroad vehicles","التأجير، والتأجير التشغيلي، لمعدات النقل البري (فيما عدا السيارات) دون سائق: 
•الدراجات النارية والكرافانات وسيارات التخييم، إلخ
•عربات السكك الحديدية",N/A,N/A,
7730.03,Service and Consultancy,773,Renting and operational leasing of water-transport equipment without operator:• Commercial boats and ships,"التأجير، والتأجير التشغيلي، لمعدات النقل المائي دون مشغل: 
•القوارب والسفن التجارية",Sharjah Ports and Customs,PRE,
7730.04,Service and Consultancy,773,Renting and operational leasing of air transport equipment without operator:• Airplanes• Hot-air balloons,"التأجير، والتأجير التشغيلي، لمعدات النقل الجوي دون مشّغل: 
•الطائرات
•بالونات الهواء الساخن",Department Of Civil Aviation & Sharjah Airport Authority,PRE,
7730.05,Service and Consultancy,773,"Renting and operational leasing of agricultural and forestry machinery and equipment without operator:• Renting of products produced by class 2821, such as agricultural tractors etc.","التأجير، والتأجير التشغيلي، للآلات والمعدات الزراعية والحراجية، دون مشغل: 
• تأجير المنتجات المنتجة، مثل الجرارات الزراعية وما إليها",N/A,N/A,
7730.06,Service and Consultancy,773,"Renting and operational leasing of construction and civil-engineering machinery and equipment without operator:• Crane lorries• Scaffolds and work platforms, without erection and dismantling","التأجير ، والتأجير التشغيلي، للآلات ومعدات التشييد والهندسة المدنية، دون مشغل: 
• الشاحنات ذات الأوناش
• السقالات ومنصات العمل، دون تركيب أو تفكيك",Roads and Transport Authority Sharjah,POST,
7730.07,Service and Consultancy,773,"Renting and operational leasing of office machinery and equipment without operator:• Computers and computer peripheral equipment• Duplicating machines, typewriters and word-processing machines• Accounting machinery and equipment: cash registers, electronic calculators etc.• Office furniture","التأجير، والتأجير التشغيلي، للآلات والمعدات المكتبية، دون مشّغل: 
• الحاسوب والمعدات الطرفية للحاسوب
• ماكينات النسخ وماكينات الطباعة وماكينات تجهيز النصوص
• آلات ومعدات المحاسبة: مسجلات النقد والحاسبات الإلكترونية، إلخ
• الأثاث المكتبي",N/A,N/A,
7730.08,Service and Consultancy,773,Renting of accommodation or office containers,تأجير الحاويات للإقامة أو المكاتب,Sharjah Municipality,POST,
7730.09,Service and Consultancy,773,Renting of containers,تأجير الحاويات,N/A,N/A,
7730.1,Service and Consultancy,773,Renting of pallets,تأجير منّصات التحميل,N/A,N/A,
7730.11,Service and Consultancy,773,"Renting of animals (e.g. herds, race horses)",تأجير الحيوانات (مثل رعي القطعان أو تأجير خيول السباق),N/A,N/A,
7730.21,Service and Consultancy,773,Media equipment rental,تأجير المعدات الإعلامية,N/A,N/A,
7740,Service and Consultancy,774,"Leasing of intellectual property and similar products, except copyrighted works",تأجير منتجات الملكية الفكرية وما شابهها، فيما عدا الأعمال المحمية بحقوق النشر,N/A,N/A,
7740.01,Service and Consultancy,774,"Leasing of intellectual property products (except copyrighted works, such as books or software)",تأجير منتجات الملكية الفكرية (فيما عدا الأعمال الفنية التي يحميها حق النشر كالكتب أو البرمجيات),N/A,N/A,
7740.02,Service and Consultancy,774,"Receiving royalties or licensing fees for the use of:• Patented entities• Trademarks or service marks• Brand names• Mineral exploration and evaluation• Franchise agreements""","تلّقي عوائد أو رسوم ترخيص عن استعمال ما يلي: 
• الكيانات المحمية ببراءة
• العلامات التجارية أو علامات الخدمة
• الأسماء المسّجلة
• استغلال وتقييم المناجم
• اتفاقات حق الامتياز",N/A,N/A,
7740.11,Service and Consultancy,774,Intellectual property services,خدمات الملكية الفكرية,N/A,N/A,
7810,Service and Consultancy,781,Activities of employment placement agencies,أنشطة وكالات التشغيل,N/A,N/A,
7810.01,Service and Consultancy,781,"Personnel search, selection referral and placement activities, including executive placement and search activities",أنشطة البحث عن مستخَدمين واختيارهم وإحالتهم وتعيينهم، بما في ذلك تعيين الموظفين التنفيذيين وأنشطة البحث عنهم,N/A,N/A,
7810.02,Service and Consultancy,781,"Activities of casting agencies and bureaus, such as theatrical casting agencies",أنشطة وكالات ومكاتب تشغيل الممثلين والمسرحيين,N/A,N/A,
7810.03,Service and Consultancy,781,Activities of on-line employment placement agencies,أنشطة وكالات التشغيل عن طريق الشبكة العالمية (الإنترنت),N/A,N/A,
7820,Service and Consultancy,782,Temporary employment agency activities,أنشطة وكالات التشغيل المؤقت,N/A,N/A,
7820.01,Service and Consultancy,782,"Supplying workers to clients’ businesses for limited periods of time to temporarily replace or supplement the working force of the client, where the individuals provided are employees of the temporary help service unit",توفير العاملين لأعمال العميل لفترات محدودة من أجل تعويض أو تكملة القوة العاملة لدى العميل مؤقتا، حين يكون الأفراد المقّدمون للعمل مستخَدمين لدى وحدة خدمات التشغيل المؤقت,N/A,N/A,
7830,Service and Consultancy,783,Other human resources provision,تقديم موارد بشرية أخرى,N/A,N/A,
7830.01,Service and Consultancy,783,Provision of human resources for client businessesthis provision of human resources is typically done on a long-term or permanent basis and the units classified here may perform a wide range of human resource and personnel management duties associated with this provision.,تقديم موارد بشرية لأعمال العملاء: يكون تقديم الموارد البشرية في هذا الفرع على أساس طويل الأجل أو دائم بشكل عام، ويمكن أن تقوم الوحدات المصنّفة في هذا الفرع بالقيام بطائفة واسعة من مهام إدارة القوى البشرية والمستخَدمين المقدمين في هذا الإطار,N/A,N/A,
7911,Service and Consultancy,791,Travel agency activities,أنشطة وكالات السفر,Department Of Civil Aviation & Sharjah Airport Authority,PRE,
7911.01,Service and Consultancy,791,"Activities of agencies primarily engaged in selling travel, tour, transportation andaccommodation services to the general public and commercial clients",أنشطة الوكالات التي تشتغل أساسا في بيع خدمات السفر والرحلات والنقل والإقامة للجمهور وللعملاء التجاريين,Department Of Civil Aviation & Sharjah Airport Authority,PRE,
7912,Service and Consultancy,791,Tour operator activities,أنشطة مشغلي الجولات السياحية,Department Of Civil Aviation & Sharjah Airport Authority,PRE,
7912.01,Service and Consultancy,791,"Arranging and assembling tours that are sold through travel agencies or directly by tour operators. the tours may include any or all of the following:• Transportation• Accommodation• Food• Visits to museums, historical or cultural sites, theatrical, musical or sporting events.","ترتيب وتجميع الرحلات التي تباع من خلال وكالات السفر أو بشكل مباشر من خلال مشّغلي الرحلات أنفسهم. وقد تشمل الرحلات أيا من الأنشطة التالية: 
• النقل. 
• الإقامة.
• الطعام. 
• زيارة المتاحف أو المواقع التاريخية أو الثقافية أو الأحداث المسرحية أو الموسيقية أو الرياضية",N/A,N/A,
7912.04,Service and Consultancy,791,Educational & recreational tours organizing,تنظيم الرحلات التعليمية والترفيهية,N/A,N/A,
7990,Service and Consultancy,799,Other reservation service and related activities,خدمات الحجز الأخرى والأنشطة المتصلة بها,N/A,N/A,
7990.01,Service and Consultancy,799,"Provision of other travel-related reservation services:• Reservations for transportation, hotels, restaurants, car rentals, entertainment and sport etc.","تقديم خدمات الحجز الأخرى المتصلة بالسفر: 
•حجز وسائل النقل والفنادق والمطاعم وإيجار السيارات والأحداث الترفيهية  و الزياضية، إلخ.",Department Of Civil Aviation & Sharjah Airport Authority,PRE,
7990.02,Service and Consultancy,799,Provision of time-share exchange services,تقديم خدمات تبادل أماكن الإقامة المملوكة بنظام تقاسم الوقت,N/A,N/A,
7990.03,Service and Consultancy,799,"Ticket sales activities for theatrical, sports and other amusement and entertainment events",أنشطة بيع التذاكر للأحداث المسرحية والرياضية وغيرها من أنواع التسلية والترفيه,N/A,N/A,
7990.04,Service and Consultancy,799,Provision of visitor assistance services:• Provision of travel information to visitors• Activities of tourist guides,"تقديم خدمات مساعدة الزوار: 
• تقديم معلومات السفر للزوار
• أنشطة المرشدين السياحيين",N/A,N/A,
7990.05,Service and Consultancy,799,Tourism promotion activities,أنشطة ترويج السياحة,Department Of Civil Aviation & Sharjah Airport Authority,PRE,
8110,Service and Consultancy,811,Combined facilities support activities,أنشطة متكاملة لدعم المرافق,N/A,N/A,
8110.01,Service and Consultancy,811,"Provision of a combination of support services within a client’s facility, such as general interior cleaning, maintenance, trash disposal, guard and security, mail routing, reception, laundry and related services to support operations within facilities. units classified here provide operating staff to carry out these support activities, but are not involved with or responsible for the core business or activities of the client.",تقدم مجموعة من خدمات الدعم في إطار مرافق العميل، مثل التنظيف العام الداخلي والصيانة وتصريف الفضلات والحراسة والبريد الداخلي والاستقبال وخدمات الغسيل وما يتصل بذلك من خدمات لدعم تشغيل المرفق. والوحدات المصنّفة في هذا الفرع تقدم الموظفين الذين يعملون في تقديم أنشطة الدعم هذه، ولكنها لا تعمل في النشاط الأساسي أو الأنشطة الأساسية للعميل وليست مسؤولة عنها.,N/A,N/A,
8110.09,Service and Consultancy,811,General facilities and services engineering consultancy,الإستشارات الهندسية الخاصة بالمرافق العامة,Sharjah Municipality,POST,
8110.1,Service and Consultancy,811,Facilities management services,خدمات المرافق العامة,N/A,N/A,
8110.11,Service and Consultancy,811,Security and safety advisory,استشارات الأمن و السلامة,Sharjah Civil Defence Auhtority,POST,
8110.12,Service and Consultancy,811,Safety and prevention against fire engineering consultancy,الإستشارات الهندسية الخاصة بالسلامة و الوقاية ضد الحرائق,Sharjah Civil Defence Auhtority,POST,
8121,Service and Consultancy,812,General cleaning of buildings,التنظيف العام للمباني,N/A,N/A,
8121.01,Service and Consultancy,812,"General (non-specialized) cleaning of all types of buildings, such as:• Offices• Houses or apartments• Factories• Shops• Institutions","التنظيف العام (غير المتخصص) لجميع أنواع المباني، مثل: 
• المكاتب
• المنازل أو الشقق
• المصانع
• المتاجر
• المؤسسات",N/A,N/A,
8121.02,Service and Consultancy,812,General (non-specialized) cleaning of other business and professional premises and multiunit residential buildings these activities cover mostly interior cleaning although they may include the cleaning of associated exterior areas such as windows or passageways.,التنظيف العام (غير المتخصص) لأماكن العمل الأخرى والمباني المهنية والمباني السكنية المتعددة الوحدات,N/A,N/A,
8129,Service and Consultancy,812,Other building and industrial cleaning activities,أنشطة تنظيف المباني والتنظيف الصناعي الأخرى,N/A,N/A,
8129.01,Service and Consultancy,812,"Exterior cleaning of buildings of all types, including offices, factories, shops, institutions and other business and professional premises and multiunit residential buildings",التنظيف من الخارج للمباني من جميع الأنواع، بما في ذلك المكاتب والمصانع والمتاجر والمؤسسات وغيرها من دوائر الأعمال والأماكن المهنية والمباني السكنية المتعددة الوحدات,N/A,N/A,
8129.02,Service and Consultancy,812,"Specialized cleaning activities for buildings such as window cleaning, chimney cleaning and cleaning of fireplaces, stoves, furnaces, incinerators, boilers, ventilation ducts and exhaust units",أنشطة التنظيف المتخصص للمباني ، مثل تنظيف النوافذ والمداخن والمدافئ والمواقد و محارق القمامة والغلايات وأنابيب التهوئة ووحدات العادم,N/A,N/A,
8129.03,Service and Consultancy,812,Swimming pool cleaning and maintenance services,تنظيف أحواض السباحة وخدمات الصيانة لها,N/A,N/A,
8129.04,Service and Consultancy,812,Cleaning of industrial machinery,تنظيف الآلات الصناعية,N/A,N/A,
8129.05,Service and Consultancy,812,Bottle cleaning,تنظيف القوارير,N/A,N/A,
8129.06,Service and Consultancy,812,"Cleaning of trains, buses, planes, etc.",تنظيف القطارات والحافلات والطائرات، إلخ,Department Of Civil Aviation & Sharjah Airport Authority,PRE,
8129.07,Service and Consultancy,812,Cleaning of the inside of road and sea tankers,تنظيف الصهاريج التي تُستعَمل في النقل الجوي والبحري من الداخل,N/A,N/A,
8129.08,Service and Consultancy,812,Disinfecting and exterminating activities,أنشطة التعقيم والتطهير,N/A,N/A,
8129.09,Service and Consultancy,812,Street sweeping and snow and ice removal,كنس الشوارع وإزالة الثلوج والجليد,N/A,N/A,
8129.1,Service and Consultancy,812,"Other building and industrial cleaning activities, n.e.c.",أنشطة تنظيف المباني والتنظيف الصناعي الأخرى غير المصنفة في موضع آخر,N/A,N/A,
8130,Service and Consultancy,813,Landscape care and maintenance service activities,الأنشطة المتعلقة بخدمة وصيانة تجميل المواقع,N/A,N/A,
8130.01,Service and Consultancy,813,"Planting, care and maintenance of:• Parks and gardens for:1. Private and public housing2. Public and semi-public buildings (schools, hospitals, administrative buildings,church buildings etc.)3. Municipal grounds (parks, green areas, cemeteries etc.)4. Highway greenery (roads, train lines and tramlines, waterways, ports)5. Industrial and commercial buildings• Greenery for:1. Buildings (roof gardens, façade greenery, indoor gardens)2. Sports grounds (e.g. football fields, golf courses etc.), play grounds, lawns for sunbathing and other recreational parks3. Stationary and flowing water (basins, alternating wet areas, ponds, swimming pools, ditches, watercourses, plant sewage systems)• Plants for protection against noise, wind, erosion, visibility and dazzling","زراعة ورعاية وصيانة ما يلي: 
• المتنزهات والحدائق، من أجل: 
المساكن الخاصة والعامة. 
المباني العامة وشبه العامة (المدارس والمستشفيات والمباني الإدارية ودور العبادة وما إليها). 
المباني البلدية. (المتنزهات والمناطق الخضراء والمدافن، إلخ). 
تحضير الطرق (الطرق وخطوط السكك الحديدية والترام، والممرات المائية والموانئ). 
المباني الصناعية والتجارية
• تحضير ما يلي: 
المباني (حدائق السطوح، وتحضير الواجهات، والحدائق الداخلية). 
المساحات الرياضية (مثل ملاعب كرة القدم والغولف وما إليها) والملاعب، والساحات الخضراء من آجل التمتع بالشمس، و سائر المنتزهات الترفيهية. 
المياه الساكنة و المتدفقة (الأحواض و المناطق المبتلة بالتبادل، و البرك و أحواض السباحة و الحفر و مجاري المياه و محطات الصرف الصحي) 
• النباتات التي تزرع للحماية من الضوضاء أو الرياح أو التحات أو الرؤية أو انبهار البصر",Sharjah Municipality,POST,
8130.02,Service and Consultancy,813,Maintenance of land in order to keep it in good ecological condition,صيانة الأراضي من أجل الإبقاء عليها في حالة بيئية جيدة,Sharjah Municipality,POST,
8211,Service and Consultancy,821,Corporate services provider,مزود خدمات الشركات,N/A,N/A,
8211.01,Service and Consultancy,821,"Provision of a combination of day-to-day office administrative services, such as reception, financial planning, billing and record keeping, personnel and physical distribution (mail services) and logistics for others on a contract or fee basis.",تقديم مجموعة متكاملة من الخدمات الإدارية اليومية للمكاتب، مثل تقديم خدمات الاستقبال والتخطيط المالي والفواتير ومسك الدفاتر وشؤون الأفراد والتوزيع الفعلي (خدمات البريد) والسوقيات، للغير على أساس عقد أو رسوم مدفوعة,N/A,N/A,
8211.1,Service and Consultancy,821,Businessman services,خدمات رجال الأعمال,N/A,N/A,
8219,Service and Consultancy,821,Business & applications follow up services,خدمات متابعة الأعمال / المعاملات,N/A,N/A,
8219.01,Service and Consultancy,821,Document preparation,تحضير الوثائق,N/A,N/A,
8219.02,Service and Consultancy,821,Document editing or proofreading,تحرير الوثائق وتصحيح النصوص,N/A,N/A,
8219.03,Service and Consultancy,821,"Typing, word processing, or desktop publishing",الطباعة ومعالجة النصوص أو النشر المكتبي,N/A,N/A,
8219.04,Service and Consultancy,821,Secretarial support services,خدمات دعم السكرتارية,N/A,N/A,
8219.05,Service and Consultancy,821,"Transcription of documents, and other secretarial services",اختزال الوثائق وغير ذلك من خدمات السكرتارية,N/A,N/A,
8219.06,Service and Consultancy,821,Letter or resume writing,كتابة الرسائل والخلاصات,N/A,N/A,
8219.07,Service and Consultancy,821,Provision of mailbox rental and other mailing activities (except direct mail advertising),تقديم خدمات تأجير صناديق البريد وغير ذلك من أنشطة البريد (باستثناء الإعلان بطريق البريد المباشر),Emirates Post Sharjah Central Post Office,PRE,
8219.08,Service and Consultancy,821,Photocopying,تصوير المستندات,N/A,N/A,
8219.09,Service and Consultancy,821,Duplicating,النسخ,N/A,N/A,
8219.1,Service and Consultancy,821,Blueprinting,إعداد المسودات,N/A,N/A,
8219.13,Service and Consultancy,821,Documents saving services,خدمات حفظ الوثائق والمستندات,N/A,N/A,
8220,Service and Consultancy,822,Activities of call centres,أنشطة مراكز النداء,N/A,N/A,
8220.01,Service and Consultancy,822,"Activities of inbound call centres, answering calls from clients by using human operators, automatic call distribution, computer telephone integration, interactive voice response systems or similar methods to receive orders, provide product information, deal with customer requests for assistance or address customer complaints",أنشطة مراكز النداء الوارد، والرّد على مكالمات العملاء باستخدام ُمشّغلين أو توزيع المكالمات آليا أو عن طريق تكامل الهاتف والحاسوب أو استعمال نُظم الإجابة الصوتية التفاعلية أو غير ذلك من الطرق المماثلة لتلقي الطلبات وتقديم معلومات عن المنتجات والتعامل مع طلبات المساعدة من العملاء أو شكاوى العملاء,N/A,N/A,
8220.02,Service and Consultancy,822,"Activities of outbound call centers using similar methods to sell or market goods or services to potential customers, undertake market research or public opinion polling and similar activities for clients",مراكز أنشطة النداءات الخارجية التي تستعمل طرقا مماثلة لبيع أو تسويق السلع أو الخدمات للعملاء المحتملين ، والقيام بأبحاث السوق أو استطلاعات الرأي العام وغير ذلك من الأنشطة لصالح العملاء,N/A,N/A,
8230,Service and Consultancy,823,Organization of conventions and trade shows,تنظيم المؤتمرات والمعارض التجارية,N/A,N/A,
8230.01,Service and Consultancy,823,"Organization, promotion and/or management of events, such as business and trade shows, conventions, conferences and meetings, whether or not including the management and provision of the staff to operate the facilities in which these events take place",تنظيم أحداث مثل معارض الأعمال والتجارة والمؤتمرات والاجتماعات، والترويج ا و/أو إدارتها، سواء كان ذلك يشمل إدارة الحدث وتقديم الموظفين لتشغيل المرافق التي تجري فيها تلك الأحداث أو لا.,N/A,N/A,
8230.02,Service and Consultancy,823,Exhibition Organizing,تنظيم المعارض وادارتها,N/A,N/A,
8291,Service and Consultancy,829,Activities of collection agencies and credit bureaus,أنشطة وكالات تحصيل المدفوعات ومكاتب الائتمان,N/A,N/A,
8291.01,Service and Consultancy,829,"Collection of payments for claims and remittance of payments collected to the clients, such as bill or debt collection services",تحصيل مدفوعات المطالبات وتسديد المدفوعات التي تجمعها إلى العملاء، مثل خدمات تحصيل الكمبيالات والديون,N/A,N/A,
8291.02,Service and Consultancy,829,"Compiling of information, such as credit and employment histories on individuals and credit histories on businesses and providing the information to financial institutions, retailers and others who have a need to evaluate the creditworthiness of these persons and businesses",جمع معلومات، مثل التاريخ الوظيفي أو تاريخ الديون عن الأشخاص، وتاريخ الديون للأعمال، وتقديم تلك المعلومات إلى المؤسسات المالية والتجار وغيرهم ممن يحتاجون إلى تقييم الجدارة الائتمانية للأشخاص والأعمال,N/A,N/A,
8291.03,Service and Consultancy,829,"Legal consultants, business consultancy and debts collection services",الاستشاريين القانونيين والاستشارات التجارية وخدمات تحصيل الديون,N/A,N/A,
8292,Service and Consultancy,829,Packaging activities,أنشطة التغليف والتعبئة,N/A,N/A,
8292.01,Service and Consultancy,829,"Packaging activities on a fee or contract basis, whether or not these involve an automated process:• Bottling of liquids, including beverages and food• Packaging of solids (blister packaging, foil-covered etc.)• Security packaging of pharmaceutical preparations• Labeling, stamping and imprinting• Parcel-packing and gift-wrapping","أنشطة التغليف والتعبئة على أساس عقد أو رسوم مدفوعة، سواء كان ذلك ينطوي على عمليات آلية أو لا: 
• تعبئة السوائل في زجاجات، بما في ذلك المشروبات والأطعمة
• تعبئة المواد الصلبة (التغليف باستعمال شرائط البلاستيك أو باستعمال رقائق معدنية، إلخ) 
• التغليف الآمن للمستحضرات الصيدلانية
• وضع العناوين أو المواصفات والأختام
• تغليف الطرود والهدايا",N/A,N/A,
8299,Service and Consultancy,829,Other business support service activities n.e.c.,أنشطة خدمات الدعم الأخرى للأعمال غير المصنّفة في موضع آخر,N/A,N/A,
8299.01,Service and Consultancy,829,"Providing verbatim reporting and stenotype recording of live legal proceedings and transcribing subsequent recorded materials, such as:• Court reporting or stenotype recording services• Public stenography services","إعداد محاضر حرفية أو تسجيل المحاضر للمحاكمات القضائية ايّة ونسخ المواد المسّجلة لاحقا، ومن أمثلة ذلك: 
• كتابة محاضر الجلسات في المحاكم أو نسخ المحاضر المسّجلة
• خدمات النسخ العمومية",N/A,N/A,
8299.02,Service and Consultancy,829,"Real-time (i.e. simultaneous) closed captioning of live television performances of meetings, conferences",إضافة الترجمة إلى البث المباشر للبرامج التليفزيونية الحيّة للاجتماعات والمؤتمرات (فوريا),N/A,N/A,
8299.03,Service and Consultancy,829,Address bar coding services,خدمات الترميز بالأعمدة للعناوين,N/A,N/A,
8299.04,Service and Consultancy,829,Bar code imprinting services,خدمات طباعة الترميز بالأعمدة,N/A,N/A,
8299.05,Service and Consultancy,829,Fundraising organization services on a contract or fee basis,خدمات منظمات جمع الأموال الخيرية على أساس عقد أو رسوم مدفوعة,N/A,N/A,
8299.06,Service and Consultancy,829,Mail presorting services,خدمات فرز البريد,N/A,N/A,
8299.07,Service and Consultancy,829,Repossession services,خدمات إعادة التملك,N/A,N/A,
8299.08,Service and Consultancy,829,Parking meter coin collection services,خدمات جمع العملات من عّدادات وقوف السيارات,N/A,N/A,
8299.09,Service and Consultancy,829,Activities of independent auctioneers,أنشطة أصحاب المزادات المستقلين,N/A,N/A,
8299.1,Service and Consultancy,829,Administration of loyalty programmes,إدارة برامج الانتماء للمؤسسات التجارية,N/A,N/A,
8299.11,Service and Consultancy,829,Other support activities typically provided to businesses not elsewhere classified,أنشطة الدعم الأخرى التي تُقدم عادة إلى الأعمال، غير المصنفة في موضع آخر,N/A,N/A,
8299.14,Service and Consultancy,829,"Legal consultancy, market research",الاستشارات القانونية ، أبحاث السوق,N/A,N/A,
8299.18,Service and Consultancy,829,Legal consultants,مستشارون قانونيون,N/A,N/A,
8541,Service and Consultancy,854,Sports and recreation education,التعليم في مجال الرياضة والترفيه,N/A,N/A,
8541.01,Service and Consultancy,854,"Sports instruction (baseball, basketball, cricket, football, etc)",تعليم الرياضة البدنية (كرة البيسبول وكرة السلة والكريكيت وكرة القدم، إلخ),N/A,N/A,
8541.02,Service and Consultancy,854,"Camps, sports instruction",تعليم الرياضة المخيّمات,N/A,N/A,
8541.04,Service and Consultancy,854,Gymnastics instruction,تعليم الرياضة البدنية,N/A,N/A,
8541.05,Service and Consultancy,854,"Riding instruction, academies or schools",تعليم ركوب الخيل، الأكاديميات أو المدارس,N/A,N/A,
8541.06,Service and Consultancy,854,Swimming instruction,تعليم السباحة,N/A,N/A,
8541.07,Service and Consultancy,854,"Professional sports instructors, teachers, coaches",مدّربو الرياضة المهنيون، والمعلّمون ورؤساء الفرق,N/A,N/A,
8541.08,Service and Consultancy,854,Martial arts instruction,تعليم الفنون القتالية,N/A,N/A,
8541.09,Service and Consultancy,854,Card game instruction (such as bridge),تعليم ألعاب الورق، (مثل البريدج),N/A,N/A,
8541.1,Service and Consultancy,854,Yoga instruction,تعليم اليوغا,N/A,N/A,
8542,Service and Consultancy,854,Cultural education,التعليم الثقافي,N/A,N/A,
8542.01,Service and Consultancy,854,Piano teachers and other music instruction,معلّمو البيانو وغيرهم من معلّمي الموسيقى,N/A,N/A,
8542.02,Service and Consultancy,854,Art instruction,معلّمو الفنون,N/A,N/A,
8542.03,Service and Consultancy,854,Dance instruction and dance studios,تعليم الرقص وأستوديوهات الرقص,N/A,N/A,
8542.04,Service and Consultancy,854,Drama schools (except academic),مدارس تعليم الفنون المسرحية (ما عدا التعليم الأكاديمي),N/A,N/A,
8542.05,Service and Consultancy,854,Fine arts schools (except academic),مدارس الفنون الجميلة (ما عدا التعليم الأكاديمي),N/A,N/A,
8542.06,Service and Consultancy,854,Performing arts schools (except academic),مدارس الفنون التطبيقية (ما عدا التعليم الأكاديمي),N/A,N/A,
8542.07,Service and Consultancy,854,Photography schools (except commercial),مدارس التصوير (ما عدا التعليم الأكاديمي),N/A,N/A,
8549,Service and Consultancy,854,Other education n.e.c.,أنواع التعليم الأخرى غير المصنّفة في موضع آخر,N/A,N/A,
8549.01,Service and Consultancy,854,Education that is not definable by level,التعليم غير المحّدد بمستويات,N/A,N/A,
8549.02,Service and Consultancy,854,Academic tutoring services,خدمات الدروس الأكاديمية الخاصة,N/A,N/A,
8549.03,Service and Consultancy,854,College board preparation,التحضير لامتحانات الجامعة,N/A,N/A,
8549.04,Service and Consultancy,854,Learning centres offering remedial courses,مراكز التعليم التي تقدم دورات علاجية,N/A,N/A,
8549.05,Service and Consultancy,854,Professional examination review courses,دورات استعراض الامتحانات المهنية,N/A,N/A,
8549.06,Service and Consultancy,854,Language instruction and conversational skills instruction,تعليم اللغات والمهارات اللغوية والكلامية,N/A,N/A,
8549.07,Service and Consultancy,854,Speed reading instruction,تعليم القراءة السريعة,N/A,N/A,
8549.11,Service and Consultancy,854,Lifeguard training,تدريب عمال الإنقاذ,N/A,N/A,
8549.12,Service and Consultancy,854,Survival training,التدريب على إنقاذ الحياة,N/A,N/A,
8549.13,Service and Consultancy,854,Public speaking training,التدريب على الخطابة العامة,N/A,N/A,
8549.14,Service and Consultancy,854,Computer training,التدريب على الحاسوب,N/A,N/A,
8549.3,Service and Consultancy,854,Acting and related arts training,التدريب على التمثيل والفنون ذات الصلة,N/A,N/A,
8549.31,Service and Consultancy,854,"Radio, television and journalism training",التدريب على الإذاعة و التلفزيون والصحافة,N/A,N/A,
8549.35,Service and Consultancy,854,Corporate training,تدريب الشركات,N/A,N/A,
8550,Service and Consultancy,855,Educational support activities,أنشطة دعم التعليم,Ministry of Education-Sharjah,PRE,
8550.01,Service and Consultancy,855,Provision of non-instructional services that support educational processes or systems:• Educational consulting• Educational guidance counseling services• Educational testing evaluation services• Educational testing services• Organization of student exchange programs,"تقديم خدمات غير تعليمية لمساندة العملية التعليمية أو النظام التعليمي: 
• الاستشارات التعليمية
• خدمات التوجيه التعليمي
• خدمات تقييم الاختبارات التعليمية
• خدمات الاختبارات التعليمية
• تنظيم برامج تبادل الطلاب",Ministry of Education-Sharjah,PRE,
8550.11,Service and Consultancy,855,Training consultancy,إستشارات التدريب,N/A,N/A,
8550.12,Service and Consultancy,855,Education consultancy,إستشارات التعليم,Sharjah Private Education Authority,PRE,
8550.13,Service and Consultancy,855,Hospitality and tourism training services,التدريب في مجال الضيافة و السياحة,N/A,N/A,
8690.06,Service and Consultancy,869,Health and lifestyle coaching and consultancy,تدريب واستشارات الصحة ونمط الحياة,N/A,N/A,
8690.11,Service and Consultancy,869,Remote medical consultancy,استشارات طبية عن بعد,N/A,N/A,
8810,Service and Consultancy,881,Social work activities without accommodation for the elderly and disabled,أنشطة العمل الاجتماعي دون إقامة، لكبار السن وذوي الإعاقة,Ministry Of Health,PRE,
8810.02,Service and Consultancy,881,Day-care activities for the elderly or for handicapped adults,انشطة الرعاية النهارية لكبار السن والأشخاص الكبار من ذوي الإعاقة,Ministry Of Health,PRE,
8890,Service and Consultancy,889,Other social work activities without accommodation,أنشطة العمل الاجتماعي الأخرى دون إقامة,Ministry Of Health,PRE,
8890.01,Service and Consultancy,889,Welfare and guidance activities for children and adolescents,انشطة المعونة الاجتماعية والتوجيه للاطفال والمراهقين,Ministry Of Health,PRE,
8890.08,Service and Consultancy,889,"Child day-care activities, including for handicapped children",انشطة رعاية الأطفال، بما في ذلك الأطفال من ذوي الإعاقة,Ministry Of Health,PRE,
9000,Media,900,"Creative, arts and entertainment activities",الأنشطة الإبداعية والفنون وأنشطة الترفيه,N/A,N/A,
9000.01,Media,900,"Production of live theatrical presentations, concerts and opera or dance productionsand other stage productions:• Activities of groups, circuses or companies, orchestras or bands• Activities of individual artists such as authors, actors, directors, musicians, lecturers or speakers, stage-set designers and builders etc.","إنتاج العروض المسرحية الحيّة، والأعمال الموسيقية والأوبرا والرقص وغير ذلك من أعمال الإنتاج المسرحي: 
• أنشطة الفرق الفنية وفرق السيرك وفرق الأوركسترا والفرق الموسيقية الأخرى
• أنشطة الفنّانين بمفردهم مثل الكتّاب والممثلين والمخرجين والموسيقيين والمحاضرين والمتكلمين في المناسبات، ومصممي وُمِعدي المسارح، إلخ",N/A,N/A,
9000.02,Media,900,Operation of concert and theatre halls and other arts facilities,تشغيل قاعات العرض الموسيقي والمسرحي وغيرها من المرافق الفنية,N/A,N/A,
9000.03,Media,900,"Activities of sculptors, painters, cartoonists, engravers, etchers etc.",أنشطة النّحاتين والرّسامين ورّسامي الكرتون وفنّاني الحفر وصانعي الكليشيهات، إلخ,N/A,N/A,
9000.04,Media,900,"Activities of individual writers, for all subjects including fictional writing, technical writing etc.",أنشطة الكتّاب الفردية، في جميع المواضيع بما في ذلك الكتابات الأدبية والفنية، إلخ,N/A,N/A,
9000.05,Media,900,Activities of independent journalists,أنشطة الصحفيين المستقلين,N/A,N/A,
9000.06,Media,900,Restoring of works of art such as paintings etc.,ترميم الأعمال الفنية مثل اللوحات وغيرها,N/A,N/A,
9000.07,Media,900,"Activities of producers or entrepreneurs of arts live events, with or without facilities",أنشطة المخرجين والمنتجين للأعمال الفنية الحيّة، مع وجود مرافق أو من غيرها,N/A,N/A,
9000.11,Media,900,Event organizing,تنظيم الفعاليات,N/A,N/A,
9000.12,Media,900,Art production,الإنتاج الفني,N/A,N/A,
9000.13,Media,900,Performing arts management,إدارة الفنون التعبيرية,N/A,N/A,
9000.14,Media,900,Music training,التدريب الموسيقي,N/A,N/A,
9000.15,Media,900,Art consulting,إستشارات الفن,N/A,N/A,
9000.16,Media,900,Music consultancy,الإستشارات الموسيقية,N/A,N/A,
9000.17,Media,900,Hospitality services,خدمات الضيافة,N/A,N/A,
9000.18,Media,900,E-gaming services & solutions,خدمات و حلول الألعاب الإلكترونية,N/A,N/A,
9000.19,Media,900,Choreography,فن تصميم الرقص,N/A,N/A,
9000.27,Media,900,Design and ; production of prototypes,تصميم وإنتاج النماذج الأولية,N/A,N/A,
9001,Media,900,Music Band,فرقة موسيقية,N/A,N/A,
9002,Media,900,Pop Arts Shows,عروض الفن الجماهيري,N/A,N/A,
9003,Media,900,Laser Shows Presentation,عروض الليزر التقديمية,N/A,N/A,
9004,Media,900,Artwork for cosmetic Craft,الأعمال الفنية للحرف التجميلية,N/A,N/A,
9005,Media,900,Design & Production Of Prototypes,تصميم وإنتاج النماذج الأولية,N/A,N/A,
9006,Media,900,Entertainment Services and Contracting,خدمات الفعاليات والتعاقد,N/A,N/A,
9007,Media,900,Specialized works of art cinema,العمل الخاص بالفن السينمائي,N/A,N/A,
9008,Media,900,Theatres and Cinemas Management,إدارة المسارح و صالات السينما,N/A,N/A,
9009,Media,900,Organizing exhibitions of art works,تنظيم معارض الأعمال الفنية,N/A,N/A,
9010,Media,901,Costume Design,تصميم الأزياء الخاصة بالإستعراضات,N/A,N/A,
9011,Media,901,"Design, Scenery, Motion Graphics and Lighting",تصميم المشاهد والرسومات المتحركة والإضاءة,N/A,N/A,
9040,Media,904,Digital and Interactive Game Development,تطوير الألعاب التفاعلية والرقمية,N/A,N/A,
9041,Media,904,Games Publishing,نشر الألعاب,UAE Media Council,POST,
9042,Media,904,Organizing E-Sports Events,تنظيم فعاليات الرياضات الإلكترونية,N/A,N/A,
9046,Media,904,Organazing Digital Gaming events,تنظيم فعاليات الألعاب الرقمية,N/A,N/A,
9047,Media,904,Organazing Sports & Entertainment Games,تنظيم ألعاب الرياضة والترفيه,N/A,N/A,
9061,Media,906,Acting and Related Arts Training,التدريب على التمثيل والفنون ذات الصلة,N/A,N/A,
9062,Media,906,Film-making Training,التدريب على صناعة الأفلام,N/A,N/A,
9063,Media,906,Performing Art training,التدريب على الفنون الأدائية,N/A,N/A,
9064,Media,906,"Radio, Television and Journalism Training",التدريب على الإذاعة و التلفزيون والصحافة,N/A,N/A,
9065,Media,906,Photography training,التدريب على التصوير,N/A,N/A,
9066,Media,906,Managing & Operating a Casting Agency,إدارة وتشغيل وكالة تحديد الأدوار,N/A,N/A,
9067,Media,906,Managing & Operating a Modelling Agency,إدارة وتشغيل وكالة عرض,N/A,N/A,
9068,Media,906,Talent Management,إدارة المواهب,N/A,N/A,
9311,Service and Consultancy,931,Managing operations of sports facilities,إدارة تشغيل المرافق الرياضية,Sharjah Sports Council,PRE,
9311.01,Service and Consultancy,931,"Managing Operations of facilities for indoor or outdoor sports events (open, closed or covered, with or without spectator seating):• Supervision of Racetracks for auto• Supervision of Football, hockey, cricket, baseball, jai-alai stadiums• Supervision of Swimming pools and stadiums• Supervision of Track and field stadiums• Supervision of Winter sports arenas and stadiums• Supervision of Ice-hockey arenas• Supervision of Boxing arenas• Supervision of Golf courses• Supervision of Bowling lanes• Supervision of Fitness centers","إدارة تشغيل مرافق الأحداث الرياضية الداخلية والخارجية (أيا المفتوحة والمغلقة أو المغّطاة، مع وجود مقاعد للمتفرجين أو من غيرها): 
• الإشراف على تشغيل نوادي كرة القدم والهوكي والكريكيت والبيسبول والجايالاي
• الإشراف على تشغيل حلبات سباق السيارات
• الإشراف على تشغيل أحواض السباحة وقاعات السباحة
• الإشراف على تشغيل الملاعب المعّدة لأنشطة سباقات ا لمضمار والميدان
• الإشراف على تشغيل ساحات الرياضة الشتوية وملاعبها
• الإشراف على تشغيل ساحات الهوكي على الجليد
• الإشراف على تشغيل حلبات الملاكمة
• الإشراف على تشغيل ساحات الغولف
• الإشراف على تشغيل ملاعب البولينغ
• الإشراف على تشغيل مراكز اللياقة البدنية",Sharjah Sports Council,PRE,
9311.02,Service and Consultancy,931,Managing organization and operation of outdoor or indoor sports events for professionals or amateurs by organizations with own facilities this class includes managing and providing the staff to operate these facilities.,الإشراف على تشغيل وتنظيم الأحداث الرياضية الخارجية والداخلية للمحترفين أو الهواة من قِبَل منظمات توجد لديها مرافقها الخاصة,Sharjah Sports Council,PRE,
9312,Service and Consultancy,931,Activities of sports clubs,أنشطة إدارة النوادي الرياضية,N/A,N/A,
9312.01,Service and Consultancy,931,"Managing operations of sports clubs:• Supervision of Football clubs• Supervision of Bowling clubs• Supervision of Swimming clubs• Supervision of Golf clubs• Supervision of Boxing clubs• Supervision of Body-building clubs• Supervision of Winter sports clubs• Supervision of Chess clubs• Supervision of Track and field clubs• Supervision of Shooting clubs, etc.","إدارة تشغيل النوادي الرياضية: 
• الإشراف على تشغيل نوادي كرة القدم
• الإشراف على تشغيل نوادي البولينغ
• الإشراف على تشغيل نوادي السباحة
• الإشراف على تشغيل نوادي الغولف 
• الإشراف على تشغيل نوادي الملاكمة 
• الإشراف على تشغيل نوادي كمال الأجسام 
• الإشراف على تشغيل نوادي الرياضة الشتوية
• الإشراف على تشغيل نوادي الشطرنج
• الإشراف على تشغيل نوادي سباقات المضمار والميدان
• الإشراف على تشغيل نوادي الصيد، وما إليها",N/A,N/A,
9319,Service and Consultancy,931,Other sports activities,الأنشطة الرياضية الأخرى,N/A,N/A,
9319.01,Service and Consultancy,931,"Activities of producers or promoters of sports events, with or without facilities",أنشطة المخرجين والمنتجين للأحداث الرياضية، مع وجود مرافق أو من غيرها,N/A,N/A,
9319.02,Service and Consultancy,931,"Activities of individual own-account sportsmen and athletes, referees, judges, timekeepers etc.",أنشطة الرياضيين الذين يعملون لحسابهم الخاص، والحكام والمحّكمين ومراقبي الوقت، إلخ.,N/A,N/A,
9319.03,Service and Consultancy,931,Activities of sports leagues and regulating bodies,أنشطة الرابطات الرياضية والأجهزة المنظمة للرياضة,N/A,N/A,
9319.04,Service and Consultancy,931,Activities related to promotion of sporting events,الأنشطة المتعلقة بترويج الأحداث الرياضية,Sharjah Sports Council,PRE,
9319.05,Service and Consultancy,931,Activities of racing garages,أنشطة مرائب السباق,N/A,N/A,
9319.06,Service and Consultancy,931,Operation of sport fishing and hunting preserves,تشغيل محميات الصيد البحري والقنص للأغراض الرياضية,N/A,N/A,
9319.07,Service and Consultancy,931,Activities of mountain guides,أنشطة مرشدي الجبال,N/A,N/A,
9319.08,Service and Consultancy,931,Support activities for sport or recreational hunting and fishing,الأنشطة الداعمة لأنشطة الصيد والقنص الترفيهية,N/A,N/A,
9319.12,Service and Consultancy,931,Sports consultancy,الاستشارات الرياضية,N/A,N/A,
9411,Service and Consultancy,941,Activities of business and employers membership organizations,أنشطة المنظمات ذات العضوية لرجال الأعمال وأصحاب العمل,N/A,N/A,
9411.01,Service and Consultancy,941,"Activities of organizations whose members’ interests centre on the development and prosperity of enterprises in a particular line of business or trade, including farming, or on the economic growth and climate of a particular geographical area without regard for the line of business.",أنشطة المنظمات التي تهتم بمصالح أعضائها التي تنصّب على تنمية المؤسسات وتحقيق تقدمها، في فرع معين من فروع العمل أو التجارة، بما في ذلك المزارع، أو على النمو الاقتصادي والمناخ الاقتصادي في منطقة جغرافية معينة بغض النظر عن نوع العمل,N/A,N/A,
9411.05,Service and Consultancy,941,Legal consultancy and intellectual property services,الاستشارات القانونية وخدمات الملكية الفكرية,N/A,N/A,
9412,Service and Consultancy,941,Activities of professional membership organizations,أنشطة المنظمات المهنية ذات العضوية,N/A,N/A,
9412.01,Service and Consultancy,941,"Activities of organizations whose members’ interests centre chiefly on a particular scientific discipline, professional practice or technical field, such as medical associations, legal associations, accounting associations, engineering associations, architects associations etc.",أنشطة المنظمات التي يكون مركز اهتمام أعضائها هو فرع معين من الفروع العلمية أو المجالات المهنية أو التقنية، مثل الجمعيات الطبية والجمعيات القانونية و جمعيات المحاسبة والجمعيات الهندسية والجمعيات المعمارية وما إليها,N/A,N/A,
9412.02,Service and Consultancy,941,"Activities of associations of specialists engaged in cultural activities, such as associations of writers, painters, performers of various kinds, journalists etc.",أنشطة جمعيات المتخصصين الذين يقومون بأنشطة ثقافية، مثل جمعيات الكتّاب والرّسامين والممثلين بمختلف أنواعهم، والصحفيين ومن إليهم,N/A,N/A,
9412.04,Service and Consultancy,941,Activities of learned societies,أنشطة جمعيات العلماء,N/A,N/A,
9412.05,Service and Consultancy,941,"Legal consultants, corporate services provider",الاستشاريين القانونيين ، مزود خدمات الشركات,N/A,N/A,
9499,Service and Consultancy,949,Activities of other membership organizations n.e.c.,أنشطة المنظمات الأخرى ذات العضوية غير المصنَّفة في موضع آخر,N/A,N/A,
9499.03,Service and Consultancy,949,Automobile associations,نوادي السيارات,N/A,N/A,
9499.05,Service and Consultancy,949,"Associations of youth, young persons’ associations, student associations and fraternities etc.",جمعيات الشباب وجمعيات النشء وجمعيات نوادي الطلاب وجمعيات الأخوة، إلخ,N/A,N/A,
9499.06,Service and Consultancy,949,"Associations for the pursuit of a cultural or recreational activity or hobby (other than sports or games), e.g. poetry, literature and book clubs, historical clubs, gardening clubs, film and photo clubs, music and art clubs, craft and collectors’ clubs, social clubs, carnival clubs etc.",الجمعيات المؤسسة لممارسة نشاط ثقافي أو ترفيهي أو هواية (بخلاف الرياضة أو الألعاب)، مثل نوادي الشعر والأدب والكتّاب، والنوادي التاريخية، ونوادي البستنة، ونوادي الأفلام والصور الفوتوغرافية، ونوادي الموسيقى والفنون، ونوادي الحرف، ونوادي جامعي طوابع البريد وغيرها من المقتنيات، والنوادي الاجتماعية، ونوادي تنظيم الكرنفالات، إلخ,N/A,N/A,
9499.07,Service and Consultancy,949,Grant giving activities by membership organizations or others,جمعيات تقديم المِنَح سواء من أعضائها أو من غيرهم,N/A,N/A,
9499.99,Service and Consultancy,949,Social networking platform,منصة التواصل الاجتماعي,N/A,N/A,
9511,Service and Consultancy,951,Repair of computers and peripheral equipment,إصلاح أجهزة الحاسوب والمعدات الطرفية للحاسوب,N/A,N/A,
9511.01,Service and Consultancy,951,"Repair and maintenance of:• Desktop computers• Laptop computers• Magnetic disk drives, flash drives and other storage devices• Optical disk drives (CD-RW, CD-ROM, DVD-ROM, DVD-RW)• Printers• Monitors• Keyboards• Mice, joysticks and trackball accessories• Internal and external computer modems• Dedicated computer terminals• Computer servers• Scanners, including bar code scanners• Smart card readers• Virtual reality helmets• Computer projectors","إصلاح وصيانة ما يلي: 
• الحواسيب المكتبية
• لحواسيب الشخصية
• محّركات الأقراص المغناطيسية، ومحّركات التخزين السريع وغيرها من أجهزة التخزين
• محركات الأقراص الضوئية (الأقراص الحاسوبية المدمجة للقراءة والكتابة، والأقراص المدمجة للقراءة فقط، وأقراص الفيديو الرقمية للقراءة فقط، وأقراص الفيديو الرقمية للقراءة والكتابة) 
• الطابعات
• الشاشات
• لوحات المفاتيح
• الإضافات الأخرى كالفارة وعصا الألعاب وما إليها
• المودم الداخلي والخارجي للحاسوب
• الأجهزة الطرفية المخّصصة للحاسوب
• خادوم الحاسوب
• الماسحات الضوئية بما فيها ماسحات الرموز بالأعمدة
• قارئات البطاقات الذكية
• قُبعات الألعاب الافتراضية
• أجهزة العرض باستعمال الحاسوب",N/A,N/A,
9511.02,Service and Consultancy,951,"Repair and maintenance of:• Computer terminals like automatic teller machines (atm’s); point-of-sale (pos) terminals, not mechanically operated• Hand-held computers (pda’s)","إصلاح وصيانة ما يلي: 
• المحطات الطرفية للحاسوب مثل الصّراف الآلي والمحطات الطرفية لحساب مشتريات الزبائن غير المشغلة ميكانيكيا 
• الحواسيب الشخصية اليدوية",N/A,N/A,
9512,Service and Consultancy,951,Repair of communication equipment,إصلاح معدات الاتصالات,N/A,N/A,
9512.01,Service and Consultancy,951,"Repair and maintenance of communications equipment such as:• Cordless telephones• Cellular phones• Carrier equipment modems• Fax machines• Communications transmission equipment (e.g. routers, bridges, modems)• Two-way radios• Commercial tv and video cameras","إصلاح وصيانة معدات الاتصالات، مثل: 
• الهواتف اللاسلكية
• الهواتف الخلوية
• مودم المعدات المحمولة
• أجهزة الفاكس
• أجهزة الإرسال في الاتصالات (مثل موزع الإشارات، والجسور، والمودم)
• أجهزة الاستقبال والإرسال الإذاعي
• أجهزة التصوير التجاري بالتليفزيون والفيديو",N/A,N/A,
9521,Service and Consultancy,952,Repair of consumer electronics,إصلاح الأجهزة الإلكترونية الاستهلاكية,N/A,N/A,
9521.01,Service and Consultancy,952,"Repair and maintenance of consumer electronics:• Television, radio receivers• Video cassette recorders (VCR)• CD players• Household-type video cameras","إصلاح وصيانة الأجهزة الإلكترونية الاستهلاكية: 
• أجهزة التليفزيون وأجهزة الاستقبال الإذاعي
• مسّجلات شرائط الفيديو
• أجهزة تشغيل الأقراص المدمجة
• أجهزة التصوير المنزلية بالفيديو",N/A,N/A,
9522,Service and Consultancy,952,Repair of household appliances and home and garden equipment,إصلاح الأجهزة المنزلية والمعدات المنزلية ومعدات الحدائق,N/A,N/A,
9522.01,Service and Consultancy,952,"Repair and servicing of household appliances• Refrigerators, stoves, washing machines, clothes dryers, room air conditioners, etc.","إصلاح وصيانة الأجهزة المنزلية: 
•المبردات والمواقد والغّسالات ومجففات الملابس ومكيفات الهواء بالحجرات، إلخ",N/A,N/A,
9522.02,Service and Consultancy,952,"Repair and servicing of home and garden equipment• Lawnmowers, edgers, snowand leafblowers, trimmers, etc.","إصلاح وصيانة المعدات المنزلية ومعدات الحدائق: 
• ماكينات قص الحشائش وآلات التشذيب ونفاخات الثلج والأوراق، وآلات تشذيب الحواف، إلخ",N/A,N/A,
9523,Service and Consultancy,952,Repair of footwear and leather goods,إصلاح الأحذية والمنتجات الجلدية,N/A,N/A,
9523.01,Service and Consultancy,952,"Repair and maintenance of footwear:• Shoes, boots etc.","إصلاح وصيانة الأحذية: 
•الأحذية العادية والطويلة، إلخ.",N/A,N/A,
9523.02,Service and Consultancy,952,Fitting of heels,تركيب النعول,N/A,N/A,
9523.03,Service and Consultancy,952,Repair and maintenance of leather goods:• Luggage and the like,"إصلاح وصيانة المنتجات الجلدية: 
• الحقائب وما شابهها",N/A,N/A,
9524,Service and Consultancy,952,Repair of furniture and home furnishings,إصلاح الأثاث والمفروشات المنزلية,N/A,N/A,
9524.01,Service and Consultancy,952,"Reupholstering, refinishing, repairing and restoring of furniture and home furnishings including office furniture",تجديد بطائن الأثاث والمفروشات المنزلية وتبطينها وإصلاحها وصيانتها، بما في ذلك الأثاث المكتبي,N/A,N/A,
9524.02,Service and Consultancy,952,Assembly of self-standing furniture,تجميع قطع الأثاث المنفردة,N/A,N/A,
9529,Service and Consultancy,952,Repair of other personal and household goods,إصلاح السلع الشخصية والمنزلية الأخرى,N/A,N/A,
9529.01,Service and Consultancy,952,Repair of bicycles,إصلاح الدّراجات,N/A,N/A,
9529.02,Service and Consultancy,952,Repair and alteration of clothing,إصلاح وضبط قياسات الملابس,N/A,N/A,
9529.03,Service and Consultancy,952,Repair and alteration of jewellery,إصلاح المجوهرات وتغييرها,N/A,N/A,
9529.04,Service and Consultancy,952,"Repair of watches, clocks and their parts such as watchcases and housings of all materials; movements, chronometers, etc.",إصلاح الساعات بأنواعها وأجزائها، مثل مظاريف الساعات وأجزائها الداخلية؛ وضبط حركتها، وأجهزة قياس الوقت، إلخ.,N/A,N/A,
9529.05,Service and Consultancy,952,Repair of sporting goods (except sporting guns),إصلاح الأدوات الرياضية (ما عدا بنادق الصيد),N/A,N/A,
9529.06,Service and Consultancy,952,Repair of books,إصلاح الكتب,N/A,N/A,
9529.07,Service and Consultancy,952,Repair of musical instruments,إصلاح الآلات الموسيقية,N/A,N/A,
9529.08,Service and Consultancy,952,Repair of toys and similar articles,إصلاح اللُعب والأصناف المماثلة,N/A,N/A,
9529.1,Service and Consultancy,952,Piano-tuning,ضبط نغمات البيانو,N/A,N/A,
9609,Service and Consultancy,960,Other personal service activities n.e.c.,أنشطة الخدمات الشخصية الأخرى غير المصنّفة في موضع آخر,Sharjah Municipality,POST,
9609.02,Service and Consultancy,960,"Pet care services such as boarding, grooming, sitting and training pets",خدمات رعاية الحيوانات الأليفة، مثل توفير الإقامة والعناية بها والحفاظ عليها حتى عودة أصحابها، وتدريبها,N/A,N/A,
9609.03,Service and Consultancy,960,not found,منظمات الأنساب,N/A,N/A,
9609.11,Service and Consultancy,960,Lifestyle consultancy,استشارات أسلوب الحياة,N/A,N/A,
9609.12,Service and Consultancy,960,Fashion design consultancy,إستشارات تصميم الأزياء,N/A,N/A,
9609.13,Service and Consultancy,960,Lifestyle development consultancy,استشارات تطوير أسلوب الحياة,N/A,N/A,
9609.27,Service and Consultancy,960,Pet relocation service,خدمات تسفير الحيوانات الأليفة,UAE Ministry of Climate Change & Environment (MOCCAE),Post,
9609.92,Service and Consultancy,960,Corporate social responsibilitity intiatives preparation,إعداد وتنفيذ مبادرات المسؤولية الاجتماعية للشركات,N/A,N/A,
